osm_id,lit,highway,geometry_type,geometry
way/28103475,yes,,Polygon,"{""type"": ""Polygon"", ""coordinates"": [[[77.6120575, 12.9146201], [77.6121519, 12.915875], [77.6116387, 12.9158896], [77.6112678, 12.9159001], [77.6112335, 12.9147875], [77.6120575, 12.9146201]]]}"
way/36965410,yes,,Polygon,"{""type"": ""Polygon"", ""coordinates"": [[[77.5818575, 12.9570666], [77.5818002, 12.9570465], [77.581709, 12.9567799], [77.5818029, 12.9567537], [77.5817438, 12.9565865], [77.5817841, 12.9565708], [77.5817465, 12.9564427], [77.5818163, 12.9564009], [77.5817975, 12.9563251], [77.5820155, 12.9562836], [77.5822474, 12.9569159], [77.5818575, 12.9570666]]]}"
way/52097460,yes,,Polygon,"{""type"": ""Polygon"", ""coordinates"": [[[77.5998965, 12.9783012], [77.5999798, 12.9783578], [77.6000533, 12.9784268], [77.6001079, 12.9784959], [77.600167, 12.9786043], [77.6001969, 12.9786933], [77.6002132, 12.978789], [77.600215, 12.9788723], [77.600201, 12.9789774], [77.600164, 12.9790904], [77.6001198, 12.9791737], [77.6000611, 12.9792523], [77.5999917, 12.9793203], [77.5999136, 12.9793765], [77.5998241, 12.9794222], [77.5997357, 12.9794519], [77.5996292, 12.9794703], [77.5995273, 12.9794715], [77.5994299, 12.9794579], [77.5993356, 12.9794299], [77.5992426, 12.9793859], [77.599159, 12.9793288], [77.5990848, 12.9792585], [77.5990316, 12.9791906], [77.5989848, 12.979109], [77.5989493, 12.9790157], [77.5989283, 12.9789101], [77.5989253, 12.978817], [77.5989384, 12.978715], [77.5989683, 12.9786167], [77.5990117, 12.9785286], [77.5990674, 12.9784494], [77.5991398, 12.9783752], [77.5992045, 12.9783256], [77.5993165, 12.9782655], [77.5993825, 12.9782421], [77.5994862, 12.9782203], [77.5995932, 12.9782153], [77.5996897, 12.9782258], [77.5997914, 12.978253], [77.5998965, 12.9783012]]]}"
way/52434098,yes,,Polygon,"{""type"": ""Polygon"", ""coordinates"": [[[77.5646543, 13.0179479], [77.5643603, 13.0179615], [77.564344, 13.0176277], [77.564638, 13.0176141], [77.5646543, 13.0179479]]]}"
way/82508349,yes,,Polygon,"{""type"": ""Polygon"", ""coordinates"": [[[77.5787061, 13.0947565], [77.5787342, 13.0947848], [77.5792176, 13.0952726], [77.5786577, 13.0958303], [77.5783327, 13.0955514], [77.5778764, 13.0951615], [77.5782618, 13.0947451], [77.5783691, 13.0948523], [77.5784066, 13.0948398], [77.578454, 13.0948308], [77.5785023, 13.0948283], [77.578553, 13.0948326], [77.5786025, 13.0948441], [77.5786415, 13.0948592], [77.5787061, 13.0947565]]]}"
way/148035235,yes,,Polygon,"{""type"": ""Polygon"", ""coordinates"": [[[77.6530322, 12.9907897], [77.652969, 12.9910028], [77.652675, 12.99092], [77.6526537, 12.9909919], [77.6525131, 12.9909523], [77.6524676, 12.9909395], [77.6524302, 12.9909289], [77.6522378, 12.9908747], [77.6520936, 12.9908341], [77.6521122, 12.9907714], [77.6516781, 12.9906492], [77.651744, 12.9904271], [77.6522823, 12.9905786], [77.6525377, 12.9906505], [77.6530322, 12.9907897]]]}"
way/169709285,yes,,Polygon,"{""type"": ""Polygon"", ""coordinates"": [[[77.6268111, 12.9769023], [77.6266131, 12.9766183], [77.626673, 12.9765786], [77.6265668, 12.9764267], [77.6264345, 12.9765142], [77.6262812, 12.9762942], [77.6261668, 12.9763699], [77.6261235, 12.9763077], [77.6263104, 12.9761841], [77.6262972, 12.9761652], [77.6263566, 12.9761258], [77.6262918, 12.9760329], [77.6264001, 12.975961], [77.6264651, 12.976054], [77.6265249, 12.9760144], [77.6270388, 12.9767515], [77.6269797, 12.9767906], [77.6270715, 12.9769221], [77.6269631, 12.976994], [77.6268713, 12.9768624], [77.6268111, 12.9769023]]]}"
way/169717850,yes,,Polygon,"{""type"": ""Polygon"", ""coordinates"": [[[77.6444266, 12.9856139], [77.6444459, 12.9856216], [77.6444768, 12.9856329], [77.6445101, 12.9856462], [77.6448241, 12.9857701], [77.6448816, 12.9857783], [77.6449339, 12.9857901], [77.6449849, 12.9858175], [77.6450157, 12.9858456], [77.6455213, 12.9860449], [77.645529, 12.9860764], [77.6455309, 12.9861088], [77.645527, 12.986141], [77.6455173, 12.986172], [77.6455021, 12.986201], [77.645482, 12.9862269], [77.6454574, 12.9862489], [77.6454293, 12.9862664], [77.6450951, 12.9861347], [77.6449307, 12.9860699], [77.6448736, 12.9860763], [77.6448078, 12.9860541], [77.6447649, 12.9860319], [77.644728, 12.9859899], [77.6444678, 12.985889], [77.6444753, 12.9858712], [77.6444847, 12.9858489], [77.6443423, 12.9857999], [77.6443384, 12.9857696], [77.6443401, 12.9857391], [77.6443472, 12.9857094], [77.64436, 12.9856806], [77.6443779, 12.9856546], [77.6444004, 12.9856321], [77.6444266, 12.9856139]]]}"
way/169717853,yes,,Polygon,"{""type"": ""Polygon"", ""coordinates"": [[[77.6390529, 12.9781478], [77.6390517, 12.9782212], [77.6392735, 12.9782256], [77.6392672, 12.9784139], [77.6388099, 12.9784047], [77.6384493, 12.978397], [77.6380306, 12.9783892], [77.6380316, 12.9783413], [77.6380336, 12.9782468], [77.6380348, 12.9781906], [77.638994, 12.9782098], [77.6389944, 12.9781471], [77.6390529, 12.9781478]]]}"
way/172891300,yes,,Polygon,"{""type"": ""Polygon"", ""coordinates"": [[[77.5736317, 12.9498781], [77.5737588, 12.9498784], [77.5738537, 12.9498787], [77.5738531, 12.9501152], [77.5739669, 12.9501155], [77.5739648, 12.9509123], [77.5739645, 12.9510342], [77.5739234, 12.9510341], [77.5739232, 12.9511197], [77.5738839, 12.9511196], [77.5738446, 12.9511195], [77.5738446, 12.9511548], [77.5737698, 12.9511546], [77.5736198, 12.9511542], [77.5736203, 12.950928], [77.5735003, 12.9509278], [77.5735023, 12.9501224], [77.5735814, 12.9501226], [77.5736311, 12.9501227], [77.5736317, 12.9498781]]]}"
way/204638933,no,,Polygon,"{""type"": ""Polygon"", ""coordinates"": [[[77.5180048, 12.9020463], [77.5179905, 12.9020417], [77.5179809, 12.9020254], [77.5179785, 12.9020044], [77.5179817, 12.9019874], [77.5179937, 12.9019788], [77.5180048, 12.9019812], [77.5180159, 12.9019936], [77.5180215, 12.9020099], [77.5180207, 12.9020269], [77.5180136, 12.9020378], [77.5180048, 12.9020463]]]}"
way/230401366,yes,,Polygon,"{""type"": ""Polygon"", ""coordinates"": [[[77.6642619, 12.8597827], [77.6643308, 12.8597756], [77.6643873, 12.8597755], [77.6644467, 12.8597809], [77.6645146, 12.8597943], [77.6645821, 12.8598156], [77.6646193, 12.8598312], [77.6646774, 12.8598615], [77.6647215, 12.8598903], [77.6647628, 12.8599226], [77.6648211, 12.8599798], [77.6648575, 12.8600248], [77.6648989, 12.8600902], [77.6649363, 12.8601734], [77.6649531, 12.8602289], [77.6649664, 12.860301], [77.6649703, 12.8603833], [77.6649663, 12.8604393], [77.6649558, 12.8604994], [77.6649362, 12.8605663], [77.6649056, 12.8606367], [77.6648757, 12.8606881], [77.6648283, 12.8607515], [77.6647819, 12.8607997], [77.6647182, 12.8608515], [77.6646421, 12.8608973], [77.6645734, 12.8609271], [77.6645071, 12.8609471], [77.6644521, 12.8609578], [77.6643897, 12.8609638], [77.664314, 12.8609628], [77.6642378, 12.8609524], [77.6641746, 12.8609362], [77.6640985, 12.8609069], [77.6640343, 12.8608724], [77.6639584, 12.8608171], [77.6639223, 12.8607837], [77.663877, 12.8607326], [77.6638415, 12.8606826], [77.663805, 12.8606157], [77.6637823, 12.8605597], [77.6637631, 12.8604909], [77.6637537, 12.8604324], [77.6637504, 12.8603786], [77.6637516, 12.8603321], [77.6637586, 12.8602724], [77.6637732, 12.8602084], [77.6637935, 12.8601499], [77.6638223, 12.8600895], [77.6638632, 12.8600251], [77.6639171, 12.8599611], [77.6639676, 12.8599146], [77.6640427, 12.859862], [77.6640862, 12.8598384], [77.6641686, 12.8598051], [77.6642619, 12.8597827]]]}"
way/238921394,yes,,Polygon,"{""type"": ""Polygon"", ""coordinates"": [[[77.5861255, 13.0961235], [77.5860594, 13.0961243], [77.5860169, 13.0954324], [77.5860102, 13.0953501], [77.5859995, 13.0951607], [77.5864622, 13.0951451], [77.5864448, 13.0953619], [77.5863978, 13.0961822], [77.5861262, 13.0961769], [77.5861255, 13.0961235]]]}"
way/283892334,yes,,Polygon,"{""type"": ""Polygon"", ""coordinates"": [[[77.5539167, 13.0147065], [77.5538927, 13.0147049], [77.5538813, 13.0148653], [77.5537663, 13.0148575], [77.553787, 13.0145657], [77.5539224, 13.0145748], [77.5539356, 13.0142731], [77.5537011, 13.0142634], [77.5537142, 13.0139618], [77.5539457, 13.0139622], [77.5539456, 13.0140197], [77.5539456, 13.0140386], [77.5539749, 13.0140387], [77.5541111, 13.0140389], [77.5541467, 13.014039], [77.5541468, 13.013982], [77.5542096, 13.0139822], [77.5541927, 13.0143728], [77.5541545, 13.0143713], [77.5541403, 13.0146985], [77.5543062, 13.0147038], [77.554301, 13.0147955], [77.5541821, 13.0147906], [77.5541488, 13.0147881], [77.5541209, 13.0154293], [77.55407, 13.0154283], [77.5538857, 13.0154196], [77.5539167, 13.0147065]]]}"
way/293158467,yes,,Polygon,"{""type"": ""Polygon"", ""coordinates"": [[[77.596691, 12.9944805], [77.5968188, 12.994447], [77.5970634, 12.9943606], [77.5986218, 12.9937882], [77.5994177, 12.9934986], [77.5997318, 12.9933724], [77.6003456, 12.9931014], [77.6010193, 12.9928468], [77.6013543, 12.9927389], [77.6016765, 12.9926562], [77.6016984, 12.9927094], [77.6013856, 12.9927971], [77.6011501, 12.9928734], [77.6008406, 12.9929858], [77.6003246, 12.9932068], [77.5985868, 12.9939297], [77.5985745, 12.9938878], [77.5979523, 12.9941154], [77.5975352, 12.9942608], [77.5969232, 12.994464], [77.5967011, 12.9945053], [77.596691, 12.9944805]]]}"
way/293158468,yes,,Polygon,"{""type"": ""Polygon"", ""coordinates"": [[[77.6016529, 12.9924442], [77.6016661, 12.9924967], [77.6013064, 12.9926089], [77.6009109, 12.9927327], [77.6002396, 12.9930037], [77.5996138, 12.9932606], [77.5969742, 12.9942628], [77.5966169, 12.9943983], [77.596593, 12.9943493], [77.5973841, 12.9940362], [77.5973559, 12.9939868], [77.5974855, 12.9939311], [77.5975128, 12.994], [77.5979896, 12.9938206], [77.5986995, 12.9935535], [77.5987092, 12.9935775], [77.5993289, 12.993341], [77.5993244, 12.9933297], [77.5996368, 12.9931839], [77.5999542, 12.9930449], [77.6002749, 12.9929134], [77.6005988, 12.9927894], [77.6009256, 12.992673], [77.6011666, 12.9925926], [77.6014091, 12.9925163], [77.6016529, 12.9924442]]]}"
way/313927907,yes,,Polygon,"{""type"": ""Polygon"", ""coordinates"": [[[77.637587, 12.9640071], [77.6376431, 12.9640577], [77.6375755, 12.9641288], [77.6375195, 12.9640782], [77.637587, 12.9640071]]]}"
way/323961206,yes,,Polygon,"{""type"": ""Polygon"", ""coordinates"": [[[77.5963305, 12.9814009], [77.5963211, 12.9813746], [77.596263, 12.9812115], [77.5963444, 12.981184], [77.59631, 12.9810875], [77.5967572, 12.9809361], [77.5967733, 12.9809813], [77.5967916, 12.9810327], [77.5976379, 12.9807462], [77.5978209, 12.9804125], [77.5978731, 12.9804291], [77.5979188, 12.9804478], [77.5978973, 12.9805132], [77.5979373, 12.9806427], [77.5983304, 12.9805119], [77.5983673, 12.9806155], [77.5983979, 12.9807012], [77.5973114, 12.9810689], [77.5963305, 12.9814009]]]}"
way/323961211,yes,,Polygon,"{""type"": ""Polygon"", ""coordinates"": [[[77.5843313, 12.9747037], [77.5843531, 12.9746693], [77.5832911, 12.9740325], [77.5832685, 12.9740683], [77.5832155, 12.9741508], [77.5825658, 12.9737528], [77.5826281, 12.9736562], [77.5827218, 12.973511], [77.5828148, 12.973568], [77.5829139, 12.9734144], [77.5831858, 12.973581], [77.5831041, 12.9737076], [77.5845667, 12.9746038], [77.5847085, 12.9743841], [77.5850187, 12.9745742], [77.5847084, 12.9750552], [77.5842761, 12.9747903], [77.5843313, 12.9747037]]]}"
way/323961213,yes,,Polygon,"{""type"": ""Polygon"", ""coordinates"": [[[77.5909634, 12.9778814], [77.5910694, 12.9777674], [77.591089, 12.9777923], [77.5911555, 12.9777427], [77.5913414, 12.9779531], [77.5911964, 12.9780571], [77.5919535, 12.9788976], [77.5920637, 12.9787951], [77.5922584, 12.9790262], [77.5923163, 12.9790853], [77.5923364, 12.9791058], [77.5923827, 12.9791531], [77.592476, 12.9792483], [77.5926114, 12.9793864], [77.592548, 12.9794454], [77.5924126, 12.9793073], [77.5923193, 12.9792121], [77.5922836, 12.9791756], [77.5922285, 12.9791194], [77.592195, 12.9790852], [77.5920765, 12.9789319], [77.5920298, 12.9789754], [77.5918925, 12.9791037], [77.5918418, 12.9791491], [77.5925636, 12.9799001], [77.5924921, 12.9799627], [77.5924261, 12.9800255], [77.5916471, 12.9791932], [77.5918248, 12.9790342], [77.5910198, 12.9782082], [77.5908241, 12.9783569], [77.5903467, 12.9778586], [77.5904863, 12.9777316], [77.5907894, 12.9780425], [77.5908256, 12.978009], [77.5909634, 12.9778814]]]}"
way/323961214,yes,,Polygon,"{""type"": ""Polygon"", ""coordinates"": [[[77.5742932, 12.9599574], [77.5742854, 12.9599084], [77.5746144, 12.9598586], [77.574695, 12.9603648], [77.5747528, 12.9603561], [77.5747644, 12.9604292], [77.5750149, 12.9603905], [77.5750523, 12.9604776], [77.5751205, 12.9606476], [77.5749967, 12.9606948], [77.5749285, 12.9605247], [77.5747794, 12.9605459], [77.5748975, 12.9613358], [77.5750655, 12.9613102], [77.5750865, 12.9613551], [77.575116, 12.9614212], [77.5754084, 12.9614254], [77.5755366, 12.9616003], [77.5757175, 12.9618334], [77.5756755, 12.9618644], [77.5756203, 12.9619051], [77.5755817, 12.9618554], [77.5755715, 12.9618205], [77.5755549, 12.9617852], [77.5755316, 12.961767], [77.5755089, 12.9617452], [77.5754898, 12.9617202], [77.5754733, 12.9616887], [77.5754627, 12.9616548], [77.5754278, 12.9616032], [77.5752526, 12.9616016], [77.5753704, 12.9618345], [77.5752515, 12.9618916], [77.5752365, 12.9618619], [77.5752211, 12.9618693], [77.5751461, 12.9619062], [77.5751008, 12.9618186], [77.5747445, 12.9618633], [77.5746059, 12.9608121], [77.5744622, 12.9608648], [77.5743799, 12.9606513], [77.5744409, 12.960629], [77.5743875, 12.9604906], [77.5744098, 12.9604426], [77.57433, 12.9602361], [77.5743156, 12.9602419], [77.5742179, 12.9602765], [77.5741215, 12.9600183], [77.5742932, 12.9599574]]]}"
way/323961215,yes,,Polygon,"{""type"": ""Polygon"", ""coordinates"": [[[77.5713203, 12.9899473], [77.5712481, 12.9900464], [77.5706988, 12.9908004], [77.570577, 12.9909676], [77.5705534, 12.9909512], [77.5705084, 12.9909202], [77.5703232, 12.990792], [77.5709919, 12.989874], [77.5710664, 12.9897717], [77.5713203, 12.9899473]]]}"
way/323961216,yes,,Polygon,"{""type"": ""Polygon"", ""coordinates"": [[[77.5667613, 12.9758661], [77.5667426, 12.976053], [77.5668146, 12.976062], [77.5668061, 12.9761518], [77.5667979, 12.976311], [77.5663774, 12.9762685], [77.5664031, 12.9760208], [77.5648113, 12.9758697], [77.56483, 12.9756828], [77.5649831, 12.9756973], [77.564993, 12.9756201], [77.5652674, 12.9755667], [77.5653721, 12.9757342], [77.5667613, 12.9758661]]]}"
way/323961217,yes,,Polygon,"{""type"": ""Polygon"", ""coordinates"": [[[77.5747388, 12.9676204], [77.5745104, 12.9676275], [77.5744714, 12.9659372], [77.5746967, 12.9659398], [77.5747152, 12.9668928], [77.5748664, 12.9668882], [77.5748866, 12.9675116], [77.5747354, 12.9675162], [77.5747388, 12.9676204]]]}"
way/326551317,yes,,Polygon,"{""type"": ""Polygon"", ""coordinates"": [[[77.5495945, 13.0236095], [77.5495812, 13.0235874], [77.5493855, 13.0236994], [77.5492984, 13.0235549], [77.5495059, 13.0234362], [77.5494572, 13.0233553], [77.5494962, 13.023333], [77.549541, 13.0233074], [77.5495867, 13.0232812], [77.5496973, 13.023218], [77.5497615, 13.0231813], [77.5496499, 13.0229961], [77.5496866, 13.0229751], [77.5497296, 13.0229505], [77.5498412, 13.0231356], [77.5500243, 13.0230309], [77.5500684, 13.0230057], [77.5501045, 13.022985], [77.5501663, 13.0229496], [77.5501996, 13.0230049], [77.5503862, 13.0228981], [77.5504889, 13.0230686], [77.5503019, 13.0231756], [77.5503128, 13.0231936], [77.5502525, 13.0232281], [77.5502424, 13.0232114], [77.5496386, 13.0235569], [77.5496509, 13.0235772], [77.5495945, 13.0236095]]]}"
way/327534061,yes,,Polygon,"{""type"": ""Polygon"", ""coordinates"": [[[77.6066096, 12.9752719], [77.6065011, 12.9748459], [77.6066004, 12.9748219], [77.6066481, 12.9748103], [77.6067042, 12.9747968], [77.6068127, 12.9752228], [77.6067624, 12.9752349], [77.6066829, 12.9752542], [77.6066616, 12.9752593], [77.6066096, 12.9752719]]]}"
way/331975434,yes,,Polygon,"{""type"": ""Polygon"", ""coordinates"": [[[77.5698747, 12.8954064], [77.5699371, 12.8954761], [77.5700219, 12.8954039], [77.5703191, 12.895736], [77.5702769, 12.8957719], [77.5702318, 12.8958103], [77.5703231, 12.8959123], [77.5704006, 12.8958464], [77.5706131, 12.8960838], [77.5708487, 12.8963471], [77.5708054, 12.8963839], [77.5707645, 12.8964187], [77.57072, 12.8963691], [77.5704793, 12.8965739], [77.5703968, 12.8964817], [77.5702849, 12.8965769], [77.5700031, 12.896262], [77.5700615, 12.8962123], [77.5701174, 12.8961648], [77.5698619, 12.8958794], [77.5698061, 12.8959269], [77.5694924, 12.8955764], [77.5695226, 12.8955507], [77.5695512, 12.8955264], [77.56963, 12.8956144], [77.5698747, 12.8954064]]]}"
way/331975435,yes,,Polygon,"{""type"": ""Polygon"", ""coordinates"": [[[77.5799482, 12.9386509], [77.5798731, 12.9386511], [77.5798723, 12.9382838], [77.5798249, 12.9382833], [77.5798237, 12.9381841], [77.5798386, 12.9381844], [77.5798822, 12.9381853], [77.5798826, 12.9378971], [77.5799036, 12.937897], [77.5799671, 12.9378969], [77.5799666, 12.9376624], [77.5801766, 12.9376619], [77.5801772, 12.9379242], [77.5802177, 12.9379241], [77.5802456, 12.9379241], [77.5802419, 12.9382236], [77.5802205, 12.9383217], [77.5802172, 12.9385916], [77.5803071, 12.9385921], [77.580308, 12.9386687], [77.5801712, 12.938669], [77.5801718, 12.938914], [77.5799488, 12.9389145], [77.5799482, 12.9386509]]]}"
way/331975437,yes,,Polygon,"{""type"": ""Polygon"", ""coordinates"": [[[77.5803882, 12.9290091], [77.5803872, 12.9292989], [77.5803848, 12.9299807], [77.5802937, 12.9299804], [77.5802929, 12.9302032], [77.5800703, 12.9302024], [77.5800711, 12.9299768], [77.5800156, 12.9299766], [77.5799795, 12.9299765], [77.5799824, 12.9291818], [77.5800839, 12.9291822], [77.5800847, 12.9289593], [77.5802994, 12.9289601], [77.5802993, 12.9290088], [77.5803242, 12.9290089], [77.5803882, 12.9290091]]]}"
way/331975438,yes,,Polygon,"{""type"": ""Polygon"", ""coordinates"": [[[77.5730565, 12.9071467], [77.5729509, 12.907134], [77.5730081, 12.9066805], [77.5730097, 12.906668], [77.5731091, 12.9066799], [77.5730951, 12.9067913], [77.5731013, 12.906792], [77.5733889, 12.9068265], [77.5733489, 12.9071438], [77.5733986, 12.9071497], [77.5734008, 12.9071324], [77.573411, 12.9070516], [77.5735058, 12.907063], [77.573494, 12.907157], [77.5734441, 12.9075522], [77.5733627, 12.9075425], [77.5733691, 12.9074923], [77.5733993, 12.9072527], [77.5733264, 12.907244], [77.5732554, 12.9078069], [77.5733494, 12.9078144], [77.5733471, 12.9078543], [77.5733669, 12.9078543], [77.5733565, 12.9079455], [77.5733052, 12.9079439], [77.5732763, 12.9080896], [77.5732787, 12.9081746], [77.5731955, 12.9081785], [77.5731958, 12.9081569], [77.5731962, 12.9081312], [77.5729234, 12.9080985], [77.572915, 12.9081653], [77.5728555, 12.9081582], [77.5727992, 12.9081514], [77.5728121, 12.908049], [77.5728525, 12.9080538], [77.5728915, 12.9077446], [77.5729669, 12.9077536], [77.5730047, 12.9074547], [77.572868, 12.9074383], [77.5728813, 12.907333], [77.5730307, 12.9073509], [77.5730565, 12.9071467]]]}"
way/335169523,yes,,Polygon,"{""type"": ""Polygon"", ""coordinates"": [[[77.5570486, 12.9986088], [77.5570566, 12.9986463], [77.5569834, 12.9986612], [77.5569754, 12.9986237], [77.556565, 12.9987072], [77.5565487, 12.9986322], [77.5563236, 12.9986771], [77.5562939, 12.9984958], [77.5565206, 12.9984606], [77.5565149, 12.9984444], [77.5564988, 12.9983704], [77.5568303, 12.9983122], [77.5568189, 12.9982538], [77.5572474, 12.9981747], [77.5572595, 12.9982367], [77.5573203, 12.998226], [77.5573347, 12.9982947], [77.5575447, 12.9982327], [77.5576173, 12.9984824], [77.557456, 12.9985215], [77.5574704, 12.9986324], [77.557223, 12.9986814], [77.5571974, 12.9985784], [77.5570486, 12.9986088]]]}"
way/335704464,yes,,Polygon,"{""type"": ""Polygon"", ""coordinates"": [[[77.5799534, 12.9456636], [77.5801601, 12.9456647], [77.5801587, 12.9459025], [77.580305, 12.9459032], [77.5803036, 12.9461728], [77.5801587, 12.9461721], [77.5801583, 12.9462395], [77.5801928, 12.9462397], [77.5802402, 12.9462399], [77.5802378, 12.9466804], [77.580154, 12.94668], [77.5801526, 12.9469371], [77.5799458, 12.9469361], [77.5799471, 12.9466989], [77.5798514, 12.9466984], [77.579854, 12.946242], [77.5799518, 12.9462425], [77.5799522, 12.9461607], [77.5799026, 12.9461605], [77.5798543, 12.9461602], [77.5798547, 12.9460848], [77.5797903, 12.9460845], [77.5797921, 12.9457701], [77.5798296, 12.9457703], [77.579886, 12.9457706], [77.5798854, 12.9458854], [77.5799522, 12.9458857], [77.5799534, 12.9456636]]]}"
way/340241107,yes,,Polygon,"{""type"": ""Polygon"", ""coordinates"": [[[77.6341385, 12.9822167], [77.6337987, 12.9821835], [77.6338159, 12.9820165], [77.6341557, 12.9820498], [77.6341385, 12.9822167]]]}"
way/343247556,yes,,Polygon,"{""type"": ""Polygon"", ""coordinates"": [[[77.5488262, 13.0076067], [77.548845, 13.0077359], [77.5489437, 13.0077222], [77.5489526, 13.0077837], [77.5490784, 13.0077663], [77.5490936, 13.0078706], [77.5489669, 13.0078881], [77.5490516, 13.0084716], [77.5489552, 13.0084849], [77.5489742, 13.0086157], [77.5490093, 13.0086108], [77.5490122, 13.0086304], [77.5491314, 13.008614], [77.5491434, 13.0086964], [77.5490201, 13.0087134], [77.5490375, 13.0088337], [77.5488212, 13.0088635], [77.5487916, 13.0086599], [77.5486981, 13.0086728], [77.5486339, 13.0082309], [77.5485408, 13.0082437], [77.5484883, 13.0078822], [77.5485886, 13.0078684], [77.548574, 13.0077678], [77.5486588, 13.0077561], [77.5486408, 13.0076323], [77.5488262, 13.0076067]]]}"
way/347060350,no,,Polygon,"{""type"": ""Polygon"", ""coordinates"": [[[77.463086, 12.8944134], [77.4634683, 12.8947446], [77.4631133, 12.8951339], [77.462731, 12.8948027], [77.463086, 12.8944134]]]}"
way/348082938,yes,,Polygon,"{""type"": ""Polygon"", ""coordinates"": [[[77.6968137, 12.9357329], [77.696959, 12.9357143], [77.696986, 12.9359149], [77.6968408, 12.9359335], [77.6968137, 12.9357329]]]}"
way/348599412,yes,,Polygon,"{""type"": ""Polygon"", ""coordinates"": [[[77.5498106, 13.0006928], [77.5497504, 13.0006809], [77.5497057, 13.000897], [77.5495152, 13.0008596], [77.5495596, 13.0006447], [77.5495038, 13.0006338], [77.5495742, 13.000216], [77.5494146, 13.0001928], [77.5494085, 13.0002325], [77.5492897, 13.0002152], [77.5493035, 13.0001247], [77.5495816, 13.0001651], [77.5496742, 12.9996971], [77.5494936, 12.9995309], [77.5495086, 12.9994545], [77.5495391, 12.9994615], [77.5495678, 12.9994656], [77.5495577, 12.9995174], [77.5495985, 12.9995488], [77.5496234, 12.9995184], [77.5496433, 12.999494], [77.5497188, 12.9995527], [77.5496976, 12.9995786], [77.5497606, 12.9996453], [77.5499344, 12.9996739], [77.5499224, 12.9997432], [77.5499817, 12.9997529], [77.5499473, 12.9999522], [77.5499931, 12.9999597], [77.5499785, 13.000044], [77.5500427, 13.0001058], [77.5502154, 13.0001354], [77.5501994, 13.0002215], [77.5500807, 13.0002005], [77.5500827, 13.000191], [77.5500838, 13.0001841], [77.5499944, 13.0001646], [77.5499624, 13.0001424], [77.5499218, 13.0003695], [77.5499455, 13.0003943], [77.5500707, 13.0004174], [77.5500512, 13.0005179], [77.5498919, 13.0004886], [77.5498983, 13.0004553], [77.5498555, 13.0004153], [77.5498106, 13.0006928]]]}"
way/348854341,yes,,Polygon,"{""type"": ""Polygon"", ""coordinates"": [[[77.6074656, 12.9752514], [77.6075365, 12.9755321], [77.6061521, 12.975867], [77.6061277, 12.9757783], [77.6061084, 12.9757024], [77.6060806, 12.9755902], [77.6067072, 12.9754359], [77.6068079, 12.9754113], [77.6074656, 12.9752514]]]}"
way/349836800,yes,,Polygon,"{""type"": ""Polygon"", ""coordinates"": [[[77.6441017, 12.9720799], [77.6439973, 12.9720749], [77.6440078, 12.9718672], [77.6441122, 12.9718721], [77.6441017, 12.9720799]]]}"
way/361108397,yes,,Polygon,"{""type"": ""Polygon"", ""coordinates"": [[[77.5731421, 12.9401811], [77.5732787, 12.9399478], [77.5733858, 12.9400074], [77.5732492, 12.9402407], [77.5731421, 12.9401811]]]}"
way/363472521,yes,,Polygon,"{""type"": ""Polygon"", ""coordinates"": [[[77.595035, 12.9754969], [77.5947459, 12.9757288], [77.5946245, 12.9755851], [77.5949136, 12.9753532], [77.595035, 12.9754969]]]}"
way/363612205,yes,platform,Polygon,"{""type"": ""Polygon"", ""coordinates"": [[[77.5915625, 13.0976802], [77.5915591, 13.0975895], [77.5915858, 13.0975885], [77.5915892, 13.0976793], [77.5915625, 13.0976802]]]}"
way/363612207,yes,platform,Polygon,"{""type"": ""Polygon"", ""coordinates"": [[[77.5917113, 13.097463], [77.5917379, 13.0974619], [77.5917435, 13.097556], [77.5917201, 13.0975571], [77.5917201, 13.0975376], [77.5917132, 13.0975371], [77.5917113, 13.097463]]]}"
way/367419482,no,,Polygon,"{""type"": ""Polygon"", ""coordinates"": [[[77.499707, 12.9393073], [77.5001251, 12.9387339], [77.5004248, 12.9388601], [77.5011203, 12.9392748], [77.5016605, 12.9396318], [77.5010167, 12.9404611], [77.5009427, 12.9404034], [77.5005025, 12.9401294], [77.5001658, 12.9398914], [77.4999586, 12.9396823], [77.4997625, 12.9394948], [77.499707, 12.9393073]]]}"
way/370301099,yes,,Polygon,"{""type"": ""Polygon"", ""coordinates"": [[[77.6176239, 12.9728943], [77.6176168, 12.9729209], [77.6176106, 12.9729439], [77.6174465, 12.9729818], [77.6174817, 12.9731267], [77.6172178, 12.9731875], [77.6171984, 12.9731075], [77.6163848, 12.973295], [77.6163668, 12.9732211], [77.6163389, 12.973106], [77.6163212, 12.9730332], [77.6173987, 12.9727848], [77.6174096, 12.9728296], [77.6175725, 12.972793], [77.6175959, 12.9728221], [77.6176094, 12.9728388], [77.6176239, 12.9728943]]]}"
way/370387411,yes,,Polygon,"{""type"": ""Polygon"", ""coordinates"": [[[77.6822214, 12.9139582], [77.6823686, 12.9139731], [77.6823378, 12.9142627], [77.6821906, 12.9142478], [77.6822214, 12.9139582]]]}"
way/374695604,no,,Polygon,"{""type"": ""Polygon"", ""coordinates"": [[[77.6530391, 12.9559828], [77.6520059, 12.956298], [77.6516761, 12.9551839], [77.6527785, 12.9549942], [77.6530391, 12.9559828]]]}"
way/374973874,yes,,Polygon,"{""type"": ""Polygon"", ""coordinates"": [[[77.6444021, 12.9587181], [77.6445111, 12.9586137], [77.6447009, 12.9588019], [77.6445918, 12.9589063], [77.6444021, 12.9587181]]]}"
way/378615432,yes,,Polygon,"{""type"": ""Polygon"", ""coordinates"": [[[77.5548074, 12.9757833], [77.5548103, 12.9756803], [77.5548163, 12.9754639], [77.5550348, 12.9754697], [77.555037, 12.9753907], [77.5558444, 12.9754121], [77.555843, 12.9754622], [77.5558418, 12.9755062], [77.5560022, 12.9755104], [77.5560063, 12.9753643], [77.5560771, 12.9753661], [77.5560675, 12.9757072], [77.5558508, 12.9757015], [77.5558504, 12.9757162], [77.55585, 12.975733], [77.5557686, 12.9757308], [77.5557677, 12.9757632], [77.5551791, 12.9757476], [77.555175, 12.9758923], [77.554993, 12.9758874], [77.5549958, 12.9757883], [77.5548074, 12.9757833]]]}"
way/400266327,yes,,Polygon,"{""type"": ""Polygon"", ""coordinates"": [[[77.5460653, 12.974355], [77.5458701, 12.9743532], [77.5458699, 12.9743758], [77.5458697, 12.9743963], [77.5450207, 12.9743885], [77.5450212, 12.9743365], [77.5447998, 12.9743345], [77.5448017, 12.9741334], [77.5450144, 12.9741353], [77.5450152, 12.9740572], [77.5449297, 12.9740565], [77.5449301, 12.9740134], [77.5449304, 12.9739856], [77.5459714, 12.9739951], [77.5459707, 12.9740668], [77.5458975, 12.9740661], [77.5458375, 12.9740656], [77.5458368, 12.9741441], [77.5460673, 12.9741462], [77.5460653, 12.974355]]]}"
way/405425985,yes,,Polygon,"{""type"": ""Polygon"", ""coordinates"": [[[77.6517416, 12.9908806], [77.6522858, 12.9910421], [77.6529162, 12.9912264], [77.6531509, 12.9913035], [77.6535036, 12.991442], [77.6542881, 12.9917974], [77.6546073, 12.9919621], [77.6545805, 12.992013], [77.654267, 12.9918421], [77.6540668, 12.9917453], [77.6537068, 12.9915926], [77.6535277, 12.9915243], [77.6531455, 12.9913753], [77.6528478, 12.991276], [77.6522658, 12.9911061], [77.6517427, 12.9909728], [77.6513726, 12.9908905], [77.6513806, 12.9908722], [77.6514401, 12.9908845], [77.6517275, 12.990937], [77.6517416, 12.9908806]]]}"
way/419771780,no,,Polygon,"{""type"": ""Polygon"", ""coordinates"": [[[77.5958944, 12.918945], [77.5958944, 12.9186953], [77.5961691, 12.9186863], [77.5961771, 12.9189372], [77.5958944, 12.918945]]]}"
way/426854066,yes,,Polygon,"{""type"": ""Polygon"", ""coordinates"": [[[77.6717029, 13.00035], [77.6724074, 13.0004703], [77.6738181, 13.0006331], [77.6752501, 13.0007134], [77.6768082, 13.0007167], [77.6768101, 13.0007715], [77.6753047, 13.0007896], [77.6738199, 13.000695], [77.672687, 13.0005605], [77.671692, 13.0003836], [77.6717029, 13.00035]]]}"
way/426854067,yes,,Polygon,"{""type"": ""Polygon"", ""coordinates"": [[[77.6723913, 13.0003938], [77.6724004, 13.0003354], [77.6738075, 13.0004911], [77.6748932, 13.0005689], [77.6755414, 13.0005848], [77.6761097, 13.0005813], [77.6761692, 13.0006232], [77.6763304, 13.0006232], [77.6763298, 13.0006064], [77.6766637, 13.0006013], [77.6766894, 13.0006381], [77.6755432, 13.000645], [77.6749041, 13.0006308], [77.6738129, 13.0005565], [77.6723913, 13.0003938]]]}"
way/440327192,yes,bus_stop,Polygon,"{""type"": ""Polygon"", ""coordinates"": [[[77.5917265, 13.0974115], [77.5917991, 13.0974886], [77.5912562, 13.0979884], [77.5911754, 13.0979], [77.5917265, 13.0974115]]]}"
way/450537555,yes,,Polygon,"{""type"": ""Polygon"", ""coordinates"": [[[77.7058682, 12.9067723], [77.7058697, 12.906736], [77.7058911, 12.906736], [77.7059836, 12.9057686], [77.7060091, 12.9057686], [77.7057491, 12.9086937], [77.7057329, 12.9086687], [77.705749, 12.9082334], [77.7057791, 12.9078753], [77.705812, 12.907483], [77.7057959, 12.9074804], [77.7058038, 12.9072866], [77.7058348, 12.9072595], [77.7058588, 12.9069514], [77.7058682, 12.9067723]]]}"
way/458945624,yes,,Polygon,"{""type"": ""Polygon"", ""coordinates"": [[[77.6677319, 12.9963203], [77.6678415, 12.9960796], [77.6689018, 12.9965347], [77.6689271, 12.9965446], [77.6689926, 12.9965805], [77.6690287, 12.9965927], [77.6689191, 12.9968334], [77.66879, 12.9967776], [77.6677319, 12.9963203]]]}"
way/458947094,yes,,Polygon,"{""type"": ""Polygon"", ""coordinates"": [[[77.6921484, 12.996905], [77.6920391, 12.9966453], [77.6921917, 12.9965968], [77.6921671, 12.996531], [77.6931526, 12.9962016], [77.6932559, 12.9964954], [77.693321, 12.9964696], [77.6933378, 12.9965217], [77.6932176, 12.9965622], [77.6931956, 12.996495], [77.6925917, 12.9966825], [77.692558, 12.9967491], [77.6925423, 12.9967803], [77.6921484, 12.996905]]]}"
way/458948595,yes,,Polygon,"{""type"": ""Polygon"", ""coordinates"": [[[77.7085142, 12.9814384], [77.7085487, 12.9813146], [77.7084942, 12.9813002], [77.7085168, 12.981219], [77.7086559, 12.9807203], [77.7087143, 12.9805112], [77.7087402, 12.9804182], [77.7087947, 12.9804326], [77.7088508, 12.9802313], [77.7090994, 12.9802972], [77.7090655, 12.9804186], [77.7091148, 12.9804317], [77.7090928, 12.9805106], [77.7089872, 12.980889], [77.7088897, 12.9812385], [77.7088695, 12.9813122], [77.7088197, 12.9812988], [77.7087625, 12.9815041], [77.7085142, 12.9814384]]]}"
way/458948597,yes,,Polygon,"{""type"": ""Polygon"", ""coordinates"": [[[77.7044624, 12.9933373], [77.7042516, 12.9933916], [77.7042679, 12.9934518], [77.7038859, 12.9935502], [77.7034231, 12.9936694], [77.7034107, 12.9936235], [77.7032314, 12.9936698], [77.7031658, 12.9934281], [77.7033659, 12.9933765], [77.70335, 12.9933182], [77.7037605, 12.9932124], [77.7042595, 12.9930837], [77.7042718, 12.9931293], [77.7043971, 12.993097], [77.7044624, 12.9933373]]]}"
way/458948601,yes,,Polygon,"{""type"": ""Polygon"", ""coordinates"": [[[77.7150071, 12.9777721], [77.7149743, 12.9775417], [77.7152099, 12.9775098], [77.7152021, 12.9774546], [77.7156647, 12.9773919], [77.7161452, 12.9773268], [77.7161531, 12.9773818], [77.7162502, 12.9773686], [77.7162839, 12.9776057], [77.7160989, 12.9776307], [77.7161067, 12.977685], [77.7156624, 12.9777452], [77.7151769, 12.9778109], [77.7151682, 12.9777503], [77.7150071, 12.9777721]]]}"
way/458951599,yes,,Polygon,"{""type"": ""Polygon"", ""coordinates"": [[[77.7242447, 12.9767343], [77.7242267, 12.9765383], [77.7244496, 12.9765223], [77.7244475, 12.9765003], [77.7248696, 12.9764671], [77.7252313, 12.9764386], [77.7252334, 12.9764518], [77.7253887, 12.9764398], [77.7254101, 12.9766425], [77.7253874, 12.976644], [77.7253919, 12.976709], [77.7252131, 12.9767218], [77.7251223, 12.97673], [77.7249835, 12.9767422], [77.7247172, 12.9767642], [77.72466, 12.9767693], [77.7243522, 12.9767946], [77.7243463, 12.976726], [77.7242447, 12.9767343]]]}"
way/458951601,yes,,Polygon,"{""type"": ""Polygon"", ""coordinates"": [[[77.7275688, 12.9805085], [77.7276967, 12.9811011], [77.7278352, 12.9817424], [77.7275758, 12.9817956], [77.7274396, 12.9811648], [77.7273094, 12.9805617], [77.7275688, 12.9805085]]]}"
way/458951608,yes,,Polygon,"{""type"": ""Polygon"", ""coordinates"": [[[77.7372069, 12.9875179], [77.7372375, 12.9875175], [77.737372, 12.9875157], [77.7373716, 12.9874847], [77.7373708, 12.9874317], [77.7378918, 12.9874245], [77.738398, 12.9874175], [77.7383993, 12.987505], [77.7384945, 12.9875037], [77.738498, 12.9877463], [77.7379171, 12.9877543], [77.7373554, 12.987762], [77.7373548, 12.9877211], [77.7372098, 12.9877231], [77.7372069, 12.9875179]]]}"
way/458951611,yes,,Polygon,"{""type"": ""Polygon"", ""coordinates"": [[[77.7538107, 12.9868407], [77.7538762, 12.9868136], [77.7540495, 12.9872112], [77.754244, 12.9876575], [77.7541785, 12.9876846], [77.7542634, 12.9878794], [77.7540525, 12.9879666], [77.7539343, 12.9876954], [77.7538756, 12.9877197], [77.7537044, 12.9873269], [77.7535083, 12.9868769], [77.753567, 12.9868526], [77.75354, 12.9867905], [77.7537508, 12.9867032], [77.7538107, 12.9868407]]]}"
way/458951612,yes,,Polygon,"{""type"": ""Polygon"", ""coordinates"": [[[77.7474159, 12.9856372], [77.7474366, 12.9856889], [77.7471367, 12.985803], [77.7465631, 12.9860213], [77.7465429, 12.9859711], [77.7464307, 12.9860138], [77.7463349, 12.9857746], [77.7465273, 12.9857014], [77.746511, 12.9856607], [77.747025, 12.9854651], [77.7473912, 12.9853258], [77.7474138, 12.9853822], [77.747541, 12.9853338], [77.7476299, 12.9855558], [77.7474159, 12.9856372]]]}"
way/459200843,yes,,Polygon,"{""type"": ""Polygon"", ""coordinates"": [[[77.5260675, 13.0358851], [77.5261441, 13.0360162], [77.5262641, 13.0362216], [77.5251425, 13.0368434], [77.5249459, 13.0365068], [77.5260675, 13.0358851]]]}"
way/459200844,yes,,Polygon,"{""type"": ""Polygon"", ""coordinates"": [[[77.5333361, 13.0332453], [77.5329881, 13.0334496], [77.5329187, 13.0333376], [77.5328113, 13.033164], [77.5338956, 13.0325274], [77.5340207, 13.0327297], [77.5336246, 13.0329623], [77.5336615, 13.0330219], [77.5335556, 13.033084], [77.5336058, 13.0331652], [77.5333716, 13.0333027], [77.5333361, 13.0332453]]]}"
way/497166911,yes,,Polygon,"{""type"": ""Polygon"", ""coordinates"": [[[77.5410912, 13.0284392], [77.5410106, 13.0284871], [77.5405265, 13.0287666], [77.5405026, 13.0287274], [77.5404906, 13.0287077], [77.5403333, 13.0287985], [77.5402557, 13.0286709], [77.5402361, 13.0286386], [77.5403989, 13.0285447], [77.5403761, 13.0285072], [77.5405733, 13.0283933], [77.5406351, 13.0283565], [77.5407984, 13.0282622], [77.5408557, 13.0282292], [77.5409683, 13.0281641], [77.5410289, 13.0281282], [77.5411612, 13.0280518], [77.5411826, 13.0280869], [77.5413143, 13.0280109], [77.5413453, 13.0280618], [77.5414116, 13.0281707], [77.5412649, 13.0282554], [77.5412785, 13.0282778], [77.5413025, 13.0283172], [77.5410912, 13.0284392]]]}"
way/499487806,yes,,Polygon,"{""type"": ""Polygon"", ""coordinates"": [[[77.5732712, 12.9753856], [77.5733096, 12.9754327], [77.5733412, 12.9754843], [77.5733657, 12.9755395], [77.5733825, 12.9755974], [77.5733913, 12.9756569], [77.5733922, 12.9757146], [77.5733857, 12.975772], [77.5733717, 12.9758281], [77.5733506, 12.9758821], [77.5733227, 12.975933], [77.5732892, 12.9759806], [77.5732328, 12.9760395], [77.5731881, 12.9760705], [77.5731485, 12.9760979], [77.5731187, 12.9761138], [77.5730106, 12.9761494], [77.5728524, 12.9761554], [77.5727523, 12.9761321], [77.5727138, 12.9761168], [77.5726275, 12.9760669], [77.5725975, 12.9760432], [77.5725574, 12.9760075], [77.5718106, 12.976071], [77.5712272, 12.976111], [77.5712083, 12.9758525], [77.571201, 12.9757334], [77.5711914, 12.975614], [77.5717747, 12.975574], [77.5724684, 12.9755234], [77.5724796, 12.9754977], [77.5724928, 12.9754722], [77.5725415, 12.9754009], [77.5726007, 12.9753414], [77.5726676, 12.9752943], [77.5726994, 12.9752658], [77.572684, 12.9746296], [77.5729169, 12.9746275], [77.5731372, 12.9746256], [77.5731454, 12.9752504], [77.5731459, 12.9752872], [77.5731645, 12.9752979], [77.5732213, 12.975338], [77.5732712, 12.9753856]]]}"
way/507886813,yes,,Polygon,"{""type"": ""Polygon"", ""coordinates"": [[[77.6414038, 13.0605689], [77.6415348, 13.0604641], [77.6416398, 13.0605887], [77.6415088, 13.0606934], [77.6414038, 13.0605689]]]}"
way/513608920,yes,,Polygon,"{""type"": ""Polygon"", ""coordinates"": [[[77.573494, 12.915371], [77.5735324, 12.9153659], [77.573488, 12.9150499], [77.5734448, 12.9150557], [77.5734361, 12.9149998], [77.5734204, 12.915002], [77.5733886, 12.9150066], [77.5733265, 12.9145497], [77.5734592, 12.9145292], [77.5735136, 12.9147955], [77.5736833, 12.9147665], [77.5736734, 12.9146912], [77.5737921, 12.9146764], [77.573808, 12.914797], [77.5737424, 12.9148122], [77.5737904, 12.9151823], [77.5739066, 12.9151684], [77.5739125, 12.9152153], [77.5739941, 12.9152056], [77.5740489, 12.9156411], [77.573881, 12.9156612], [77.5738745, 12.9156092], [77.5738558, 12.9154606], [77.5738754, 12.9154583], [77.5738549, 12.9152956], [77.5738054, 12.9153015], [77.5738664, 12.9157728], [77.5739758, 12.9157572], [77.573997, 12.9158988], [77.5740357, 12.9158932], [77.5740522, 12.9160029], [77.5740381, 12.9160048], [77.5740625, 12.9161665], [77.5739669, 12.9161802], [77.5739333, 12.916185], [77.5739089, 12.9160234], [77.5736199, 12.9160646], [77.573619, 12.9162245], [77.5736395, 12.9162246], [77.5736388, 12.9164117], [77.5734343, 12.9164109], [77.573433, 12.9164402], [77.5734316, 12.9164726], [77.5732183, 12.9164641], [77.5732183, 12.9164102], [77.5731715, 12.91641], [77.5731719, 12.9163164], [77.573544, 12.9163178], [77.5735464, 12.9157064], [77.573494, 12.915371]]]}"
way/515225942,yes,footway,Polygon,"{""type"": ""Polygon"", ""coordinates"": [[[77.5724274, 13.1037827], [77.5723625, 13.1031662], [77.572945, 13.1031735], [77.5729296, 13.1037287], [77.5724274, 13.1037827]]]}"
way/530606753,no,,Polygon,"{""type"": ""Polygon"", ""coordinates"": [[[77.6422163, 13.0593138], [77.6422251, 13.0591212], [77.6422521, 13.0583677], [77.6429304, 13.0585235], [77.6428395, 13.0587523], [77.6427598, 13.0587488], [77.6427581, 13.0589695], [77.6427138, 13.0591195], [77.6425457, 13.0593146], [77.6422163, 13.0593138]]]}"
way/530861582,yes,,Polygon,"{""type"": ""Polygon"", ""coordinates"": [[[77.6334904, 13.028322], [77.6333521, 13.0280091], [77.6336723, 13.0278724], [77.6338105, 13.0281883], [77.6334904, 13.028322]]]}"
way/531500549,yes,,Polygon,"{""type"": ""Polygon"", ""coordinates"": [[[77.7278343, 12.9939314], [77.7279125, 12.9937029], [77.7283575, 12.9938475], [77.7282796, 12.9940761], [77.7278343, 12.9939314]]]}"
way/545052922,yes,,Polygon,"{""type"": ""Polygon"", ""coordinates"": [[[77.5293557, 12.946371], [77.5294419, 12.946191], [77.5295168, 12.9462277], [77.5296003, 12.9462687], [77.5297548, 12.9463464], [77.529771, 12.9463163], [77.5303664, 12.9465825], [77.5303824, 12.9462326], [77.5303866, 12.9461399], [77.5304229, 12.946071], [77.5307157, 12.9461969], [77.5306902, 12.9462443], [77.5306733, 12.9462795], [77.5304754, 12.9461989], [77.5304274, 12.9466153], [77.5305963, 12.9466925], [77.530517, 12.9469052], [77.5303131, 12.9468255], [77.5302871, 12.9468824], [77.5295675, 12.9465558], [77.5295999, 12.9464976], [77.5295595, 12.9464767], [77.5295239, 12.9465418], [77.5294346, 12.9464955], [77.5294702, 12.9464303], [77.5293557, 12.946371]]]}"
way/545054524,yes,,Polygon,"{""type"": ""Polygon"", ""coordinates"": [[[77.5367949, 12.9524361], [77.5367666, 12.9524276], [77.5368041, 12.9523093], [77.5367705, 12.9522992], [77.5367993, 12.9522085], [77.5367784, 12.9522022], [77.536845, 12.9519921], [77.5369256, 12.9520163], [77.5371246, 12.9513883], [77.5373604, 12.9514593], [77.5374042, 12.9514725], [77.5372103, 12.9520844], [77.5372725, 12.9521031], [77.5372535, 12.9521629], [77.5372003, 12.9521469], [77.5371478, 12.9523125], [77.5371636, 12.9523173], [77.5371073, 12.9524951], [77.53705, 12.9524779], [77.5369978, 12.9526427], [77.5367528, 12.9525689], [77.5367949, 12.9524361]]]}"
way/545054525,yes,,Polygon,"{""type"": ""Polygon"", ""coordinates"": [[[77.533641, 12.961595], [77.5337192, 12.9615642], [77.5339106, 12.9620263], [77.5340845, 12.9624464], [77.534046, 12.9624615], [77.5340088, 12.9624762], [77.534037, 12.9625443], [77.5338566, 12.9626153], [77.5337977, 12.9624729], [77.5337423, 12.9624946], [77.533465, 12.9618249], [77.533446, 12.9618324], [77.533395, 12.9617093], [77.5334245, 12.9616977], [77.5334669, 12.9616811], [77.533373, 12.9614543], [77.5335533, 12.9613833], [77.533641, 12.961595]]]}"
way/577508428,yes,,Polygon,"{""type"": ""Polygon"", ""coordinates"": [[[77.696039, 12.9353569], [77.6960116, 12.9351787], [77.6963039, 12.935136], [77.6963313, 12.9353143], [77.696039, 12.9353569]]]}"
way/607891905,yes,,Polygon,"{""type"": ""Polygon"", ""coordinates"": [[[77.7236563, 12.844427], [77.7236563, 12.8440845], [77.7239968, 12.8440845], [77.7239968, 12.844427], [77.7236563, 12.844427]]]}"
way/608196287,yes,,Polygon,"{""type"": ""Polygon"", ""coordinates"": [[[77.7238514, 12.8440303], [77.7238514, 12.843792], [77.7239954, 12.843792], [77.7239887, 12.8440271], [77.7238514, 12.8440303]]]}"
way/609257700,yes,,Polygon,"{""type"": ""Polygon"", ""coordinates"": [[[77.682246, 12.9061953], [77.682227, 12.9059046], [77.6823669, 12.9058959], [77.6823859, 12.9061867], [77.682246, 12.9061953]]]}"
way/609270066,no,,Polygon,"{""type"": ""Polygon"", ""coordinates"": [[[77.6216342, 12.9491984], [77.6218278, 12.9490114], [77.6219292, 12.949111], [77.6217356, 12.9492981], [77.6216342, 12.9491984]]]}"
way/609547702,yes,,Polygon,"{""type"": ""Polygon"", ""coordinates"": [[[77.6837613, 12.9100029], [77.6839268, 12.909856], [77.6839957, 12.9099297], [77.6838303, 12.9100767], [77.6837613, 12.9100029]]]}"
way/609547704,yes,,Polygon,"{""type"": ""Polygon"", ""coordinates"": [[[77.683755, 12.9098414], [77.6838498, 12.9097586], [77.6839304, 12.9098461], [77.6838355, 12.909929], [77.6838049, 12.9098958], [77.683755, 12.9098414]]]}"
way/609645200,no,,Polygon,"{""type"": ""Polygon"", ""coordinates"": [[[77.643192, 12.9165228], [77.6431837, 12.9162999], [77.643314, 12.9162953], [77.6433224, 12.9165182], [77.643192, 12.9165228]]]}"
way/609934582,no,,Polygon,"{""type"": ""Polygon"", ""coordinates"": [[[77.6824947, 12.906888], [77.6824953, 12.9069125], [77.6822945, 12.9069193], [77.6822861, 12.9067857], [77.6823575, 12.9067854], [77.6824947, 12.906888]]]}"
way/610462191,yes,,Polygon,"{""type"": ""Polygon"", ""coordinates"": [[[77.6685493, 12.9180554], [77.6684953, 12.9178873], [77.6687453, 12.9178079], [77.6687926, 12.9179773], [77.6685493, 12.9180554]]]}"
way/613381973,no,,Polygon,"{""type"": ""Polygon"", ""coordinates"": [[[77.6206222, 12.9494717], [77.6205099, 12.9492513], [77.6206066, 12.9491921], [77.6207234, 12.9494227], [77.6206222, 12.9494717]]]}"
way/613757694,no,,Polygon,"{""type"": ""Polygon"", ""coordinates"": [[[77.6788923, 12.8838524], [77.6788408, 12.8835621], [77.6790001, 12.8835353], [77.6790516, 12.8838255], [77.6788923, 12.8838524]]]}"
way/626878934,yes,,Polygon,"{""type"": ""Polygon"", ""coordinates"": [[[77.7608979, 13.0224636], [77.7610877, 13.0221553], [77.7614156, 13.022347], [77.7612257, 13.0226552], [77.7608979, 13.0224636]]]}"
way/627130923,yes,,Polygon,"{""type"": ""Polygon"", ""coordinates"": [[[77.6749776, 12.905644], [77.6749141, 12.905404], [77.6750659, 12.9053658], [77.6751294, 12.9056058], [77.6749776, 12.905644]]]}"
way/630203906,yes,,Polygon,"{""type"": ""Polygon"", ""coordinates"": [[[77.6552916, 12.977541], [77.6553056, 12.9772172], [77.6559708, 12.9772444], [77.6559569, 12.9775682], [77.6552916, 12.977541]]]}"
way/635377076,yes,,Polygon,"{""type"": ""Polygon"", ""coordinates"": [[[77.7527283, 12.8919547], [77.7527075, 12.8917134], [77.7528428, 12.8917022], [77.7528636, 12.8919436], [77.7527283, 12.8919547]]]}"
way/635377077,yes,,Polygon,"{""type"": ""Polygon"", ""coordinates"": [[[77.7529184, 12.8919403], [77.752899, 12.891697], [77.7530275, 12.8916872], [77.7530469, 12.8919305], [77.7529184, 12.8919403]]]}"
way/639372091,yes,,Polygon,"{""type"": ""Polygon"", ""coordinates"": [[[77.6091291, 12.9147205], [77.6091364, 12.9145284], [77.6094224, 12.9145388], [77.6094151, 12.9147309], [77.6091291, 12.9147205]]]}"
way/657125825,yes,,Polygon,"{""type"": ""Polygon"", ""coordinates"": [[[77.7058333, 12.9088234], [77.7062461, 12.9045375], [77.7063123, 12.9045446], [77.7062071, 12.9058288], [77.706138, 12.9066791], [77.7061138, 12.9069772], [77.7060929, 12.9071106], [77.7060432, 12.9071148], [77.7060014, 12.9075667], [77.7059863, 12.907714], [77.7059485, 12.9080835], [77.7058856, 12.9087336], [77.705881, 12.9087807], [77.7058764, 12.9088283], [77.7058333, 12.9088234]]]}"
way/672625599,no,,Polygon,"{""type"": ""Polygon"", ""coordinates"": [[[77.6028753, 12.9043887], [77.6028496, 12.9043431], [77.6027935, 12.9042794], [77.6028216, 12.9042362], [77.6028776, 12.9042407], [77.6028986, 12.9042817], [77.602957, 12.9043044], [77.6029897, 12.9043454], [77.6029926, 12.9044155], [77.6029603, 12.9044634], [77.6029324, 12.9044836], [77.6029033, 12.9044615], [77.6028753, 12.9043887]]]}"
way/672645238,yes,,Polygon,"{""type"": ""Polygon"", ""coordinates"": [[[77.6030475, 12.9041886], [77.6030527, 12.9041978], [77.6030546, 12.9042082], [77.603053, 12.9042186], [77.603048, 12.9042279], [77.6030402, 12.9042352], [77.6030305, 12.9042397], [77.6030197, 12.9042408], [77.6030092, 12.9042385], [77.6029999, 12.904233], [77.6029929, 12.9042247], [77.6029891, 12.9042147], [77.6029889, 12.9042039], [77.6029923, 12.9041937], [77.6029989, 12.9041852], [77.6030081, 12.9041792], [77.6030187, 12.9041765], [77.6030295, 12.9041773], [77.6030394, 12.9041815], [77.6030475, 12.9041886]]]}"
way/681805619,yes,,Polygon,"{""type"": ""Polygon"", ""coordinates"": [[[77.5792911, 13.0709153], [77.5793615, 13.0706123], [77.5795127, 13.0706456], [77.5794423, 13.0709486], [77.5792911, 13.0709153]]]}"
way/691136416,yes,,Polygon,"{""type"": ""Polygon"", ""coordinates"": [[[77.552523, 13.0103122], [77.5525266, 13.0100108], [77.5528371, 13.0100144], [77.5528335, 13.0103158], [77.552523, 13.0103122]]]}"
way/705294039,yes,,Polygon,"{""type"": ""Polygon"", ""coordinates"": [[[77.5766322, 12.8951416], [77.5767636, 12.8949154], [77.5769405, 12.8949946], [77.576891, 12.8950972], [77.5766751, 12.8951638], [77.5766322, 12.8951416]]]}"
way/763534657,yes,,Polygon,"{""type"": ""Polygon"", ""coordinates"": [[[77.7092515, 12.8302281], [77.7092462, 12.8299457], [77.7093991, 12.8299404], [77.7093991, 12.8302281], [77.7092515, 12.8302281]]]}"
way/763534658,yes,,Polygon,"{""type"": ""Polygon"", ""coordinates"": [[[77.7090638, 12.8302386], [77.7090531, 12.8299561], [77.7092462, 12.8299457], [77.7092515, 12.8302281], [77.7090638, 12.8302386]]]}"
way/765250687,yes,,Polygon,"{""type"": ""Polygon"", ""coordinates"": [[[77.6922166, 12.974601], [77.6925921, 12.9745252], [77.6926725, 12.9748466], [77.6922911, 12.9749317], [77.6922166, 12.974601]]]}"
way/765250688,yes,,Polygon,"{""type"": ""Polygon"", ""coordinates"": [[[77.6920261, 12.9744023], [77.6919564, 12.9740913], [77.6924819, 12.9739904], [77.6925491, 12.9743004], [77.6920261, 12.9744023]]]}"
way/765250689,yes,,Polygon,"{""type"": ""Polygon"", ""coordinates"": [[[77.6920261, 12.9746375], [77.6919912, 12.9744363], [77.6925867, 12.9743108], [77.6926296, 12.9745095], [77.6920261, 12.9746375]]]}"
way/767320184,yes,,Polygon,"{""type"": ""Polygon"", ""coordinates"": [[[77.5382422, 13.0454358], [77.5380785, 13.0456727], [77.5379193, 13.0455682], [77.538083, 13.0453314], [77.5382422, 13.0454358]]]}"
way/767320185,yes,,Polygon,"{""type"": ""Polygon"", ""coordinates"": [[[77.5368071, 13.0473747], [77.5365799, 13.0472667], [77.5366353, 13.0471562], [77.5368625, 13.0472642], [77.5368071, 13.0473747]]]}"
way/782061210,yes,bus_stop,Polygon,"{""type"": ""Polygon"", ""coordinates"": [[[77.5896589, 13.0389956], [77.5896563, 13.0389214], [77.5896822, 13.03892], [77.5896842, 13.0389949], [77.5896589, 13.0389956]]]}"
way/782061211,yes,bus_stop,Polygon,"{""type"": ""Polygon"", ""coordinates"": [[[77.5896566, 13.0389168], [77.5896536, 13.0388542], [77.5896778, 13.0388531], [77.5896808, 13.0389157], [77.5896566, 13.0389168]]]}"
way/782061212,yes,bus_stop,Polygon,"{""type"": ""Polygon"", ""coordinates"": [[[77.589654, 13.03885], [77.5896497, 13.0387846], [77.5896723, 13.0387832], [77.5896766, 13.0388486], [77.589654, 13.03885]]]}"
way/789910943,yes,,Polygon,"{""type"": ""Polygon"", ""coordinates"": [[[77.6738789, 12.9474343], [77.6738535, 12.9473218], [77.6739198, 12.9473076], [77.6739452, 12.9474201], [77.6738789, 12.9474343]]]}"
way/894923123,yes,,Polygon,"{""type"": ""Polygon"", ""coordinates"": [[[77.5621814, 12.8886531], [77.5623129, 12.8885085], [77.562465, 12.88864], [77.5625345, 12.8885636], [77.5628936, 12.8888731], [77.5632285, 12.8891633], [77.5631525, 12.8892468], [77.5632676, 12.8893462], [77.5631372, 12.8894989], [77.5629846, 12.889367], [77.5629282, 12.8894182], [77.5625824, 12.8891094], [77.5622366, 12.8888005], [77.5622874, 12.8887447], [77.5621814, 12.8886531]]]}"
way/894923125,yes,,Polygon,"{""type"": ""Polygon"", ""coordinates"": [[[77.5521862, 12.884381], [77.5523675, 12.8844359], [77.5523997, 12.8843349], [77.5528308, 12.8844656], [77.5533052, 12.8846095], [77.5532799, 12.8846887], [77.5534317, 12.8847347], [77.553369, 12.8849312], [77.5532153, 12.8848846], [77.5531889, 12.8849673], [77.5526913, 12.8848165], [77.5523007, 12.8846982], [77.5523205, 12.8846359], [77.5521239, 12.8845763], [77.5521862, 12.884381]]]}"
way/894923126,yes,,Polygon,"{""type"": ""Polygon"", ""coordinates"": [[[77.5447712, 12.8780338], [77.5445791, 12.8775861], [77.5444165, 12.8772074], [77.5445115, 12.8771686], [77.5444369, 12.8769948], [77.5446169, 12.8769214], [77.5446965, 12.8771068], [77.5447756, 12.8770746], [77.5449328, 12.8774413], [77.5451277, 12.8778956], [77.5450554, 12.8779251], [77.5451228, 12.8780822], [77.5449265, 12.8781623], [77.5448564, 12.877999], [77.5447712, 12.8780338]]]}"
way/894923127,yes,,Polygon,"{""type"": ""Polygon"", ""coordinates"": [[[77.5388234, 12.8716668], [77.5387797, 12.8717004], [77.5388688, 12.8718107], [77.538668, 12.8719649], [77.5385688, 12.8718421], [77.5385179, 12.8718813], [77.5382252, 12.8715193], [77.5379268, 12.8711502], [77.537977, 12.8711116], [77.5378676, 12.8709762], [77.5380553, 12.8708321], [77.538176, 12.8709815], [77.538234, 12.870937], [77.5385271, 12.8713], [77.5388234, 12.8716668]]]}"
way/894923128,yes,,Polygon,"{""type"": ""Polygon"", ""coordinates"": [[[77.5299095, 12.8619581], [77.5296769, 12.8615644], [77.5294369, 12.8611581], [77.5295144, 12.8611145], [77.5294519, 12.8610087], [77.5296333, 12.8609069], [77.5299256, 12.8614018], [77.5299844, 12.8613688], [77.5301618, 12.8616691], [77.5303345, 12.8619615], [77.5300804, 12.8621041], [77.529973, 12.8619224], [77.5299095, 12.8619581]]]}"
way/917864902,yes,,Polygon,"{""type"": ""Polygon"", ""coordinates"": [[[77.6403326, 13.0020044], [77.6402716, 13.0019685], [77.6402339, 13.0019463], [77.6429837, 12.9974872], [77.6430218, 12.9975087], [77.6430963, 12.9975506], [77.6403326, 13.0020044]]]}"
way/917864904,yes,,Polygon,"{""type"": ""Polygon"", ""coordinates"": [[[77.6397346, 13.0021415], [77.6396936, 13.0021175], [77.639657, 13.0020961], [77.6407814, 13.0002697], [77.6408702, 13.0001257], [77.6409096, 13.000149], [77.6412035, 12.9996778], [77.6414538, 12.9992765], [77.6414209, 12.999257], [77.6426424, 12.9972227], [77.6427452, 12.9972805], [77.6397346, 13.0021415]]]}"
way/917864919,yes,,Polygon,"{""type"": ""Polygon"", ""coordinates"": [[[77.6435425, 12.9972523], [77.6406571, 13.0018752], [77.6405553, 13.0018153], [77.6433273, 12.997345], [77.643438, 12.9971915], [77.6434956, 12.997225], [77.6435425, 12.9972523]]]}"
way/917864933,yes,,Polygon,"{""type"": ""Polygon"", ""coordinates"": [[[77.6398283, 13.0021926], [77.6428098, 12.9973699], [77.6428806, 12.997408], [77.6429113, 12.9974246], [77.6399262, 13.0022487], [77.6398283, 13.0021926]]]}"
way/956125422,yes,,Polygon,"{""type"": ""Polygon"", ""coordinates"": [[[77.7420299, 12.8776244], [77.7416705, 12.8760229], [77.7418193, 12.8759876], [77.7426401, 12.875968], [77.743584, 12.875958], [77.7437602, 12.8775729], [77.7426702, 12.8775391], [77.7425534, 12.8775547], [77.7420299, 12.8776244]]]}"
way/989277809,yes,,Polygon,"{""type"": ""Polygon"", ""coordinates"": [[[77.5246452, 12.9413016], [77.5249252, 12.9411343], [77.52526, 12.9416669], [77.525597, 12.9422031], [77.525317, 12.9423703], [77.5249779, 12.9418308], [77.5246452, 12.9413016]]]}"
way/989277810,yes,,Polygon,"{""type"": ""Polygon"", ""coordinates"": [[[77.5188981, 12.9365264], [77.5189962, 12.9362533], [77.5196168, 12.9364651], [77.5202295, 12.9366742], [77.5201314, 12.9369473], [77.5195195, 12.9367385], [77.5188981, 12.9365264]]]}"
way/989277811,yes,,Polygon,"{""type"": ""Polygon"", ""coordinates"": [[[77.5115431, 12.9353267], [77.5116458, 12.9350312], [77.5117929, 12.935094], [77.5118356, 12.9351054], [77.5128432, 12.9354265], [77.5127405, 12.9357221], [77.5121484, 12.9355266], [77.5115431, 12.9353267]]]}"
way/989277812,yes,,Polygon,"{""type"": ""Polygon"", ""coordinates"": [[[77.4976768, 12.9239456], [77.4978887, 12.9237301], [77.4982484, 12.924066], [77.4988083, 12.9245888], [77.4985965, 12.9248043], [77.4981352, 12.9243736], [77.4976768, 12.9239456]]]}"
way/989277813,yes,,Polygon,"{""type"": ""Polygon"", ""coordinates"": [[[77.4871626, 12.9144208], [77.4872553, 12.9143025], [77.4873294, 12.9142079], [77.4873468, 12.9141895], [77.488342, 12.9149444], [77.4883163, 12.9149755], [77.4882421, 12.9150702], [77.4881659, 12.9151674], [77.4880652, 12.9150924], [77.4872553, 12.9144898], [77.4871626, 12.9144208]]]}"
way/1010948513,yes,,Polygon,"{""type"": ""Polygon"", ""coordinates"": [[[77.6706536, 12.8468574], [77.6712941, 12.8458971], [77.6713617, 12.8457957], [77.6716477, 12.845977], [77.6709396, 12.8470387], [77.6708986, 12.8470127], [77.6706536, 12.8468574]]]}"
way/1053353600,yes,,Polygon,"{""type"": ""Polygon"", ""coordinates"": [[[77.6712593, 12.9883345], [77.6711782, 12.9881823], [77.6714534, 12.9880431], [77.6715345, 12.9881954], [77.6712593, 12.9883345]]]}"
way/1056795650,no,,Polygon,"{""type"": ""Polygon"", ""coordinates"": [[[77.6976637, 12.9181468], [77.6974381, 12.9179507], [77.6975491, 12.91783], [77.6977729, 12.9180315], [77.6976637, 12.9181468]]]}"
way/1056795651,no,,Polygon,"{""type"": ""Polygon"", ""coordinates"": [[[77.6974967, 12.9183347], [77.6972887, 12.9181563], [77.6974048, 12.9180278], [77.6976127, 12.9182062], [77.6974967, 12.9183347]]]}"
way/1056795652,no,,Polygon,"{""type"": ""Polygon"", ""coordinates"": [[[77.6976197, 12.9181949], [77.6973941, 12.9179988], [77.6974381, 12.9179507], [77.6976637, 12.9181468], [77.6976197, 12.9181949]]]}"
way/1056795653,yes,,Polygon,"{""type"": ""Polygon"", ""coordinates"": [[[77.6969071, 12.9168746], [77.6968184, 12.9165588], [77.6973521, 12.9164164], [77.6974408, 12.9167321], [77.6969071, 12.9168746]]]}"
way/1062372955,yes,,Polygon,"{""type"": ""Polygon"", ""coordinates"": [[[77.5633959, 12.9963183], [77.5636968, 12.9962723], [77.5636915, 12.9962392], [77.563663, 12.9960623], [77.56382, 12.9960383], [77.5638546, 12.9962531], [77.5638813, 12.9962489], [77.5639259, 12.9965208], [77.5639476, 12.9966536], [77.5635884, 12.9967085], [77.5635846, 12.9966847], [77.5635807, 12.9966602], [77.5634392, 12.9966818], [77.563436, 12.9966618], [77.5629853, 12.9967306], [77.5629825, 12.9967135], [77.5629107, 12.9967245], [77.5629012, 12.9966636], [77.5626677, 12.9966948], [77.5626329, 12.9965007], [77.5629467, 12.9964697], [77.5629392, 12.9963882], [77.5633959, 12.9963183]]]}"
way/1064890966,no,,Polygon,"{""type"": ""Polygon"", ""coordinates"": [[[77.5884587, 12.993082], [77.5884094, 12.9928832], [77.5884351, 12.9928772], [77.5884511, 12.9928735], [77.588565, 12.9928467], [77.5886142, 12.9930454], [77.5885169, 12.9930683], [77.5884843, 12.9930759], [77.5884587, 12.993082]]]}"
way/1065504463,yes,,Polygon,"{""type"": ""Polygon"", ""coordinates"": [[[77.6382531, 13.1476718], [77.6383928, 13.1477317], [77.638259, 13.1480276], [77.6381192, 13.1479676], [77.6382531, 13.1476718]]]}"
way/1065504464,yes,,Polygon,"{""type"": ""Polygon"", ""coordinates"": [[[77.6382531, 13.1476718], [77.6381192, 13.1479676], [77.637982, 13.1479088], [77.6381159, 13.1476129], [77.6382531, 13.1476718]]]}"
way/1070107460,yes,,Polygon,"{""type"": ""Polygon"", ""coordinates"": [[[77.6928841, 12.9331845], [77.692953, 12.9329147], [77.6931228, 12.932956], [77.6930538, 12.9332257], [77.6928841, 12.9331845]]]}"
way/1071292969,yes,,Polygon,"{""type"": ""Polygon"", ""coordinates"": [[[77.7208873, 12.9356563], [77.7209399, 12.9354442], [77.7210194, 12.9354629], [77.7209668, 12.9356751], [77.7208873, 12.9356563]]]}"
way/1075804993,yes,,Polygon,"{""type"": ""Polygon"", ""coordinates"": [[[77.7209473, 12.9354026], [77.7209653, 12.9353306], [77.7210331, 12.9353467], [77.7210151, 12.9354187], [77.7209473, 12.9354026]]]}"
way/1081215243,yes,,Polygon,"{""type"": ""Polygon"", ""coordinates"": [[[77.6000613, 12.9681611], [77.6002356, 12.9685565], [77.5995009, 12.9688639], [77.5993266, 12.9684686], [77.6000613, 12.9681611]]]}"
way/1084474518,yes,,Polygon,"{""type"": ""Polygon"", ""coordinates"": [[[77.7115039, 12.9873666], [77.7115038, 12.9873053], [77.7117181, 12.9873049], [77.7117182, 12.9873663], [77.7115039, 12.9873666]]]}"
way/1099889138,no,,Polygon,"{""type"": ""Polygon"", ""coordinates"": [[[77.598684, 12.9673803], [77.598814, 12.9673874], [77.5989275, 12.9674057], [77.5990182, 12.967331], [77.599178, 12.9673868], [77.5998521, 12.9679834], [77.5997859, 12.9681196], [77.5994599, 12.9682664], [77.5991537, 12.9683993], [77.5990116, 12.9683989], [77.5988781, 12.9681498], [77.5988045, 12.968118], [77.5988099, 12.9678326], [77.5986468, 12.9678206], [77.598684, 12.9673803]]]}"
way/1099889139,no,,Polygon,"{""type"": ""Polygon"", ""coordinates"": [[[77.598638, 12.9678294], [77.5987962, 12.9678399], [77.5987823, 12.9681093], [77.5986209, 12.9680999], [77.598638, 12.9678294]]]}"
way/1099889141,no,,Polygon,"{""type"": ""Polygon"", ""coordinates"": [[[77.5988772, 12.9695553], [77.5988384, 12.9691432], [77.5991228, 12.9691178], [77.5991617, 12.9695299], [77.5988772, 12.9695553]]]}"
way/1118558815,yes,,Polygon,"{""type"": ""Polygon"", ""coordinates"": [[[77.5407303, 12.8567862], [77.5405986, 12.8564917], [77.5407544, 12.8564246], [77.5407886, 12.8564952], [77.5408835, 12.8567191], [77.5407303, 12.8567862]]]}"
way/1122561041,no,,Polygon,"{""type"": ""Polygon"", ""coordinates"": [[[77.7449486, 12.9346433], [77.7449537, 12.9345479], [77.7449669, 12.9345097], [77.7449948, 12.934489], [77.745121, 12.9344848], [77.7451495, 12.9344922], [77.7451568, 12.9345155], [77.7451538, 12.9346494], [77.7451336, 12.9346761], [77.7451003, 12.9346918], [77.7450172, 12.9346991], [77.7449731, 12.9346958], [77.7449509, 12.9346783], [77.7449486, 12.9346433]]]}"
way/1125341518,yes,,Polygon,"{""type"": ""Polygon"", ""coordinates"": [[[77.7286808, 12.9906348], [77.7286798, 12.9903226], [77.7289085, 12.9903219], [77.7289095, 12.9906341], [77.7286808, 12.9906348]]]}"
way/1125367469,yes,,Polygon,"{""type"": ""Polygon"", ""coordinates"": [[[77.7533645, 12.9768815], [77.7533111, 12.9765165], [77.753568, 12.9764808], [77.7536213, 12.9768458], [77.7533645, 12.9768815]]]}"
way/1127829722,yes,,Polygon,"{""type"": ""Polygon"", ""coordinates"": [[[77.5399012, 12.8575568], [77.5398833, 12.8575237], [77.540121, 12.8574208], [77.5401832, 12.8575449], [77.5400898, 12.8575348], [77.5399012, 12.8575568]]]}"
way/1127829726,yes,,Polygon,"{""type"": ""Polygon"", ""coordinates"": [[[77.5409265, 12.8574083], [77.5408903, 12.8573258], [77.5409879, 12.8573227], [77.5411051, 12.8572583], [77.5411243, 12.8572621], [77.5411656, 12.857269], [77.541195, 12.8572929], [77.5409265, 12.8574083]]]}"
way/1156198730,yes,,Polygon,"{""type"": ""Polygon"", ""coordinates"": [[[77.6768918, 12.9999782], [77.6768971, 12.9998684], [77.6769023, 12.9997586], [77.6782025, 12.9998172], [77.6781981, 12.9999105], [77.6781921, 13.0000369], [77.6773384, 12.9999984], [77.6768918, 12.9999782]]]}"
way/1157237997,yes,,Polygon,"{""type"": ""Polygon"", ""coordinates"": [[[77.7581326, 12.9961189], [77.7578821, 12.9961851], [77.7575363, 12.9949428], [77.7577868, 12.9948766], [77.7578338, 12.9950455], [77.7580792, 12.9959271], [77.7581326, 12.9961189]]]}"
way/1157379421,yes,,Polygon,"{""type"": ""Polygon"", ""coordinates"": [[[77.7108654, 12.9887307], [77.7108896, 12.9886895], [77.7109721, 12.9887356], [77.7111206, 12.988483], [77.7114968, 12.988693], [77.7119329, 12.9889364], [77.7119098, 12.9889759], [77.7118178, 12.9889246], [77.7116685, 12.9891787], [77.7112405, 12.9889399], [77.7108654, 12.9887307]]]}"
way/1180658022,yes,,Polygon,"{""type"": ""Polygon"", ""coordinates"": [[[77.5994649, 13.1062552], [77.599534, 13.1060357], [77.5996427, 13.1060665], [77.5995736, 13.106286], [77.5994649, 13.1062552]]]}"
way/1190646524,yes,,Polygon,"{""type"": ""Polygon"", ""coordinates"": [[[77.5687016, 12.9811405], [77.5685845, 12.9808273], [77.5685067, 12.9805794], [77.5684361, 12.9803113], [77.5683705, 12.9800327], [77.5683141, 12.9797365], [77.5682304, 12.97917], [77.5679597, 12.9777904], [77.5679008, 12.9774207], [77.5677997, 12.9768347], [77.5677791, 12.9767145], [77.5677216, 12.9764569], [77.567721, 12.9763705], [77.5677267, 12.976238], [77.5677484, 12.9762356], [77.5677728, 12.9762327], [77.5678832, 12.9768196], [77.5679842, 12.9774056], [77.5680595, 12.977777], [77.5680756, 12.977863], [77.5682003, 12.9785275], [77.5682482, 12.9787321], [77.5683055, 12.9789287], [77.5684407, 12.9792513], [77.5685204, 12.9794131], [77.5685791, 12.9795269], [77.568665, 12.979672], [77.5687382, 12.9797735], [77.5688794, 12.9799791], [77.5690322, 12.9801916], [77.5691385, 12.9802972], [77.5690882, 12.9803435], [77.5689993, 12.9802593], [77.5690029, 12.980254], [77.5689207, 12.9800972], [77.5689045, 12.9801043], [77.5688883, 12.9801113], [77.5688184, 12.9800129], [77.5686067, 12.9796845], [77.5683855, 12.9797217], [77.5684409, 12.9800228], [77.5685463, 12.9804162], [77.5685093, 12.980424], [77.5685134, 12.9804409], [77.5685177, 12.9804593], [77.5685548, 12.9804513], [77.5686147, 12.980668], [77.5687583, 12.9810834], [77.5688171, 12.9811749], [77.5688434, 12.9811706], [77.568889, 12.981439], [77.5688136, 12.9814492], [77.568768, 12.9813091], [77.5687295, 12.9812114], [77.5687016, 12.9811405]]]}"
way/1199472537,yes,,Polygon,"{""type"": ""Polygon"", ""coordinates"": [[[77.5584844, 13.012072], [77.558363, 13.012017], [77.5584442, 13.0118467], [77.5584756, 13.0118609], [77.5585657, 13.0119017], [77.5584844, 13.012072]]]}"
way/1203856549,yes,,Polygon,"{""type"": ""Polygon"", ""coordinates"": [[[77.4997372, 13.0484426], [77.4996959, 13.048339], [77.4997106, 13.0483334], [77.4997373, 13.0483233], [77.4997291, 13.0483028], [77.4995875, 13.0483564], [77.4994725, 13.0480684], [77.5006984, 13.0476039], [77.5007861, 13.0478236], [77.500811, 13.0478859], [77.5005022, 13.0480029], [77.5005542, 13.0481332], [77.5003965, 13.0481929], [77.4997372, 13.0484426]]]}"
way/1205497361,yes,,Polygon,"{""type"": ""Polygon"", ""coordinates"": [[[77.5861422, 13.0960513], [77.5861432, 13.09576], [77.5863095, 13.0957606], [77.5863085, 13.0960518], [77.5861422, 13.0960513]]]}"
way/1209738954,no,,Polygon,"{""type"": ""Polygon"", ""coordinates"": [[[77.5898343, 12.9844431], [77.5898315, 12.9844623], [77.5898224, 12.9844796], [77.589808, 12.984493], [77.5897899, 12.9845009], [77.5897701, 12.9845026], [77.5897514, 12.9844981], [77.5897352, 12.984488], [77.5897231, 12.9844734], [77.5897165, 12.9844557], [77.589716, 12.984437], [77.5897217, 12.984419], [77.589733, 12.9844038], [77.5897487, 12.9843929], [77.5897671, 12.9843875], [77.5897863, 12.9843881], [77.5898049, 12.984395], [77.5898202, 12.9844075], [77.5898303, 12.9844241], [77.5898343, 12.9844431]]]}"
way/1212698890,yes,,Polygon,"{""type"": ""Polygon"", ""coordinates"": [[[77.5731888, 12.976884], [77.5727539, 12.9768906], [77.5727523, 12.9761321], [77.5728524, 12.9761554], [77.5730106, 12.9761494], [77.5731187, 12.9761138], [77.5731485, 12.9760979], [77.5731881, 12.9760705], [77.5731888, 12.976884]]]}"
way/1214088459,yes,,Polygon,"{""type"": ""Polygon"", ""coordinates"": [[[77.4608317, 12.8970807], [77.4609567, 12.8969416], [77.4611037, 12.8970671], [77.461149, 12.8970166], [77.46148, 12.8972992], [77.4614556, 12.8973263], [77.4614269, 12.8973583], [77.4619025, 12.8977643], [77.4617839, 12.8978962], [77.4613154, 12.8974963], [77.4612864, 12.8975286], [77.4612608, 12.8975571], [77.4609124, 12.8972597], [77.4609684, 12.8971974], [77.4608317, 12.8970807]]]}"
way/1217710834,yes,,Polygon,"{""type"": ""Polygon"", ""coordinates"": [[[77.5397805, 12.8952814], [77.539692, 12.8949831], [77.5398432, 12.8949405], [77.5399316, 12.8952389], [77.5397805, 12.8952814]]]}"
way/1217710843,yes,,Polygon,"{""type"": ""Polygon"", ""coordinates"": [[[77.5415635, 12.8944152], [77.5415542, 12.8943238], [77.541838, 12.8942505], [77.5418142, 12.8943675], [77.5417992, 12.8944415], [77.5417626, 12.8944374], [77.5415635, 12.8944152]]]}"
way/1219039457,yes,,Polygon,"{""type"": ""Polygon"", ""coordinates"": [[[77.5947846, 12.9427192], [77.5947444, 12.9426029], [77.5947471, 12.9420853], [77.5947511, 12.9420043], [77.5952728, 12.9422017], [77.5952714, 12.9425597], [77.5951762, 12.9426134], [77.5949281, 12.9427297], [77.5948665, 12.9427493], [77.5947846, 12.9427192]]]}"
way/1221684627,yes,,Polygon,"{""type"": ""Polygon"", ""coordinates"": [[[77.739331, 12.9704744], [77.7393116, 12.9703263], [77.7393747, 12.9703185], [77.7393891, 12.9704289], [77.7393669, 12.970431], [77.739355, 12.9704403], [77.7393524, 12.9704528], [77.7393544, 12.9704715], [77.739331, 12.9704744]]]}"
way/1223681698,yes,,Polygon,"{""type"": ""Polygon"", ""coordinates"": [[[77.6719394, 12.9292887], [77.6719413, 12.9289568], [77.6720972, 12.9289577], [77.6720953, 12.9292895], [77.6719394, 12.9292887]]]}"
way/1224941277,no,,Polygon,"{""type"": ""Polygon"", ""coordinates"": [[[77.519212, 12.9019081], [77.5193492, 12.901874], [77.519412, 12.9021139], [77.5192749, 12.9021481], [77.519212, 12.9019081]]]}"
way/1233501427,yes,,Polygon,"{""type"": ""Polygon"", ""coordinates"": [[[77.6686051, 12.9974054], [77.6686379, 12.9972296], [77.6688022, 12.9972518], [77.6687694, 12.9973505], [77.6689585, 12.9973819], [77.6689484, 12.9974433], [77.6686051, 12.9974054]]]}"
way/1233840453,yes,platform,Polygon,"{""type"": ""Polygon"", ""coordinates"": [[[77.5914787, 13.0977482], [77.5914778, 13.0976573], [77.5915045, 13.0976571], [77.5915054, 13.0977479], [77.5914787, 13.0977482]]]}"
way/1235866765,yes,,Polygon,"{""type"": ""Polygon"", ""coordinates"": [[[77.6242526, 12.9985102], [77.624033, 12.9983074], [77.6241367, 12.9982009], [77.6243562, 12.9984037], [77.6242526, 12.9985102]]]}"
way/1238794968,yes,,Polygon,"{""type"": ""Polygon"", ""coordinates"": [[[77.4758481, 12.9076393], [77.4759881, 12.9074335], [77.4765263, 12.9077814], [77.477061, 12.9081269], [77.476921, 12.9083328], [77.4763858, 12.9079868], [77.4758481, 12.9076393]]]}"
way/1238875652,yes,,Polygon,"{""type"": ""Polygon"", ""coordinates"": [[[77.5814119, 12.9786028], [77.5806367, 12.9774639], [77.5808036, 12.977356], [77.5809765, 12.9772443], [77.581054, 12.9771942], [77.5818292, 12.9783331], [77.5817564, 12.9783801], [77.5815836, 12.9784918], [77.5814119, 12.9786028]]]}"
way/1240080097,yes,,Polygon,"{""type"": ""Polygon"", ""coordinates"": [[[77.5801089, 12.9208744], [77.5803621, 12.920878], [77.5803609, 12.9209533], [77.5804076, 12.920954], [77.5804499, 12.9209546], [77.5804345, 12.9219289], [77.5803554, 12.9219277], [77.5803525, 12.9221151], [77.5801973, 12.9221127], [77.5800358, 12.9221103], [77.5800343, 12.9222019], [77.5800154, 12.9222016], [77.5799774, 12.922201], [77.5799788, 12.9221112], [77.5799917, 12.9207465], [77.5801073, 12.9207436], [77.580108, 12.9208072], [77.5801089, 12.9208744]]]}"
way/1240080098,yes,,Polygon,"{""type"": ""Polygon"", ""coordinates"": [[[77.5875682, 12.9173288], [77.5875558, 12.9168787], [77.5882013, 12.9168619], [77.5888181, 12.9168609], [77.5888358, 12.9172966], [77.5882227, 12.9173117], [77.5875682, 12.9173288]]]}"
way/1240080099,yes,,Polygon,"{""type"": ""Polygon"", ""coordinates"": [[[77.6074881, 12.9168063], [77.6074794, 12.9163814], [77.6082005, 12.9163673], [77.6087569, 12.9163565], [77.6087655, 12.9167815], [77.6082139, 12.9167922], [77.6074881, 12.9168063]]]}"
way/1240080100,yes,,Polygon,"{""type"": ""Polygon"", ""coordinates"": [[[77.6198241, 12.9164386], [77.6198866, 12.9162426], [77.6199464, 12.9162607], [77.6199601, 12.9162177], [77.6199649, 12.9162025], [77.6211169, 12.9165512], [77.6211082, 12.9165784], [77.6210985, 12.9166088], [77.6211321, 12.916619], [77.6210734, 12.9168033], [77.6210695, 12.9168156], [77.6198241, 12.9164386]]]}"
way/1240080101,yes,,Polygon,"{""type"": ""Polygon"", ""coordinates"": [[[77.6261933, 12.9113204], [77.6259296, 12.9111657], [77.6262659, 12.9106209], [77.6266002, 12.9100795], [77.6268639, 12.9102341], [77.6261933, 12.9113204]]]}"
way/1240080102,yes,,Polygon,"{""type"": ""Polygon"", ""coordinates"": [[[77.6315218, 12.9021342], [77.6318508, 12.9015986], [77.6321883, 12.9010494], [77.6324063, 12.9011767], [77.6317398, 12.9022614], [77.6315367, 12.9021429], [77.6315218, 12.9021342]]]}"
way/1240080103,yes,,Polygon,"{""type"": ""Polygon"", ""coordinates"": [[[77.6387075, 12.8903979], [77.6390457, 12.8898609], [77.6393862, 12.8893203], [77.639426, 12.8893442], [77.6396028, 12.8894499], [77.638924, 12.8905275], [77.6387075, 12.8903979]]]}"
way/1240080111,yes,,Polygon,"{""type"": ""Polygon"", ""coordinates"": [[[77.6444022, 12.8812113], [77.6447255, 12.8806709], [77.6450556, 12.8801189], [77.6452752, 12.8802437], [77.6446217, 12.8813361], [77.6444081, 12.8812146], [77.6444022, 12.8812113]]]}"
way/1240080112,yes,,Polygon,"{""type"": ""Polygon"", ""coordinates"": [[[77.6518779, 12.8711976], [77.6522862, 12.870684], [77.6526725, 12.870198], [77.6527176, 12.8702321], [77.6528734, 12.8703498], [77.6520788, 12.8713494], [77.6518779, 12.8711976]]]}"
way/1240080113,yes,,Polygon,"{""type"": ""Polygon"", ""coordinates"": [[[77.6573628, 12.8642578], [77.6577677, 12.8637636], [77.6581703, 12.8632719], [77.6582783, 12.863356], [77.6583079, 12.8633791], [77.6583285, 12.8633951], [77.6583679, 12.8634257], [77.6575604, 12.8644117], [77.6573628, 12.8642578]]]}"
way/1240080114,yes,,Polygon,"{""type"": ""Polygon"", ""coordinates"": [[[77.6630111, 12.8568756], [77.6634179, 12.8564021], [77.6638213, 12.8559325], [77.6639029, 12.8559991], [77.6640135, 12.8560894], [77.6632032, 12.8570325], [77.6630111, 12.8568756]]]}"
way/1240080120,yes,,Polygon,"{""type"": ""Polygon"", ""coordinates"": [[[77.6769876, 12.8395148], [77.6776642, 12.8386344], [77.6776888, 12.8386024], [77.6777097, 12.8385752], [77.6777714, 12.8384949], [77.6778606, 12.83856], [77.6778814, 12.8385753], [77.6779292, 12.8386102], [77.6779065, 12.8386399], [77.6778054, 12.8387715], [77.6771455, 12.8396302], [77.6769876, 12.8395148]]]}"
way/1240080121,yes,,Polygon,"{""type"": ""Polygon"", ""coordinates"": [[[77.6877379, 12.8197204], [77.6878183, 12.8196356], [77.6881719, 12.819263], [77.6883893, 12.8190338], [77.6886175, 12.8187934], [77.6888136, 12.8189703], [77.687934, 12.8198973], [77.6877379, 12.8197204]]]}"
way/1240080122,yes,,Polygon,"{""type"": ""Polygon"", ""coordinates"": [[[77.6818451, 12.8298825], [77.6818371, 12.8295778], [77.6819445, 12.8295751], [77.6819441, 12.8295582], [77.6820235, 12.8295562], [77.682023, 12.8295359], [77.6821026, 12.8295339], [77.6821019, 12.8295045], [77.6821763, 12.8295026], [77.6821755, 12.8294719], [77.6825119, 12.8294634], [77.682518, 12.8296931], [77.6826015, 12.829691], [77.6826036, 12.8297713], [77.6821092, 12.8297838], [77.6821108, 12.8298433], [77.6819517, 12.8298473], [77.6819526, 12.8298798], [77.6818451, 12.8298825]]]}"
way/1240080123,yes,,Polygon,"{""type"": ""Polygon"", ""coordinates"": [[[77.6810071, 12.8295381], [77.6812025, 12.8289182], [77.6813876, 12.8283311], [77.681643, 12.8284076], [77.6812624, 12.8296147], [77.6810071, 12.8295381]]]}"
way/1240092408,yes,,Polygon,"{""type"": ""Polygon"", ""coordinates"": [[[77.4938045, 13.0504624], [77.4937283, 13.0502694], [77.4949624, 13.0498071], [77.4950385, 13.0500001], [77.4938045, 13.0504624]]]}"
way/1240092409,yes,,Polygon,"{""type"": ""Polygon"", ""coordinates"": [[[77.472378, 13.0577464], [77.4723441, 13.0576091], [77.4723274, 13.0575415], [77.4735341, 13.0572587], [77.4735487, 13.0573178], [77.4735848, 13.0574636], [77.472378, 13.0577464]]]}"
way/1240092410,yes,,Polygon,"{""type"": ""Polygon"", ""coordinates"": [[[77.4873147, 13.0527292], [77.4872312, 13.0525113], [77.4884639, 13.0520632], [77.4885474, 13.0522811], [77.4873147, 13.0527292]]]}"
way/1241266337,yes,,Polygon,"{""type"": ""Polygon"", ""coordinates"": [[[77.6496233, 13.0704995], [77.649535, 13.0702993], [77.6496302, 13.0702595], [77.6497185, 13.0704597], [77.6496233, 13.0704995]]]}"
way/1241266338,yes,,Polygon,"{""type"": ""Polygon"", ""coordinates"": [[[77.6497478, 13.070448], [77.6496595, 13.0702478], [77.6497547, 13.0702079], [77.649843, 13.0704081], [77.6497478, 13.070448]]]}"
way/1244608278,yes,,Polygon,"{""type"": ""Polygon"", ""coordinates"": [[[77.5118132, 13.043634], [77.5117474, 13.0434436], [77.5129115, 13.043062], [77.5129769, 13.0432513], [77.5128818, 13.0432825], [77.5129223, 13.0433996], [77.5120973, 13.0436701], [77.5120573, 13.0435534], [77.5118132, 13.043634]]]}"
way/1244608279,yes,,Polygon,"{""type"": ""Polygon"", ""coordinates"": [[[77.5193475, 13.0398873], [77.5191773, 13.0395888], [77.5202998, 13.0389813], [77.52047, 13.0392798], [77.5193475, 13.0398873]]]}"
way/1252509972,yes,,Polygon,"{""type"": ""Polygon"", ""coordinates"": [[[77.7114631, 12.9875839], [77.7114595, 12.987464], [77.7115728, 12.9874613], [77.7115728, 12.9875839], [77.7114631, 12.9875839]]]}"
way/1252516688,yes,,Polygon,"{""type"": ""Polygon"", ""coordinates"": [[[77.7120805, 12.98781], [77.7120805, 12.9877383], [77.7121532, 12.98774], [77.7121497, 12.9878109], [77.7120805, 12.98781]]]}"
way/1252538848,yes,,Polygon,"{""type"": ""Polygon"", ""coordinates"": [[[77.5531604, 13.0091778], [77.5531763, 13.0091429], [77.5533916, 13.0092167], [77.5533757, 13.0092555], [77.5531604, 13.0091778]]]}"
way/1255316364,yes,,Polygon,"{""type"": ""Polygon"", ""coordinates"": [[[77.4353997, 12.9198699], [77.4354516, 12.9198746], [77.435502, 12.9198876], [77.4355494, 12.9199086], [77.4355926, 12.9199369], [77.4356304, 12.9199719], [77.4356587, 12.9200079], [77.4356812, 12.9200476], [77.4356973, 12.9200901], [77.4357069, 12.9201345], [77.4357095, 12.9201797], [77.4356721, 12.920281], [77.4355758, 12.9202878], [77.435586, 12.9204297], [77.4355314, 12.92043], [77.4355299, 12.9203815], [77.4354406, 12.9203875], [77.4354128, 12.9203238], [77.4353942, 12.9202715], [77.435335, 12.9201482], [77.4352927, 12.9200556], [77.4353153, 12.9200255], [77.4353984, 12.9199745], [77.4353997, 12.9198699]]]}"
way/1258918118,yes,,Polygon,"{""type"": ""Polygon"", ""coordinates"": [[[77.6410253, 12.9277925], [77.6410248, 12.9275738], [77.6411815, 12.9275735], [77.641182, 12.9277922], [77.6410253, 12.9277925]]]}"
way/1262435451,yes,,Polygon,"{""type"": ""Polygon"", ""coordinates"": [[[77.6202107, 13.0358828], [77.6202005, 13.0355992], [77.6203299, 13.0355943], [77.6203435, 13.0358745], [77.6202107, 13.0358828]]]}"
way/1262436364,yes,,Polygon,"{""type"": ""Polygon"", ""coordinates"": [[[77.6191435, 13.0377814], [77.6190786, 13.0374897], [77.6195178, 13.0374386], [77.6195503, 13.0377231], [77.6191435, 13.0377814]]]}"
way/1265835943,no,,Polygon,"{""type"": ""Polygon"", ""coordinates"": [[[77.6188214, 12.9046292], [77.6186485, 12.9039973], [77.6192674, 12.9038364], [77.6194403, 12.9044683], [77.6188214, 12.9046292]]]}"
way/1274696715,yes,,Polygon,"{""type"": ""Polygon"", ""coordinates"": [[[77.7439342, 12.9295531], [77.7434434, 12.9291597], [77.7434656, 12.9291334], [77.7435395, 12.9290459], [77.7440303, 12.9294393], [77.7439342, 12.9295531]]]}"
way/1278838213,yes,,Polygon,"{""type"": ""Polygon"", ""coordinates"": [[[77.737436, 12.9706355], [77.7373309, 12.970302], [77.7373082, 12.9702301], [77.7374511, 12.9701837], [77.7374753, 12.9702559], [77.7375876, 12.9705912], [77.737436, 12.9706355]]]}"
way/1278840883,yes,,Polygon,"{""type"": ""Polygon"", ""coordinates"": [[[77.7188986, 12.9897892], [77.718818, 12.9894153], [77.7189926, 12.9893822], [77.7190599, 12.9897156], [77.7190678, 12.9897545], [77.7188986, 12.9897892]]]}"
way/1278852356,yes,,Polygon,"{""type"": ""Polygon"", ""coordinates"": [[[77.737436, 12.9706355], [77.7373309, 12.970302], [77.7374753, 12.9702559], [77.7375876, 12.9705912], [77.737436, 12.9706355]]]}"
way/1284192697,yes,pedestrian,Polygon,"{""type"": ""Polygon"", ""coordinates"": [[[77.5917363, 13.0702634], [77.5917517, 13.0702275], [77.591857, 13.0701902], [77.5918966, 13.070183], [77.5919053, 13.0701164], [77.5919978, 13.0700968], [77.5920428, 13.0701282], [77.5921313, 13.0701334], [77.5922178, 13.0702007], [77.5922272, 13.0702353], [77.592205, 13.0703921], [77.592429, 13.0705554], [77.5924578, 13.0706977], [77.5919992, 13.0708134], [77.591904, 13.0704861], [77.5918067, 13.0705116], [77.5917363, 13.0702634]]]}"
way/1287042047,yes,,Polygon,"{""type"": ""Polygon"", ""coordinates"": [[[77.566549, 13.1248031], [77.5664925, 13.1245765], [77.5665946, 13.1245524], [77.5666511, 13.124779], [77.566549, 13.1248031]]]}"
way/1293926345,no,,Polygon,"{""type"": ""Polygon"", ""coordinates"": [[[77.610511, 12.9802661], [77.6102267, 12.9793957], [77.6112406, 12.9790376], [77.6115329, 12.9799184], [77.610511, 12.9802661]]]}"
way/1306546619,yes,,Polygon,"{""type"": ""Polygon"", ""coordinates"": [[[77.4352924, 12.9191471], [77.4357646, 12.9191471], [77.4357737, 12.9198049], [77.435305, 12.919812], [77.4352924, 12.9191471]]]}"
way/1311435630,yes,,Polygon,"{""type"": ""Polygon"", ""coordinates"": [[[77.7045928, 12.8315529], [77.7042835, 12.8317037], [77.704192, 12.8315446], [77.7044985, 12.8313773], [77.7045928, 12.8315529]]]}"
way/1313945039,yes,,Polygon,"{""type"": ""Polygon"", ""coordinates"": [[[77.7958372, 12.8634662], [77.7958335, 12.8634569], [77.7958148, 12.8634094], [77.7959433, 12.8633607], [77.7959639, 12.8634209], [77.7958372, 12.8634662]]]}"
way/1315363481,yes,,Polygon,"{""type"": ""Polygon"", ""coordinates"": [[[77.5408835, 12.8567191], [77.5407886, 12.8564952], [77.5408356, 12.8564753], [77.5409294, 12.8566934], [77.5408835, 12.8567191]]]}"
way/1319188526,no,,Polygon,"{""type"": ""Polygon"", ""coordinates"": [[[77.5600299, 13.0165962], [77.5600366, 13.0160978], [77.5608587, 13.0161082], [77.560852, 13.0166066], [77.5600299, 13.0165962]]]}"
way/1323088695,yes,,Polygon,"{""type"": ""Polygon"", ""coordinates"": [[[77.7513426, 12.9373556], [77.7513193, 12.9372997], [77.7513702, 12.9372796], [77.7513761, 12.9372937], [77.7514597, 12.9372607], [77.7514771, 12.9373025], [77.7513426, 12.9373556]]]}"
way/1323088712,yes,,Polygon,"{""type"": ""Polygon"", ""coordinates"": [[[77.7510239, 12.9369284], [77.7510699, 12.9369269], [77.7510731, 12.9370188], [77.7510271, 12.9370203], [77.7510239, 12.9369284]]]}"
way/1352304537,yes,,Polygon,"{""type"": ""Polygon"", ""coordinates"": [[[77.5696468, 12.8956313], [77.5696715, 12.8956104], [77.5704961, 12.8965404], [77.5704713, 12.8965613], [77.5696468, 12.8956313]]]}"
way/1352304538,yes,,Polygon,"{""type"": ""Polygon"", ""coordinates"": [[[77.56974, 12.8955528], [77.5697647, 12.8955319], [77.5705893, 12.896462], [77.5705645, 12.8964828], [77.56974, 12.8955528]]]}"
way/1352306006,yes,,Polygon,"{""type"": ""Polygon"", ""coordinates"": [[[77.5799804, 12.9469105], [77.5799477, 12.9469102], [77.5799581, 12.9456813], [77.5799908, 12.9456816], [77.5799804, 12.9469105]]]}"
way/1352306007,yes,,Polygon,"{""type"": ""Polygon"", ""coordinates"": [[[77.5800778, 12.9469112], [77.580045, 12.9469109], [77.5800554, 12.945682], [77.5800881, 12.9456822], [77.5800778, 12.9469112]]]}"
way/1352306008,yes,,Polygon,"{""type"": ""Polygon"", ""coordinates"": [[[77.58002, 12.9388999], [77.5799872, 12.9388996], [77.5799976, 12.9376706], [77.5800304, 12.9376709], [77.58002, 12.9388999]]]}"
way/1352306009,yes,,Polygon,"{""type"": ""Polygon"", ""coordinates"": [[[77.5801173, 12.9389005], [77.5800846, 12.9389003], [77.580095, 12.9376713], [77.5801277, 12.9376716], [77.5801173, 12.9389005]]]}"
way/1353602998,no,,Polygon,"{""type"": ""Polygon"", ""coordinates"": [[[77.5357818, 13.0310663], [77.535764, 13.031037], [77.5358546, 13.0309843], [77.5358716, 13.0310089], [77.5357818, 13.0310663]]]}"
way/1353603008,no,,Polygon,"{""type"": ""Polygon"", ""coordinates"": [[[77.5362813, 13.0307162], [77.5362696, 13.0306958], [77.5364654, 13.0305893], [77.5364771, 13.0306097], [77.5362813, 13.0307162]]]}"
way/1353687281,yes,,Polygon,"{""type"": ""Polygon"", ""coordinates"": [[[77.5411209, 13.028488], [77.5410379, 13.028532], [77.5410193, 13.0285014], [77.5410106, 13.0284871], [77.5410912, 13.0284392], [77.5411005, 13.0284545], [77.5411129, 13.0284748], [77.541117, 13.0284816], [77.5411209, 13.028488]]]}"
way/1353687282,yes,,Polygon,"{""type"": ""Polygon"", ""coordinates"": [[[77.5405234, 13.0283113], [77.5405849, 13.0282741], [77.5406018, 13.0283019], [77.5406244, 13.028339], [77.5406351, 13.0283565], [77.5405733, 13.0283933], [77.5405617, 13.0283743], [77.5405395, 13.0283377], [77.5405234, 13.0283113]]]}"
way/1353687283,yes,,Polygon,"{""type"": ""Polygon"", ""coordinates"": [[[77.540757, 13.0281945], [77.5408152, 13.028163], [77.5408465, 13.028214], [77.5408557, 13.0282292], [77.5407984, 13.0282622], [77.5407888, 13.0282465], [77.540757, 13.0281945]]]}"
way/1353687284,yes,,Polygon,"{""type"": ""Polygon"", ""coordinates"": [[[77.5410289, 13.0281282], [77.5409683, 13.0281641], [77.5409599, 13.0281502], [77.5409138, 13.0280745], [77.5409745, 13.0280387], [77.5410213, 13.0281156], [77.5410289, 13.0281282]]]}"
way/1353687285,yes,,Polygon,"{""type"": ""Polygon"", ""coordinates"": [[[77.5409745, 13.0280387], [77.5409138, 13.0280745], [77.5408943, 13.0280857], [77.5408577, 13.0280254], [77.5411351, 13.0278653], [77.5411532, 13.0278951], [77.5411714, 13.027925], [77.5409745, 13.0280387]]]}"
way/1353724861,yes,,Polygon,"{""type"": ""Polygon"", ""coordinates"": [[[77.5410379, 13.028532], [77.5411209, 13.028488], [77.541138, 13.0284782], [77.5414257, 13.0283121], [77.5414316, 13.0283218], [77.5414416, 13.0283383], [77.5414604, 13.0283691], [77.5410744, 13.028592], [77.5410379, 13.028532]]]}"
way/1353724863,yes,,Polygon,"{""type"": ""Polygon"", ""coordinates"": [[[77.5405849, 13.0282741], [77.5405234, 13.0283113], [77.5404782, 13.0283374], [77.5403291, 13.0284235], [77.5403086, 13.0283897], [77.5402858, 13.0283522], [77.5405423, 13.0282041], [77.5405849, 13.0282741]]]}"
way/1354573716,yes,,Polygon,"{""type"": ""Polygon"", ""coordinates"": [[[77.6067072, 12.9754359], [77.6066616, 12.9752593], [77.6066829, 12.9752542], [77.6067624, 12.9752349], [77.6068079, 12.9754113], [77.6067072, 12.9754359]]]}"
way/1359003857,yes,,Polygon,"{""type"": ""Polygon"", ""coordinates"": [[[77.7508463, 12.9370418], [77.7508425, 12.9369631], [77.7508933, 12.9369608], [77.7508971, 12.9370395], [77.7508463, 12.9370418]]]}"
way/1359003872,yes,,Polygon,"{""type"": ""Polygon"", ""coordinates"": [[[77.7508261, 12.9369121], [77.7508202, 12.9368387], [77.7508489, 12.9368365], [77.7508549, 12.9369098], [77.7508261, 12.9369121]]]}"
way/1370768535,yes,,Polygon,"{""type"": ""Polygon"", ""coordinates"": [[[77.7613536, 13.0232099], [77.7613731, 13.0230848], [77.7614643, 13.0230948], [77.7614503, 13.0232156], [77.7613536, 13.0232099]]]}"
way/1370768536,yes,,Polygon,"{""type"": ""Polygon"", ""coordinates"": [[[77.7612491, 13.0233181], [77.761261, 13.0232609], [77.7613435, 13.0232733], [77.7613354, 13.0233306], [77.7612491, 13.0233181]]]}"
way/1370770538,yes,,Polygon,"{""type"": ""Polygon"", ""coordinates"": [[[77.7593468, 13.0210037], [77.7593707, 13.0207162], [77.7595152, 13.0207276], [77.7594914, 13.021015], [77.7593468, 13.0210037]]]}"
way/1370770539,yes,,Polygon,"{""type"": ""Polygon"", ""coordinates"": [[[77.7595288, 13.0208701], [77.7596481, 13.0207345], [77.7596989, 13.0207409], [77.7597077, 13.0207797], [77.7595906, 13.020911], [77.7595332, 13.0209153], [77.7595288, 13.0208701]]]}"
way/1410852309,no,platform,Polygon,"{""type"": ""Polygon"", ""coordinates"": [[[77.7522188, 12.982552], [77.7522072, 12.982485], [77.7522216, 12.9824826], [77.7522332, 12.9825497], [77.7522188, 12.982552]]]}"
way/1410852310,no,bus_stop,Polygon,"{""type"": ""Polygon"", ""coordinates"": [[[77.7521936, 12.982411], [77.7521825, 12.9823416], [77.752198, 12.9823393], [77.7522091, 12.9824087], [77.7521936, 12.982411]]]}"
way/1414118494,yes,,Polygon,"{""type"": ""Polygon"", ""coordinates"": [[[77.5993095, 12.9929578], [77.5992773, 12.992869], [77.6004776, 12.9924116], [77.6006995, 12.9923212], [77.6009244, 12.9922384], [77.6011522, 12.9921633], [77.6013658, 12.9921007], [77.6015813, 12.9920449], [77.6017986, 12.991996], [77.601955, 12.9919704], [77.6021124, 12.9919518], [77.6022705, 12.9919403], [77.6024289, 12.9919359], [77.6026037, 12.9919393], [77.602778, 12.9919514], [77.6029515, 12.9919721], [77.6031236, 12.9920013], [77.6032485, 12.9920266], [77.6033719, 12.9920582], [77.6034935, 12.9920959], [77.6036129, 12.9921397], [77.6037298, 12.9921894], [77.6038549, 12.9922507], [77.6039761, 12.9923187], [77.6040933, 12.9923934], [77.6042059, 12.9924743], [77.6041684, 12.992507], [77.6036507, 12.9922273], [77.6034966, 12.9921782], [77.6033403, 12.992136], [77.6031823, 12.9921006], [77.6030228, 12.9920723], [77.6028621, 12.9920509], [77.6027056, 12.992037], [77.6025485, 12.9920298], [77.6023913, 12.9920293], [77.6022342, 12.9920354], [77.6020776, 12.9920483], [77.6018308, 12.9920954], [77.6016102, 12.9921429], [77.6013915, 12.9921983], [77.601175, 12.9922613], [77.6009533, 12.9923347], [77.6007346, 12.9924162], [77.6005192, 12.9925057], [77.5993095, 12.9929578]]]}"
way/1414118495,yes,,Polygon,"{""type"": ""Polygon"", ""coordinates"": [[[77.5993471, 12.9931225], [77.5993176, 12.9930598], [77.6005501, 12.9925841], [77.6007614, 12.9924981], [77.6009756, 12.9924192], [77.6011924, 12.9923476], [77.6014218, 12.9922804], [77.6016534, 12.9922214], [77.6018871, 12.9921705], [77.6020319, 12.992143], [77.6021782, 12.9921241], [77.6023063, 12.9921148], [77.6024347, 12.9921122], [77.6025631, 12.9921163], [77.6027163, 12.992127], [77.6028688, 12.992145], [77.6030202, 12.9921702], [77.6031701, 12.9922026], [77.6033183, 12.9922422], [77.6034643, 12.9922888], [77.6036134, 12.9923445], [77.6037594, 12.9924076], [77.6039019, 12.9924778], [77.6040406, 12.992555], [77.6041751, 12.992639], [77.6041348, 12.9927187], [77.6040335, 12.9926564], [77.6039297, 12.992598], [77.6038237, 12.9925436], [77.6037031, 12.9924878], [77.6035801, 12.9924373], [77.6034549, 12.992392], [77.6033092, 12.9923491], [77.6031617, 12.9923129], [77.6030125, 12.9922833], [77.6028622, 12.9922604], [77.6027109, 12.9922444], [77.602559, 12.9922352], [77.6023962, 12.9922329], [77.6022335, 12.9922385], [77.6020713, 12.9922519], [77.6019099, 12.9922731], [77.601687, 12.9923145], [77.601466, 12.9923651], [77.6012474, 12.9924247], [77.6010781, 12.9924775], [77.6009107, 12.9925358], [77.6007454, 12.9925995], [77.6005822, 12.9926684], [77.5993471, 12.9931225]]]}"
way/1420759760,yes,,Polygon,"{""type"": ""Polygon"", ""coordinates"": [[[77.7041942, 12.8258503], [77.7041743, 12.8258455], [77.7041492, 12.8258361], [77.7041189, 12.825823], [77.7040996, 12.8258123], [77.7040726, 12.8257935], [77.7040598, 12.8257847], [77.7040347, 12.8257628], [77.7040244, 12.8257515], [77.7040083, 12.8257295], [77.70398, 12.8256887], [77.7039736, 12.8256749], [77.7039697, 12.8256605], [77.7039658, 12.8256423], [77.7039658, 12.8256135], [77.7039716, 12.8255903], [77.7039787, 12.8255677], [77.7039935, 12.8255476], [77.7040109, 12.8255282], [77.7040302, 12.8255113], [77.704063, 12.8254924], [77.7040971, 12.8254811], [77.7041183, 12.8254749], [77.7041511, 12.8254717], [77.7041897, 12.8254711], [77.7042212, 12.8254749], [77.704254, 12.8254793], [77.7042913, 12.8254893], [77.7043196, 12.8255006], [77.7043511, 12.8255144], [77.7043897, 12.8255395], [77.7044428, 12.8255878], [77.7044605, 12.8256122], [77.7044811, 12.8256474], [77.7044862, 12.8256718], [77.704486, 12.8256961], [77.7044817, 12.8257182], [77.7044708, 12.8257577], [77.7044586, 12.8257847], [77.7044361, 12.8258198], [77.7043994, 12.8258512], [77.7043627, 12.8258612], [77.7043235, 12.8258658], [77.7042778, 12.8258656], [77.7042257, 12.8258596], [77.7041942, 12.8258503]]]}"
way/1420759767,yes,,Polygon,"{""type"": ""Polygon"", ""coordinates"": [[[77.7043549, 12.8258751], [77.704305, 12.825879], [77.704263, 12.8258773], [77.7042142, 12.825868], [77.7041641, 12.8258562], [77.7040954, 12.8258263], [77.7040404, 12.8257878], [77.7040119, 12.8257569], [77.7039878, 12.8257259], [77.7039674, 12.8256894], [77.703956, 12.8256601], [77.7039521, 12.8256247], [77.7039571, 12.8255926], [77.7039767, 12.8255534], [77.704004, 12.8255191], [77.7040272, 12.8254978], [77.7040543, 12.8254842], [77.7040872, 12.8254695], [77.7041447, 12.8254548], [77.7042084, 12.8254559], [77.7042978, 12.8254755], [77.7043564, 12.8255027], [77.7044206, 12.8255458], [77.7044681, 12.8255994], [77.7044915, 12.825647], [77.7044974, 12.8256976], [77.7044881, 12.8257428], [77.7044614, 12.8258006], [77.704429, 12.8258365], [77.7043949, 12.8258605], [77.7043549, 12.8258751]]]}"
way/1421496122,yes,,Polygon,"{""type"": ""Polygon"", ""coordinates"": [[[77.6660528, 12.8290061], [77.6660426, 12.828905], [77.6664664, 12.8288941], [77.6664654, 12.8289942], [77.6664023, 12.828996], [77.6661421, 12.8290035], [77.6660528, 12.8290061]]]}"
way/1421496123,yes,,Polygon,"{""type"": ""Polygon"", ""coordinates"": [[[77.6661381, 12.8290824], [77.6661421, 12.8290035], [77.6664023, 12.828996], [77.6664014, 12.8290239], [77.6661381, 12.8290824]]]}"
way/1428082958,yes,,Polygon,"{""type"": ""Polygon"", ""coordinates"": [[[77.7171954, 12.950413], [77.7172268, 12.9501962], [77.717315, 12.9502083], [77.7172836, 12.9504251], [77.7171954, 12.950413]]]}"
way/1428082959,yes,,Polygon,"{""type"": ""Polygon"", ""coordinates"": [[[77.7172469, 12.9501455], [77.7172662, 12.9500467], [77.7173301, 12.9500585], [77.7173107, 12.9501573], [77.7172469, 12.9501455]]]}"
way/1435606704,no,,Polygon,"{""type"": ""Polygon"", ""coordinates"": [[[77.7532622, 12.8920932], [77.7532611, 12.8920518], [77.753317, 12.8920504], [77.7533181, 12.8920918], [77.7532622, 12.8920932]]]}"
way/1435606708,no,,Polygon,"{""type"": ""Polygon"", ""coordinates"": [[[77.7514395, 12.8928204], [77.7514459, 12.8927177], [77.7514138, 12.8926922], [77.7514136, 12.8926622], [77.7514361, 12.8926317], [77.7514733, 12.8926301], [77.7515067, 12.8926471], [77.7515086, 12.8926824], [77.7516089, 12.8927039], [77.751598, 12.8927522], [77.751563, 12.8927927], [77.7515157, 12.8928248], [77.7514395, 12.8928204]]]}"
way/1443880164,yes,,Polygon,"{""type"": ""Polygon"", ""coordinates"": [[[77.7046836, 12.8267603], [77.7046561, 12.8265872], [77.7047681, 12.8265702], [77.7047957, 12.8267434], [77.7046836, 12.8267603]]]}"
way/1456534629,yes,pedestrian,Polygon,"{""type"": ""Polygon"", ""coordinates"": [[[77.64073, 12.9788125], [77.6407239, 12.978854], [77.6407194, 12.9788841], [77.6406578, 12.9787999], [77.6405881, 12.9787178], [77.640513, 12.9786405], [77.6404582, 12.9785935], [77.6404003, 12.9785503], [77.6403363, 12.9785092], [77.6402695, 12.9784727], [77.6403538, 12.9784752], [77.6404168, 12.978477], [77.6405673, 12.9786177], [77.6406544, 12.9787332], [77.64069, 12.9787345], [77.64069, 12.9787855], [77.64073, 12.9788125]]]}"
way/1456909293,yes,,Polygon,"{""type"": ""Polygon"", ""coordinates"": [[[77.6016529, 12.9924442], [77.6014091, 12.9925163], [77.6011666, 12.9925926], [77.6009256, 12.992673], [77.6005988, 12.9927894], [77.6002749, 12.9929134], [77.5999542, 12.9930449], [77.5996368, 12.9931839], [77.5993244, 12.9933297], [77.5992915, 12.9932544], [77.6002324, 12.9928775], [77.6009348, 12.9926042], [77.601503, 12.992429], [77.6017692, 12.9923753], [77.6020593, 12.9923449], [77.6024596, 12.9923239], [77.6027497, 12.9923449], [77.6031597, 12.992415], [77.6031597, 12.9924535], [77.6027581, 12.9923788], [77.6024656, 12.9923589], [77.6020928, 12.9923799], [77.6019154, 12.9923974], [77.6016529, 12.9924442]]]}"
way/1457751111,yes,,Polygon,"{""type"": ""Polygon"", ""coordinates"": [[[77.5423969, 12.8600427], [77.5423969, 12.8600059], [77.5425198, 12.860007], [77.5425187, 12.8600435], [77.5423969, 12.8600427]]]}"
way/1458704762,yes,,Polygon,"{""type"": ""Polygon"", ""coordinates"": [[[77.7051788, 12.8263547], [77.7051674, 12.8263658], [77.7051329, 12.8263398], [77.7051257, 12.8262655], [77.7051385, 12.826254], [77.705172, 12.8262802], [77.7051788, 12.8263547]]]}"
way/1458913670,yes,,Polygon,"{""type"": ""Polygon"", ""coordinates"": [[[77.5993944, 12.9164498], [77.5996527, 12.9164442], [77.5996504, 12.916339], [77.5996862, 12.9163382], [77.5996801, 12.9160675], [77.5999144, 12.9160625], [77.6002508, 12.9160552], [77.6002597, 12.9164473], [77.6005251, 12.9164416], [77.6005286, 12.9165932], [77.6006319, 12.916591], [77.6006371, 12.9168229], [77.6004811, 12.9168263], [77.600484, 12.9169536], [77.6002645, 12.9169583], [77.6002729, 12.917326], [77.6000244, 12.9173314], [77.5999324, 12.9173334], [77.5997078, 12.9173382], [77.5996998, 12.9169889], [77.5993454, 12.9169965], [77.5993368, 12.9166193], [77.5993982, 12.916618], [77.5993944, 12.9164498]]]}"
way/1460212275,no,,Polygon,"{""type"": ""Polygon"", ""coordinates"": [[[77.6398947, 12.9614643], [77.6398475, 12.9613361], [77.6399162, 12.9613121], [77.6399633, 12.9614403], [77.6398947, 12.9614643]]]}"
way/1468763679,yes,,Polygon,"{""type"": ""Polygon"", ""coordinates"": [[[77.7051525, 12.8259885], [77.7051474, 12.8259424], [77.7052326, 12.8259332], [77.7052362, 12.8259793], [77.705226, 12.8259793], [77.7052246, 12.8259466], [77.7051583, 12.825953], [77.7051612, 12.8259878], [77.7051525, 12.8259885]]]}"
way/1492048421,no,,Polygon,"{""type"": ""Polygon"", ""coordinates"": [[[77.6004916, 13.1046168], [77.6004578, 13.1045601], [77.6004753, 13.1045502], [77.6005091, 13.1046069], [77.6004916, 13.1046168]]]}"
way/1492048423,no,,Polygon,"{""type"": ""Polygon"", ""coordinates"": [[[77.6009845, 13.1041301], [77.6009496, 13.1041434], [77.6009211, 13.1040722], [77.6009561, 13.104059], [77.6009845, 13.1041301]]]}"
way/4354952,no,footway,LineString,"{""type"": ""LineString"", ""coordinates"": [[77.6198633, 12.9770827], [77.6198595, 12.9772673], [77.6198141, 12.9775369], [77.619617, 12.9780169], [77.6183513, 12.9799593], [77.618033, 12.9804504], [77.6177677, 12.9807126], [77.6175138, 12.9808566], [77.6171083, 12.9809453], [77.616646, 12.981045], [77.6164414, 12.9811114], [77.6162898, 12.9811742], [77.6161155, 12.9813588], [77.616058, 12.9814855], [77.6158354, 12.9817024], [77.6157817, 12.9819167], [77.6159828, 12.9826476], [77.6160178, 12.9827583], [77.6161411, 12.9828995], [77.6167473, 12.9832262], [77.6171389, 12.9834718], [77.6172677, 12.9835424], [77.61823, 12.9845641], [77.6187454, 12.9850958], [77.6191244, 12.9855168], [77.6194957, 12.9861224], [77.61959, 12.9862755], [77.619689, 12.9864362], [77.619727, 12.986457], [77.6197836, 12.986488], [77.6199594, 12.9868162], [77.6201645, 12.9871989], [77.6202557, 12.987272], [77.6204246, 12.9872668], [77.6218918, 12.9874681]]}"
way/8681388,yes,primary,LineString,"{""type"": ""LineString"", ""coordinates"": [[77.6175664, 12.9653451], [77.6169293, 12.9655743], [77.6165674, 12.965692], [77.6156332, 12.9659949], [77.6155015, 12.9660376], [77.6151964, 12.9661396], [77.6150933, 12.966174], [77.6150351, 12.9661942], [77.6147441, 12.9662804], [77.6145906, 12.9663259], [77.614359, 12.966388], [77.6142217, 12.9664257], [77.6141794, 12.9664386], [77.6141736, 12.9664404], [77.6139808, 12.966487], [77.6139217, 12.9665022]]}"
way/22562303,yes,primary,LineString,"{""type"": ""LineString"", ""coordinates"": [[77.590526, 12.9517089], [77.5905746, 12.9518378], [77.5910327, 12.9530502]]}"
way/22893740,yes,primary,LineString,"{""type"": ""LineString"", ""coordinates"": [[77.5876058, 12.9678226], [77.5877101, 12.967806], [77.587877, 12.9677969], [77.5881163, 12.967784], [77.5882547, 12.967776]]}"
way/23029251,yes,tertiary,LineString,"{""type"": ""LineString"", ""coordinates"": [[77.6010377, 12.9653935], [77.6010473, 12.9653336], [77.6010347, 12.9651392], [77.6009988, 12.9645836], [77.6009974, 12.9645621], [77.6009942, 12.9642955], [77.6009995, 12.9640834], [77.601027, 12.9637985], [77.6010543, 12.9637198], [77.6010632, 12.9636941]]}"
way/23029256,yes,footway,LineString,"{""type"": ""LineString"", ""coordinates"": [[77.6017352, 12.9630488], [77.6017461, 12.9630952], [77.6017483, 12.9631044], [77.6017689, 12.9631915], [77.6017284, 12.9632514], [77.6017454, 12.9634321]]}"
way/23029257,yes,footway,LineString,"{""type"": ""LineString"", ""coordinates"": [[77.601692, 12.963605], [77.6016688, 12.9635856], [77.6016531, 12.9635601], [77.6016464, 12.963531], [77.6016498, 12.9635002], [77.6016633, 12.9634722], [77.6016855, 12.9634501], [77.6017139, 12.9634362], [77.6017454, 12.9634321], [77.6017723, 12.9634369], [77.6017967, 12.9634488], [77.6018166, 12.9634669], [77.6018305, 12.9634898], [77.6018372, 12.9635156], [77.6018356, 12.963545], [77.6018247, 12.9635724], [77.6018055, 12.9635952], [77.60178, 12.963611], [77.6017507, 12.9636183], [77.6017203, 12.9636163], [77.601692, 12.963605]]}"
way/23029258,yes,footway,LineString,"{""type"": ""LineString"", ""coordinates"": [[77.6018372, 12.9635156], [77.6019841, 12.9635037], [77.6021967, 12.96348]]}"
way/23029259,yes,footway,LineString,"{""type"": ""LineString"", ""coordinates"": [[77.6017507, 12.9636183], [77.601754, 12.963737], [77.6018047, 12.9639305]]}"
way/23029260,yes,footway,LineString,"{""type"": ""LineString"", ""coordinates"": [[77.6016464, 12.963531], [77.6014845, 12.9635297], [77.6012091, 12.9635924], [77.6012005, 12.9635919]]}"
way/23029261,yes,footway,LineString,"{""type"": ""LineString"", ""coordinates"": [[77.6014845, 12.9635297], [77.601498, 12.9634252], [77.6015456, 12.9633351], [77.6016173, 12.9632765], [77.6017284, 12.9632514], [77.6018106, 12.9632593], [77.6019023, 12.9633141], [77.6019598, 12.9633969], [77.6019841, 12.9635037], [77.6019693, 12.9635609], [77.6019244, 12.9636465], [77.6018549, 12.9636991], [77.601754, 12.963737], [77.6016599, 12.963726], [77.6015524, 12.9636571], [77.6015067, 12.9635846], [77.6014845, 12.9635297]]}"
way/23029262,yes,footway,LineString,"{""type"": ""LineString"", ""coordinates"": [[77.6012091, 12.9635924], [77.6013773, 12.963258], [77.6017689, 12.9631915], [77.6021208, 12.9631408], [77.6021967, 12.96348], [77.6022868, 12.9638852], [77.6018047, 12.9639305], [77.6011131, 12.9639933], [77.6012091, 12.9635924]]}"
way/23029281,yes,tertiary,LineString,"{""type"": ""LineString"", ""coordinates"": [[77.6024023, 12.9694188], [77.6024581, 12.9693639], [77.6025076, 12.9692871], [77.6026502, 12.9689393], [77.6029077, 12.9682677], [77.6029728, 12.9681019], [77.6030697, 12.9678944], [77.6032169, 12.9675497], [77.6032469, 12.9674841], [77.6032965, 12.9673728], [77.6033295, 12.9673048], [77.6034091, 12.967115], [77.6035837, 12.966718], [77.6036046, 12.9666659], [77.6037563, 12.9662638], [77.6037669, 12.9662316], [77.6038564, 12.9659583], [77.6038689, 12.9658365], [77.6038789, 12.9657636]]}"
way/23036319,yes,primary,LineString,"{""type"": ""LineString"", ""coordinates"": [[77.6005715, 12.9372425], [77.6004796, 12.9372579], [77.6002154, 12.9373182], [77.600011, 12.9373725], [77.5998647, 12.9374192], [77.5997313, 12.937471], [77.5994215, 12.9376298], [77.5992393, 12.9377414], [77.5990602, 12.9378594]]}"
way/23075259,yes,service,LineString,"{""type"": ""LineString"", ""coordinates"": [[77.5957663, 12.9397397], [77.5955232, 12.9397119], [77.5948295, 12.9396443], [77.5947559, 12.9396371], [77.5947288, 12.9396343], [77.5939629, 12.9395549], [77.5939446, 12.9395508], [77.593928, 12.9395424], [77.5931, 12.9389218], [77.5930549, 12.938888], [77.592604, 12.9385263], [77.5925913, 12.9385178], [77.5925674, 12.9385194]]}"
way/23075268,yes,tertiary,LineString,"{""type"": ""LineString"", ""coordinates"": [[77.5955342, 12.9459107], [77.5955164, 12.9458795], [77.5954975, 12.9458464]]}"
way/23076927,yes,primary,LineString,"{""type"": ""LineString"", ""coordinates"": [[77.5873668, 12.9674754], [77.587259, 12.9676549], [77.5871148, 12.9679224], [77.5870988, 12.967942], [77.5870786, 12.9679669], [77.5869794, 12.9680909], [77.5869202, 12.9681696], [77.5866643, 12.9684259], [77.586563, 12.9685091], [77.5860585, 12.9689677], [77.5860228, 12.9689988], [77.5859736, 12.9690418], [77.5859436, 12.969068], [77.5852066, 12.9697059], [77.585124, 12.9697733], [77.5849435, 12.9699412], [77.584329, 12.9704764], [77.5841212, 12.9706685], [77.5840401, 12.9707406], [77.583746, 12.971027], [77.5835998, 12.9711668], [77.5833343, 12.9714521], [77.5830866, 12.9716729], [77.5828236, 12.9719073], [77.5826704, 12.9720439], [77.5826161, 12.9720923], [77.5825321, 12.9721534], [77.5822789, 12.9723378], [77.5818127, 12.9726773], [77.5816763, 12.9727661]]}"
way/23078023,yes,primary_link,LineString,"{""type"": ""LineString"", ""coordinates"": [[77.593039, 12.9486223], [77.5931745, 12.9488181], [77.5932832, 12.9490171], [77.5933165, 12.9490798]]}"
way/23415702,yes,secondary,LineString,"{""type"": ""LineString"", ""coordinates"": [[77.6465944, 12.9785359], [77.646541, 12.9785341], [77.6457201, 12.9785057], [77.644289, 12.9784562], [77.6441879, 12.9784527], [77.6428777, 12.9784075], [77.6415649, 12.9783621], [77.6410411, 12.9783441], [77.6410192, 12.9783433], [77.6409171, 12.9783397]]}"
way/24231604,yes,primary,LineString,"{""type"": ""LineString"", ""coordinates"": [[77.6251492, 12.9257], [77.624579, 12.9259489], [77.6240841, 12.9261499], [77.6239618, 12.9262016], [77.6237777, 12.9262794], [77.6227449, 12.9267157], [77.6226928, 12.9267373], [77.6222171, 12.9269392], [77.6211127, 12.9274069], [77.6210876, 12.9274187], [77.6209908, 12.9274643]]}"
way/24296042,yes,residential,LineString,"{""type"": ""LineString"", ""coordinates"": [[77.6096251, 12.9668233], [77.6095197, 12.9668971], [77.6094459, 12.9669369], [77.608968, 12.9671303], [77.6081792, 12.9674608], [77.6081439, 12.9674749], [77.6080696, 12.9675068], [77.6076307, 12.9676998], [77.607437, 12.9677848], [77.6067233, 12.9680815], [77.606431, 12.9682055], [77.6063014, 12.9682673], [77.6062724, 12.9682804], [77.6062235, 12.9682994]]}"
way/24307941,yes,tertiary,LineString,"{""type"": ""LineString"", ""coordinates"": [[77.644793, 12.9156481], [77.6448749, 12.9156429], [77.6454055, 12.9156546], [77.6471824, 12.9157227], [77.6472247, 12.9157239], [77.6475994, 12.9157342], [77.6485399, 12.9157601], [77.6489989, 12.9157728], [77.6496077, 12.9157895], [77.6512522, 12.9158348], [77.6515676, 12.9158447], [77.6516653, 12.9158486], [77.6517079, 12.9158503]]}"
way/24348102,yes,tertiary,LineString,"{""type"": ""LineString"", ""coordinates"": [[77.6565279, 12.8896299], [77.6565565, 12.8896214], [77.656654, 12.8895382], [77.6567458, 12.889435], [77.6568175, 12.8893202], [77.656872, 12.8891223], [77.6568978, 12.8889818], [77.6569523, 12.8887781], [77.6569415, 12.8885899], [77.6568608, 12.8883934], [77.6568216, 12.8882978], [77.6566552, 12.8880832], [77.6564292, 12.8877934], [77.6563481, 12.8876565], [77.6563151, 12.8874491], [77.6563072, 12.8873862], [77.6562671, 12.8870664], [77.6560825, 12.8863607], [77.6560658, 12.8862967], [77.6560629, 12.8862743], [77.6560327, 12.8860423], [77.6559972, 12.8858596], [77.6559707, 12.8857234], [77.6559385, 12.8855573], [77.6558855, 12.8852847], [77.6558709, 12.8851958], [77.6558449, 12.8850368], [77.6558703, 12.8843], [77.6556187, 12.8829699], [77.6555641, 12.8826811], [77.6555275, 12.8824878], [77.6555058, 12.8823924], [77.6553238, 12.8815911], [77.6552461, 12.8812492], [77.6552312, 12.8811931], [77.6552059, 12.8810975], [77.6551665, 12.8808991], [77.6550794, 12.8806144], [77.6550023, 12.88039], [77.6549853, 12.8803374], [77.6549748, 12.8801404], [77.6549698, 12.8800573], [77.6549592, 12.8798463], [77.6549454, 12.8795844], [77.6549324, 12.87934], [77.6549238, 12.8791763], [77.6549179, 12.8790679], [77.6549096, 12.87891], [77.6549099, 12.8787066], [77.6548682, 12.8781263], [77.6548481, 12.8777522], [77.654837, 12.877557], [77.6548256, 12.8773284], [77.6548139, 12.8770957], [77.654804, 12.8769204], [77.6547935, 12.8767219], [77.6547497, 12.8758981], [77.6547273, 12.8757429], [77.6546772, 12.8755357], [77.6544145, 12.8747114], [77.6543802, 12.8746036], [77.6542376, 12.8741561], [77.6541518, 12.8738869], [77.6540778, 12.8733895], [77.6540623, 12.8728403], [77.6540297, 12.8724014], [77.654062, 12.8720511], [77.6540624, 12.8709185]]}"
way/24400290,yes,secondary,LineString,"{""type"": ""LineString"", ""coordinates"": [[77.6776252, 12.9139155], [77.677627, 12.9137807], [77.6776214, 12.9136243], [77.6775533, 12.9135907], [77.6775091, 12.9135689], [77.6773511, 12.9135368], [77.6772356, 12.9135118], [77.6771701, 12.9134965], [77.6770597, 12.913429], [77.6769552, 12.9132568], [77.6769301, 12.9131957], [77.6768408, 12.9129784], [77.6767526, 12.9127637], [77.6767299, 12.9126838], [77.6766935, 12.9125554], [77.6766597, 12.9123687], [77.6766234, 12.9119865], [77.6766147, 12.9118455], [77.6766076, 12.9117315], [77.6766028, 12.9116549], [77.6765899, 12.9113262], [77.676566, 12.9110101], [77.6765942, 12.9106598], [77.6766084, 12.9105393], [77.6766146, 12.9104057], [77.6766013, 12.9103293], [77.6764127, 12.910002], [77.6764038, 12.9099865], [77.6763818, 12.9099483], [77.6762368, 12.9096967], [77.6762211, 12.9096389], [77.6762126, 12.9096079], [77.6762137, 12.909489], [77.6762327, 12.9094404], [77.6762647, 12.9093704], [77.6763848, 12.9090695], [77.6763895, 12.9089563], [77.6763311, 12.9088009], [77.6762097, 12.9085626], [77.6760589, 12.9082494], [77.67605, 12.9082327], [77.6760264, 12.9081884], [77.6759123, 12.9079739], [77.6757427, 12.9076071], [77.6757006, 12.9074751], [77.6756814, 12.9073503], [77.6756826, 12.9072812], [77.6756861, 12.9072078], [77.6756944, 12.9067055], [77.6756946, 12.9066633], [77.6756918, 12.9061203], [77.6756942, 12.9060839], [77.6756975, 12.9060352], [77.6756983, 12.9060214], [77.675712, 12.9057964], [77.6757431, 12.9057069], [77.6757591, 12.9056609], [77.6759141, 12.9053349], [77.6760299, 12.9050914], [77.6760202, 12.9049519], [77.6760149, 12.9048756], [77.675987, 12.9044776], [77.6759793, 12.9043668], [77.675938, 12.9040878], [77.6759269, 12.9040129], [77.675885, 12.9036267], [77.6758546, 12.9033471], [77.6758175, 12.9030475], [77.6758025, 12.9029321], [77.6757896, 12.9028221], [77.6757556, 12.9025474], [77.6756845, 12.9019088], [77.6756387, 12.9014968], [77.6756035, 12.901181], [77.6755707, 12.90095], [77.6755361, 12.9007054], [77.6755344, 12.9006936], [77.6755223, 12.9006082], [77.6755147, 12.9005066], [77.6755046, 12.900376], [77.6754941, 12.9002315], [77.6754728, 12.9000133], [77.6754722, 12.8999575], [77.6754646, 12.8994107], [77.6754619, 12.8992263], [77.6754572, 12.8988915], [77.6754513, 12.8981193], [77.6754481, 12.8977062], [77.6754192, 12.8975338], [77.6753799, 12.8974212], [77.6752832, 12.897144], [77.6751856, 12.8968642], [77.6751591, 12.8967884], [77.6747857, 12.895718]]}"
way/24403215,yes,secondary,LineString,"{""type"": ""LineString"", ""coordinates"": [[77.6577679, 12.9672675], [77.6571671, 12.967346], [77.656111, 12.9674713], [77.6560356, 12.9674802], [77.6559992, 12.9674869], [77.6558157, 12.9675091], [77.6546608, 12.9676958], [77.6537788, 12.9677978], [77.6527424, 12.9679515], [77.6522713, 12.9680255], [77.6519391, 12.9680777], [77.6515898, 12.9681471], [77.6514451, 12.9681744], [77.6511306, 12.968254], [77.6508126, 12.9683226], [77.6506143, 12.9683737], [77.6504272, 12.9684299], [77.6500778, 12.968525], [77.6499403, 12.9685513], [77.6495815, 12.9686142], [77.648744, 12.968761], [77.6480677, 12.9688551], [77.6480275, 12.96886], [77.6479219, 12.9688667], [77.6478925, 12.968868], [77.6477344, 12.9688574]]}"
way/24430008,yes,motorway_link,LineString,"{""type"": ""LineString"", ""coordinates"": [[77.6636881, 12.8574426], [77.6637869, 12.8574469], [77.6638688, 12.8574637], [77.6639595, 12.8574973], [77.6640467, 12.8575489], [77.6641124, 12.8576182], [77.664156, 12.8576947], [77.6641855, 12.8577588], [77.6642003, 12.8578405], [77.664199, 12.8579385], [77.6641788, 12.8580301], [77.664152, 12.8580955], [77.664097, 12.85817], [77.6640273, 12.8582276], [77.6639481, 12.8582799], [77.6638542, 12.8583152], [77.663757, 12.8583243], [77.6636451, 12.8583079], [77.663094, 12.8581673]]}"
way/24430777,no,motorway,LineString,"{""type"": ""LineString"", ""coordinates"": [[77.4726911, 12.8989529], [77.4731687, 12.8984367], [77.4732416, 12.8983692], [77.4735903, 12.8980468], [77.4741693, 12.8975333], [77.4744191, 12.8973227], [77.4746463, 12.8971312], [77.4748569, 12.8969515], [77.4750675, 12.8967717], [77.4752497, 12.8966162], [77.4755869, 12.8963275], [77.4761261, 12.895866]]}"
way/24437490,yes,motorway_link,LineString,"{""type"": ""LineString"", ""coordinates"": [[77.6622617, 12.858045], [77.6630693, 12.8582391]]}"
way/24437492,yes,motorway_link,LineString,"{""type"": ""LineString"", ""coordinates"": [[77.6630693, 12.8582391], [77.6633949, 12.8583231], [77.6636075, 12.8583699], [77.6637191, 12.858387], [77.6638159, 12.8583858], [77.6638972, 12.8583787], [77.6639959, 12.8583415], [77.6640674, 12.8582974], [77.6641344, 12.8582438], [77.6641921, 12.858167], [77.6642305, 12.8580916], [77.6642612, 12.858013], [77.6642764, 12.8579355], [77.6642762, 12.8578608], [77.6642674, 12.8577911], [77.6642447, 12.8577192], [77.6642045, 12.8576413], [77.6641639, 12.8575604], [77.6641293, 12.8574662], [77.6641095, 12.8573665], [77.6640959, 12.8572867], [77.664088, 12.8572011], [77.664089, 12.8571018], [77.6640964, 12.8570194], [77.6641208, 12.8569229]]}"
way/24437504,no,motorway,LineString,"{""type"": ""LineString"", ""coordinates"": [[77.6539221, 12.8597153], [77.6526204, 12.860311], [77.6505629, 12.8612525], [77.6495912, 12.861708], [77.6485327, 12.8622323], [77.648429, 12.8622837], [77.6466896, 12.8631626], [77.6440601, 12.8645015], [77.6435899, 12.8647226], [77.6429315, 12.8650093], [77.6424752, 12.8651972], [77.6419373, 12.8654044], [77.6413501, 12.8656127], [77.6406061, 12.8658686], [77.639533, 12.8661644], [77.6391356, 12.8662642], [77.6385109, 12.8663982], [77.6381173, 12.8664704], [77.6375985, 12.8665626], [77.6371798, 12.8666257], [77.6364719, 12.866724], [77.6359565, 12.8667685], [77.6354003, 12.8668141], [77.6343518, 12.8668314]]}"
way/24437513,yes,motorway_link,LineString,"{""type"": ""LineString"", ""coordinates"": [[77.663094, 12.8581673], [77.662303, 12.8579781]]}"
way/24437565,yes,motorway,LineString,"{""type"": ""LineString"", ""coordinates"": [[77.5272619, 12.8580404], [77.5279435, 12.857791]]}"
way/24437566,no,motorway,LineString,"{""type"": ""LineString"", ""coordinates"": [[77.5419427, 12.8535563], [77.5446037, 12.8528211], [77.5457686, 12.8524986], [77.5471728, 12.852104], [77.5477886, 12.8519437], [77.5483476, 12.8518212], [77.5490433, 12.8516888], [77.5501617, 12.8515201], [77.5521788, 12.8512157], [77.5528046, 12.8511268], [77.5534447, 12.8510251], [77.5539046, 12.850933], [77.5542165, 12.850868], [77.5545358, 12.850791], [77.5550141, 12.8506631], [77.5555246, 12.8505136], [77.5558332, 12.8504179], [77.5579325, 12.8496905], [77.558344, 12.8495467], [77.5588377, 12.8493911], [77.5593752, 12.8492306], [77.5600515, 12.8490489], [77.5604781, 12.8489358], [77.561069, 12.848798], [77.5617169, 12.8486579], [77.5625962, 12.848509], [77.5633627, 12.8483908], [77.5645287, 12.8482616], [77.5651879, 12.8482143], [77.5661799, 12.8481698], [77.5667866, 12.8481658], [77.5673474, 12.8481762], [77.567871, 12.8481879], [77.5688269, 12.8482374], [77.569419, 12.8482811], [77.5698711, 12.8483294], [77.5707999, 12.8484392], [77.571789, 12.8485969], [77.5725514, 12.8487317], [77.5732849, 12.8488955], [77.5738593, 12.8490433], [77.5743123, 12.849167], [77.5752124, 12.8494492], [77.5758323, 12.8496565], [77.5772741, 12.8501694], [77.5776774, 12.8502989], [77.5780412, 12.8503944], [77.5784165, 12.8504783], [77.5788848, 12.8505618], [77.5792637, 12.8506036], [77.5797625, 12.850634], [77.5801941, 12.8506386], [77.5806558, 12.8506222], [77.580873, 12.8506087], [77.5822371, 12.8505237], [77.5825351, 12.8505045]]}"
way/24437595,yes,motorway,LineString,"{""type"": ""LineString"", ""coordinates"": [[77.5271716, 12.8579044], [77.5263411, 12.8581946], [77.525846, 12.8583524], [77.5246779, 12.8588145], [77.5239807, 12.8591054], [77.523477, 12.8593125], [77.523005, 12.8595154]]}"
way/24437596,yes,motorway,LineString,"{""type"": ""LineString"", ""coordinates"": [[77.5278419, 12.8576483], [77.5271716, 12.8579044]]}"
way/24492154,yes,residential,LineString,"{""type"": ""LineString"", ""coordinates"": [[77.6479989, 12.9193924], [77.6479903, 12.91908], [77.6492598, 12.918953], [77.6511675, 12.9190163], [77.6515749, 12.9190271], [77.6516519, 12.9190278]]}"
way/26179365,yes,primary,LineString,"{""type"": ""LineString"", ""coordinates"": [[77.5882547, 12.967776], [77.5883864, 12.967612], [77.5884068, 12.967536], [77.588418, 12.9674864], [77.5884199, 12.9674483], [77.5884236, 12.967384], [77.5884173, 12.9673336]]}"
way/26179372,yes,residential,LineString,"{""type"": ""LineString"", ""coordinates"": [[77.6435822, 12.9686498], [77.643564, 12.9690954], [77.6435397, 12.9696871], [77.6435158, 12.9702741], [77.6435139, 12.970321]]}"
way/27227737,yes,residential,LineString,"{""type"": ""LineString"", ""coordinates"": [[77.648191, 12.9537935], [77.6484103, 12.9542956], [77.6484557, 12.9544313], [77.6484727, 12.9544809], [77.6484982, 12.9545553], [77.6485754, 12.9548528], [77.6485453, 12.9552361], [77.648503, 12.9556255], [77.6484768, 12.9560851], [77.6486004, 12.9562907], [77.648926, 12.9567334], [77.6487536, 12.9568515], [77.6487252, 12.9569163], [77.6487533, 12.9569859], [77.6491736, 12.9575468], [77.6493761, 12.9580355], [77.6495705, 12.9587073], [77.6497794, 12.9595433], [77.6497878, 12.9596033], [77.6497946, 12.9596568]]}"
way/27932070,yes,secondary,LineString,"{""type"": ""LineString"", ""coordinates"": [[77.6149845, 12.929538], [77.6149408, 12.9295294], [77.6146521, 12.9295293], [77.6142396, 12.9295449], [77.6140614, 12.9295838], [77.6139333, 12.9296269], [77.6138676, 12.929669], [77.6133436, 12.9299537], [77.6133333, 12.9299593], [77.6132906, 12.9299825], [77.612799, 12.9302495]]}"
way/27932090,yes,secondary,LineString,"{""type"": ""LineString"", ""coordinates"": [[77.6098193, 12.9309162], [77.6096711, 12.9302428], [77.6096298, 12.9300552], [77.6096083, 12.9299576], [77.6095582, 12.92973], [77.6095009, 12.9294698], [77.6094466, 12.9292229], [77.6094203, 12.9291035], [77.6093916, 12.9289799], [77.6093681, 12.9288665], [77.6093339, 12.9287181], [77.609264, 12.9284531], [77.6092454, 12.9283235], [77.6092122, 12.9281229], [77.6091661, 12.9278446], [77.6091639, 12.9278312], [77.6091157, 12.9275399], [77.6091103, 12.9275071], [77.6090803, 12.9273256], [77.6090767, 12.9273041], [77.6090509, 12.9271481], [77.6090297, 12.9270198], [77.6089833, 12.9267611], [77.608939, 12.9264409], [77.6088705, 12.9262122], [77.6087998, 12.9259797], [77.6087788, 12.9258902], [77.6087582, 12.9258025]]}"
way/27935532,yes,residential,LineString,"{""type"": ""LineString"", ""coordinates"": [[77.650981, 12.9136835], [77.6509893, 12.9132716], [77.6510098, 12.912507]]}"
way/27935840,yes,residential,LineString,"{""type"": ""LineString"", ""coordinates"": [[77.6339995, 12.9113811], [77.6339702, 12.9107032], [77.6339732, 12.910364], [77.6339756, 12.9099655], [77.6339077, 12.909483], [77.6338904, 12.909056]]}"
way/27935847,yes,residential,LineString,"{""type"": ""LineString"", ""coordinates"": [[77.6351273, 12.9098685], [77.634628, 12.9098778], [77.6342842, 12.9099057], [77.6339756, 12.9099655], [77.6330156, 12.9100895], [77.6324763, 12.9101102]]}"
way/27935982,yes,residential,LineString,"{""type"": ""LineString"", ""coordinates"": [[77.634628, 12.9098778], [77.6346055, 12.90842], [77.6346005, 12.9080975]]}"
way/27935985,yes,residential,LineString,"{""type"": ""LineString"", ""coordinates"": [[77.6342842, 12.9099057], [77.6342686, 12.9089977], [77.6342594, 12.9087465], [77.6342594, 12.908462]]}"
way/27936318,yes,tertiary,LineString,"{""type"": ""LineString"", ""coordinates"": [[77.6489928, 12.9143696], [77.6489902, 12.9140309]]}"
way/27936332,yes,residential,LineString,"{""type"": ""LineString"", ""coordinates"": [[77.6515866, 12.9210288], [77.6515108, 12.9210356], [77.6514826, 12.9210369], [77.6512497, 12.9210477], [77.6509332, 12.921058], [77.6506474, 12.9210743], [77.6499369, 12.9211525], [77.6495347, 12.9212279]]}"
way/27936377,yes,residential,LineString,"{""type"": ""LineString"", ""coordinates"": [[77.6522078, 12.9180676], [77.652559, 12.918077], [77.6529097, 12.9180864], [77.6532074, 12.9180944], [77.6539688, 12.9181148], [77.6541989, 12.9181209]]}"
way/27936470,yes,residential,LineString,"{""type"": ""LineString"", ""coordinates"": [[77.6541989, 12.9181209], [77.6541451, 12.917803], [77.6539477, 12.9167243], [77.6538718, 12.9163846], [77.654164, 12.916297], [77.6541888, 12.9162808], [77.6541991, 12.9162532], [77.6541207, 12.9159245], [77.653633, 12.9137111], [77.6535912, 12.9130754], [77.653556, 12.9125775], [77.6535447, 12.9124014], [77.6535025, 12.9115393], [77.6535022, 12.9114687], [77.65356, 12.9113936], [77.6534179, 12.9101284], [77.653355, 12.9096178], [77.6533081, 12.9091464], [77.6532697, 12.9088204], [77.6532283, 12.9084112], [77.6532019, 12.9081089], [77.6531789, 12.9078455], [77.6531428, 12.9075264], [77.6530798, 12.9070952]]}"
way/27936486,yes,residential,LineString,"{""type"": ""LineString"", ""coordinates"": [[77.6522458, 12.9166864], [77.6525854, 12.9166967], [77.6536077, 12.9167364], [77.6539477, 12.9167243]]}"
way/27936516,yes,residential,LineString,"{""type"": ""LineString"", ""coordinates"": [[77.6539266, 12.9114005], [77.65356, 12.9113936], [77.653247, 12.9113878], [77.6528876, 12.9113811], [77.652422, 12.9113724], [77.6519511, 12.9113635], [77.6518706, 12.9113647], [77.6517921, 12.9113612], [77.6513599, 12.9113471], [77.6503501, 12.9113301], [77.6496936, 12.9113234], [77.6491257, 12.9113051]]}"
way/27936616,yes,secondary,LineString,"{""type"": ""LineString"", ""coordinates"": [[77.651633, 12.9196937], [77.6516305, 12.9197921]]}"
way/28043853,yes,primary,LineString,"{""type"": ""LineString"", ""coordinates"": [[77.7476395, 12.961439], [77.7476512, 12.9615928], [77.7476588, 12.9616912], [77.7476855, 12.9618387], [77.7478827, 12.9624381], [77.7480572, 12.9630071], [77.7481139, 12.9631596], [77.7482234, 12.9635345], [77.7482917, 12.9637278], [77.7483488, 12.9638847], [77.7484354, 12.9641555], [77.7484756, 12.9642949], [77.7486567, 12.9649242], [77.7486832, 12.9650079], [77.7487105, 12.9650941], [77.7487945, 12.9653659], [77.7490288, 12.9661152], [77.7491135, 12.9663685], [77.7492754, 12.9669014], [77.7495178, 12.9677494], [77.7497059, 12.9684905], [77.7497477, 12.9687585], [77.7497871, 12.9689877], [77.7498534, 12.9693899], [77.7498791, 12.9695702], [77.7498862, 12.96962]]}"
way/28070698,yes,residential,LineString,"{""type"": ""LineString"", ""coordinates"": [[77.5846447, 13.1036469], [77.5845763, 13.1035484], [77.5845177, 13.1034146], [77.584228, 13.1029551], [77.5841704, 13.1028636], [77.5841254, 13.1027555], [77.5840362, 13.1025413], [77.5839892, 13.1022445], [77.5839855, 13.1019433], [77.5840169, 13.1016891], [77.584029, 13.1015587], [77.5840137, 13.1015197], [77.5840565, 13.1014553]]}"
way/28070744,yes,residential,LineString,"{""type"": ""LineString"", ""coordinates"": [[77.5867011, 13.1008851], [77.5870269, 13.1001305], [77.5871115, 13.0999347], [77.587484, 13.099086]]}"
way/28070749,yes,residential,LineString,"{""type"": ""LineString"", ""coordinates"": [[77.5868093, 13.0989338], [77.5868297, 13.0988827], [77.5870163, 13.0984155], [77.5871312, 13.0981353], [77.5875303, 13.0971616], [77.5877106, 13.0967436], [77.5878893, 13.0963655], [77.5880888, 13.095892], [77.5882513, 13.0955063], [77.5883557, 13.0952493], [77.5887405, 13.0943025], [77.5889881, 13.093648], [77.5891466, 13.0932289], [77.5891611, 13.0931906], [77.5893158, 13.0928557], [77.5894199, 13.0926139]]}"
way/28070775,yes,residential,LineString,"{""type"": ""LineString"", ""coordinates"": [[77.5889123, 13.0971259], [77.5884299, 13.0969373], [77.5883919, 13.0969224], [77.5883129, 13.0968953], [77.5882696, 13.0968826], [77.5877106, 13.0967436], [77.5866313, 13.0966022], [77.5856051, 13.0966205], [77.5848267, 13.0967519], [77.5846026, 13.0968171]]}"
way/28070785,yes,tertiary,LineString,"{""type"": ""LineString"", ""coordinates"": [[77.583872, 13.099812], [77.5834839, 13.0995631], [77.5832366, 13.0993379], [77.5828519, 13.0989437], [77.5824974, 13.0985804], [77.5821567, 13.0982314], [77.5819057, 13.0979742], [77.5818615, 13.0979289], [77.5814931, 13.0975221], [77.580965, 13.0970104], [77.5806344, 13.0966717], [77.580185, 13.0962092], [77.5799194, 13.0959579], [77.5797669, 13.0957943], [77.579513, 13.0955463], [77.579479, 13.0954986]]}"
way/28070828,yes,residential,LineString,"{""type"": ""LineString"", ""coordinates"": [[77.585685, 13.1008566], [77.5852893, 13.0999538], [77.5849309, 13.0991361]]}"
way/28085790,yes,tertiary,LineString,"{""type"": ""LineString"", ""coordinates"": [[77.5709491, 13.0981359], [77.5709404, 13.0982154], [77.5709383, 13.0982557], [77.5709057, 13.0988788], [77.570888, 13.0990058], [77.5706902, 13.0994642], [77.5706772, 13.099504], [77.5705829, 13.0996576], [77.5705367, 13.0997338], [77.5701146, 13.100209], [77.5700596, 13.1002662], [77.5700102, 13.1003692], [77.5698898, 13.101469], [77.569856, 13.1017791], [77.5697731, 13.1025605], [77.5697522, 13.102758], [77.5697401, 13.1028847], [77.5698344, 13.1033312], [77.5698796, 13.1035449], [77.5699384, 13.103823], [77.5699432, 13.1038458], [77.5700217, 13.1042173], [77.5700253, 13.1042353], [77.5700633, 13.1044186], [77.5701018, 13.1046053], [77.5703214, 13.105469], [77.5705099, 13.1061597], [77.5705651, 13.10637]]}"
way/28086188,yes,residential,LineString,"{""type"": ""LineString"", ""coordinates"": [[77.6065049, 12.9158391], [77.6065371, 12.915438], [77.6066204, 12.9144005], [77.6066499, 12.9140327], [77.6066829, 12.9137036]]}"
way/28086195,yes,residential,LineString,"{""type"": ""LineString"", ""coordinates"": [[77.6065371, 12.915438], [77.6074115, 12.915522], [77.6095737, 12.9156074], [77.6096179, 12.915604], [77.6100029, 12.9156142], [77.6100457, 12.9156153]]}"
way/28086228,yes,tertiary,LineString,"{""type"": ""LineString"", ""coordinates"": [[77.6027405, 12.9143071], [77.6027405, 12.9139899], [77.6027405, 12.913656], [77.6027405, 12.9134894]]}"
way/28086232,yes,residential,LineString,"{""type"": ""LineString"", ""coordinates"": [[77.6027405, 12.913656], [77.6024211, 12.9136612], [77.6020771, 12.9136668], [77.6018006, 12.9136702], [77.6014491, 12.9136746], [77.601153, 12.9136782], [77.6009517, 12.9136807], [77.6005121, 12.9136725], [77.6000693, 12.9136642], [77.5999944, 12.9136628]]}"
way/28086263,yes,residential,LineString,"{""type"": ""LineString"", ""coordinates"": [[77.604555, 12.9156896], [77.6045774, 12.9153581], [77.6046755, 12.9143775], [77.6046993, 12.9139751], [77.6047418, 12.9135302]]}"
way/28086280,yes,residential,LineString,"{""type"": ""LineString"", ""coordinates"": [[77.6054076, 12.9153859], [77.6049771, 12.9153706], [77.6045774, 12.9153581], [77.603536, 12.9152818]]}"
way/28103477,yes,residential,LineString,"{""type"": ""LineString"", ""coordinates"": [[77.6144006, 12.9158834], [77.6140916, 12.9159131], [77.6137994, 12.9159311], [77.6134912, 12.9159401], [77.6131732, 12.9159322], [77.6128558, 12.9159244], [77.6125551, 12.915917], [77.612212, 12.9159085], [77.6116705, 12.9159174], [77.6111819, 12.9159254], [77.6108987, 12.9159301], [77.6106842, 12.9159336], [77.610564, 12.9159336], [77.6101793, 12.9159424], [77.6101075, 12.9159441]]}"
way/28103494,yes,residential,LineString,"{""type"": ""LineString"", ""coordinates"": [[77.610588, 12.9171281], [77.6106487, 12.9175198], [77.6106743, 12.9177146], [77.6106903, 12.9179132], [77.6107301, 12.9184044], [77.61078, 12.9188674], [77.6108301, 12.9193887], [77.6108587, 12.919673], [77.610863, 12.9197205]]}"
way/28120169,yes,residential,LineString,"{""type"": ""LineString"", ""coordinates"": [[77.6034283, 12.9143184], [77.6034172, 12.9139022], [77.6034041, 12.9134845]]}"
way/28120223,yes,residential,LineString,"{""type"": ""LineString"", ""coordinates"": [[77.6100198, 12.9097343], [77.6099582, 12.9098574], [77.6098201, 12.9101873], [77.6097624, 12.9103252], [77.6095383, 12.91084], [77.6095515, 12.9116018], [77.6095779, 12.9123925], [77.6095977, 12.9131542], [77.6095924, 12.9139147]]}"
way/28120245,yes,residential,LineString,"{""type"": ""LineString"", ""coordinates"": [[77.6073789, 12.9165183], [77.6074351, 12.9159117], [77.6074115, 12.915522], [77.6074417, 12.9150444], [77.6074748, 12.9144922]]}"
way/28120247,yes,residential,LineString,"{""type"": ""LineString"", ""coordinates"": [[77.6095744, 12.9152201], [77.6088365, 12.9151593], [77.6082218, 12.9151087], [77.6078261, 12.9150761], [77.6074417, 12.9150444]]}"
way/28120249,yes,residential,LineString,"{""type"": ""LineString"", ""coordinates"": [[77.6082218, 12.9151087], [77.6082661, 12.9142863], [77.6082943, 12.9138703]]}"
way/28120252,yes,residential,LineString,"{""type"": ""LineString"", ""coordinates"": [[77.6082661, 12.9142863], [77.6088754, 12.91433], [77.6095857, 12.9143809]]}"
way/28120254,yes,residential,LineString,"{""type"": ""LineString"", ""coordinates"": [[77.6066204, 12.9144005], [77.6074748, 12.9144922], [77.6078439, 12.9145257]]}"
way/28120255,yes,residential,LineString,"{""type"": ""LineString"", ""coordinates"": [[77.6078261, 12.9150761], [77.6078439, 12.9145257], [77.6078444, 12.9141659], [77.6078502, 12.9138291]]}"
way/28120264,yes,residential,LineString,"{""type"": ""LineString"", ""coordinates"": [[77.6049771, 12.9153706], [77.6050463, 12.9144076]]}"
way/28120270,yes,residential,LineString,"{""type"": ""LineString"", ""coordinates"": [[77.6058075, 12.9131623], [77.6042032, 12.9130593], [77.6038051, 12.913038]]}"
way/28120293,yes,residential,LineString,"{""type"": ""LineString"", ""coordinates"": [[77.6003766, 12.9084846], [77.6006706, 12.9085104], [77.6016088, 12.9085781], [77.6017176, 12.9085859], [77.601755, 12.9085886], [77.6020485, 12.9086097], [77.6023365, 12.9086305], [77.6025507, 12.9086286], [77.6027485, 12.9086414], [77.6033619, 12.9086653], [77.6035871, 12.9086816], [77.6037078, 12.9086904], [77.6037357, 12.9086939], [77.6037853, 12.9086963], [77.6040681, 12.9087099], [77.6043226, 12.9087623], [77.6044864, 12.9087921], [77.6046694, 12.9089081], [77.6051889, 12.9089262], [77.6054771, 12.9089318], [77.6055277, 12.9089328], [77.6058553, 12.9088841]]}"
way/28120314,yes,residential,LineString,"{""type"": ""LineString"", ""coordinates"": [[77.6092941, 12.9139113], [77.6092128, 12.9115082]]}"
way/28120316,yes,residential,LineString,"{""type"": ""LineString"", ""coordinates"": [[77.6089553, 12.9129504], [77.6083074, 12.9129445], [77.6078702, 12.912919], [77.6067598, 12.9128581]]}"
way/28120331,no,residential,LineString,"{""type"": ""LineString"", ""coordinates"": [[77.6064932, 12.9105484], [77.6059899, 12.9105462]]}"
way/28126844,yes,tertiary,LineString,"{""type"": ""LineString"", ""coordinates"": [[77.6140269, 12.9662746], [77.6140325, 12.9662539], [77.6140668, 12.9661262], [77.6140745, 12.9660976], [77.6141322, 12.9658831], [77.6142101, 12.9656152], [77.6142426, 12.9655059], [77.6143121, 12.9652868], [77.6143689, 12.9651003], [77.6143863, 12.9650064], [77.6144543, 12.964622], [77.6146897, 12.9636219]]}"
way/28137491,yes,primary,LineString,"{""type"": ""LineString"", ""coordinates"": [[77.6142406, 12.9684789], [77.6143093, 12.9684273], [77.614356, 12.9683899], [77.6151428, 12.9677597], [77.6154436, 12.9675247], [77.6155632, 12.9674308], [77.6161405, 12.9669643], [77.6164883, 12.9666993], [77.6166305, 12.9665806], [77.6166863, 12.9665261], [77.6167431, 12.9664681], [77.6171081, 12.9659936], [77.6173923, 12.9656667], [77.6174445, 12.9656066], [77.6175137, 12.9655368], [77.6177082, 12.9654186]]}"
way/28631881,yes,primary,LineString,"{""type"": ""LineString"", ""coordinates"": [[77.5746741, 12.9755625], [77.5747142, 12.9757023], [77.5747177, 12.9759209], [77.5747124, 12.97614], [77.5746778, 12.9764496], [77.5746521, 12.9765585], [77.5745058, 12.9769392], [77.5743722, 12.9771651], [77.574253, 12.9773212], [77.5741454, 12.9773934], [77.5741061, 12.9774242]]}"
way/28709481,yes,primary,LineString,"{""type"": ""LineString"", ""coordinates"": [[77.6427035, 12.9606159], [77.6431981, 12.9605471], [77.643396, 12.9604945], [77.6435762, 12.9604628], [77.6438205, 12.9604349], [77.6438849, 12.9604273], [77.6443615, 12.9603719], [77.6447125, 12.9603311], [77.6451181, 12.9602839], [77.6451583, 12.9602792], [77.6456337, 12.9602239], [77.6460778, 12.9601808], [77.6467124, 12.9601051], [77.6470509, 12.9600647], [77.6472248, 12.9600451], [77.6475411, 12.9600094], [77.6477142, 12.959991], [77.6482258, 12.9599298], [77.6487035, 12.9598722]]}"
way/29081725,yes,residential,LineString,"{""type"": ""LineString"", ""coordinates"": [[77.5916215, 12.9904224], [77.5916249, 12.9904619], [77.5916818, 12.990994], [77.5917191, 12.9913051], [77.5917879, 12.991661], [77.5918092, 12.9917721], [77.5918771, 12.9921253], [77.591932, 12.9923847], [77.5919613, 12.9925777], [77.5919681, 12.9926224], [77.5919748, 12.9926552], [77.592002, 12.9927876], [77.5920623, 12.9930517], [77.5920655, 12.9932346], [77.5920896, 12.9936548], [77.5921194, 12.9940452], [77.5921451, 12.9944939], [77.5922088, 12.9952094]]}"
way/29147905,yes,primary,LineString,"{""type"": ""LineString"", ""coordinates"": [[77.6799376, 12.9545845], [77.6800572, 12.9545405], [77.6801316, 12.9545134], [77.680395, 12.9544894], [77.6807423, 12.954497]]}"
way/29148050,yes,secondary,LineString,"{""type"": ""LineString"", ""coordinates"": [[77.6799376, 12.9545845], [77.6799598, 12.9546805], [77.679972, 12.9547168], [77.67997, 12.9548405], [77.679655, 12.9561737], [77.6796154, 12.9563661], [77.6796336, 12.9564973], [77.6796564, 12.9566008], [77.6799507, 12.957242], [77.6801029, 12.957569], [77.6801842, 12.9577538], [77.6802184, 12.9578316], [77.6803413, 12.9579743], [77.6805538, 12.9581241], [77.680814, 12.9582415], [77.6809005, 12.9583273], [77.6809196, 12.9583463], [77.6810211, 12.9585144], [77.6809642, 12.9597782], [77.6809717, 12.9599523], [77.6810211, 12.9601057], [77.6812458, 12.9604819], [77.6813717, 12.9607498], [77.6815364, 12.961458], [77.6815563, 12.9615957], [77.6815595, 12.961651], [77.6816586, 12.9624409], [77.6820011, 12.9634302], [77.6821089, 12.9640552], [77.6821167, 12.9640964]]}"
way/29148282,yes,tertiary,LineString,"{""type"": ""LineString"", ""coordinates"": [[77.6933285, 12.967969], [77.6933584, 12.9678663], [77.6932575, 12.9674403], [77.693097, 12.966756], [77.6929787, 12.9664298], [77.6928519, 12.9661487], [77.6927825, 12.9659825], [77.692658, 12.965726], [77.6923754, 12.9651147], [77.6921693, 12.9646746], [77.6920162, 12.964331], [77.6919666, 12.9642329], [77.6918421, 12.9639565], [77.6917629, 12.9638694], [77.6916954, 12.9638368], [77.6915702, 12.9638064], [77.6913368, 12.9637757], [77.6903878, 12.9636183], [77.6903169, 12.9635818], [77.6902796, 12.9635211], [77.690267, 12.9634329], [77.690277, 12.9633374], [77.6903413, 12.9629959], [77.6904489, 12.9625591], [77.6905406, 12.9621168], [77.690723, 12.9612653], [77.690822, 12.9607748], [77.6908921, 12.960394], [77.6910171, 12.9597672], [77.691108, 12.9592659], [77.6912969, 12.9583673], [77.6913772, 12.9579027], [77.6915216, 12.9572484], [77.6917859, 12.9559391], [77.6917877, 12.9559057], [77.6917798, 12.9558328], [77.6917898, 12.955764]]}"
way/29461512,yes,residential,LineString,"{""type"": ""LineString"", ""coordinates"": [[77.7185245, 12.9590687], [77.7185301, 12.9591287], [77.7185613, 12.9595456], [77.7185874, 12.9598463], [77.7186083, 12.9601504], [77.7186332, 12.9604722], [77.7186744, 12.9608768], [77.7187139, 12.9612316], [77.7187305, 12.9615446], [77.7187394, 12.961734]]}"
way/30065509,yes,tertiary,LineString,"{""type"": ""LineString"", ""coordinates"": [[77.6884104, 12.9920173], [77.6884857, 12.9920788], [77.6887064, 12.9923656], [77.6887665, 12.9924594], [77.6888913, 12.9927174], [77.6889711, 12.9929194], [77.6890012, 12.9930689], [77.6890168, 12.9932086], [77.6890675, 12.9934474], [77.6891352, 12.9936469], [77.6891853, 12.993793], [77.6893801, 12.9942842], [77.6894511, 12.9944552], [77.6895483, 12.9947082], [77.6896067, 12.9948652], [77.6896789, 12.9950672], [77.6897871, 12.9953398], [77.689938, 12.9956434], [77.6900473, 12.9958329], [77.6903008, 12.9962083], [77.6903786, 12.996341], [77.6905864, 12.9968829], [77.690689, 12.997261]]}"
way/30836822,yes,tertiary,LineString,"{""type"": ""LineString"", ""coordinates"": [[77.6204394, 13.0016588], [77.6203594, 13.0013906], [77.6203532, 13.0013417], [77.6202907, 13.0008721], [77.6202643, 13.0004361], [77.6202577, 13.0003358]]}"
way/30877924,yes,primary,LineString,"{""type"": ""LineString"", ""coordinates"": [[77.6313401, 12.9816198], [77.6314317, 12.9817007], [77.6316176, 12.981843], [77.6321521, 12.9821622], [77.6326141, 12.982318], [77.6333423, 12.9824016], [77.6337385, 12.9824471], [77.633813, 12.9824549], [77.6341002, 12.9824848], [77.634728, 12.9825502], [77.6348413, 12.9825621], [77.636299, 12.9826808], [77.636792, 12.9827765], [77.6373503, 12.9829368], [77.6373708, 12.9829422]]}"
way/30954419,yes,primary,LineString,"{""type"": ""LineString"", ""coordinates"": [[77.6980234, 12.9950103], [77.6978468, 12.9950479], [77.6978019, 12.9950574], [77.697684, 12.9950824], [77.6976526, 12.9950891], [77.6975878, 12.9951029], [77.6975347, 12.9951104], [77.6974845, 12.9951175], [77.6973824, 12.995132], [77.6973505, 12.9951365], [77.6971916, 12.9951591], [77.6969888, 12.9951808], [77.6968296, 12.9951975], [77.6968021, 12.9952004], [77.6966679, 12.9952174], [77.6966268, 12.9952226], [77.6965154, 12.9952363], [77.6964788, 12.9952408], [77.6963872, 12.9952555], [77.6963497, 12.9952621], [77.6962698, 12.9952762], [77.6961805, 12.9952847], [77.6958994, 12.9953228], [77.6956763, 12.9953507], [77.6954924, 12.9953869], [77.6953554, 12.9954207], [77.6952163, 12.9954645], [77.6945163, 12.9957872], [77.6944356, 12.9958207], [77.6940387, 12.9959967], [77.6939106, 12.9960532], [77.6937403, 12.996131], [77.693692, 12.9961503], [77.6935158, 12.9962084], [77.6933977, 12.9962408], [77.6932851, 12.9962715], [77.6929024, 12.9963908], [77.6919444, 12.9967308], [77.6916321, 12.9968495], [77.6914513, 12.9969182], [77.6913605, 12.996959], [77.6907581, 12.9972299], [77.690689, 12.997261], [77.6902619, 12.9974736], [77.6902034, 12.9975028], [77.6897274, 12.997739], [77.6896573, 12.9977738], [77.6895393, 12.9978325], [77.6895248, 12.9978397], [77.689367, 12.9979181], [77.6890306, 12.9980713], [77.6888814, 12.9981541], [77.6887431, 12.9982589], [77.6886232, 12.9983771], [77.6884995, 12.9984995], [77.6883337, 12.9987016], [77.6882883, 12.9987501], [77.6880626, 12.998991], [77.6878842, 12.9991815], [77.6875692, 12.999472], [77.6873756, 12.9996204], [77.6873462, 12.9996391], [77.6869762, 12.9998747], [77.6867718, 12.9999974], [77.6865732, 13.0000871], [77.6863109, 13.0001501], [77.6860245, 13.0001861], [77.685556, 13.000227], [77.685353, 13.0002376], [77.6851837, 13.0002534], [77.6850145, 13.0002611], [77.6847925, 13.0002792], [77.6845709, 13.0002945], [77.6843502, 13.0003029], [77.6843055, 13.0003058], [77.6840518, 13.0003085], [77.6836894, 13.0003189], [77.683565, 13.0003214]]}"
way/31227339,yes,pedestrian,LineString,"{""type"": ""LineString"", ""coordinates"": [[77.5818436, 12.9485645], [77.5821048, 12.948656], [77.5824923, 12.9487984], [77.5829114, 12.9490512], [77.5829916, 12.9491033]]}"
way/31227342,yes,footway,LineString,"{""type"": ""LineString"", ""coordinates"": [[77.5828275, 12.9482403], [77.5825673, 12.9486782], [77.5825042, 12.9487793], [77.5824923, 12.9487984]]}"
way/31227348,yes,footway,LineString,"{""type"": ""LineString"", ""coordinates"": [[77.5882101, 12.9481483], [77.58604, 12.9486577], [77.5851815, 12.9488587], [77.584211, 12.9490801]]}"
way/31227352,yes,footway,LineString,"{""type"": ""LineString"", ""coordinates"": [[77.5843693, 12.950071], [77.5845398, 12.9500307], [77.5847151, 12.9500159], [77.5849175, 12.9500275], [77.5850389, 12.9500766], [77.5851165, 12.9501788], [77.5850953, 12.9502704], [77.5850395, 12.950361], [77.5849307, 12.9504395], [77.5848667, 12.9504739], [77.5848236, 12.9504945], [77.5846651, 12.9505524], [77.5845024, 12.9505829]]}"
way/31227860,no,footway,LineString,"{""type"": ""LineString"", ""coordinates"": [[77.5838835, 12.9505433], [77.5839409, 12.9505179], [77.5839511, 12.9504832], [77.5839518, 12.9504644], [77.5839209, 12.9504193], [77.5838429, 12.950424], [77.5838174, 12.9504407], [77.5837642, 12.9505103], [77.5838384, 12.9505383], [77.5838835, 12.9505433]]}"
way/31227871,no,footway,LineString,"{""type"": ""LineString"", ""coordinates"": [[77.5838835, 12.9505433], [77.5839423, 12.9508281]]}"
way/31227885,yes,footway,LineString,"{""type"": ""LineString"", ""coordinates"": [[77.5853945, 12.9459486], [77.5852791, 12.9457833], [77.585224, 12.9457503], [77.5851934, 12.945737], [77.5851615, 12.945731], [77.5849973, 12.945736], [77.584862, 12.9457191], [77.5847866, 12.9457196], [77.5847363, 12.9457261], [77.5846938, 12.9457475], [77.5846519, 12.9457761], [77.584605, 12.9457717], [77.5845784, 12.9457564], [77.5845435, 12.9457296], [77.5845244, 12.9456997], [77.5844969, 12.9456533], [77.5844768, 12.9456069], [77.5844429, 12.9455594], [77.5844006, 12.9455048], [77.5843509, 12.9454583], [77.5842949, 12.9454023], [77.5842609, 12.9453772], [77.5842283, 12.9453658], [77.5841643, 12.9453652], [77.584134, 12.9453629], [77.5840596, 12.9453263], [77.5840021, 12.9452918], [77.5839356, 12.9452541], [77.5839089, 12.9452376], [77.583897, 12.9452234], [77.5837781, 12.9450481], [77.5837341, 12.9449946], [77.583705, 12.9449288], [77.5836909, 12.9448614], [77.5836781, 12.9448281], [77.5836664, 12.9448027], [77.5836314, 12.9447594], [77.5836192, 12.9447399], [77.583572, 12.9446599], [77.5835362, 12.9445562], [77.5834547, 12.944427], [77.5833469, 12.9443467], [77.5831713, 12.9442212], [77.5829081, 12.9439972], [77.5828496, 12.9439679], [77.582783, 12.9439537], [77.5826734, 12.9439393], [77.5813187, 12.9438952], [77.5812573, 12.9438993], [77.5812213, 12.9439158], [77.5811748, 12.9439888], [77.5807405, 12.9439934], [77.5807394, 12.9448967], [77.5807356, 12.9479161], [77.5807353, 12.9481876]]}"
way/31227892,yes,footway,LineString,"{""type"": ""LineString"", ""coordinates"": [[77.5852703, 12.9473536], [77.5852996, 12.9470456]]}"
way/31227895,yes,footway,LineString,"{""type"": ""LineString"", ""coordinates"": [[77.5852996, 12.9470456], [77.5853302, 12.9465497], [77.5853791, 12.9462804], [77.5853853, 12.9460722], [77.5853945, 12.9459486], [77.5851281, 12.9451355], [77.5849567, 12.9446978], [77.5848741, 12.9442264]]}"
way/31231534,yes,tertiary,LineString,"{""type"": ""LineString"", ""coordinates"": [[77.6358584, 12.9610108], [77.6366718, 12.960934], [77.6386078, 12.9607514]]}"
way/31756224,yes,tertiary,LineString,"{""type"": ""LineString"", ""coordinates"": [[77.6639315, 12.9895299], [77.6635718, 12.989716], [77.6634583, 12.9897663], [77.6632744, 12.9898586], [77.6631309, 12.9899499], [77.6628707, 12.9901838], [77.66264, 12.9903694], [77.6624954, 12.9904535], [77.6624651, 12.990465], [77.6623876, 12.9904945], [77.6622483, 12.9904918], [77.6622238, 12.9904901], [77.6618371, 12.9905037], [77.6610531, 12.9905905], [77.6605002, 12.9906737], [77.6604161, 12.9906868], [77.660326, 12.9907008], [77.6600958, 12.9907345], [77.6600544, 12.9907396], [77.6598632, 12.9907632], [77.6595635, 12.990809], [77.6593422, 12.9908429], [77.6585265, 12.990961], [77.6580714, 12.9910123], [77.6578854, 12.9910336], [77.6576591, 12.9910747], [77.657377, 12.9911105], [77.6573072, 12.9911193], [77.6571505, 12.9911672], [77.6571046, 12.9912508]]}"
way/32266734,yes,residential,LineString,"{""type"": ""LineString"", ""coordinates"": [[77.6111819, 12.9159254], [77.6111819, 12.9153431], [77.6111874, 12.9147184]]}"
way/32266748,yes,residential,LineString,"{""type"": ""LineString"", ""coordinates"": [[77.610564, 12.9159336], [77.6105284, 12.9140078], [77.610529, 12.9126216]]}"
way/32266753,yes,residential,LineString,"{""type"": ""LineString"", ""coordinates"": [[77.6108987, 12.9159301], [77.6108489, 12.9143814], [77.6108489, 12.9140124], [77.6108535, 12.9137773], [77.6108485, 12.913537], [77.6108441, 12.9132953], [77.6108283, 12.9125734]]}"
way/32266817,yes,residential,LineString,"{""type"": ""LineString"", ""coordinates"": [[77.6111874, 12.9147184], [77.6116214, 12.9146287], [77.6121185, 12.914529], [77.6123922, 12.9144742], [77.6127227, 12.9143543], [77.6129991, 12.9142502], [77.6132211, 12.9141734], [77.6133416, 12.9141391], [77.6136636, 12.9140195], [77.6139371, 12.9139137], [77.6142438, 12.9138624]]}"
way/32266840,yes,residential,LineString,"{""type"": ""LineString"", ""coordinates"": [[77.6122583, 12.916417], [77.6122548, 12.9163784], [77.612212, 12.9159085], [77.6121185, 12.914529]]}"
way/32266887,yes,residential,LineString,"{""type"": ""LineString"", ""coordinates"": [[77.6125551, 12.915917], [77.6123922, 12.9144742], [77.6123084, 12.9141154], [77.6122442, 12.9137262], [77.6121901, 12.9135026], [77.6121184, 12.9132406]]}"
way/32266896,yes,residential,LineString,"{""type"": ""LineString"", ""coordinates"": [[77.6128558, 12.9159244], [77.6127227, 12.9143543]]}"
way/32266911,yes,residential,LineString,"{""type"": ""LineString"", ""coordinates"": [[77.6131732, 12.9159322], [77.6129991, 12.9142502], [77.612878, 12.9139785], [77.6127693, 12.9135988], [77.6126887, 12.9133707]]}"
way/32290989,yes,residential,LineString,"{""type"": ""LineString"", ""coordinates"": [[77.622914, 12.9356987], [77.6243458, 12.9373454], [77.6243653, 12.9373679]]}"
way/32291053,yes,residential,LineString,"{""type"": ""LineString"", ""coordinates"": [[77.6245649, 12.9379093], [77.6247999, 12.9376068], [77.6250277, 12.9373022], [77.6252191, 12.9370676], [77.6254756, 12.9367372]]}"
way/32291067,yes,residential,LineString,"{""type"": ""LineString"", ""coordinates"": [[77.6247999, 12.9376068], [77.6253307, 12.9379988]]}"
way/35133687,yes,residential,LineString,"{""type"": ""LineString"", ""coordinates"": [[77.6419, 12.9708256], [77.6423957, 12.9708383], [77.6428471, 12.9708498], [77.6432713, 12.9708605], [77.6436867, 12.9708713], [77.6441049, 12.970882], [77.6445448, 12.9708932], [77.6449588, 12.9709045]]}"
way/35133711,yes,residential,LineString,"{""type"": ""LineString"", ""coordinates"": [[77.6417484, 12.9738771], [77.6417683, 12.973349], [77.6418347, 12.9720342], [77.6419, 12.9708256], [77.6419316, 12.970323], [77.641934, 12.9702849]]}"
way/35212627,yes,residential,LineString,"{""type"": ""LineString"", ""coordinates"": [[77.6174583, 13.0019511], [77.6176655, 13.0024441], [77.6178271, 13.0028161], [77.6179873, 13.0031964], [77.6181441, 13.0035742]]}"
way/35277207,yes,tertiary,LineString,"{""type"": ""LineString"", ""coordinates"": [[77.5936445, 12.9887644], [77.5936998, 12.9888043], [77.5940629, 12.9891531], [77.5943487, 12.9894616], [77.5944881, 12.9896282], [77.5945761, 12.989727], [77.5946888, 12.9898562], [77.5947391, 12.989914]]}"
way/35344945,yes,tertiary,LineString,"{""type"": ""LineString"", ""coordinates"": [[77.6630181, 12.9568762], [77.6630563, 12.9570602], [77.6631301, 12.9574161], [77.6633464, 12.9581723], [77.6634371, 12.9584896], [77.6635156, 12.9588024], [77.6635197, 12.9588206], [77.6635402, 12.9588892]]}"
way/36054475,yes,residential,LineString,"{""type"": ""LineString"", ""coordinates"": [[77.6410581, 12.9756441], [77.6411042, 12.9756456], [77.6416813, 12.975663], [77.6422676, 12.9756821], [77.6425944, 12.9756927], [77.6428741, 12.9757018], [77.6434665, 12.975721], [77.6446222, 12.9757586], [77.6448202, 12.975765], [77.6449424, 12.9757689], [77.6454914, 12.9757867], [77.6460523, 12.9758049], [77.6466908, 12.9758257], [77.6467377, 12.9758272]]}"
way/36054478,yes,residential,LineString,"{""type"": ""LineString"", ""coordinates"": [[77.6410151, 12.9766264], [77.6410604, 12.9766278], [77.6416448, 12.9766464], [77.6422257, 12.9766649], [77.6428175, 12.9766837], [77.6434253, 12.976703], [77.6441658, 12.9767266], [77.645449, 12.9767674], [77.6459938, 12.9767847]]}"
way/36054714,yes,residential,LineString,"{""type"": ""LineString"", ""coordinates"": [[77.6417484, 12.9738771], [77.6417274, 12.9744143], [77.6417062, 12.9749864], [77.6416813, 12.975663], [77.6416448, 12.9766464]]}"
way/36054720,yes,residential,LineString,"{""type"": ""LineString"", ""coordinates"": [[77.6442483, 12.9772671], [77.6442296, 12.9777065], [77.6442263, 12.9777738], [77.6442232, 12.9778277], [77.6441904, 12.9784092], [77.6441879, 12.9784527]]}"
way/36054721,yes,residential,LineString,"{""type"": ""LineString"", ""coordinates"": [[77.6417062, 12.9749864], [77.643494, 12.9750577], [77.644032, 12.9750791], [77.6449652, 12.9751163], [77.6460907, 12.9751612]]}"
way/36054773,no,residential,LineString,"{""type"": ""LineString"", ""coordinates"": [[77.6428571, 12.9787801], [77.642871, 12.9785433], [77.6428734, 12.9785034], [77.6428777, 12.9784075]]}"
way/36054774,no,residential,LineString,"{""type"": ""LineString"", ""coordinates"": [[77.6428571, 12.9787801], [77.6429898, 12.9790828], [77.6430197, 12.9791514]]}"
way/36327869,yes,residential,LineString,"{""type"": ""LineString"", ""coordinates"": [[77.6415028, 12.9668211], [77.6414133, 12.9668411], [77.6413613, 12.966857], [77.6413309, 12.9668632], [77.6412346, 12.9668854], [77.6409964, 12.9669607], [77.6406187, 12.9670801], [77.640213, 12.9672103], [77.6401475, 12.9672272]]}"
way/36721603,yes,secondary,LineString,"{""type"": ""LineString"", ""coordinates"": [[77.5614976, 12.9826828], [77.5616789, 12.9826417]]}"
way/36731507,no,residential,LineString,"{""type"": ""LineString"", ""coordinates"": [[77.5600524, 13.0090431], [77.5604469, 13.0090394], [77.5604748, 13.0090378], [77.5607926, 13.009028], [77.5611166, 13.0090204], [77.5613961, 13.0090125], [77.5620147, 13.008993], [77.5622564, 13.0089843]]}"
way/36731509,yes,trunk_link,LineString,"{""type"": ""LineString"", ""coordinates"": [[77.5549852, 13.0154141], [77.5548506, 13.0153653], [77.5547351, 13.0153374], [77.554496, 13.0153113], [77.5543865, 13.0152972], [77.55433, 13.0152799], [77.5542793, 13.0152412], [77.5542136, 13.0151641], [77.5541948, 13.015053], [77.5541934, 13.014989], [77.5541821, 13.0147906], [77.5541062, 13.0146826]]}"
way/36731511,yes,secondary,LineString,"{""type"": ""LineString"", ""coordinates"": [[77.5607259, 13.0077178], [77.5608184, 13.0077149], [77.5608298, 13.0077145], [77.5611436, 13.0077046], [77.5612162, 13.0077021]]}"
way/36777712,yes,residential,LineString,"{""type"": ""LineString"", ""coordinates"": [[77.5611436, 13.0077046], [77.5611428, 13.0077461], [77.5611312, 13.0083694], [77.5611166, 13.0090204]]}"
way/36777713,yes,residential,LineString,"{""type"": ""LineString"", ""coordinates"": [[77.5613961, 13.0090125], [77.5614047, 13.0083605], [77.561418, 13.0077357], [77.5614189, 13.0076923]]}"
way/36777821,yes,secondary,LineString,"{""type"": ""LineString"", ""coordinates"": [[77.5588757, 13.0180838], [77.55876, 13.0181051], [77.5585901, 13.0181843], [77.5585286, 13.0182176], [77.5581724, 13.0184178], [77.5580876, 13.0184732], [77.5580357, 13.0184938], [77.5579816, 13.0185033], [77.5579553, 13.0185097], [77.5577887, 13.0184864]]}"
way/36852351,yes,primary,LineString,"{""type"": ""LineString"", ""coordinates"": [[77.595081, 12.9666796], [77.5951123, 12.9665662], [77.5951391, 12.9664694], [77.5951691, 12.9663867], [77.5951853, 12.9663361], [77.5952036, 12.9662907], [77.5952255, 12.9662362], [77.5952658, 12.9661547], [77.5952791, 12.966131], [77.5954261, 12.9659076], [77.5956891, 12.9655239], [77.5958136, 12.9653487], [77.5959105, 12.9652286], [77.5959968, 12.9651535], [77.5960612, 12.9651162], [77.5961828, 12.9650479], [77.5963127, 12.964999]]}"
way/36852353,yes,primary,LineString,"{""type"": ""LineString"", ""coordinates"": [[77.5984806, 12.9650439], [77.5972642, 12.9648823], [77.5970111, 12.9648184], [77.5968558, 12.9646942], [77.5965689, 12.9641342], [77.5963801, 12.9638035], [77.5962548, 12.9635936], [77.5961311, 12.9634144]]}"
way/36853146,yes,primary,LineString,"{""type"": ""LineString"", ""coordinates"": [[77.5931953, 12.9584317], [77.5930476, 12.9580395], [77.5930224, 12.9579705], [77.5928942, 12.9576497], [77.5928774, 12.9576027], [77.5927679, 12.9573095], [77.5927415, 12.9572348], [77.5925577, 12.9567465], [77.5923176, 12.9561077], [77.5922909, 12.9560371]]}"
way/36882310,yes,unclassified,LineString,"{""type"": ""LineString"", ""coordinates"": [[77.5914632, 12.9759713], [77.5915754, 12.9758608], [77.5917439, 12.9757014], [77.5919944, 12.9755016], [77.5921512, 12.9753876], [77.5925797, 12.9751676], [77.5926799, 12.9751179]]}"
way/36897703,yes,primary,LineString,"{""type"": ""LineString"", ""coordinates"": [[77.593651, 12.9599876], [77.593721, 12.9601965], [77.5937694, 12.9603232], [77.5942564, 12.9615997], [77.5944602, 12.9621229], [77.5944681, 12.9621574]]}"
way/36897704,yes,primary,LineString,"{""type"": ""LineString"", ""coordinates"": [[77.5879415, 12.9668448], [77.5878287, 12.9667068], [77.5877754, 12.9666416], [77.5877592, 12.9666193], [77.5874991, 12.9663201], [77.5869253, 12.9656578], [77.5868123, 12.965494]]}"
way/36907507,yes,primary,LineString,"{""type"": ""LineString"", ""coordinates"": [[77.5810143, 12.9730658], [77.580855, 12.9731382], [77.5807176, 12.9732006], [77.5803009, 12.9733899], [77.5801184, 12.9734729], [77.5798051, 12.9736153], [77.579778, 12.9736276], [77.5793892, 12.9738042], [77.5789579, 12.9740033], [77.5787581, 12.9740956], [77.578559, 12.9741875], [77.5783373, 12.9742899], [77.5782468, 12.9743317], [77.5777267, 12.9745472], [77.577639, 12.9745836], [77.5774667, 12.9746549], [77.5773485, 12.9747039]]}"
way/36912471,no,tertiary,LineString,"{""type"": ""LineString"", ""coordinates"": [[77.5886072, 12.9904658], [77.5886379, 12.9904475], [77.5887795, 12.990402], [77.5888407, 12.990392], [77.5889358, 12.9903765], [77.5891596, 12.99034], [77.5891841, 12.990338], [77.5892987, 12.9903198], [77.5897128, 12.9903486], [77.590006, 12.9903791], [77.5904266, 12.9904072], [77.5905487, 12.9904154], [77.5909071, 12.9904393], [77.5910041, 12.9904458], [77.5910268, 12.9904449], [77.5911842, 12.990439], [77.5916215, 12.9904224], [77.591845, 12.9903909], [77.5927032, 12.989754], [77.5927267, 12.9897374], [77.5928227, 12.9896577]]}"
way/36913433,yes,tertiary,LineString,"{""type"": ""LineString"", ""coordinates"": [[77.6099455, 12.9650689], [77.6100138, 12.9651268], [77.6101328, 12.965273], [77.6103672, 12.9656482], [77.6104504, 12.965771], [77.6105762, 12.965917], [77.6107857, 12.9661236], [77.610898, 12.9662343], [77.6111582, 12.9665508], [77.6112821, 12.966779], [77.6112983, 12.9669319], [77.6112878, 12.9669918], [77.6112737, 12.9670316], [77.6112318, 12.9671397]]}"
way/36913434,yes,secondary,LineString,"{""type"": ""LineString"", ""coordinates"": [[77.5992296, 12.9765722], [77.5991521, 12.9765135], [77.5991167, 12.9764894], [77.5987758, 12.976243], [77.5985482, 12.9760757], [77.5984411, 12.975997], [77.5982649, 12.9758675], [77.5976688, 12.9754346], [77.5975811, 12.9753732], [77.5973362, 12.9752005], [77.5971708, 12.9750868], [77.5969938, 12.974963], [77.5968764, 12.9748764], [77.5966076, 12.9746556], [77.5960041, 12.9741523], [77.5959319, 12.9740925], [77.595774, 12.973962], [77.595425, 12.9736733], [77.5952849, 12.9735589], [77.5950978, 12.9733879], [77.5949249, 12.9731793], [77.5948818, 12.9731258], [77.5942499, 12.9723557]]}"
way/36961957,yes,tertiary,LineString,"{""type"": ""LineString"", ""coordinates"": [[77.6695417, 12.9230009], [77.6695517, 12.9231641], [77.6695624, 12.9233008], [77.6695836, 12.9235662], [77.6696293, 12.9246161], [77.6696451, 12.9249926], [77.6696505, 12.9250462], [77.6696612, 12.9250945], [77.669684, 12.9251794]]}"
way/36965408,yes,primary,LineString,"{""type"": ""LineString"", ""coordinates"": [[77.5857023, 12.9539378], [77.5868733, 12.9529472], [77.5870677, 12.9528106], [77.5876508, 12.9525986], [77.5891348, 12.9520798], [77.5893313, 12.9520112], [77.590012, 12.9517732], [77.5901998, 12.9517241], [77.590239, 12.9517139]]}"
way/36970815,yes,secondary,LineString,"{""type"": ""LineString"", ""coordinates"": [[77.6314006, 12.981568], [77.6313401, 12.9816198], [77.6310829, 12.9815953], [77.6307682, 12.9815654], [77.6303659, 12.9815066], [77.6298903, 12.9814818], [77.6295684, 12.9815061], [77.6293479, 12.9815371], [77.6290539, 12.9815999], [77.6290167, 12.9816076], [77.6284718, 12.9817204], [77.6282264, 12.9817611], [77.6280181, 12.9818033], [77.6275708, 12.9818969], [77.6273788, 12.9819371], [77.6267692, 12.9820647], [77.6265728, 12.9820604], [77.6260939, 12.982037], [77.6258674, 12.9820082], [77.6256368, 12.981982], [77.6254731, 12.9819637], [77.6252478, 12.9819376], [77.6250333, 12.9819141], [77.6247945, 12.9818932], [77.6245317, 12.9818592], [77.6240998, 12.9818226], [77.6238316, 12.9818043], [77.6236573, 12.9817729], [77.6233516, 12.9816557], [77.6232203, 12.9815923], [77.6231855, 12.9815767], [77.6230894, 12.9815241]]}"
way/36970818,yes,tertiary,LineString,"{""type"": ""LineString"", ""coordinates"": [[77.6117965, 12.9844973], [77.6118098, 12.9846631], [77.6118043, 12.9849575], [77.6118017, 12.9850975], [77.6117986, 12.9852617], [77.6117931, 12.9855533], [77.6117966, 12.9855806], [77.6118336, 12.9857906], [77.6118789, 12.9859296], [77.6118857, 12.9859558], [77.6119895, 12.9862029], [77.612053, 12.9863307], [77.6124415, 12.9869846], [77.6125587, 12.9871915], [77.6125918, 12.987284], [77.6126898, 12.9875536], [77.6127764, 12.987829], [77.6128215, 12.9879807], [77.6129867, 12.9885116], [77.6132134, 12.9892151], [77.6138361, 12.9904468], [77.6138653, 12.9905046], [77.6139065, 12.9905649]]}"
way/36982659,yes,residential,LineString,"{""type"": ""LineString"", ""coordinates"": [[77.6109886, 12.9955683], [77.6106915, 12.9957414], [77.6105839, 12.9957996], [77.6104727, 12.9958633], [77.6101748, 12.9960338], [77.6101113, 12.9960701], [77.6100197, 12.9961156], [77.6098822, 12.9962013], [77.6096978, 12.9963068], [77.6090958, 12.9966513], [77.6089476, 12.9967353], [77.6084522, 12.9970159], [77.6083328, 12.99708], [77.6078333, 12.9973666]]}"
way/36982684,no,secondary,LineString,"{""type"": ""LineString"", ""coordinates"": [[77.5879935, 13.0168784], [77.5881301, 13.0168692], [77.5882663, 13.0168308], [77.5888154, 13.0168457], [77.5893282, 13.0168657], [77.5896544, 13.0169415], [77.5898096, 13.0170313], [77.5902627, 13.0170106], [77.590657, 13.0168505], [77.5908574, 13.0167692], [77.5909754, 13.0166812], [77.5914089, 13.0163613]]}"
way/37107652,yes,tertiary,LineString,"{""type"": ""LineString"", ""coordinates"": [[77.5769587, 13.0273761], [77.5776925, 13.0272552], [77.5777863, 13.0272433], [77.5779455, 13.0272153], [77.5781169, 13.0271852], [77.5783823, 13.0271386], [77.5786655, 13.0270889], [77.5789431, 13.0270299], [77.5789951, 13.0270201], [77.579273, 13.0269678], [77.579458, 13.0269319], [77.5797151, 13.0268892], [77.5797294, 13.0268868], [77.5797877, 13.0268779], [77.5798309, 13.0268902]]}"
way/37339420,yes,primary,LineString,"{""type"": ""LineString"", ""coordinates"": [[77.5857168, 12.9555213], [77.5858166, 12.9554918], [77.586628, 12.955307], [77.5869851, 12.9552169], [77.587329, 12.95513], [77.5878807, 12.9549907], [77.5883346, 12.9548487], [77.5887383, 12.954715], [77.5890915, 12.9545981], [77.5891509, 12.9545789], [77.5895601, 12.9544375], [77.5898018, 12.9543559], [77.5899454, 12.9543119], [77.5901047, 12.9542609], [77.5902093, 12.9542271]]}"
way/37699615,yes,trunk,LineString,"{""type"": ""LineString"", ""coordinates"": [[77.6870875, 12.9918576], [77.6877185, 12.99102], [77.6882588, 12.9902763]]}"
way/37723407,yes,trunk_link,LineString,"{""type"": ""LineString"", ""coordinates"": [[77.6647352, 12.9954031], [77.6647509, 12.9954884], [77.6647726, 12.9956537], [77.6647723, 12.9958073], [77.6647544, 12.9959465], [77.6647177, 12.9960748], [77.6646496, 12.9962304], [77.6644747, 12.9965421], [77.6644016, 12.9966724], [77.664413, 12.9968261]]}"
way/37723488,yes,residential,LineString,"{""type"": ""LineString"", ""coordinates"": [[77.6941489, 12.961886], [77.6930387, 12.9616849], [77.6919556, 12.9614886], [77.6908657, 12.9612912], [77.6907715, 12.9612741], [77.690723, 12.9612653]]}"
way/37723507,yes,footway,LineString,"{""type"": ""LineString"", ""coordinates"": [[77.6765887, 13.0004429], [77.6767462, 13.0005048], [77.676999, 13.0005579], [77.6773014, 13.0005619], [77.6773511, 13.0005625], [77.6774725, 13.0005442], [77.6774742, 13.0005277]]}"
way/38042285,yes,tertiary,LineString,"{""type"": ""LineString"", ""coordinates"": [[77.6058898, 12.9136143], [77.6057653, 12.9135983], [77.6056522, 12.9135908], [77.6047418, 12.9135302], [77.6041773, 12.9134757], [77.604048, 12.9134772], [77.6037921, 12.9134801], [77.6034041, 12.9134845], [77.6030898, 12.9134941], [77.6027405, 12.9134894]]}"
way/38096705,yes,tertiary,LineString,"{""type"": ""LineString"", ""coordinates"": [[77.5544688, 12.9915498], [77.5544974, 12.9919472], [77.554535, 12.9927707], [77.5545487, 12.9930562], [77.554555, 12.9931975], [77.5545708, 12.9935551], [77.5545728, 12.9936357], [77.5545959, 12.9945617], [77.5545821, 12.9946667], [77.5543538, 12.9950423]]}"
way/38108994,yes,residential,LineString,"{""type"": ""LineString"", ""coordinates"": [[77.6469537, 12.9735203], [77.6468796, 12.9735166], [77.646841, 12.9735149], [77.6459634, 12.9734844], [77.6454887, 12.9734681], [77.645192, 12.9734602], [77.6448404, 12.9734496], [77.6443854, 12.9734348], [77.6436157, 12.9734098], [77.6431553, 12.9733949], [77.6426992, 12.9733795], [77.6422799, 12.9733661], [77.6417683, 12.973349]]}"
way/38109072,yes,residential,LineString,"{""type"": ""LineString"", ""coordinates"": [[77.6428471, 12.9708498], [77.6427742, 12.9720582], [77.6426992, 12.9733795]]}"
way/38109112,yes,residential,LineString,"{""type"": ""LineString"", ""coordinates"": [[77.6449588, 12.9709045], [77.6449247, 12.9716868], [77.6448838, 12.9726548], [77.6448404, 12.9734496], [77.6448226, 12.9739768]]}"
way/38522039,yes,primary,LineString,"{""type"": ""LineString"", ""coordinates"": [[77.6129703, 12.9738898], [77.6129091, 12.9739041], [77.6126693, 12.9739603]]}"
way/38535107,yes,residential,LineString,"{""type"": ""LineString"", ""coordinates"": [[77.5718952, 12.99598], [77.5727447, 12.9959682]]}"
way/38535108,yes,residential,LineString,"{""type"": ""LineString"", ""coordinates"": [[77.5719061, 12.9952725], [77.5727662, 12.9953115]]}"
way/38535109,yes,residential,LineString,"{""type"": ""LineString"", ""coordinates"": [[77.571925, 12.994582], [77.5725212, 12.994606]]}"
way/38535111,yes,service,LineString,"{""type"": ""LineString"", ""coordinates"": [[77.5739095, 12.9940394], [77.5738464, 12.9940306], [77.5728584, 12.9939377], [77.5728072, 12.9939352]]}"
way/38541465,yes,residential,LineString,"{""type"": ""LineString"", ""coordinates"": [[77.5702898, 12.9714547], [77.5703224, 12.9714531], [77.5707005, 12.9714419], [77.5707994, 12.9714352], [77.5709585, 12.9714087], [77.5712617, 12.9713569], [77.571473, 12.9713126], [77.571573, 12.9712916], [77.5720011, 12.9712018]]}"
way/38541490,yes,residential,LineString,"{""type"": ""LineString"", ""coordinates"": [[77.5758379, 12.9724962], [77.5756752, 12.9721963], [77.5756372, 12.9721452], [77.5755538, 12.9720516], [77.5755381, 12.9720366], [77.5757477, 12.971827], [77.5757813, 12.9717977], [77.5760036, 12.9716602]]}"
way/38541495,yes,residential,LineString,"{""type"": ""LineString"", ""coordinates"": [[77.57658, 12.9730881], [77.57653, 12.9729816], [77.5764413, 12.9726877], [77.5763625, 12.9724942], [77.5762127, 12.9722608]]}"
way/38684970,yes,primary,LineString,"{""type"": ""LineString"", ""coordinates"": [[77.5746648, 12.9742752], [77.5746606, 12.9743621], [77.5746391, 12.9745604], [77.5746691, 12.9748205], [77.5746978, 12.9750029], [77.5747547, 12.9754468], [77.5747569, 12.9754668], [77.5747838, 12.9755462], [77.5748102, 12.9756772], [77.5748299, 12.9759817], [77.5748429, 12.9761596], [77.5748052, 12.976477], [77.5747687, 12.9766096], [77.5746172, 12.9769933], [77.5744934, 12.9771702], [77.5743944, 12.9773116], [77.5742749, 12.9774604], [77.5742335, 12.9775119], [77.5742187, 12.9775304], [77.5741987, 12.9775553], [77.5738041, 12.9780468], [77.5735066, 12.9783696], [77.5734094, 12.9784867], [77.5733274, 12.9785228], [77.5732778, 12.9785769], [77.5731925, 12.9786698]]}"
way/38753430,yes,trunk,LineString,"{""type"": ""LineString"", ""coordinates"": [[77.6791928, 12.8360095], [77.6786672, 12.8373825], [77.6785442, 12.8376447], [77.678442, 12.8378385], [77.6783507, 12.8380073], [77.6782612, 12.838147], [77.6781265, 12.8383467], [77.6778054, 12.8387715], [77.67778, 12.8388061], [77.6773993, 12.8393108], [77.6770035, 12.8398085], [77.6769299, 12.8399067]]}"
way/38772816,yes,residential,LineString,"{""type"": ""LineString"", ""coordinates"": [[77.6129532, 12.9667466], [77.6124587, 12.9663904], [77.6124512, 12.9663849], [77.6121339, 12.9661565], [77.6117563, 12.9658487], [77.611687, 12.9657434], [77.6118252, 12.965614], [77.612036, 12.9654164], [77.6121077, 12.9651403], [77.6121721, 12.9649882], [77.6124712, 12.9647247]]}"
way/38858193,yes,tertiary,LineString,"{""type"": ""LineString"", ""coordinates"": [[77.5738186, 13.0138883], [77.5739016, 13.013495], [77.5739218, 13.0133994], [77.5740102, 13.0131865], [77.574315, 13.0128602]]}"
way/38858206,yes,residential,LineString,"{""type"": ""LineString"", ""coordinates"": [[77.5747634, 13.0147431], [77.5747663, 13.0146762], [77.5747904, 13.014113], [77.5748438, 13.0134727]]}"
way/38858221,yes,residential,LineString,"{""type"": ""LineString"", ""coordinates"": [[77.5737968, 13.0140389], [77.5747904, 13.014113], [77.5759123, 13.0141536], [77.5773023, 13.0140921], [77.5784678, 13.0140404], [77.5796696, 13.0139871]]}"
way/39158766,yes,tertiary,LineString,"{""type"": ""LineString"", ""coordinates"": [[77.6224553, 12.9983059], [77.6224707, 12.9983457], [77.622735, 12.9990315], [77.6228671, 12.9993612], [77.6230109, 12.9997279], [77.6232185, 13.0002572], [77.6234328, 13.0008035], [77.6235801, 13.0011567], [77.6236774, 13.0014599]]}"
way/39158767,yes,residential,LineString,"{""type"": ""LineString"", ""coordinates"": [[77.6225392, 13.0011282], [77.6229627, 13.000981], [77.6233997, 13.0008155], [77.6234328, 13.0008035], [77.6234504, 13.0007976], [77.6239076, 13.0006467], [77.6239926, 13.0006177], [77.6244216, 13.0004749], [77.6245932, 13.0004177], [77.6255381, 13.0001032], [77.6256276, 13.0000734]]}"
way/39158793,yes,residential,LineString,"{""type"": ""LineString"", ""coordinates"": [[77.6238916, 12.9985934], [77.6234427, 12.9987633], [77.6227566, 12.9990229], [77.622735, 12.9990315], [77.622703, 12.9990427], [77.6218879, 12.9993474]]}"
way/39158794,yes,residential,LineString,"{""type"": ""LineString"", ""coordinates"": [[77.6221463, 13.000004], [77.6229823, 12.9997371], [77.6230109, 12.9997279], [77.6230379, 12.9997182], [77.6245145, 12.9992037], [77.6245482, 12.9991902]]}"
way/39158795,yes,residential,LineString,"{""type"": ""LineString"", ""coordinates"": [[77.6223453, 13.0005554], [77.6231873, 13.0002693], [77.6232185, 13.0002572], [77.6232403, 13.0002492], [77.6234488, 13.0001753], [77.6238346, 13.0000385], [77.6249754, 12.999634], [77.6250024, 12.9996244]]}"
way/39158796,yes,residential,LineString,"{""type"": ""LineString"", ""coordinates"": [[77.6264096, 13.0004971], [77.6263866, 13.000538], [77.6263214, 13.0005879], [77.6262891, 13.0006021], [77.6259777, 13.000705], [77.6256591, 13.0008103], [77.6242603, 13.0012625], [77.6238518, 13.0014039], [77.6236939, 13.0014543], [77.6236774, 13.0014599], [77.6236563, 13.0014672], [77.6231713, 13.0016274], [77.6227358, 13.0017615]]}"
way/39158797,yes,residential,LineString,"{""type"": ""LineString"", ""coordinates"": [[77.6270652, 13.0009979], [77.6270533, 13.0010123], [77.6254824, 13.0016383]]}"
way/39297571,yes,residential,LineString,"{""type"": ""LineString"", ""coordinates"": [[77.6417274, 12.9744143], [77.642611, 12.974451], [77.6435173, 12.9744886], [77.6438857, 12.9745035]]}"
way/39461695,yes,tertiary,LineString,"{""type"": ""LineString"", ""coordinates"": [[77.6241351, 13.0069766], [77.6239404, 13.0065254], [77.6237082, 13.006024], [77.6235131, 13.0056087], [77.6233407, 13.0051917], [77.623221, 13.0049082], [77.6231907, 13.0048021], [77.6231617, 13.0047027], [77.6231222, 13.004567], [77.6230598, 13.0043526], [77.6229793, 13.0042183], [77.6228947, 13.0040772], [77.6227041, 13.0037591], [77.6221538, 13.0028592], [77.6221318, 13.0028233]]}"
way/39461944,yes,residential,LineString,"{""type"": ""LineString"", ""coordinates"": [[77.6201416, 13.0038713], [77.6201559, 13.0038986], [77.6205895, 13.0047298], [77.6207939, 13.0051136], [77.6231222, 13.004567]]}"
way/39461945,yes,residential,LineString,"{""type"": ""LineString"", ""coordinates"": [[77.6227041, 13.0037591], [77.6226646, 13.0037871], [77.6225138, 13.0039214], [77.6223123, 13.004101], [77.6215749, 13.0044446], [77.6205895, 13.0047298]]}"
way/39541514,yes,secondary,LineString,"{""type"": ""LineString"", ""coordinates"": [[77.553787, 13.0154823], [77.553704, 13.0157948], [77.5536419, 13.0161223], [77.5535856, 13.0168308], [77.5535157, 13.0172727], [77.5532326, 13.0184485], [77.5532144, 13.0185353]]}"
way/39541581,yes,primary,LineString,"{""type"": ""LineString"", ""coordinates"": [[77.5535192, 13.0126123], [77.5533055, 13.0125061], [77.5530445, 13.0123707], [77.5529373, 13.0123272], [77.5528562, 13.0123161], [77.5526518, 13.0122237], [77.5526166, 13.0122066], [77.5521297, 13.0119918], [77.5519588, 13.011911], [77.551769, 13.011816], [77.5516172, 13.01174], [77.5514206, 13.0116202], [77.5510168, 13.0113956]]}"
way/39807385,yes,residential,LineString,"{""type"": ""LineString"", ""coordinates"": [[77.6235533, 13.004524], [77.6236015, 13.0045156], [77.6241855, 13.0043058], [77.6247138, 13.004088], [77.6247256, 13.0040831]]}"
way/39807386,yes,residential,LineString,"{""type"": ""LineString"", ""coordinates"": [[77.6245639, 13.0036841], [77.6245524, 13.0036887], [77.6235071, 13.0041076]]}"
way/39807387,yes,residential,LineString,"{""type"": ""LineString"", ""coordinates"": [[77.6252048, 13.0055901], [77.6252167, 13.0055862], [77.62553, 13.0054792], [77.6258615, 13.005368], [77.6262275, 13.0052276], [77.6265839, 13.0050935], [77.6269663, 13.0049496]]}"
way/39807388,yes,residential,LineString,"{""type"": ""LineString"", ""coordinates"": [[77.6297745, 13.0044429], [77.6270927, 13.0053575], [77.6260338, 13.0057831]]}"
way/39807390,yes,residential,LineString,"{""type"": ""LineString"", ""coordinates"": [[77.6253411, 13.0059582], [77.6253344, 13.0059607], [77.6249524, 13.0061059], [77.6246424, 13.0062266], [77.6243128, 13.0063718], [77.6239404, 13.0065254]]}"
way/40341209,yes,residential,LineString,"{""type"": ""LineString"", ""coordinates"": [[77.6440983, 12.9703395], [77.6440994, 12.9702899], [77.6441197, 12.9696924], [77.6441409, 12.9691078], [77.6441569, 12.9686665]]}"
way/40693525,yes,residential,LineString,"{""type"": ""LineString"", ""coordinates"": [[77.6079683, 12.9071051], [77.607684, 12.9071778], [77.6075951, 12.9071871], [77.60739, 12.9072086], [77.6072227, 12.9072287], [77.6070877, 12.907245], [77.6069432, 12.907252], [77.6065405, 12.9073043], [77.6062119, 12.9073416]]}"
way/40693526,yes,residential,LineString,"{""type"": ""LineString"", ""coordinates"": [[77.605706, 12.9082014], [77.6058553, 12.9088841], [77.6059664, 12.9094931]]}"
way/40693530,yes,residential,LineString,"{""type"": ""LineString"", ""coordinates"": [[77.603706, 12.9116574], [77.6037154, 12.910958]]}"
way/40693546,yes,residential,LineString,"{""type"": ""LineString"", ""coordinates"": [[77.6099833, 12.9108387], [77.6107131, 12.9107259], [77.6112887, 12.9106339], [77.6119236, 12.9105325], [77.6125127, 12.910499]]}"
way/40696194,yes,residential,LineString,"{""type"": ""LineString"", ""coordinates"": [[77.6107301, 12.9184044], [77.6111968, 12.9183293], [77.6115432, 12.9182736]]}"
way/40696216,yes,trunk,LineString,"{""type"": ""LineString"", ""coordinates"": [[77.6607534, 12.8604137], [77.6599862, 12.8613796], [77.6588594, 12.8627984], [77.6575347, 12.8644786], [77.6572345, 12.8648572], [77.6554267, 12.8671374], [77.6551325, 12.8675085], [77.6533866, 12.8697175]]}"
way/40696221,yes,trunk,LineString,"{""type"": ""LineString"", ""coordinates"": [[77.6219355, 12.9186638], [77.6219816, 12.918593], [77.6223393, 12.9180437], [77.6228925, 12.9171404], [77.6240446, 12.9151188]]}"
way/40696222,yes,trunk,LineString,"{""type"": ""LineString"", ""coordinates"": [[77.6239418, 12.9150658], [77.6233472, 12.9161431], [77.6227896, 12.9171082], [77.6227353, 12.9171967], [77.6224757, 12.91762], [77.6218568, 12.918616]]}"
way/40696223,yes,trunk,LineString,"{""type"": ""LineString"", ""coordinates"": [[77.6208647, 12.9202307], [77.6209061, 12.9201591], [77.6209846, 12.9200598], [77.6213541, 12.9195205], [77.6214053, 12.9194475]]}"
way/41181487,yes,motorway_link,LineString,"{""type"": ""LineString"", ""coordinates"": [[77.4772248, 13.056143], [77.4771283, 13.0555082]]}"
way/41181488,no,motorway,LineString,"{""type"": ""LineString"", ""coordinates"": [[77.4756356, 13.0405084], [77.475993, 13.038056], [77.47604, 13.0376681], [77.4760824, 13.0372547], [77.4761041, 13.0368424], [77.476117, 13.0364453], [77.4761128, 13.0361481], [77.4760809, 13.0356091], [77.4760278, 13.0350455], [77.4759292, 13.0341155], [77.475832, 13.0332689], [77.4757158, 13.0322588], [77.4756267, 13.0313888], [77.4755939, 13.0310472], [77.4755636, 13.0307309], [77.4755499, 13.0305883], [77.4755017, 13.029952], [77.4754781, 13.0294162], [77.4754593, 13.0287441], [77.4754495, 13.0279584], [77.4754779, 13.0261756], [77.4754814, 13.0257947], [77.4755372, 13.0236128], [77.4755523, 13.0232939], [77.4756793, 13.0222633], [77.47578, 13.0216317], [77.47591, 13.020816], [77.475939, 13.0206067], [77.475992, 13.0201384], [77.4760984, 13.0190468], [77.4761435, 13.018358], [77.4761671, 13.0176798], [77.4761725, 13.0171674], [77.4761748, 13.0169476], [77.4761691, 13.0164307], [77.4761632, 13.0160582]]}"
way/41206189,yes,residential,LineString,"{""type"": ""LineString"", ""coordinates"": [[77.5844133, 13.097962], [77.584363, 13.0979827], [77.5839256, 13.0981876], [77.5838281, 13.0982596], [77.5836256, 13.0983946], [77.583561, 13.0984381], [77.5834266, 13.0985286], [77.5832078, 13.098676], [77.5828519, 13.0989437]]}"
way/41206192,yes,residential,LineString,"{""type"": ""LineString"", ""coordinates"": [[77.5835373, 13.0977736], [77.5834694, 13.0978222], [77.5833239, 13.0979104], [77.5831819, 13.0980039], [77.5830435, 13.0981025], [77.5829092, 13.0982062], [77.5828926, 13.09822], [77.5827666, 13.0983253], [77.5826293, 13.0984502], [77.5824974, 13.0985804], [77.5821722, 13.0989418], [77.5819427, 13.099282], [77.5817, 13.0996409], [77.5814999, 13.1000689], [77.5813825, 13.1005339], [77.5813616, 13.1006148]]}"
way/41206196,yes,residential,LineString,"{""type"": ""LineString"", ""coordinates"": [[77.5810907, 13.0998523], [77.5807038, 13.0997399], [77.5801572, 13.0995811], [77.5798573, 13.099494], [77.5790456, 13.0992581], [77.5778642, 13.0989149], [77.5776153, 13.0988426], [77.5773792, 13.098774], [77.577343, 13.0987635]]}"
way/41206210,yes,residential,LineString,"{""type"": ""LineString"", ""coordinates"": [[77.5819057, 13.0979742], [77.581489, 13.0984112], [77.5807914, 13.099495], [77.5807038, 13.0997399]]}"
way/41206217,yes,residential,LineString,"{""type"": ""LineString"", ""coordinates"": [[77.583567, 13.0972368], [77.583399, 13.0968657], [77.583197, 13.0963746], [77.5827769, 13.0954847], [77.5826918, 13.0953044], [77.5823776, 13.0946107], [77.5822324, 13.0942902], [77.5821288, 13.0940614], [77.581991, 13.0937749], [77.5819707, 13.0937281]]}"
way/41206218,yes,residential,LineString,"{""type"": ""LineString"", ""coordinates"": [[77.5823776, 13.0946107], [77.5820473, 13.0947791], [77.5817379, 13.0949517], [77.5811897, 13.095308], [77.5807724, 13.0956167], [77.5804724, 13.0958989], [77.580185, 13.0962092]]}"
way/41206219,yes,residential,LineString,"{""type"": ""LineString"", ""coordinates"": [[77.5822324, 13.0942902], [77.5816545, 13.0946072], [77.5810125, 13.0950267], [77.5803781, 13.0955355], [77.5799194, 13.0959579]]}"
way/41206220,yes,residential,LineString,"{""type"": ""LineString"", ""coordinates"": [[77.5811897, 13.095308], [77.5810125, 13.0950267], [77.5808751, 13.0948172], [77.5806929, 13.0945468], [77.5806663, 13.0944942]]}"
way/41206221,yes,residential,LineString,"{""type"": ""LineString"", ""coordinates"": [[77.5821288, 13.0940614], [77.581558, 13.0943751], [77.5808751, 13.0948172], [77.5802135, 13.0953531], [77.5797669, 13.0957943]]}"
way/41206222,yes,residential,LineString,"{""type"": ""LineString"", ""coordinates"": [[77.583197, 13.0963746], [77.5828798, 13.0965526], [77.5817726, 13.0973014], [77.5814931, 13.0975221]]}"
way/41206223,yes,residential,LineString,"{""type"": ""LineString"", ""coordinates"": [[77.5828798, 13.0965526], [77.5827042, 13.0962142], [77.582559, 13.095897], [77.5824407, 13.0956386], [77.5820473, 13.0947791]]}"
way/41206226,yes,residential,LineString,"{""type"": ""LineString"", ""coordinates"": [[77.5827042, 13.0962142], [77.5824583, 13.0963592], [77.5818384, 13.096785], [77.5815342, 13.0970354]]}"
way/41206228,yes,residential,LineString,"{""type"": ""LineString"", ""coordinates"": [[77.5822983, 13.0960533], [77.581914, 13.0952791], [77.5817379, 13.0949517]]}"
way/41206229,yes,residential,LineString,"{""type"": ""LineString"", ""coordinates"": [[77.582559, 13.095897], [77.5822983, 13.0960533], [77.5816219, 13.0965585]]}"
way/41206232,yes,residential,LineString,"{""type"": ""LineString"", ""coordinates"": [[77.5831561, 13.0951107], [77.5831228, 13.0951246], [77.5826918, 13.0953044]]}"
way/41206238,yes,residential,LineString,"{""type"": ""LineString"", ""coordinates"": [[77.583399, 13.0968657], [77.582983, 13.0971146], [77.5820963, 13.0977584], [77.5818615, 13.0979289]]}"
way/41206239,yes,residential,LineString,"{""type"": ""LineString"", ""coordinates"": [[77.5858322, 13.0926893], [77.5858683, 13.0932343], [77.5858861, 13.0934955], [77.5859494, 13.0944263], [77.586015, 13.0956466], [77.586048, 13.0961898]]}"
way/41206240,yes,residential,LineString,"{""type"": ""LineString"", ""coordinates"": [[77.5878893, 13.0963655], [77.5869959, 13.096206], [77.5864164, 13.0961961], [77.586048, 13.0961898], [77.585246, 13.0962558], [77.5844324, 13.0964602], [77.5838983, 13.0966446], [77.5838411, 13.0966643]]}"
way/41206242,yes,residential,LineString,"{""type"": ""LineString"", ""coordinates"": [[77.586015, 13.0956466], [77.5855172, 13.0956927], [77.5844171, 13.0959169], [77.5836944, 13.0961532], [77.583625, 13.0961742]]}"
way/41206243,yes,residential,LineString,"{""type"": ""LineString"", ""coordinates"": [[77.5834347, 13.0957425], [77.5835047, 13.0957202], [77.5840189, 13.0955562], [77.5843704, 13.0954426], [77.5847208, 13.0953776], [77.5851248, 13.0953026], [77.5854839, 13.0952376]]}"
way/41206244,yes,residential,LineString,"{""type"": ""LineString"", ""coordinates"": [[77.5855172, 13.0956927], [77.5854839, 13.0952376], [77.5854513, 13.0944698], [77.5853678, 13.0933069]]}"
way/41206246,yes,residential,LineString,"{""type"": ""LineString"", ""coordinates"": [[77.5858683, 13.0932343], [77.5853678, 13.0933069], [77.5849799, 13.0933753], [77.5842509, 13.0935401], [77.5841698, 13.0935584], [77.5832899, 13.0937725], [77.582729, 13.0939828], [77.5827122, 13.0939891], [77.5826688, 13.0940054]]}"
way/41206254,yes,residential,LineString,"{""type"": ""LineString"", ""coordinates"": [[77.5832899, 13.0937725], [77.583427, 13.0941079], [77.5835841, 13.0944923], [77.5840189, 13.0955562]]}"
way/41206255,yes,residential,LineString,"{""type"": ""LineString"", ""coordinates"": [[77.5851248, 13.0953026], [77.5850691, 13.0941322], [77.5850368, 13.0937281], [77.5849874, 13.0934216], [77.5849799, 13.0933753]]}"
way/41206262,yes,residential,LineString,"{""type"": ""LineString"", ""coordinates"": [[77.5844324, 13.0964602], [77.5846026, 13.0968171], [77.5847886, 13.09726], [77.5849845, 13.0977476], [77.5852635, 13.0984629], [77.585438, 13.0988955], [77.585465, 13.0989619]]}"
way/41206263,yes,residential,LineString,"{""type"": ""LineString"", ""coordinates"": [[77.5852635, 13.0984629], [77.5857132, 13.0983524], [77.5860121, 13.0983373], [77.5863067, 13.0983225], [77.5870163, 13.0984155]]}"
way/41206264,yes,residential,LineString,"{""type"": ""LineString"", ""coordinates"": [[77.5871312, 13.0981353], [77.5868235, 13.0980733], [77.5862198, 13.0980384], [77.5859281, 13.0980584]]}"
way/41206265,yes,residential,LineString,"{""type"": ""LineString"", ""coordinates"": [[77.5847886, 13.09726], [77.5852322, 13.0971763], [77.5855236, 13.0971396], [77.5858258, 13.0971015], [77.5865472, 13.0970517], [77.5872175, 13.0971065], [77.5875303, 13.0971616]]}"
way/41206266,yes,residential,LineString,"{""type"": ""LineString"", ""coordinates"": [[77.5872175, 13.0971065], [77.5868235, 13.0980733]]}"
way/41206267,yes,residential,LineString,"{""type"": ""LineString"", ""coordinates"": [[77.5862198, 13.0980384], [77.5858258, 13.0971015]]}"
way/41206268,yes,residential,LineString,"{""type"": ""LineString"", ""coordinates"": [[77.5855236, 13.0971396], [77.5859281, 13.0980584], [77.5860121, 13.0983373]]}"
way/41206269,yes,residential,LineString,"{""type"": ""LineString"", ""coordinates"": [[77.5857132, 13.0983524], [77.5852322, 13.0971763]]}"
way/41752358,yes,tertiary,LineString,"{""type"": ""LineString"", ""coordinates"": [[77.7367139, 12.9977853], [77.7368222, 12.9977825], [77.7369734, 12.9977971], [77.7381723, 12.9980346], [77.7384789, 12.9980959], [77.7387581, 12.998152], [77.7392618, 12.9982515], [77.739588, 12.9984953], [77.7407832, 12.9987291], [77.7412164, 12.9987931], [77.7416133, 12.9988547], [77.741906, 12.9988942], [77.7423085, 12.9989207], [77.7424496, 12.9988265], [77.7434313, 12.9988866], [77.7438015, 12.9988883], [77.7445525, 12.9988918], [77.7449173, 12.9988552], [77.7450188, 12.9988437], [77.7451208, 12.9988381], [77.745223, 12.9988384], [77.745325, 12.9988448], [77.7454483, 12.9988604], [77.745563, 12.9989681]]}"
way/41953037,yes,secondary,LineString,"{""type"": ""LineString"", ""coordinates"": [[77.577149, 13.099343], [77.5769852, 13.0993055], [77.5766743, 13.0992087], [77.5764651, 13.0991493], [77.5763771, 13.0991242], [77.5762275, 13.0990895], [77.5750697, 13.0988762], [77.5749343, 13.0989004], [77.574524, 13.0988182], [77.5744766, 13.0988091], [77.5742246, 13.0987643], [77.5741109, 13.0987387], [77.5740039, 13.0987181], [77.5738309, 13.0986847], [77.5730412, 13.0985239], [77.5722321, 13.098361], [77.5711429, 13.0981677], [77.5709491, 13.0981359], [77.5705331, 13.0980755], [77.5703724, 13.0980712], [77.5702984, 13.0980686], [77.5701808, 13.0980645], [77.570097, 13.0980615], [77.5692141, 13.0980302], [77.5689295, 13.0979975], [77.5682804, 13.097913], [77.5677141, 13.097837], [77.5675741, 13.0978182], [77.5675185, 13.0978002], [77.5674588, 13.097774], [77.5673004, 13.0977291], [77.5672594, 13.0977201], [77.5672064, 13.0977125], [77.5671495, 13.0977145], [77.5670956, 13.0977306], [77.5670518, 13.0977472], [77.5670041, 13.0977457], [77.566796, 13.0977326], [77.564047, 13.0975314], [77.563965, 13.0975269], [77.5639024, 13.0975278], [77.5638113, 13.097533], [77.5637221, 13.0975394], [77.5636876, 13.0975455], [77.5635031, 13.0975821], [77.5631303, 13.0976757], [77.5630989, 13.0976806], [77.563072, 13.0976848], [77.5630352, 13.0976862], [77.5630094, 13.0976852], [77.5629777, 13.097681], [77.5629502, 13.097671], [77.5629274, 13.0976587], [77.5629037, 13.0976388], [77.5628862, 13.0976178], [77.5628071, 13.0974759], [77.562696, 13.0972788], [77.5623453, 13.0966426], [77.5619349, 13.0958805], [77.561803, 13.0955934], [77.561623, 13.0951985], [77.5614708, 13.0947544], [77.561322, 13.0941509], [77.5611803, 13.0939092], [77.5611547, 13.0938655], [77.5606126, 13.0933581], [77.5602957, 13.0930666], [77.5595725, 13.0923888], [77.5595273, 13.0923455], [77.5593881, 13.0922103], [77.5588803, 13.091742], [77.5585307, 13.091418], [77.5584783, 13.0913821], [77.5576239, 13.0907966], [77.5569514, 13.0903358], [77.5567831, 13.0902205], [77.556584, 13.0898986], [77.5564598, 13.0896978], [77.5563543, 13.0895271], [77.5563189, 13.0894699], [77.5563011, 13.0894455], [77.5559735, 13.0889971], [77.5558392, 13.0887066], [77.5558201, 13.0886432], [77.55577, 13.0884776], [77.5557538, 13.0883799], [77.5557168, 13.0882123], [77.5557169, 13.0881075], [77.5557483, 13.0877809], [77.5557832, 13.0873503], [77.5557824, 13.0873371], [77.5557405, 13.0866028], [77.555691, 13.0863472], [77.5555576, 13.0860776], [77.5555223, 13.0860169]]}"
way/43469902,yes,residential,LineString,"{""type"": ""LineString"", ""coordinates"": [[77.6064037, 12.9678157], [77.6064688, 12.9678082], [77.6066435, 12.967725], [77.6067955, 12.9676544], [77.6078452, 12.9671635], [77.6079252, 12.9671235], [77.6086396, 12.9667974], [77.6086806, 12.9667589], [77.6087231, 12.9667181], [77.6087634, 12.9666654]]}"
way/44721635,yes,residential,LineString,"{""type"": ""LineString"", ""coordinates"": [[77.6595615, 12.9590191], [77.6595581, 12.9589608], [77.65946, 12.9580085], [77.65941, 12.957493]]}"
way/45258077,yes,residential,LineString,"{""type"": ""LineString"", ""coordinates"": [[77.676126, 12.9222668], [77.6761031, 12.9219451], [77.6760792, 12.9216645], [77.6760259, 12.9213844], [77.6760003, 12.9212644], [77.6759915, 12.9211975], [77.6759755, 12.9210758], [77.6759596, 12.9209229], [77.6759481, 12.9208387], [77.6759363, 12.9207524], [77.6759282, 12.9206931], [77.6759167, 12.92052], [77.6759127, 12.9204772], [77.6759102, 12.9204497], [77.6758903, 12.9202948], [77.6758592, 12.9200824], [77.6754128, 12.9201224], [77.6753805, 12.9199228], [77.6753446, 12.9197011], [77.675131, 12.9183805]]}"
way/45267538,yes,tertiary,LineString,"{""type"": ""LineString"", ""coordinates"": [[77.7012601, 12.9941163], [77.7012664, 12.9941761], [77.7012835, 12.99434], [77.7013314, 12.9947991], [77.701353, 12.9950607], [77.7013908, 12.9955194], [77.7013963, 12.9955795], [77.7014248, 12.9959857], [77.7014699, 12.9963313], [77.7014789, 12.9964234], [77.7014988, 12.996647], [77.7015012, 12.9966739], [77.7015472, 12.9971905], [77.7016045, 12.9978328], [77.7016293, 12.998111], [77.7016589, 12.9984428], [77.7016616, 12.9984679], [77.7017398, 12.999182], [77.7017482, 12.9992586], [77.7017544, 12.9993158], [77.7017558, 12.9993559]]}"
way/45298445,no,residential,LineString,"{""type"": ""LineString"", ""coordinates"": [[77.571638, 13.0085394], [77.5716366, 13.0084973], [77.571705, 13.0084157], [77.57205, 13.0080173]]}"
way/45444030,yes,primary,LineString,"{""type"": ""LineString"", ""coordinates"": [[77.5970634, 12.9845847], [77.5970549, 12.9845939], [77.5966778, 12.9850224], [77.5963443, 12.9853969], [77.5961928, 12.9855688], [77.5958965, 12.9859149], [77.5958488, 12.9859706], [77.5956351, 12.9862143], [77.5954928, 12.9863855], [77.595364, 12.9865388], [77.5951893, 12.9867536], [77.5951187, 12.9868482], [77.5950769, 12.9869053]]}"
way/45504059,yes,motorway,LineString,"{""type"": ""LineString"", ""coordinates"": [[77.4701869, 12.9029796], [77.4698273, 12.9039924]]}"
way/45504074,no,motorway,LineString,"{""type"": ""LineString"", ""coordinates"": [[77.4699009, 12.9460459], [77.4700002, 12.946586], [77.4701548, 12.9473831], [77.4703396, 12.948393], [77.4704454, 12.9489605], [77.4705485, 12.949585], [77.4706205, 12.9501625], [77.4707046, 12.9508745], [77.4707839, 12.9516186], [77.4708723, 12.9524555], [77.4709889, 12.9535035], [77.4711385, 12.9548336], [77.47123, 12.9557529], [77.4713039, 12.9563517], [77.4713282, 12.9570411], [77.4713515, 12.9580323], [77.4713397, 12.9588111], [77.4713254, 12.9597538], [77.4713219, 12.9601128], [77.4713175, 12.9608775], [77.4713099, 12.9625167], [77.4712912, 12.965135], [77.4712888, 12.9664245], [77.4712646, 12.968687], [77.471264, 12.9693426], [77.4712676, 12.970086], [77.4712503, 12.9712532], [77.4712466, 12.9719268], [77.4712438, 12.9731442], [77.4712444, 12.973829], [77.4712306, 12.9745758], [77.4711985, 12.9754375], [77.4711425, 12.9761721], [77.4710511, 12.977258], [77.4708975, 12.9792078], [77.4708297, 12.9800579], [77.4707701, 12.9807354], [77.4706649, 12.9820466], [77.470636, 12.9825038], [77.4706291, 12.9829295], [77.4706302, 12.9832047], [77.470643, 12.9833954], [77.4706561, 12.9835559], [77.4706902, 12.9838697], [77.4707781, 12.9844094], [77.4708262, 12.9846455], [77.4708711, 12.9848345], [77.4709189, 12.985018], [77.4710151, 12.9853194], [77.4711354, 12.9856995], [77.471348, 12.9862991], [77.4715257, 12.9868537], [77.4716646, 12.9872858], [77.4717605, 12.9876348], [77.4718637, 12.9880596], [77.4719853, 12.9886567]]}"
way/45738131,yes,trunk,LineString,"{""type"": ""LineString"", ""coordinates"": [[77.585173, 13.0251528], [77.5847519, 13.02352], [77.5846258, 13.0230409]]}"
way/45919149,yes,motorway,LineString,"{""type"": ""LineString"", ""coordinates"": [[77.4668926, 13.0587145], [77.4688359, 13.0582057], [77.4693828, 13.0580672]]}"
way/46952982,yes,residential,LineString,"{""type"": ""LineString"", ""coordinates"": [[77.6508881, 13.0125914], [77.6507355, 13.0122849], [77.6513569, 13.0118974], [77.651619, 13.0118], [77.652017, 13.0116426], [77.6520868, 13.0117291]]}"
way/46953200,yes,residential,LineString,"{""type"": ""LineString"", ""coordinates"": [[77.6515165, 13.0106649], [77.652017, 13.0116426]]}"
way/47971014,yes,residential,LineString,"{""type"": ""LineString"", ""coordinates"": [[77.5590386, 13.0106691], [77.5590193, 13.0100423], [77.5590157, 13.009721], [77.5590056, 13.0094015], [77.5589987, 13.0091332], [77.5590823, 13.0088234], [77.5591817, 13.0085179], [77.5592796, 13.0082126], [77.5593513, 13.0079279]]}"
way/47971023,no,tertiary,LineString,"{""type"": ""LineString"", ""coordinates"": [[77.5622564, 13.0089843], [77.5629649, 13.0089527], [77.5630379, 13.0089494], [77.5631913, 13.0089426]]}"
way/48166762,yes,unclassified,LineString,"{""type"": ""LineString"", ""coordinates"": [[77.6077326, 12.9743274], [77.6076409, 12.9743483], [77.6069506, 12.9745113], [77.6069187, 12.9745188], [77.6068128, 12.9745439], [77.606542, 12.9746081], [77.6063194, 12.9746597], [77.6062613, 12.9746734], [77.6061309, 12.9747032], [77.605951, 12.9747468], [77.6057645, 12.9747918], [77.6057121, 12.9748034], [77.6055843, 12.9748324], [77.6055212, 12.9748465], [77.6053438, 12.9748887], [77.6051418, 12.9749413], [77.6051351, 12.9749431], [77.6047852, 12.9750244], [77.6046942, 12.9750479], [77.6046678, 12.975054], [77.6042812, 12.9751524], [77.6041502, 12.9751867], [77.6040731, 12.9752046], [77.6035633, 12.9753321], [77.6033625, 12.9753824], [77.6030624, 12.9754575], [77.6028006, 12.9755231], [77.6027863, 12.9755262]]}"
way/48729759,yes,residential,LineString,"{""type"": ""LineString"", ""coordinates"": [[77.5548439, 13.0012017], [77.5545585, 13.0012195], [77.5542939, 13.0012363], [77.5540634, 13.001262], [77.5538597, 13.0012816], [77.5536954, 13.0012743], [77.5534948, 13.0012905], [77.5533662, 13.0012993], [77.553192, 13.0013428]]}"
way/48952393,yes,residential,LineString,"{""type"": ""LineString"", ""coordinates"": [[77.5806663, 13.0944942], [77.5806376, 13.0944535], [77.580503, 13.0942273], [77.5802591, 13.0936692], [77.5802448, 13.0936118], [77.5800355, 13.0930718], [77.5799331, 13.0928344]]}"
way/51869444,yes,footway,LineString,"{""type"": ""LineString"", ""coordinates"": [[77.5938077, 12.9771437], [77.5939021, 12.9770121], [77.5944571, 12.9764881], [77.5946713, 12.9762933], [77.5946883, 12.9762796]]}"
way/51869445,yes,footway,LineString,"{""type"": ""LineString"", ""coordinates"": [[77.5934661, 12.9767968], [77.5935018, 12.9767653], [77.5935936, 12.9766988], [77.5941364, 12.9762165], [77.5943713, 12.9759866]]}"
way/51869448,yes,footway,LineString,"{""type"": ""LineString"", ""coordinates"": [[77.5935842, 12.9761432], [77.5934826, 12.9762085], [77.5933468, 12.9762884], [77.5927929, 12.9764195], [77.5923837, 12.9765163]]}"
way/52020416,yes,footway,LineString,"{""type"": ""LineString"", ""coordinates"": [[77.5936019, 12.9770017], [77.5934544, 12.9771412], [77.5933814, 12.9772102]]}"
way/52032730,yes,service,LineString,"{""type"": ""LineString"", ""coordinates"": [[77.5913243, 12.9772392], [77.5913592, 12.9771987], [77.5913724, 12.9771834], [77.5917771, 12.9768217], [77.5921433, 12.9766433], [77.5930645, 12.97751], [77.5939744, 12.9784399], [77.5938316, 12.9785709]]}"
way/52057923,yes,unclassified,LineString,"{""type"": ""LineString"", ""coordinates"": [[77.5903795, 12.9759249], [77.5905811, 12.9760842], [77.5907442, 12.9761513], [77.5908512, 12.9761713], [77.5909672, 12.9761769], [77.5911287, 12.976158], [77.5913262, 12.9760864]]}"
way/52246044,yes,tertiary,LineString,"{""type"": ""LineString"", ""coordinates"": [[77.5971513, 12.9827271], [77.5972842, 12.9826708], [77.5974734, 12.9826053], [77.597875, 12.9824663], [77.5980314, 12.982415], [77.5983672, 12.9823021], [77.5988597, 12.9821412], [77.5989486, 12.9821105], [77.5993292, 12.9819793], [77.5995606, 12.9818995], [77.5998602, 12.9817962], [77.5998887, 12.9817864], [77.6001577, 12.981694], [77.6002213, 12.9816721], [77.6004298, 12.9816005], [77.6006644, 12.9815199], [77.6007293, 12.9814976], [77.6009838, 12.9814101], [77.6012441, 12.9813207], [77.6013577, 12.9812816]]}"
way/53624303,yes,footway,LineString,"{""type"": ""LineString"", ""coordinates"": [[77.5852703, 12.9473536], [77.5854039, 12.9473588], [77.5855776, 12.9474876], [77.585636, 12.9475498]]}"
way/53624309,yes,pedestrian,LineString,"{""type"": ""LineString"", ""coordinates"": [[77.5858421, 12.9477215], [77.5859758, 12.9477852], [77.5860705, 12.9478225], [77.5864095, 12.9478962], [77.586597, 12.9479165], [77.586742, 12.9479215], [77.588077, 12.9478006]]}"
way/53754963,no,motorway,LineString,"{""type"": ""LineString"", ""coordinates"": [[77.6205012, 12.8608227], [77.6193342, 12.8599062], [77.6190444, 12.8596786], [77.618435, 12.8592057], [77.6171385, 12.8581585], [77.6164355, 12.8575967], [77.6158439, 12.8571783], [77.6155875, 12.8570066], [77.6151599, 12.8567429], [77.6147218, 12.8564958], [77.6141948, 12.856221], [77.6137166, 12.8559939], [77.6132765, 12.8558007], [77.6129844, 12.8556839], [77.6125267, 12.8555008], [77.6124735, 12.8554839], [77.6117943, 12.8552677], [77.6114107, 12.8551563], [77.6109256, 12.8550288], [77.6105072, 12.8549428], [77.6100921, 12.8548664], [77.608197, 12.8545802], [77.607653, 12.854487], [77.6073157, 12.8544109], [77.6069591, 12.8543183], [77.60678, 12.8542657], [77.6060536, 12.8540528]]}"
way/53754968,no,motorway,LineString,"{""type"": ""LineString"", ""coordinates"": [[77.6343639, 12.8669956], [77.6348751, 12.8669958], [77.6351342, 12.8669893], [77.6356034, 12.8669646], [77.6360771, 12.8669249], [77.6366614, 12.866857], [77.6375144, 12.8667484], [77.6378804, 12.8666878], [77.638596, 12.8665523], [77.6389909, 12.8664649], [77.6394258, 12.866366], [77.6399512, 12.8662291], [77.6404158, 12.8661], [77.6409244, 12.8659454], [77.6414209, 12.8657637], [77.6420138, 12.865556], [77.6424875, 12.865374], [77.6433209, 12.8650341], [77.6436861, 12.8648657], [77.6441481, 12.8646488], [77.6448557, 12.8642765], [77.6465041, 12.8634437], [77.64788, 12.8627436], [77.6490148, 12.8621667], [77.6501132, 12.8616317], [77.651693, 12.8609116], [77.6519994, 12.8607727], [77.6527907, 12.8604087], [77.653013, 12.8603083], [77.6532111, 12.8602176], [77.6533856, 12.8601377], [77.6535371, 12.8600697], [77.6536496, 12.8600164], [77.6537295, 12.8599816], [77.6544712, 12.8596417]]}"
way/53754972,no,motorway,LineString,"{""type"": ""LineString"", ""coordinates"": [[77.6339734, 12.8668247], [77.6333523, 12.8667954], [77.632783, 12.8667464], [77.6321697, 12.8666694], [77.631745, 12.8665989], [77.6313576, 12.8665283], [77.6308197, 12.8663947], [77.630431, 12.866298], [77.630179, 12.8662277]]}"
way/53754973,no,motorway,LineString,"{""type"": ""LineString"", ""coordinates"": [[77.6343518, 12.8668314], [77.6339734, 12.8668247]]}"
way/53754974,no,motorway,LineString,"{""type"": ""LineString"", ""coordinates"": [[77.6292301, 12.8659226], [77.6291255, 12.8658805]]}"
way/53849116,yes,footway,LineString,"{""type"": ""LineString"", ""coordinates"": [[77.5514095, 13.0237977], [77.5511478, 13.0242863]]}"
way/53849117,yes,footway,LineString,"{""type"": ""LineString"", ""coordinates"": [[77.5515608, 13.0238786], [77.5514095, 13.0237977], [77.5510287, 13.0235942]]}"
way/53861548,yes,,LineString,"{""type"": ""LineString"", ""coordinates"": [[77.5683984, 12.977605], [77.5684462, 12.9777977], [77.5686768, 12.9787262], [77.5687158, 12.978872], [77.5687767, 12.9790645], [77.5688483, 12.979254], [77.5689214, 12.9794437], [77.5690021, 12.9796267], [77.5690843, 12.9798059], [77.5691036, 12.9798462]]}"
way/53861558,yes,,LineString,"{""type"": ""LineString"", ""coordinates"": [[77.5689071, 12.9798851], [77.5688961, 12.9798707], [77.5688221, 12.9797686], [77.5687378, 12.97964], [77.5686491, 12.979488], [77.5685851, 12.9793645], [77.5685126, 12.9792117], [77.5684527, 12.9790722], [77.5684035, 12.9789504], [77.5683491, 12.9787757], [77.5683023, 12.9786141], [77.5682668, 12.9784664], [77.5681145, 12.9776582]]}"
way/53861694,yes,,LineString,"{""type"": ""LineString"", ""coordinates"": [[77.5686039, 12.981179], [77.5685384, 12.9810275], [77.5684801, 12.9808841], [77.5684185, 12.9807101], [77.5683802, 12.9805882], [77.568329, 12.9804155], [77.5682817, 12.9802563], [77.5682263, 12.9800443], [77.568174, 12.9798159], [77.5681428, 12.979657], [77.5681026, 12.9794614], [77.5680839, 12.9793669], [77.5678143, 12.9779456], [77.5677628, 12.9776669]]}"
way/53861697,yes,,LineString,"{""type"": ""LineString"", ""coordinates"": [[77.5691297, 12.9803043], [77.5690262, 12.9801929], [77.5688734, 12.9799804], [77.5687322, 12.9797748], [77.568659, 12.9796733], [77.5685731, 12.9795282], [77.5685144, 12.9794144], [77.5684347, 12.9792526], [77.5682995, 12.97893], [77.5682422, 12.9787334], [77.5681943, 12.9785288], [77.5680525, 12.9777799], [77.5679772, 12.9774085], [77.5678762, 12.9768225], [77.5677658, 12.9762356]]}"
way/53861700,yes,,LineString,"{""type"": ""LineString"", ""coordinates"": [[77.5677324, 12.9762403], [77.5677274, 12.9763698], [77.567728, 12.9764562], [77.5677855, 12.9767138], [77.5678061, 12.976834], [77.5679072, 12.97742], [77.5679661, 12.9777897], [77.5682368, 12.9791693], [77.5683191, 12.9797349], [77.5683755, 12.9800311], [77.5684411, 12.9803097], [77.5685117, 12.9805778], [77.5685895, 12.9808257], [77.5687066, 12.9811389]]}"
way/54174752,yes,footway,LineString,"{""type"": ""LineString"", ""coordinates"": [[77.5811748, 12.9439888], [77.5811633, 12.9440886], [77.5812491, 12.9444864], [77.5813841, 12.9449048], [77.5814869, 12.9452236], [77.581565, 12.9459846], [77.5816772, 12.9463772], [77.5816798, 12.9463864], [77.5817185, 12.9465217], [77.5817682, 12.9468276], [77.5817777, 12.9468858], [77.5817708, 12.9469527], [77.5817365, 12.9473393], [77.5817173, 12.9474369], [77.5816705, 12.947491], [77.5815795, 12.9475642], [77.5815025, 12.9476416], [77.5814531, 12.9476998], [77.58141, 12.9477647], [77.5813851, 12.9478242], [77.5813602, 12.9478922], [77.5813321, 12.9480031], [77.5813253, 12.9480299], [77.5813173, 12.9481094], [77.5813186, 12.9481948], [77.5813413, 12.948262], [77.5813671, 12.9483086], [77.5814174, 12.9483309], [77.5814899, 12.9483446], [77.5815874, 12.9483462], [77.5816865, 12.9483306], [77.5817362, 12.9483056]]}"
way/54174754,no,footway,LineString,"{""type"": ""LineString"", ""coordinates"": [[77.5830703, 12.9501806], [77.5829524, 12.9502123], [77.5827924, 12.9502553]]}"
way/54174761,yes,steps,LineString,"{""type"": ""LineString"", ""coordinates"": [[77.5873936, 12.9495909], [77.5871036, 12.9496663]]}"
way/57373276,no,motorway,LineString,"{""type"": ""LineString"", ""coordinates"": [[77.6060008, 12.8542084], [77.6067143, 12.8544204], [77.607127, 12.8545379], [77.607343, 12.8545913], [77.6076309, 12.8546521], [77.6079702, 12.8547174], [77.6091542, 12.854893], [77.6099836, 12.8550207], [77.6103495, 12.8550816], [77.610709, 12.8551564], [77.6114127, 12.8553324], [77.6118679, 12.8554661], [77.6123799, 12.8556326], [77.612769, 12.855777], [77.6134201, 12.8560448], [77.6138722, 12.8562518], [77.6142296, 12.8564275], [77.6147704, 12.8567128], [77.6154625, 12.8571279], [77.6157934, 12.8573506], [77.6162355, 12.8576603], [77.6168486, 12.8581427], [77.6200921, 12.8607152], [77.6206012, 12.8611077], [77.6208367, 12.8612794], [77.6212163, 12.861529], [77.6221116, 12.8620642], [77.6246999, 12.8636918], [77.6252646, 12.8640403], [77.6259237, 12.8644532], [77.6262571, 12.864679], [77.6266968, 12.8649413], [77.6270553, 12.8651357], [77.6272776, 12.8652629], [77.6276009, 12.8654278], [77.6282038, 12.8656952], [77.629015, 12.8660161]]}"
way/57373278,no,motorway,LineString,"{""type"": ""LineString"", ""coordinates"": [[77.5998478, 12.853661], [77.5999384, 12.8536639]]}"
way/57373279,no,motorway,LineString,"{""type"": ""LineString"", ""coordinates"": [[77.5999401, 12.8535016], [77.5998547, 12.8534985]]}"
way/57373280,no,motorway,LineString,"{""type"": ""LineString"", ""coordinates"": [[77.5998547, 12.8534985], [77.5971959, 12.853401], [77.5970378, 12.8533929], [77.5969511, 12.8533881], [77.5960596, 12.8533428], [77.5956741, 12.8533094], [77.5953752, 12.8532625], [77.5951211, 12.8532114], [77.5948869, 12.8531453], [77.5946526, 12.8530591], [77.5944529, 12.8529737], [77.59425, 12.8528829], [77.594068, 12.8527915], [77.5939274, 12.852712], [77.5937879, 12.8526261], [77.5936536, 12.8525342], [77.5934747, 12.8523995], [77.5932819, 12.8522436], [77.592921, 12.851923], [77.5928087, 12.8518217]]}"
way/59153587,no,residential,LineString,"{""type"": ""LineString"", ""coordinates"": [[77.6201301, 12.869024], [77.6195417, 12.869116], [77.6192283, 12.869165], [77.6189138, 12.8692151], [77.6185836, 12.8692677], [77.6185102, 12.8692794]]}"
way/59158604,yes,residential,LineString,"{""type"": ""LineString"", ""coordinates"": [[77.6192283, 12.869165], [77.6190329, 12.8682107]]}"
way/59260165,yes,footway,LineString,"{""type"": ""LineString"", ""coordinates"": [[77.562283, 13.0175666], [77.5623384, 13.0176536], [77.5623758, 13.0177069], [77.5624693, 13.0178604]]}"
way/59260172,yes,footway,LineString,"{""type"": ""LineString"", ""coordinates"": [[77.5627692, 13.0172625], [77.5626079, 13.0173634], [77.562283, 13.0175666]]}"
way/59358750,yes,residential,LineString,"{""type"": ""LineString"", ""coordinates"": [[77.6400563, 12.9824062], [77.640059, 12.982363], [77.6400865, 12.9816132], [77.6401189, 12.980757], [77.640121, 12.9807008], [77.6401416, 12.980158], [77.6401462, 12.9800213], [77.6401485, 12.9799734], [77.6401935, 12.9787926], [77.640206, 12.9784613], [77.6402082, 12.9784018]]}"
way/59358805,yes,residential,LineString,"{""type"": ""LineString"", ""coordinates"": [[77.6400107, 12.9726141], [77.6401083, 12.9706571]]}"
way/59358835,yes,residential,LineString,"{""type"": ""LineString"", ""coordinates"": [[77.6397403, 12.9783812], [77.6397379, 12.9784452], [77.63968, 12.9799683], [77.6396502, 12.980756]]}"
way/59358858,yes,residential,LineString,"{""type"": ""LineString"", ""coordinates"": [[77.6386374, 12.972571], [77.6386416, 12.9724627], [77.638642, 12.9724532], [77.638679, 12.9715084], [77.6386827, 12.971433], [77.6387007, 12.9710681], [77.6387336, 12.9705728], [77.638767, 12.9701266], [77.6387736, 12.9700379], [77.6387771, 12.9699848], [77.6387783, 12.9699662], [77.6388072, 12.9695264], [77.6388805, 12.9684058]]}"
way/61418801,yes,residential,LineString,"{""type"": ""LineString"", ""coordinates"": [[77.6820619, 12.9766895], [77.6824661, 12.9765161], [77.6827862, 12.976358], [77.6831329, 12.9762047], [77.6833498, 12.9761027]]}"
way/61418835,yes,residential,LineString,"{""type"": ""LineString"", ""coordinates"": [[77.682062, 12.9732461], [77.6809479, 12.9735282], [77.6802387, 12.9737309]]}"
way/66080925,yes,residential,LineString,"{""type"": ""LineString"", ""coordinates"": [[77.6475955, 12.9750178], [77.6476378, 12.9743274], [77.6476522, 12.9735754], [77.6475278, 12.9732789], [77.6475135, 12.9731094]]}"
way/70537554,no,motorway,LineString,"{""type"": ""LineString"", ""coordinates"": [[77.531759, 12.9282182], [77.5315828, 12.9306186], [77.5314488, 12.9323413], [77.5314222, 12.9326625], [77.5313977, 12.9329588], [77.5313735, 12.9332523], [77.5313661, 12.9333413]]}"
way/70537556,no,motorway,LineString,"{""type"": ""LineString"", ""coordinates"": [[77.4947206, 12.87841], [77.4945511, 12.8782362], [77.4942997, 12.8779642]]}"
way/70537568,yes,motorway,LineString,"{""type"": ""LineString"", ""coordinates"": [[77.5225525, 12.859902], [77.5235026, 12.8595077], [77.5242264, 12.8592074], [77.5251596, 12.8588202], [77.5253925, 12.8587318], [77.5260471, 12.8584834], [77.5272619, 12.8580404]]}"
way/70537571,no,motorway,LineString,"{""type"": ""LineString"", ""coordinates"": [[77.5317814, 12.9279383], [77.531759, 12.9282182]]}"
way/70537573,no,motorway,LineString,"{""type"": ""LineString"", ""coordinates"": [[77.531352, 12.9155722], [77.5314729, 12.9167224], [77.5316331, 12.9179677], [77.5317315, 12.918752], [77.5318068, 12.9192836], [77.5318853, 12.9199951], [77.5319452, 12.9204812], [77.532041, 12.9212736], [77.532106, 12.9222598], [77.5321194, 12.9230341], [77.5321014, 12.9235798], [77.532065, 12.9243417], [77.5319727, 12.9254926], [77.5317814, 12.9279383]]}"
way/70537574,no,motorway,LineString,"{""type"": ""LineString"", ""coordinates"": [[77.4946681, 12.8792256], [77.4945672, 12.8794249], [77.4944632, 12.8795952], [77.4942915, 12.8798284], [77.4941534, 12.8799946], [77.494011, 12.8801562], [77.4938546, 12.8803255], [77.4937321, 12.8804348], [77.4935535, 12.8805929], [77.4929234, 12.8811167], [77.4913294, 12.8823918], [77.4905444, 12.8830207], [77.4901774, 12.8833118], [77.4892194, 12.8840725], [77.4885683, 12.8845899], [77.4876214, 12.8853672], [77.4869027, 12.8859921], [77.4862924, 12.8865831], [77.485524, 12.8873569], [77.4849397, 12.8879436], [77.4843767, 12.8885211], [77.4838096, 12.8890798], [77.4834275, 12.8894513], [77.483166, 12.8896944], [77.4829149, 12.8899186], [77.4812434, 12.891338], [77.4809661, 12.891572], [77.4798429, 12.8925197], [77.4797793, 12.8925733], [77.4785204, 12.8936355], [77.4774271, 12.89456], [77.477178, 12.8947685], [77.4769378, 12.8949695], [77.4767295, 12.8951438], [77.4765057, 12.8953222], [77.4763267, 12.895473]]}"
way/70537575,no,motorway,LineString,"{""type"": ""LineString"", ""coordinates"": [[77.5223929, 12.859758], [77.522168, 12.8598555]]}"
way/70537581,no,motorway,LineString,"{""type"": ""LineString"", ""coordinates"": [[77.5221365, 12.8600797], [77.5225525, 12.859902]]}"
way/70537582,no,motorway,LineString,"{""type"": ""LineString"", ""coordinates"": [[77.5014477, 12.8840599], [77.5017868, 12.8842609]]}"
way/70537585,no,motorway,LineString,"{""type"": ""LineString"", ""coordinates"": [[77.5278798, 12.9076358], [77.5281096, 12.9080233]]}"
way/71519007,yes,trunk,LineString,"{""type"": ""LineString"", ""coordinates"": [[77.5400778, 13.0289633], [77.5402066, 13.0288941], [77.5402538, 13.0288702], [77.5403175, 13.0288378], [77.5403533, 13.0288129], [77.5405026, 13.0287274]]}"
way/72092652,yes,residential,LineString,"{""type"": ""LineString"", ""coordinates"": [[77.6239404, 13.0065254], [77.6238063, 13.0065734], [77.6231215, 13.0068454], [77.6230955, 13.0068558], [77.6230245, 13.0068837]]}"
way/72092664,yes,tertiary,LineString,"{""type"": ""LineString"", ""coordinates"": [[77.6220139, 13.0077171], [77.6221579, 13.0077099], [77.6226836, 13.0075281], [77.6232292, 13.0073224], [77.6241351, 13.0069766], [77.6245333, 13.0068254], [77.6248431, 13.0067076], [77.6249099, 13.0066823], [77.625154, 13.0065895], [77.6255199, 13.0064505], [77.6255293, 13.0064469], [77.6255507, 13.0064388], [77.6258226, 13.0063355], [77.6258769, 13.0063149], [77.626073, 13.0062409], [77.6260952, 13.0062306], [77.6261125, 13.0062179], [77.6261564, 13.0061794], [77.6261848, 13.006161], [77.6272244, 13.0057106]]}"
way/72092666,yes,residential,LineString,"{""type"": ""LineString"", ""coordinates"": [[77.6245333, 13.0068254], [77.6243128, 13.0063718], [77.6240682, 13.0058587]]}"
way/72092670,yes,residential,LineString,"{""type"": ""LineString"", ""coordinates"": [[77.6235131, 13.0056087], [77.6226168, 13.0060126]]}"
way/72385155,yes,residential,LineString,"{""type"": ""LineString"", ""coordinates"": [[77.6227041, 13.0037591], [77.622981, 13.0035417], [77.6233523, 13.0032501], [77.6241892, 13.0028237], [77.6242029, 13.0028167]]}"
way/72431593,yes,residential,LineString,"{""type"": ""LineString"", ""coordinates"": [[77.6237082, 13.006024], [77.6240682, 13.0058587], [77.6244176, 13.0057035]]}"
way/72431594,yes,residential,LineString,"{""type"": ""LineString"", ""coordinates"": [[77.6233523, 13.0032501], [77.6234507, 13.0036629], [77.6235071, 13.0041076], [77.6235533, 13.004524]]}"
way/72431595,yes,residential,LineString,"{""type"": ""LineString"", ""coordinates"": [[77.6234507, 13.0036629], [77.6243835, 13.0032978], [77.6243954, 13.0032932]]}"
way/72431596,yes,residential,LineString,"{""type"": ""LineString"", ""coordinates"": [[77.6237082, 13.006024], [77.6228002, 13.0064463]]}"
way/72431597,no,residential,LineString,"{""type"": ""LineString"", ""coordinates"": [[77.6213444, 13.0032814], [77.6213667, 13.0033281], [77.621622, 13.0038621], [77.6217107, 13.0040344]]}"
way/72431598,yes,residential,LineString,"{""type"": ""LineString"", ""coordinates"": [[77.6223777, 13.0056187], [77.6225568, 13.005541], [77.6229673, 13.0053586], [77.6233407, 13.0051917], [77.6241326, 13.0048163], [77.6244736, 13.0047267], [77.6248986, 13.0046146], [77.6249032, 13.0046134]]}"
way/72431600,yes,residential,LineString,"{""type"": ""LineString"", ""coordinates"": [[77.6250423, 13.0050846], [77.6250636, 13.0050784], [77.625502, 13.0049566], [77.6256339, 13.0049177], [77.6258423, 13.0048457], [77.6260693, 13.0047674], [77.6261072, 13.0047543], [77.6264895, 13.0046215], [77.6268033, 13.0045084]]}"
way/72431601,yes,residential,LineString,"{""type"": ""LineString"", ""coordinates"": [[77.6246485, 13.0051821], [77.6249524, 13.0061059]]}"
way/72431602,yes,residential,LineString,"{""type"": ""LineString"", ""coordinates"": [[77.6248431, 13.0067076], [77.6246424, 13.0062266], [77.6244176, 13.0057035], [77.6242425, 13.0052858]]}"
way/72541249,yes,residential,LineString,"{""type"": ""LineString"", ""coordinates"": [[77.6201416, 13.0038713], [77.6201366, 13.0038618], [77.6198454, 13.0033073], [77.6197406, 13.00312], [77.6197172, 13.0030783]]}"
way/72548228,yes,residential,LineString,"{""type"": ""LineString"", ""coordinates"": [[77.6225474, 13.002569], [77.6225228, 13.0025223], [77.6222884, 13.0020449], [77.6220544, 13.0014763], [77.6217969, 13.0008178], [77.6217112, 13.0005799], [77.6212417, 12.9992779], [77.621238, 12.9992676]]}"
way/72548230,yes,residential,LineString,"{""type"": ""LineString"", ""coordinates"": [[77.6228903, 13.0023724], [77.6228857, 13.0023541], [77.6227358, 13.0017615], [77.6225392, 13.0011282], [77.6223453, 13.0005554], [77.6221859, 13.0001099], [77.6221463, 13.000004], [77.6220051, 12.9996452], [77.6218879, 12.9993474], [77.6217107, 12.9989135], [77.6217062, 12.9989024]]}"
way/72708538,yes,motorway_link,LineString,"{""type"": ""LineString"", ""coordinates"": [[77.4770506, 13.0561736], [77.4771118, 13.0565167], [77.4771113, 13.0566016], [77.4771001, 13.0566747], [77.4770655, 13.0567606], [77.4770257, 13.0568234], [77.4769703, 13.05688], [77.4768936, 13.0569346], [77.4768062, 13.0569677], [77.4767207, 13.0569792], [77.4766383, 13.0569683], [77.4765473, 13.056944], [77.4764629, 13.056906], [77.476386, 13.0568338], [77.4763357, 13.056753], [77.4763195, 13.0566572], [77.4763179, 13.0565844], [77.4763463, 13.0565079], [77.4763879, 13.0564391], [77.4764541, 13.0563744], [77.4765158, 13.0563393]]}"
way/72708541,yes,motorway_link,LineString,"{""type"": ""LineString"", ""coordinates"": [[77.476973, 13.0555883], [77.4770233, 13.0559677], [77.4770506, 13.0561736]]}"
way/76985202,yes,motorway,LineString,"{""type"": ""LineString"", ""coordinates"": [[77.4966258, 13.0488697], [77.4943536, 13.0496674], [77.4921721, 13.0504777], [77.4908734, 13.0509482], [77.4897463, 13.0513518], [77.4885202, 13.0517905]]}"
way/80369740,yes,residential,LineString,"{""type"": ""LineString"", ""coordinates"": [[77.6953162, 12.9789137], [77.6954983, 12.9790381], [77.6960106, 12.9789012], [77.6962781, 12.9788164], [77.6969979, 12.9785696], [77.6971039, 12.9785404], [77.6973574, 12.9784704], [77.6975936, 12.9784075], [77.6979819, 12.9782824], [77.6981653, 12.9781963], [77.698319, 12.9782123], [77.6983643, 12.9782112], [77.6987266, 12.9781147]]}"
way/80396747,yes,tertiary,LineString,"{""type"": ""LineString"", ""coordinates"": [[77.6884857, 12.9920788], [77.6885301, 12.9920113], [77.6886842, 12.9919532], [77.6889379, 12.9918666], [77.689212, 12.9917894], [77.6894724, 12.9917114], [77.6897774, 12.9916441], [77.6898277, 12.9916456], [77.6900187, 12.9916498], [77.6904939, 12.9916488], [77.6906605, 12.9916069], [77.6907789, 12.9915792], [77.6910889, 12.9914866], [77.6911636, 12.9914577], [77.6912323, 12.9914317], [77.6915505, 12.9913089], [77.6919904, 12.9911093], [77.692836, 12.990675], [77.6929933, 12.9905942], [77.6931145, 12.990546], [77.6932719, 12.9904981], [77.6935168, 12.9904201], [77.6936884, 12.9903943], [77.6940287, 12.9903558], [77.6942075, 12.9903427], [77.6944287, 12.9903734], [77.6948465, 12.9903774], [77.6949433, 12.9903794], [77.6950014, 12.9903806], [77.695169, 12.9903839], [77.6954988, 12.9903322], [77.6957606, 12.9902585], [77.6960991, 12.9901526], [77.6962956, 12.9900912], [77.6966468, 12.9900651], [77.6967528, 12.990058], [77.6977277, 12.989955]]}"
way/80396932,yes,tertiary,LineString,"{""type"": ""LineString"", ""coordinates"": [[77.6940114, 12.9755267], [77.6939702, 12.9753124], [77.6939598, 12.9752632], [77.6939511, 12.9752291], [77.6939014, 12.9750048], [77.6938843, 12.9749319], [77.6938458, 12.9747607], [77.6937813, 12.9745069], [77.6937138, 12.9742467], [77.6936857, 12.9741174], [77.6936586, 12.9739992], [77.6936161, 12.9737962], [77.6935731, 12.9735414], [77.6935258, 12.9732631], [77.6934442, 12.9729514]]}"
way/81609308,yes,residential,LineString,"{""type"": ""LineString"", ""coordinates"": [[77.6108489, 12.9140124], [77.6105284, 12.9140078], [77.6101438, 12.9139683]]}"
way/82432599,yes,secondary,LineString,"{""type"": ""LineString"", ""coordinates"": [[77.5554523, 13.0861078], [77.5554864, 13.086151], [77.5556058, 13.0863697], [77.5556419, 13.0865561], [77.5556529, 13.0866132], [77.5556949, 13.0873493], [77.5556582, 13.0878028], [77.5556289, 13.0881034], [77.5556287, 13.0882213], [77.5556786, 13.0884613], [77.5557349, 13.088659], [77.5557488, 13.0887073], [77.5557928, 13.0888162], [77.5558968, 13.08904], [77.5561904, 13.089442], [77.5562452, 13.089517], [77.5567172, 13.0902802], [77.556741, 13.0902965], [77.5581084, 13.0912334], [77.5584747, 13.0914844], [77.5587586, 13.0917499], [77.5588197, 13.0918042], [77.5591545, 13.092113], [77.5594655, 13.0923998], [77.5594835, 13.0924164], [77.5595075, 13.09244], [77.5595763, 13.0925076], [77.5596914, 13.0926161], [77.5599755, 13.092884], [77.5602067, 13.093102], [77.5602349, 13.0931285], [77.5605519, 13.0934202], [77.5610845, 13.0939187], [77.5612394, 13.0941828], [77.5613259, 13.0945336], [77.5613861, 13.094778], [77.5615408, 13.0952295], [77.5617226, 13.0956283], [77.5618428, 13.0958898], [77.5618557, 13.0959179], [77.5622675, 13.0966828], [77.5626168, 13.0973163], [77.5627245, 13.0975214], [77.5628246, 13.0976957], [77.5628479, 13.0977296], [77.5628657, 13.0977463], [77.562898, 13.097763], [77.5629206, 13.097771], [77.5629577, 13.0977752], [77.5629998, 13.0977758], [77.5630472, 13.097771], [77.5631135, 13.0977599], [77.563227, 13.0977408], [77.5636355, 13.0976461], [77.5636979, 13.0976316], [77.5637583, 13.0976236], [77.5637756, 13.0976222], [77.5638125, 13.0976191], [77.5638616, 13.0976166], [77.5639586, 13.0976129], [77.5640615, 13.0976156], [77.5642508, 13.0976317], [77.564582, 13.0976593], [77.5648109, 13.0976784], [77.5650701, 13.0977], [77.5654219, 13.0977122], [77.5660886, 13.0977588], [77.566424, 13.0977798], [77.5667388, 13.0978003], [77.5669976, 13.09783], [77.5670389, 13.0978448], [77.5671914, 13.0978745], [77.5672212, 13.097878], [77.5675011, 13.0979035], [77.5677012, 13.0979299], [77.5677182, 13.0979322], [77.5677877, 13.0979414], [77.5680594, 13.0979766], [77.5683465, 13.0980103], [77.5686221, 13.0980428], [77.5689184, 13.0980776], [77.5692165, 13.098106], [77.5695027, 13.0981159], [77.569765, 13.0981249], [77.5703848, 13.0981463], [77.5706511, 13.0981672], [77.5709404, 13.0982154], [77.5722128, 13.0984425], [77.5726601, 13.0985257], [77.574872, 13.098967]]}"
way/82432638,yes,secondary,LineString,"{""type"": ""LineString"", ""coordinates"": [[77.582753, 13.1009828], [77.5815837, 13.1006762], [77.5813616, 13.1006148], [77.5809235, 13.1004827], [77.5796693, 13.1001254], [77.5789744, 13.0999], [77.5788597, 13.0998644], [77.5788309, 13.0998569], [77.5787598, 13.0997906], [77.5772927, 13.0993848], [77.5772736, 13.0993793], [77.577149, 13.099343]]}"
way/82432682,yes,residential,LineString,"{""type"": ""LineString"", ""coordinates"": [[77.582753, 13.1009828], [77.5827714, 13.1009253], [77.5829079, 13.1004917], [77.5829726, 13.10034], [77.5830864, 13.1001136], [77.5833178, 13.0997432], [77.5834839, 13.0995631], [77.583728, 13.0993351], [77.5838639, 13.0992323], [77.5840652, 13.0990866], [77.5842884, 13.0989402], [77.5846962, 13.0987334], [77.584745, 13.0987144]]}"
way/82432689,no,residential,LineString,"{""type"": ""LineString"", ""coordinates"": [[77.585685, 13.1008566], [77.5857745, 13.1008392], [77.5860543, 13.1007848], [77.5864088, 13.1008031], [77.5867011, 13.1008851], [77.5869399, 13.1009902], [77.5872209, 13.1011847]]}"
way/82434676,yes,residential,LineString,"{""type"": ""LineString"", ""coordinates"": [[77.5824582, 13.0935278], [77.5824233, 13.0934478], [77.5823705, 13.0933265], [77.5822265, 13.0929867], [77.5820365, 13.0925603], [77.5820105, 13.0925007], [77.5818955, 13.0922519], [77.5818874, 13.0922344], [77.581848, 13.0921493], [77.5817807, 13.0920038], [77.5817186, 13.0918694], [77.581681, 13.091788], [77.5815969, 13.0916061], [77.5815496, 13.0915039], [77.5815186, 13.0914368], [77.5814791, 13.0913494], [77.5813599, 13.0910858], [77.5812178, 13.0907714]]}"
way/82434677,yes,secondary,LineString,"{""type"": ""LineString"", ""coordinates"": [[77.5824582, 13.0935278], [77.5825126, 13.0935097], [77.5825305, 13.0935038], [77.582917, 13.0933706], [77.5833066, 13.0932464], [77.5833925, 13.0932211], [77.5836741, 13.0931382], [77.584044, 13.093038], [77.5841699, 13.093007], [77.5843417, 13.0929647], [77.5843747, 13.0929566], [77.5843858, 13.0929542], [77.5847078, 13.0928845], [77.5847965, 13.0928678], [77.5850428, 13.0928217], [77.5853795, 13.0927683], [77.5855747, 13.0927283], [77.5857715, 13.0926965], [77.5858322, 13.0926893], [77.5859696, 13.092673], [77.5861314, 13.09266], [77.5861402, 13.0926596], [77.5862851, 13.0926529], [77.5862936, 13.0926525], [77.586456, 13.0926505], [77.5866184, 13.0926541], [77.5873057, 13.0927362], [77.587677, 13.0927976], [77.5881145, 13.0928699], [77.5887233, 13.0930045], [77.5891611, 13.0931906], [77.5896801, 13.0934482], [77.5897256, 13.0934708]]}"
way/82434679,yes,secondary,LineString,"{""type"": ""LineString"", ""coordinates"": [[77.5770824, 13.099536], [77.5772161, 13.0995726], [77.578686, 13.0999749], [77.5788592, 13.0999578], [77.5794015, 13.100105], [77.5796549, 13.100182], [77.5809003, 13.1005562], [77.5815652, 13.1007688], [77.5827181, 13.1010858], [77.5829944, 13.1011618], [77.5831257, 13.1011977], [77.5840565, 13.1014553]]}"
way/82435762,yes,tertiary,LineString,"{""type"": ""LineString"", ""coordinates"": [[77.5849309, 13.0991361], [77.5848009, 13.0988412], [77.584745, 13.0987144], [77.5844421, 13.0980275], [77.5844133, 13.097962], [77.5842985, 13.0977019], [77.5842654, 13.0976268], [77.5842089, 13.0974987], [77.5840541, 13.0971474], [77.5840051, 13.0970363], [77.5839827, 13.0969855], [77.5838411, 13.0966643], [77.583625, 13.0961742], [77.5834347, 13.0957425], [77.5831561, 13.0951107], [77.5830397, 13.0948466], [77.5826688, 13.0940054], [77.5825441, 13.0937224], [77.5825423, 13.0937184], [77.5824975, 13.0936169], [77.5824814, 13.0935803], [77.5824582, 13.0935278]]}"
way/82436396,yes,residential,LineString,"{""type"": ""LineString"", ""coordinates"": [[77.5869894, 13.0935715], [77.5872626, 13.0935858], [77.587599, 13.0936034], [77.5881056, 13.0936793], [77.588485, 13.0937727]]}"
way/82436397,yes,residential,LineString,"{""type"": ""LineString"", ""coordinates"": [[77.5880888, 13.095892], [77.5870096, 13.0956973], [77.5864476, 13.0956485]]}"
way/82436398,yes,residential,LineString,"{""type"": ""LineString"", ""coordinates"": [[77.5869122, 13.0952466], [77.5869246, 13.0949771], [77.5869894, 13.0935715], [77.5870015, 13.0933092]]}"
way/82436399,yes,residential,LineString,"{""type"": ""LineString"", ""coordinates"": [[77.5871997, 13.0950024], [77.5872626, 13.0935858]]}"
way/82436400,yes,residential,LineString,"{""type"": ""LineString"", ""coordinates"": [[77.5885928, 13.0935069], [77.588485, 13.0937727], [77.588396, 13.0940087]]}"
way/82436401,yes,secondary,LineString,"{""type"": ""LineString"", ""coordinates"": [[77.587559, 13.0988172], [77.5876684, 13.0986769], [77.5882228, 13.0973324], [77.5883919, 13.0969224], [77.5885534, 13.0965307], [77.5889377, 13.0955991], [77.5889399, 13.0955939], [77.5890383, 13.095355], [77.589064, 13.0952925], [77.5890955, 13.0952162], [77.5891786, 13.0950147], [77.5892068, 13.0949464], [77.5893516, 13.0945953], [77.5897642, 13.0935945], [77.5898023, 13.0935024]]}"
way/82436402,yes,tertiary,LineString,"{""type"": ""LineString"", ""coordinates"": [[77.5849309, 13.0991361], [77.5849833, 13.0991159], [77.585465, 13.0989619], [77.5856928, 13.0989227], [77.5859883, 13.0988965], [77.5862583, 13.0989088], [77.5868093, 13.0989338], [77.5871716, 13.0990001], [77.587484, 13.099086]]}"
way/82436404,yes,secondary,LineString,"{""type"": ""LineString"", ""coordinates"": [[77.5897256, 13.0934708], [77.5896841, 13.0935659], [77.5894355, 13.0941835], [77.5891351, 13.0949177], [77.5891088, 13.0949822], [77.5889938, 13.0952632], [77.5888679, 13.095571], [77.5884794, 13.096498], [77.5883129, 13.0968953], [77.5875691, 13.0986623], [77.587559, 13.0988172]]}"
way/82436406,yes,residential,LineString,"{""type"": ""LineString"", ""coordinates"": [[77.5865802, 13.0933242], [77.5870015, 13.0933092], [77.5875627, 13.0933283], [77.5876997, 13.093333], [77.5885928, 13.0935069], [77.5889881, 13.093648]]}"
way/82436407,yes,residential,LineString,"{""type"": ""LineString"", ""coordinates"": [[77.5864164, 13.0961961], [77.5864476, 13.0956485], [77.586471, 13.0952381], [77.5865732, 13.0934471], [77.5865802, 13.0933242], [77.5866155, 13.0927047], [77.5866184, 13.0926541], [77.5866333, 13.0923237]]}"
way/82436408,yes,residential,LineString,"{""type"": ""LineString"", ""coordinates"": [[77.5875861, 13.0938872], [77.5880537, 13.093945], [77.588396, 13.0940087]]}"
way/82436409,yes,tertiary,LineString,"{""type"": ""LineString"", ""coordinates"": [[77.5840051, 13.0970363], [77.5839633, 13.0970554], [77.583567, 13.0972368], [77.5834331, 13.0973002], [77.5831959, 13.0974124], [77.5825894, 13.0978414], [77.5823767, 13.0980331], [77.5821567, 13.0982314], [77.581777, 13.0986654], [77.5817196, 13.0987416], [77.5814707, 13.099101], [77.5811531, 13.0996277], [77.5810907, 13.0998523], [77.5810225, 13.1000978], [77.5809422, 13.1004098], [77.5809235, 13.1004827], [77.5809003, 13.1005562]]}"
way/82436410,yes,residential,LineString,"{""type"": ""LineString"", ""coordinates"": [[77.586471, 13.0952381], [77.5869122, 13.0952466], [77.5875373, 13.0953099], [77.5882513, 13.0955063]]}"
way/82436411,yes,residential,LineString,"{""type"": ""LineString"", ""coordinates"": [[77.5879433, 13.095109], [77.5878726, 13.0950959], [77.5875341, 13.0950331]]}"
way/82436413,yes,residential,LineString,"{""type"": ""LineString"", ""coordinates"": [[77.5852893, 13.0999538], [77.5853536, 13.099916], [77.5856782, 13.0997992], [77.5859427, 13.099771], [77.5861709, 13.0997836], [77.5866957, 13.0998249], [77.5871115, 13.0999347], [77.5873639, 13.1000362], [77.5876162, 13.1001376], [77.5878861, 13.1003329], [77.5879542, 13.1003822], [77.5881642, 13.10053], [77.5881927, 13.1005529], [77.588217, 13.1005723]]}"
way/82436414,yes,residential,LineString,"{""type"": ""LineString"", ""coordinates"": [[77.5875341, 13.0950331], [77.5875861, 13.0938872]]}"
way/82443468,yes,residential,LineString,"{""type"": ""LineString"", ""coordinates"": [[77.5889123, 13.0971259], [77.5887377, 13.0975362], [77.5887305, 13.0975531], [77.5885955, 13.0978702]]}"
way/82443469,yes,residential,LineString,"{""type"": ""LineString"", ""coordinates"": [[77.5884794, 13.096498], [77.5885534, 13.0965307], [77.5885937, 13.0965469], [77.5886064, 13.096552], [77.5890763, 13.0967405], [77.5891535, 13.0967817], [77.589191, 13.0968017], [77.5895554, 13.0969944], [77.589699, 13.0970703], [77.5897453, 13.0970948], [77.5904993, 13.0977121], [77.5906416, 13.0978286], [77.5908654, 13.0980642], [77.5908898, 13.0980898]]}"
way/82443470,yes,residential,LineString,"{""type"": ""LineString"", ""coordinates"": [[77.5882228, 13.0973324], [77.5887377, 13.0975362], [77.5887564, 13.0975465], [77.5892883, 13.0978394], [77.5898728, 13.0983059], [77.5902135, 13.0986057], [77.5902567, 13.0986437]]}"
way/82443471,yes,residential,LineString,"{""type"": ""LineString"", ""coordinates"": [[77.5899254, 13.098928], [77.5898825, 13.098887], [77.5895887, 13.0986064], [77.5890204, 13.0981399], [77.5885882, 13.0978874]]}"
way/82443472,yes,residential,LineString,"{""type"": ""LineString"", ""coordinates"": [[77.5876684, 13.0986769], [77.5881679, 13.0988753], [77.5885901, 13.0991441], [77.5888019, 13.0993103]]}"
way/82443473,yes,residential,LineString,"{""type"": ""LineString"", ""coordinates"": [[77.5884878, 13.0995913], [77.5888019, 13.0993103], [77.5895887, 13.0986064]]}"
way/82494616,yes,residential,LineString,"{""type"": ""LineString"", ""coordinates"": [[77.5866333, 13.0923237], [77.5871022, 13.0923737], [77.5886168, 13.0926067], [77.5889683, 13.0927122], [77.5893158, 13.0928557]]}"
way/82509346,yes,tertiary,LineString,"{""type"": ""LineString"", ""coordinates"": [[77.5887245, 13.0883041], [77.5887137, 13.0883859], [77.588815, 13.0885969], [77.5888634, 13.0886809], [77.5888763, 13.0887049], [77.5890057, 13.0889461], [77.589522, 13.0900243], [77.5895553, 13.0901008], [77.5895901, 13.0901806], [77.5896047, 13.0902139], [77.5899174, 13.0909312], [77.5899598, 13.0910016], [77.5900362, 13.0911111], [77.5901359, 13.0912224], [77.5902502, 13.0913451], [77.5904117, 13.0915186], [77.5906813, 13.0918191], [77.5910307, 13.0921943], [77.5911935, 13.0924065], [77.5912639, 13.0925484], [77.5913091, 13.0925756]]}"
way/82531988,yes,residential,LineString,"{""type"": ""LineString"", ""coordinates"": [[77.6835297, 12.9887111], [77.6835707, 12.9892297], [77.6835839, 12.9893521], [77.6836091, 12.9896597], [77.6836386, 12.9899662], [77.6836783, 12.9903725], [77.6836827, 12.9904177], [77.6837089, 12.9906852], [77.6837225, 12.9908243], [77.6837369, 12.9909715], [77.6837674, 12.9912832], [77.6837969, 12.9915847]]}"
way/82531990,yes,tertiary,LineString,"{""type"": ""LineString"", ""coordinates"": [[77.6872278, 12.9908095], [77.6871413, 12.9905197], [77.6871079, 12.9904379], [77.6870452, 12.9902236], [77.6870239, 12.9901695], [77.6870084, 12.9901303], [77.6869982, 12.9900978], [77.6869737, 12.9900158], [77.6869829, 12.9899295], [77.6869946, 12.9896911], [77.6870515, 12.9894516], [77.687074, 12.9892105], [77.6870157, 12.9889356]]}"
way/83366391,yes,tertiary,LineString,"{""type"": ""LineString"", ""coordinates"": [[77.6909421, 12.9859864], [77.6918874, 12.9844376], [77.6919878, 12.984276], [77.6922458, 12.9838607], [77.6924303, 12.9835345], [77.6928985, 12.9828306], [77.6929627, 12.9827312], [77.6930342, 12.9826208], [77.6931342, 12.9824722]]}"
way/84652049,yes,primary,LineString,"{""type"": ""LineString"", ""coordinates"": [[77.7016569, 12.9939198], [77.7013936, 12.9939938], [77.7011331, 12.9940545], [77.7010736, 12.9940706], [77.7008982, 12.9941181], [77.7007845, 12.9941438], [77.7005616, 12.9941954], [77.7003905, 12.9942406], [77.7001502, 12.9943012], [77.6999837, 12.9943463], [77.6996572, 12.9944281], [77.6993687, 12.9945046], [77.699079, 12.9945993], [77.6985662, 12.9947908], [77.6984891, 12.994822], [77.6980234, 12.9950103]]}"
way/84652058,yes,primary,LineString,"{""type"": ""LineString"", ""coordinates"": [[77.698041, 12.995088], [77.6985283, 12.994916], [77.6985615, 12.9949043], [77.6985866, 12.9948954], [77.6991194, 12.9947017], [77.6994236, 12.9945985], [77.7003359, 12.9943492], [77.7005792, 12.9942879], [77.7009196, 12.9942021], [77.7012601, 12.9941163], [77.7016148, 12.9940375], [77.701695, 12.9940174]]}"
way/88161799,yes,tertiary,LineString,"{""type"": ""LineString"", ""coordinates"": [[77.7000434, 12.9534383], [77.7001499, 12.9538951], [77.7004571, 12.9551044], [77.7005827, 12.9555618], [77.700663, 12.9557986], [77.7007633, 12.956064], [77.7007953, 12.9561674], [77.70087, 12.9564088], [77.7009178, 12.9566266], [77.7009299, 12.956675], [77.7009431, 12.956748]]}"
way/88162554,yes,tertiary,LineString,"{""type"": ""LineString"", ""coordinates"": [[77.7012265, 12.960252], [77.7012763, 12.960625], [77.7012873, 12.9607042], [77.7013523, 12.9611516], [77.7014686, 12.961898], [77.7015068, 12.962157], [77.7015497, 12.9624502], [77.7015873, 12.9628586], [77.7016205, 12.9630917], [77.7016907, 12.9634104], [77.7018737, 12.9645531], [77.7018987, 12.9647052], [77.701921, 12.9649174], [77.7019381, 12.9650796], [77.7020518, 12.9659752], [77.702064, 12.9662891], [77.7020618, 12.9664132], [77.7020182, 12.9666042], [77.7019811, 12.9667389], [77.7018733, 12.9670734], [77.7016747, 12.9676676], [77.7015103, 12.9680158]]}"
way/90631819,yes,footway,LineString,"{""type"": ""LineString"", ""coordinates"": [[77.5785367, 13.0726717], [77.5788301, 13.0725899], [77.5791096, 13.0725195], [77.5791597, 13.0724728], [77.5791797, 13.0723831]]}"
way/90631828,yes,footway,LineString,"{""type"": ""LineString"", ""coordinates"": [[77.5791372, 13.0717059], [77.5794464, 13.0717781], [77.5795981, 13.0716904], [77.579665, 13.0716303], [77.5797036, 13.0715802], [77.5797206, 13.0715314]]}"
way/90631829,yes,footway,LineString,"{""type"": ""LineString"", ""coordinates"": [[77.5784838, 13.0729883], [77.5805778, 13.0722144]]}"
way/90840911,yes,trunk,LineString,"{""type"": ""LineString"", ""coordinates"": [[77.5398815, 13.0288798], [77.539779, 13.0288673], [77.5397024, 13.0289093], [77.539552, 13.0289918], [77.5394299, 13.0290584], [77.5393428, 13.0291058], [77.5391672, 13.029212], [77.5390395, 13.0293114], [77.5374872, 13.0301961], [77.5373291, 13.0302862], [77.5372469, 13.0303393]]}"
way/90843343,yes,residential,LineString,"{""type"": ""LineString"", ""coordinates"": [[77.651633, 12.9196937], [77.6517266, 12.9196621], [77.6521539, 12.9196705], [77.654116, 12.9197696], [77.6544595, 12.9197639]]}"
way/91892803,yes,primary,LineString,"{""type"": ""LineString"", ""coordinates"": [[77.5994906, 12.965192], [77.5993323, 12.9651076], [77.5992637, 12.9650978], [77.5991911, 12.9650859], [77.5987307, 12.9650331], [77.5986715, 12.965025], [77.5982724, 12.9649731], [77.5974531, 12.9648426], [77.5972953, 12.9648288], [77.5972315, 12.9648264], [77.5971385, 12.9648268]]}"
way/92196679,yes,primary,LineString,"{""type"": ""LineString"", ""coordinates"": [[77.6288623, 12.9241419], [77.6286643, 12.9239992], [77.6285248, 12.9239475], [77.627065, 12.9236267], [77.6266787, 12.9235503], [77.6242948, 12.9230244], [77.6236503, 12.92289], [77.6235996, 12.9228794], [77.6232282, 12.9227511], [77.6231013, 12.922675], [77.6220184, 12.9220258], [77.6217106, 12.9218412], [77.6210995, 12.9214902], [77.6207556, 12.9212926]]}"
way/93576221,yes,secondary,LineString,"{""type"": ""LineString"", ""coordinates"": [[77.6477344, 12.9688574], [77.6477106, 12.9689888], [77.647706, 12.9690153], [77.6476374, 12.9694338], [77.6476234, 12.9694902], [77.6475717, 12.9697775], [77.6474692, 12.9702756], [77.6474347, 12.9704436]]}"
way/93585382,yes,footway,LineString,"{""type"": ""LineString"", ""coordinates"": [[77.5696966, 13.0186989], [77.5700718, 13.0187052], [77.5703992, 13.0188116], [77.5705479, 13.0189183]]}"
way/93585390,no,path,LineString,"{""type"": ""LineString"", ""coordinates"": [[77.5676762, 13.0170082], [77.5677472, 13.0170642], [77.5678352, 13.0172818], [77.5679197, 13.0173364], [77.5679386, 13.0173486]]}"
way/94433653,yes,secondary,LineString,"{""type"": ""LineString"", ""coordinates"": [[77.554364, 13.0121413], [77.5543179, 13.0122215], [77.5542655, 13.0122835], [77.5542149, 13.0123344], [77.5541313, 13.012422]]}"
way/94433664,yes,primary,LineString,"{""type"": ""LineString"", ""coordinates"": [[77.5542767, 13.0133789], [77.5543816, 13.0132066], [77.5544165, 13.0131149], [77.5544258, 13.0130096], [77.5544601, 13.0126296]]}"
way/94520049,yes,tertiary,LineString,"{""type"": ""LineString"", ""coordinates"": [[77.5532257, 13.0023595], [77.5527283, 13.0022386], [77.5525635, 13.0021985], [77.5525209, 13.0021929], [77.5519918, 13.0020822], [77.551855, 13.0020525], [77.5518176, 13.0020437], [77.5516355, 13.0019992], [77.5506756, 13.0017873], [77.5503272, 13.0017081]]}"
way/95637321,yes,tertiary,LineString,"{""type"": ""LineString"", ""coordinates"": [[77.6974004, 12.9858796], [77.6973895, 12.986126], [77.6973489, 12.9870422], [77.6973404, 12.9873265], [77.6971926, 12.9877081], [77.6971579, 12.9878112], [77.6971218, 12.9879186], [77.6971942, 12.9881559], [77.6972116, 12.9882131], [77.6972876, 12.9884174], [77.6973173, 12.9885017], [77.6973747, 12.9886647], [77.6974152, 12.9888089], [77.6975615, 12.9893792], [77.6976674, 12.9897122], [77.6977277, 12.989955], [77.6979856, 12.9899717], [77.6981174, 12.9899576], [77.6982716, 12.9899431], [77.6984069, 12.9899555], [77.6984575, 12.9901813], [77.6984813, 12.9902497], [77.6985212, 12.9903101], [77.6986497, 12.9903151], [77.6988831, 12.9902694], [77.6991186, 12.9902143], [77.6992531, 12.9901828], [77.6993406, 12.9901583], [77.6996659, 12.9900842], [77.6999633, 12.9900165], [77.7001487, 12.9899891], [77.7002449, 12.9902619], [77.7002643, 12.9903818], [77.7002895, 12.9905382]]}"
way/95637322,yes,tertiary,LineString,"{""type"": ""LineString"", ""coordinates"": [[77.7002895, 12.9905382], [77.7003501, 12.9908468], [77.7003777, 12.9909872], [77.7004154, 12.991157], [77.7004464, 12.9912966], [77.7004952, 12.9913987], [77.7005885, 12.9916038], [77.7007117, 12.991875], [77.7007976, 12.9920606], [77.7008082, 12.9920835], [77.7008215, 12.9921094], [77.7008858, 12.9922574], [77.7009167, 12.9923241], [77.7010267, 12.9925647], [77.7011391, 12.9927784], [77.7013432, 12.9932237], [77.7015266, 12.9936326], [77.7015407, 12.9936638], [77.7016326, 12.9938662], [77.7016569, 12.9939198]]}"
way/95639128,yes,residential,LineString,"{""type"": ""LineString"", ""coordinates"": [[77.6986175, 12.9912394], [77.6986783, 12.9915248], [77.6986865, 12.9917518], [77.6987537, 12.9920192], [77.698795, 12.9922185], [77.6984015, 12.9922373], [77.6980699, 12.9922711], [77.6974301, 12.9923423], [77.6973252, 12.9923386]]}"
way/95671015,no,motorway,LineString,"{""type"": ""LineString"", ""coordinates"": [[77.4697286, 12.9042784], [77.4695765, 12.9047012], [77.4693765, 12.9052374], [77.4693181, 12.9053922], [77.4689005, 12.9065097]]}"
way/95671017,yes,motorway,LineString,"{""type"": ""LineString"", ""coordinates"": [[77.4699716, 12.9041206], [77.4703129, 12.903209]]}"
way/95799638,yes,motorway,LineString,"{""type"": ""LineString"", ""coordinates"": [[77.4689005, 12.9065097], [77.4686423, 12.9072009]]}"
way/95799647,yes,motorway,LineString,"{""type"": ""LineString"", ""coordinates"": [[77.4691479, 12.9063347], [77.4692903, 12.9059368], [77.4695869, 12.9051675]]}"
way/95799651,no,motorway,LineString,"{""type"": ""LineString"", ""coordinates"": [[77.4686423, 12.9072009], [77.4682433, 12.9082866], [77.467909, 12.9091664], [77.4676916, 12.909761], [77.4675864, 12.9100761], [77.4674904, 12.9104079], [77.4673869, 12.9108293], [77.4673018, 12.911337], [77.4672619, 12.9116728], [77.4672279, 12.9120422], [77.4672223, 12.9123205], [77.4672236, 12.9126461], [77.4672307, 12.9129642], [77.4672462, 12.9131542], [77.4672547, 12.9132595], [77.4672933, 12.9135545], [77.4673433, 12.9139039], [77.467411, 12.9142585], [77.467595, 12.9150599], [77.4678487, 12.9160918], [77.4679843, 12.9166035], [77.4682818, 12.9179255], [77.4686502, 12.9194886], [77.4687622, 12.9199583], [77.4690477, 12.9211237], [77.4691509, 12.9216337], [77.4692097, 12.9219542], [77.4692235, 12.9221794], [77.4692433, 12.9224715], [77.4692649, 12.9228322], [77.4692841, 12.9237384], [77.4693015, 12.9248992], [77.4693042, 12.9250579], [77.4693356, 12.9265893], [77.4693306, 12.9269371], [77.469309, 12.9284426], [77.4692746, 12.929211], [77.4692594, 12.9297165], [77.469253, 12.9306724], [77.46929, 12.9316668], [77.4693214, 12.9323268], [77.4693584, 12.9333009], [77.4694101, 12.9348732], [77.4694108, 12.9349651], [77.4694177, 12.9358378], [77.469404, 12.9365993]]}"
way/95799669,yes,motorway,LineString,"{""type"": ""LineString"", ""coordinates"": [[77.4687988, 12.9072461], [77.4690087, 12.9066698]]}"
way/95933750,yes,secondary,LineString,"{""type"": ""LineString"", ""coordinates"": [[77.5544601, 13.0126296], [77.5544838, 13.0123606], [77.5544899, 13.0122408], [77.5544918, 13.0121988], [77.5544921, 13.0121678], [77.5544934, 13.0120443], [77.5544938, 13.0120289]]}"
way/101184763,yes,primary,LineString,"{""type"": ""LineString"", ""coordinates"": [[77.7453551, 12.9568416], [77.7452579, 12.956803], [77.7452201, 12.9567906], [77.7451546, 12.9567629], [77.7450943, 12.9567368], [77.7450494, 12.9567231], [77.7450024, 12.9567067], [77.7447904, 12.95665], [77.7447384, 12.9566572], [77.7445787, 12.9566684], [77.7444272, 12.9566986], [77.7439085, 12.9568301], [77.7436365, 12.9568897], [77.7435071, 12.9569115], [77.7433469, 12.9569356], [77.7429824, 12.9569369], [77.7422794, 12.9569423], [77.742171, 12.9569454], [77.7420409, 12.956945], [77.7416687, 12.9569459], [77.7414154, 12.9569487], [77.7413108, 12.9569547], [77.7412093, 12.9569546], [77.740911, 12.9569648], [77.7407897, 12.9569623], [77.7406486, 12.9569607], [77.7406254, 12.9569615], [77.7404949, 12.9569617], [77.7402547, 12.9569666], [77.7399276, 12.9569701], [77.73985, 12.9569727], [77.7397673, 12.9569733], [77.739172, 12.9569842], [77.738824, 12.9569905], [77.7387388, 12.9569933], [77.7381862, 12.9569979], [77.7369377, 12.9570208], [77.7367459, 12.9570081], [77.7365921, 12.9569833], [77.7364123, 12.956958], [77.736258, 12.956937], [77.7361037, 12.9569159], [77.7360469, 12.9569069], [77.7359441, 12.956891], [77.7351219, 12.9567553], [77.7343789, 12.9566306], [77.734137, 12.9565917], [77.7340513, 12.9565775], [77.7333939, 12.9564659], [77.7321876, 12.9562553], [77.7320129, 12.9562289], [77.7319451, 12.9562199], [77.731406, 12.9561657], [77.7309743, 12.9561298], [77.7309295, 12.9561277], [77.7303165, 12.9560965], [77.7299623, 12.9560571], [77.729865, 12.9560501], [77.7297345, 12.9560407], [77.7294406, 12.9560192], [77.7291414, 12.9559973], [77.7289365, 12.955982], [77.7284952, 12.9559538], [77.7280969, 12.955923], [77.727856, 12.9559166], [77.727094, 12.9558962], [77.7269029, 12.9558911], [77.7258065, 12.9558653], [77.7254866, 12.9558577], [77.7252936, 12.9558532], [77.7252264, 12.9558516], [77.7251345, 12.9558498], [77.724752, 12.9558425], [77.7246188, 12.9558399], [77.7245776, 12.9558391], [77.7235193, 12.9558247], [77.7234939, 12.9558242]]}"
way/101521428,yes,tertiary,LineString,"{""type"": ""LineString"", ""coordinates"": [[77.6942215, 12.9715676], [77.6942263, 12.9716246], [77.6942348, 12.9717264], [77.6942411, 12.9718018], [77.6942532, 12.9718795], [77.6942777, 12.9719457], [77.6943477, 12.9720657]]}"
way/101521434,yes,residential,LineString,"{""type"": ""LineString"", ""coordinates"": [[77.6953382, 12.9728578], [77.6949289, 12.9728581], [77.694743, 12.9728633], [77.6946301, 12.9728894], [77.6945598, 12.9729324], [77.6942877, 12.9729619], [77.694161, 12.9729746], [77.6940459, 12.9729861], [77.6937954, 12.9729866], [77.6934442, 12.9729514]]}"
way/103269863,yes,motorway,LineString,"{""type"": ""LineString"", ""coordinates"": [[77.6698904, 12.8467491], [77.6703131, 12.8469612], [77.6704618, 12.8470542], [77.6705444, 12.8471165], [77.6705935, 12.8471581], [77.670644, 12.8472034], [77.6706931, 12.8472549], [77.6707274, 12.8473023], [77.6707651, 12.8473604], [77.6707881, 12.8474104], [77.6708023, 12.8474803], [77.6708099, 12.8475426], [77.6708062, 12.8476193], [77.6707976, 12.8476859], [77.6707748, 12.8477578], [77.6707535, 12.8477989], [77.6706781, 12.8479318], [77.6705806, 12.848096], [77.6702864, 12.8484798], [77.667198, 12.8523861], [77.6660868, 12.8537852], [77.665718, 12.8542525], [77.6648472, 12.8553562], [77.6646906, 12.8555459], [77.6641168, 12.8562284], [77.6634588, 12.8570598], [77.6622258, 12.8586685], [77.6609625, 12.8602365], [77.6598751, 12.8616011], [77.658076, 12.8638821], [77.6563844, 12.8660037], [77.6554214, 12.8672114], [77.6531186, 12.8701257], [77.6510374, 12.8727788], [77.6508845, 12.8729694], [77.6507299, 12.8731544], [77.6504208, 12.8735164], [77.6502581, 12.8736949], [77.6501061, 12.8738614], [77.6498086, 12.8741943], [77.6495046, 12.8745256], [77.6493194, 12.8747336], [77.649131, 12.8749377], [77.6487884, 12.8753178], [77.6477185, 12.8765491], [77.6473108, 12.8770943], [77.646793, 12.8778983], [77.642852, 12.8843135], [77.6423815, 12.8850793], [77.6412187, 12.8869721], [77.6383252, 12.8916725], [77.6376842, 12.8927142], [77.6361018, 12.8952859], [77.6346378, 12.8976548], [77.6330387, 12.9002933], [77.6325784, 12.9010482], [77.6323896, 12.9013577], [77.6323479, 12.9014258], [77.6318032, 12.9023158], [77.6316213, 12.9026148], [77.6286187, 12.9074453], [77.6283396, 12.9079036]]}"
way/103269873,yes,trunk,LineString,"{""type"": ""LineString"", ""coordinates"": [[77.6709221, 12.8476656], [77.6709025, 12.8476915], [77.6703884, 12.8482532], [77.6663501, 12.8534062], [77.6656207, 12.8542864], [77.6652647, 12.8547329], [77.6643489, 12.8558817], [77.6643089, 12.8559319]]}"
way/105514532,yes,residential,LineString,"{""type"": ""LineString"", ""coordinates"": [[77.6358556, 12.9613009], [77.634914, 12.9614541], [77.6348791, 12.9615641]]}"
way/107215083,yes,secondary,LineString,"{""type"": ""LineString"", ""coordinates"": [[77.5991951, 12.9766715], [77.5991642, 12.9767765], [77.5990893, 12.9769655], [77.5988849, 12.977413], [77.598726, 12.9777868], [77.5984667, 12.9783513], [77.5978366, 12.9797436], [77.5975337, 12.980384], [77.5974086, 12.9806143], [77.5973943, 12.9806411], [77.5973808, 12.9806694]]}"
way/107215088,yes,primary,LineString,"{""type"": ""LineString"", ""coordinates"": [[77.6023884, 12.9792052], [77.6023172, 12.9792291], [77.6022058, 12.9792651], [77.6018828, 12.9793726], [77.6009521, 12.9796823], [77.5987436, 12.9804012], [77.598645, 12.9804322], [77.5984928, 12.9804831], [77.5984497, 12.9805015], [77.5983151, 12.9805589], [77.5980415, 12.9806797]]}"
way/112994290,yes,tertiary,LineString,"{""type"": ""LineString"", ""coordinates"": [[77.6385958, 12.9604364], [77.6385765, 12.9602544], [77.6383854, 12.9588586], [77.6383318, 12.9584491]]}"
way/113350598,yes,residential,LineString,"{""type"": ""LineString"", ""coordinates"": [[77.7107215, 12.9703348], [77.7106722, 12.9702512], [77.7106088, 12.9700276], [77.7105933, 12.9699731], [77.7105615, 12.9697178], [77.7105407, 12.9694351], [77.7105768, 12.9691111], [77.7105947, 12.9688522]]}"
way/113350599,yes,residential,LineString,"{""type"": ""LineString"", ""coordinates"": [[77.7124806, 12.9699655], [77.71238, 12.9702222], [77.7122752, 12.9704928], [77.7121636, 12.9707458], [77.7120574, 12.9709931], [77.7119401, 12.9712752], [77.711843, 12.9715329], [77.71175, 12.9717797], [77.7117395, 12.9718076], [77.7117019, 12.9719275]]}"
way/113793853,no,tertiary,LineString,"{""type"": ""LineString"", ""coordinates"": [[77.5601861, 13.014259], [77.5601155, 13.0142269], [77.5600583, 13.0142056], [77.5599702, 13.0141736], [77.5594854, 13.0139516], [77.559128, 13.0135432], [77.5590983, 13.0135249], [77.5583246, 13.0130418], [77.5582892, 13.0130197]]}"
way/116908422,no,path,LineString,"{""type"": ""LineString"", ""coordinates"": [[77.5645311, 13.0202786], [77.5650466, 13.0204413], [77.5651763, 13.0204945], [77.5652446, 13.0207373], [77.565347, 13.0209368], [77.5655108, 13.0210299], [77.5656566, 13.0210819], [77.5656926, 13.0212302]]}"
way/118047085,yes,residential,LineString,"{""type"": ""LineString"", ""coordinates"": [[77.689176, 12.9702409], [77.6891666, 12.9705385], [77.6891835, 12.9709469], [77.6891865, 12.9710152], [77.6892026, 12.9714056], [77.6904521, 12.9713495], [77.6906019, 12.9713073], [77.6916128, 12.9713529], [77.6917577, 12.9713614], [77.6918137, 12.971365], [77.6922961, 12.9713848], [77.6925199, 12.9714617], [77.6927546, 12.9715546], [77.692968, 12.9716512], [77.6932281, 12.9717297], [77.6932863, 12.9717663]]}"
way/118926925,yes,residential,LineString,"{""type"": ""LineString"", ""coordinates"": [[77.6504602, 12.9699961], [77.6502239, 12.968995], [77.6500778, 12.968525]]}"
way/118926933,yes,residential,LineString,"{""type"": ""LineString"", ""coordinates"": [[77.6489435, 12.9699505], [77.6492175, 12.9699582], [77.6501268, 12.9699835], [77.6502688, 12.9699874], [77.6504602, 12.9699961], [77.6509072, 12.9700036]]}"
way/119132970,yes,residential,LineString,"{""type"": ""LineString"", ""coordinates"": [[77.6492175, 12.9699582], [77.6492039, 12.969708], [77.6490972, 12.9691862]]}"
way/119132973,yes,residential,LineString,"{""type"": ""LineString"", ""coordinates"": [[77.6476374, 12.9694338], [77.6477326, 12.9694177], [77.6483271, 12.9693168], [77.6488534, 12.9692275], [77.6490972, 12.9691862], [77.6492985, 12.969152], [77.6495002, 12.9691178], [77.6497258, 12.9690795], [77.6499407, 12.9690431], [77.6502239, 12.968995]]}"
way/119132981,yes,residential,LineString,"{""type"": ""LineString"", ""coordinates"": [[77.6492039, 12.969708], [77.6494076, 12.9697142], [77.6496402, 12.9697213], [77.6498503, 12.9697277], [77.6500797, 12.9697347]]}"
way/119132982,yes,residential,LineString,"{""type"": ""LineString"", ""coordinates"": [[77.6512762, 12.9700278], [77.6510305, 12.9691547], [77.6508126, 12.9683226]]}"
way/119132984,yes,residential,LineString,"{""type"": ""LineString"", ""coordinates"": [[77.6501268, 12.9699835], [77.6500797, 12.9697347], [77.6499407, 12.9690431]]}"
way/121973956,yes,trunk,LineString,"{""type"": ""LineString"", ""coordinates"": [[77.6765114, 13.0004176], [77.6766269, 13.0003488], [77.6768294, 13.0003174], [77.6768991, 13.0003135], [77.6771821, 13.0003671], [77.6774248, 13.0003593], [77.6775323, 13.0003968]]}"
way/122424488,yes,primary,LineString,"{""type"": ""LineString"", ""coordinates"": [[77.71704, 12.9558047], [77.7170952, 12.9558045], [77.7174468, 12.9558031], [77.7175071, 12.9558033], [77.7179526, 12.9558045], [77.7182613, 12.9558062], [77.7184058, 12.9558107], [77.7184264, 12.9558107], [77.7184563, 12.9558107], [77.7187006, 12.9558171], [77.7188087, 12.955819], [77.7194051, 12.9558251], [77.7200413, 12.9558355], [77.7204905, 12.9558482], [77.7208829, 12.9558597], [77.7209285, 12.9558597], [77.7210178, 12.9558605], [77.721144, 12.9558616], [77.7211953, 12.9558632], [77.7214733, 12.9558655], [77.7216044, 12.9558666], [77.7218424, 12.955869], [77.7222354, 12.9558731], [77.7229162, 12.9558863], [77.7230921, 12.9558918], [77.7233931, 12.955904], [77.7234931, 12.9559079], [77.7235191, 12.9559098], [77.7239028, 12.9559126], [77.7245794, 12.9559194], [77.7246185, 12.9559195], [77.7248419, 12.955925], [77.7265013, 12.9559476], [77.7268796, 12.9559552], [77.7270911, 12.9559612], [77.7280736, 12.9560002], [77.7281356, 12.9560046], [77.7284204, 12.956026], [77.7285619, 12.9560379], [77.7287296, 12.9560499], [77.72878, 12.9560565], [77.7294266, 12.9560974], [77.7301341, 12.9561538], [77.7302437, 12.9561639], [77.73033, 12.9561678], [77.730472, 12.9561775], [77.730631, 12.9561887], [77.7307725, 12.9561949], [77.7309308, 12.9562024], [77.7310083, 12.9562063], [77.7313396, 12.956235], [77.7315509, 12.9562546], [77.7317242, 12.9562752], [77.7319366, 12.9562985], [77.7320022, 12.956309], [77.7321128, 12.9563249], [77.7322608, 12.9563496], [77.7325989, 12.9564129], [77.7327359, 12.956434], [77.7328956, 12.9564634], [77.7347999, 12.9567706], [77.7357388, 12.9569273], [77.7359354, 12.9569642], [77.7360346, 12.9569816], [77.736287, 12.9570239], [77.7363656, 12.9570346], [77.7367336, 12.9570843], [77.7368684, 12.9570998], [77.7371187, 12.9570954], [77.7373897, 12.9570913], [77.7376806, 12.9570837], [77.7379484, 12.9570791], [77.738223, 12.9570713], [77.7385482, 12.9570713], [77.7387376, 12.9570724], [77.7388387, 12.9570677], [77.7391464, 12.9570587], [77.7395131, 12.957048], [77.7396975, 12.9570409], [77.7397659, 12.957038], [77.739851, 12.9570385], [77.7399268, 12.9570389], [77.7402559, 12.9570304], [77.7403476, 12.9570286], [77.7404339, 12.957032], [77.7404862, 12.9570315], [77.7406262, 12.9570329], [77.7406492, 12.9570333], [77.7407623, 12.9570393], [77.7411237, 12.9570351], [77.7412524, 12.9570321], [77.7416857, 12.9570229], [77.7420454, 12.9570213]]}"
way/122911993,yes,residential,LineString,"{""type"": ""LineString"", ""coordinates"": [[77.673318, 12.9633421], [77.6741408, 12.9632033]]}"
way/122918712,yes,residential,LineString,"{""type"": ""LineString"", ""coordinates"": [[77.6576454, 12.9591621], [77.6576419, 12.9591164], [77.657635, 12.9590385], [77.6575938, 12.9586347], [77.6575638, 12.9583202], [77.657524, 12.9581143], [77.657501, 12.958], [77.6574414, 12.9577577]]}"
way/122918724,yes,residential,LineString,"{""type"": ""LineString"", ""coordinates"": [[77.6574932, 12.9591734], [77.6574866, 12.9591244], [77.6574826, 12.9590841], [77.6574122, 12.9585665], [77.6573617, 12.9585184], [77.657229, 12.9580908], [77.6572017, 12.9579338], [77.6571794, 12.9578051], [77.6571753, 12.9577629], [77.6571694, 12.9576556], [77.6571687, 12.9576425], [77.6571645, 12.9576257], [77.6571357, 12.9575096], [77.6571034, 12.957381], [77.6570685, 12.9572423], [77.6570466, 12.9571241], [77.6570318, 12.9570446], [77.657023, 12.9569427], [77.6570225, 12.9569367], [77.6570106, 12.9567816]]}"
way/123062356,yes,primary,LineString,"{""type"": ""LineString"", ""coordinates"": [[77.7476739, 12.9612011], [77.7475965, 12.9610252], [77.7471337, 12.9601389], [77.7469363, 12.9597874], [77.7468261, 12.9595912], [77.7467242, 12.9594098], [77.7466851, 12.9593402], [77.7466403, 12.9592603], [77.7466075, 12.9591999], [77.7465791, 12.9591474], [77.7464663, 12.9589396], [77.7462818, 12.9585816], [77.7462625, 12.9585442], [77.7461545, 12.9583208], [77.7459062, 12.9577647], [77.7457545, 12.9573928], [77.7457458, 12.9573485], [77.7457246, 12.9572412], [77.745711, 12.957123], [77.7457002, 12.9569954], [77.7456603, 12.9568806], [77.7455851, 12.9568159], [77.7455189, 12.9567937]]}"
way/123596233,yes,residential,LineString,"{""type"": ""LineString"", ""coordinates"": [[77.6276428, 12.8804794], [77.6277821, 12.8816503], [77.6279168, 12.8828228], [77.627957, 12.8831652]]}"
way/123624218,yes,footway,LineString,"{""type"": ""LineString"", ""coordinates"": [[77.6402133, 12.9234311], [77.6402681, 12.9235444], [77.6403427, 12.9235142], [77.6411754, 12.9232428], [77.6413399, 12.9232058], [77.6414775, 12.9232317], [77.6423785, 12.9234685], [77.6429546, 12.9236193], [77.6444855, 12.9240326], [77.6445632, 12.9240336], [77.644602, 12.9240302], [77.6446436, 12.9240138], [77.6447921, 12.9237957], [77.6448739, 12.9236832], [77.6450879, 12.9233292], [77.6451388, 12.9232579], [77.6452661, 12.9230083], [77.6452859, 12.9229147], [77.6452824, 12.9228717], [77.6452762, 12.9228224], [77.6445447, 12.9221232], [77.6441317, 12.921639], [77.6439499, 12.9214258], [77.6428994, 12.9201486], [77.6423677, 12.9193957], [77.6420254, 12.9189324], [77.6419042, 12.9188036], [77.6417662, 12.9186481], [77.6412176, 12.9180409], [77.6409007, 12.9177267], [77.6405881, 12.9174383], [77.6404303, 12.9172982], [77.6402943, 12.9171774], [77.6401394, 12.9170382], [77.6400368, 12.9169676], [77.6397761, 12.9167882], [77.6395847, 12.9166754], [77.6392547, 12.9165392], [77.6391419, 12.9165055], [77.6390307, 12.916469], [77.6389582, 12.9164893], [77.6389089, 12.9165405], [77.6388986, 12.9165485], [77.6386904, 12.9167869], [77.6386419, 12.9169231], [77.6386316, 12.9170116], [77.6386938, 12.9180236], [77.6387768, 12.9196661], [77.6388786, 12.9201975], [77.6390182, 12.9207359], [77.6391292, 12.9211059], [77.6392993, 12.9215745], [77.6395192, 12.9219871], [77.6398059, 12.9225377], [77.6400949, 12.9231743]]}"
way/123684594,yes,primary,LineString,"{""type"": ""LineString"", ""coordinates"": [[77.747176, 12.9455451], [77.7471687, 12.945645], [77.7471163, 12.9457342], [77.7470897, 12.9457795], [77.7469302, 12.9460115], [77.7468901, 12.9460797], [77.7467335, 12.9463173], [77.7466006, 12.946456], [77.7464667, 12.9465929], [77.7464063, 12.9466697], [77.7463793, 12.9467231], [77.7463628, 12.9468364], [77.7463596, 12.9469571], [77.7463539, 12.9470499], [77.7463368, 12.947122], [77.7463126, 12.9472259], [77.7461038, 12.9477324], [77.7456993, 12.9487562], [77.7456298, 12.9488868], [77.7455212, 12.9490136], [77.7453979, 12.9491378], [77.7453399, 12.9492238], [77.7452973, 12.949346], [77.7452722, 12.9494684], [77.7452294, 12.9497312], [77.7451821, 12.9498807], [77.7450936, 12.9500889], [77.7450119, 12.9502405], [77.7449454, 12.9505024], [77.7449173, 12.9507449], [77.7448807, 12.9509401], [77.7447173, 12.9515637], [77.7446174, 12.9519121], [77.7445123, 12.9521569], [77.7443247, 12.9524976], [77.7442524, 12.9527171], [77.7441921, 12.9529386], [77.7441016, 12.9532512], [77.7440828, 12.9533779], [77.7441024, 12.9534615], [77.7442393, 12.9537416], [77.7442822, 12.953916], [77.7442984, 12.954079], [77.7442849, 12.9542388], [77.7442374, 12.9544002], [77.7442174, 12.9545158], [77.7442368, 12.9547034], [77.7443164, 12.9549573], [77.7443349, 12.9552155], [77.744381, 12.9554052], [77.7444475, 12.9555609], [77.7446664, 12.9559922], [77.7448063, 12.9561853], [77.74484, 12.9562404], [77.7448816, 12.9562871], [77.7449731, 12.9563959], [77.7450326, 12.9564471], [77.7451463, 12.9565919], [77.7452294, 12.9566351], [77.7453746, 12.9567797]]}"
way/124316968,yes,primary,LineString,"{""type"": ""LineString"", ""coordinates"": [[77.617872, 12.9654222], [77.6186925, 12.96548], [77.6187161, 12.9654809], [77.6187387, 12.9654817], [77.6187534, 12.9654824], [77.6191637, 12.9654987], [77.6194049, 12.9655299], [77.619541, 12.9655726], [77.6196427, 12.9656406], [77.6197258, 12.9658032], [77.6197555, 12.9658718], [77.6197762, 12.9659074], [77.6198981, 12.9661207], [77.6203284, 12.9666398]]}"
way/124537318,yes,residential,LineString,"{""type"": ""LineString"", ""coordinates"": [[77.6874721, 12.9609515], [77.6875981, 12.9594816], [77.6877297, 12.9580659], [77.6877962, 12.9573561], [77.6878644, 12.956644], [77.6879007, 12.9562609], [77.687949, 12.9557523], [77.6880413, 12.9552672], [77.6880438, 12.95525], [77.6880547, 12.9551851]]}"
way/125178383,yes,residential,LineString,"{""type"": ""LineString"", ""coordinates"": [[77.6945703, 12.9219704], [77.6945751, 12.9221102], [77.6945799, 12.9222493], [77.6945841, 12.9223719], [77.6945891, 12.9225184], [77.6945941, 12.9226646], [77.6945986, 12.9227975], [77.6946033, 12.9229341], [77.6946081, 12.9230734], [77.6946125, 12.9232025], [77.6946166, 12.9233225], [77.69462, 12.9234221], [77.6946226, 12.9234973], [77.6946249, 12.923564], [77.6946265, 12.9236126], [77.6946291, 12.9236873], [77.6946338, 12.9238074], [77.6946363, 12.9238989], [77.6946387, 12.9239682], [77.6946415, 12.9240496], [77.6946434, 12.9241051], [77.6946455, 12.9241661]]}"
way/125178386,yes,residential,LineString,"{""type"": ""LineString"", ""coordinates"": [[77.6917391, 12.9220656], [77.6917626, 12.9231078], [77.6918062, 12.9231938]]}"
way/125178391,yes,residential,LineString,"{""type"": ""LineString"", ""coordinates"": [[77.6929748, 12.9241629], [77.6929099, 12.9220296]]}"
way/125178393,yes,residential,LineString,"{""type"": ""LineString"", ""coordinates"": [[77.6940216, 12.9219878], [77.6940984, 12.9241448]]}"
way/125178396,yes,residential,LineString,"{""type"": ""LineString"", ""coordinates"": [[77.6923153, 12.9220537], [77.6923803, 12.924117]]}"
way/125178398,yes,residential,LineString,"{""type"": ""LineString"", ""coordinates"": [[77.6934778, 12.9220051], [77.6935592, 12.9241361]]}"
way/128195040,yes,residential,LineString,"{""type"": ""LineString"", ""coordinates"": [[77.6927546, 12.9715546], [77.6927464, 12.9713315], [77.6927331, 12.971155], [77.6926624, 12.9708644], [77.6924695, 12.970017], [77.6923958, 12.9696628]]}"
way/128510755,yes,residential,LineString,"{""type"": ""LineString"", ""coordinates"": [[77.6384331, 12.9654711], [77.6385906, 12.9660464]]}"
way/128510779,yes,residential,LineString,"{""type"": ""LineString"", ""coordinates"": [[77.6475717, 12.9697775], [77.6474736, 12.9697752], [77.6459739, 12.9697396], [77.645589, 12.9697305], [77.6441197, 12.9696924]]}"
way/128510781,yes,residential,LineString,"{""type"": ""LineString"", ""coordinates"": [[77.6366267, 12.968955], [77.6363044, 12.9689369], [77.6360824, 12.9689245], [77.6360547, 12.9689229]]}"
way/130112042,yes,primary_link,LineString,"{""type"": ""LineString"", ""coordinates"": [[77.7449731, 12.9563959], [77.7449647, 12.9564621], [77.7448641, 12.956614], [77.7447904, 12.95665]]}"
way/130121747,yes,secondary,LineString,"{""type"": ""LineString"", ""coordinates"": [[77.6195948, 12.9716577], [77.6196031, 12.9714471], [77.6196818, 12.9707551], [77.6197305, 12.970344], [77.6198805, 12.9690426], [77.6199741, 12.968324], [77.6199895, 12.9682165], [77.6202632, 12.9674669], [77.6202962, 12.9673799], [77.6204569, 12.9670443], [77.6205136, 12.96698], [77.6205972, 12.9669099], [77.620645, 12.9668929], [77.6206876, 12.9668777], [77.620781, 12.9668785]]}"
way/130989093,yes,secondary,LineString,"{""type"": ""LineString"", ""coordinates"": [[77.5930827, 12.9485413], [77.5930385, 12.9485112], [77.5929848, 12.9484759], [77.5928548, 12.9483896], [77.5925865, 12.9482053], [77.5924232, 12.9481042], [77.592386, 12.9480812], [77.5922909, 12.9480277], [77.5920943, 12.9479281], [77.5918402, 12.9477949], [77.5916997, 12.9477316], [77.5912863, 12.9475453], [77.5910007, 12.9474094], [77.5908827, 12.9473427], [77.5906694, 12.9471153], [77.5903268, 12.9467572], [77.5902791, 12.9467112], [77.5899405, 12.9463847], [77.5898789, 12.946341], [77.5897964, 12.9463036], [77.5897173, 12.946273], [77.589675, 12.9462645], [77.589616, 12.9462566], [77.5890128, 12.9462308], [77.588583, 12.9462131], [77.5881666, 12.9461961], [77.5880004, 12.9461813], [77.5879768, 12.9461792], [77.5871338, 12.9459367], [77.5863085, 12.9456548], [77.5862324, 12.9456156], [77.5861309, 12.9455572], [77.5860085, 12.9454771], [77.5859106, 12.9454052], [77.5858125, 12.9453292], [77.585751, 12.9452719], [77.5856933, 12.9451947], [77.5856449, 12.9451154], [77.5855498, 12.944932], [77.585462, 12.944759], [77.5854117, 12.9446432], [77.5853513, 12.9444733], [77.5853208, 12.9443428], [77.5852963, 12.944187], [77.5852785, 12.9440391], [77.5852677, 12.9438721]]}"
way/130989095,yes,primary_link,LineString,"{""type"": ""LineString"", ""coordinates"": [[77.5936624, 12.9483928], [77.5934745, 12.9485727], [77.5934333, 12.9485874], [77.5933859, 12.9485852], [77.5933255, 12.9485767], [77.5931563, 12.9485317], [77.5930827, 12.9485413]]}"
way/130999833,yes,residential,LineString,"{""type"": ""LineString"", ""coordinates"": [[77.6937881, 12.9548012], [77.6944626, 12.9548242], [77.6946633, 12.9548002], [77.6949309, 12.9547058], [77.6950971, 12.9546447], [77.6951103, 12.9546401], [77.6951344, 12.9546318], [77.6951729, 12.9546184], [77.6953851, 12.9545937], [77.6957672, 12.9545709], [77.6957217, 12.9543738]]}"
way/131034399,yes,residential,LineString,"{""type"": ""LineString"", ""coordinates"": [[77.6915096, 12.9557161], [77.6915231, 12.9556551], [77.6916123, 12.9552506], [77.6912732, 12.9552005], [77.691054, 12.9551726], [77.6908463, 12.9551502], [77.6906456, 12.9551254], [77.6904077, 12.9550909], [77.6900186, 12.9550365]]}"
way/131645290,yes,residential,LineString,"{""type"": ""LineString"", ""coordinates"": [[77.5959697, 12.9441159], [77.5961668, 12.9443092], [77.5967556, 12.9447803], [77.5968655, 12.9448681], [77.5968936, 12.9448856]]}"
way/131663296,yes,residential,LineString,"{""type"": ""LineString"", ""coordinates"": [[77.6056566, 12.964617], [77.6056686, 12.9647427], [77.6056912, 12.9650018], [77.6057437, 12.9653506], [77.6057534, 12.9654372], [77.6058154, 12.9659827], [77.6058197, 12.9660629]]}"
way/132191813,yes,primary,LineString,"{""type"": ""LineString"", ""coordinates"": [[77.5946699, 12.9621874], [77.5945829, 12.9620877], [77.5945422, 12.9620273], [77.5944847, 12.9619024], [77.5941538, 12.9610401], [77.593807, 12.9601572], [77.593587, 12.9595636]]}"
way/132191818,yes,primary,LineString,"{""type"": ""LineString"", ""coordinates"": [[77.5962022, 12.9636166], [77.5963453, 12.9638417], [77.5965325, 12.9641792], [77.5967541, 12.9646434], [77.5969593, 12.9650907], [77.597023, 12.9652066], [77.5971049, 12.9653016], [77.5972231, 12.9654111], [77.5979331, 12.9659657]]}"
way/132600996,yes,residential,LineString,"{""type"": ""LineString"", ""coordinates"": [[77.6735484, 12.9000715], [77.6735528, 12.9001295], [77.6736672, 12.9022004]]}"
way/132600997,yes,residential,LineString,"{""type"": ""LineString"", ""coordinates"": [[77.6733039, 12.9001099], [77.6731707, 12.9001166], [77.6732413, 12.9014561], [77.6733631, 12.90145], [77.6733789, 12.9017486], [77.6734059, 12.9022528]]}"
way/132909371,yes,residential,LineString,"{""type"": ""LineString"", ""coordinates"": [[77.6413707, 12.9819345], [77.6424876, 12.9814224], [77.6428134, 12.9812689], [77.643072, 12.9811497], [77.6439001, 12.980962], [77.6442701, 12.9809046]]}"
way/133126061,yes,tertiary,LineString,"{""type"": ""LineString"", ""coordinates"": [[77.7010187, 12.9571838], [77.7010796, 12.9580588], [77.7010847, 12.9583413], [77.7010772, 12.9587625], [77.7010766, 12.9589178], [77.7010951, 12.9593052], [77.7011165, 12.9595457], [77.7011775, 12.9599835], [77.7011807, 12.9600013], [77.7012265, 12.960252]]}"
way/133142879,yes,residential,LineString,"{""type"": ""LineString"", ""coordinates"": [[77.558698, 12.9122827], [77.5571599, 12.9123472], [77.557169, 12.9124362], [77.5572136, 12.9127532], [77.5572206, 12.9128759]]}"
way/133142987,yes,residential,LineString,"{""type"": ""LineString"", ""coordinates"": [[77.5568874, 12.9125132], [77.5568777, 12.9122376], [77.5568732, 12.912111]]}"
way/133142988,yes,residential,LineString,"{""type"": ""LineString"", ""coordinates"": [[77.5572136, 12.9127532], [77.5569893, 12.9128205], [77.5568734, 12.9128553], [77.5562179, 12.913052], [77.556244, 12.913155], [77.556248, 12.9131708], [77.5559616, 12.913266], [77.5556643, 12.9133648], [77.555433, 12.9134416], [77.5552924, 12.9134884], [77.5550418, 12.913576]]}"
way/133142989,yes,residential,LineString,"{""type"": ""LineString"", ""coordinates"": [[77.557169, 12.9124362], [77.5568874, 12.9125132], [77.5562445, 12.9125717]]}"
way/133142990,yes,residential,LineString,"{""type"": ""LineString"", ""coordinates"": [[77.5587701, 12.9125219], [77.5579377, 12.9126789], [77.5572206, 12.9128759]]}"
way/133338648,yes,residential,LineString,"{""type"": ""LineString"", ""coordinates"": [[77.5499437, 13.0105789], [77.5497973, 13.0097938], [77.5495267, 13.0089211], [77.5493473, 13.0079336], [77.5492002, 13.0067216]]}"
way/133338651,yes,tertiary,LineString,"{""type"": ""LineString"", ""coordinates"": [[77.5462171, 13.0047742], [77.5464193, 13.0043848], [77.5466946, 13.0038279], [77.5470086, 13.0031927], [77.5470276, 13.0031536], [77.5471639, 13.0028734], [77.5472276, 13.0027424], [77.5472868, 13.0026207], [77.5477209, 13.0017155], [77.5479176, 13.0013219], [77.5481207, 13.0009101], [77.5483261, 13.0004937], [77.5486526, 12.9996268], [77.5487904, 12.9991786], [77.5488978, 12.9987821], [77.5490126, 12.9983846], [77.5490181, 12.9983654], [77.5492234, 12.9976539], [77.5492349, 12.9976141]]}"
way/133338653,yes,residential,LineString,"{""type"": ""LineString"", ""coordinates"": [[77.5459276, 13.0046334], [77.5461257, 13.0042421], [77.5462658, 13.0039608], [77.5467369, 13.0030162]]}"
way/133338657,yes,residential,LineString,"{""type"": ""LineString"", ""coordinates"": [[77.5499434, 13.0078532], [77.5497139, 13.0078842], [77.5493473, 13.0079336], [77.5488654, 13.0080037]]}"
way/133338658,yes,residential,LineString,"{""type"": ""LineString"", ""coordinates"": [[77.5495515, 13.0069006], [77.5497139, 13.0078842], [77.5499018, 13.0088487], [77.5502494, 13.0102144], [77.5500172, 13.0106735]]}"
way/133338659,yes,residential,LineString,"{""type"": ""LineString"", ""coordinates"": [[77.5499018, 13.0088487], [77.5495267, 13.0089211], [77.549163, 13.0090015], [77.5490273, 13.0090211]]}"
way/133338664,yes,residential,LineString,"{""type"": ""LineString"", ""coordinates"": [[77.5499868, 13.0040344], [77.5499777, 13.0040908], [77.5499263, 13.0044114], [77.5498709, 13.0047396], [77.549811, 13.0051192], [77.5497444, 13.0055395], [77.5496961, 13.0059539], [77.5496121, 13.0062383], [77.5495641, 13.0063815], [77.549552, 13.0064098], [77.5495225, 13.0064792], [77.5495138, 13.0065039], [77.5495046, 13.0065299], [77.5493992, 13.006823]]}"
way/133632534,yes,primary,LineString,"{""type"": ""LineString"", ""coordinates"": [[77.6108556, 12.9670686], [77.6108379, 12.9670651], [77.610788, 12.9670552], [77.6106303, 12.9670237], [77.6105234, 12.9670024], [77.6102237, 12.9669413], [77.610108, 12.9669192], [77.6100609, 12.9669102], [77.6096952, 12.9668373], [77.6096251, 12.9668233], [77.6095077, 12.9668015], [77.6093335, 12.9667696], [77.6090563, 12.9667187], [77.6088877, 12.9666874], [77.6088459, 12.9666797], [77.608782, 12.9666684], [77.6087634, 12.9666654]]}"
way/133733702,yes,residential,LineString,"{""type"": ""LineString"", ""coordinates"": [[77.5502707, 13.0021054], [77.5506197, 13.002169], [77.5509361, 13.0022194], [77.5512344, 13.0022831], [77.5515612, 13.0023505]]}"
way/133733703,yes,residential,LineString,"{""type"": ""LineString"", ""coordinates"": [[77.5506617, 13.0040396], [77.5506658, 13.0039976], [77.5507994, 13.0030824], [77.5509361, 13.0022194]]}"
way/133733704,yes,residential,LineString,"{""type"": ""LineString"", ""coordinates"": [[77.5513643, 13.0041157], [77.5513685, 13.0040701], [77.5514446, 13.003163], [77.5515296, 13.0025711], [77.5515612, 13.0023505], [77.5516355, 13.0019992]]}"
way/133733705,yes,residential,LineString,"{""type"": ""LineString"", ""coordinates"": [[77.5503598, 13.0040079], [77.5503659, 13.0039667], [77.5504745, 13.003045], [77.5506197, 13.002169]]}"
way/133733706,yes,residential,LineString,"{""type"": ""LineString"", ""coordinates"": [[77.5509887, 13.004075], [77.550994, 13.0040315], [77.5511137, 13.0031221], [77.5512344, 13.0022831]]}"
way/133733709,yes,residential,LineString,"{""type"": ""LineString"", ""coordinates"": [[77.5501431, 13.0030019], [77.5504745, 13.003045], [77.5507994, 13.0030824], [77.5511137, 13.0031221], [77.5514446, 13.003163], [77.5519085, 13.0032234], [77.5523555, 13.0032867]]}"
way/133735250,yes,residential,LineString,"{""type"": ""LineString"", ""coordinates"": [[77.5491229, 13.0101416], [77.5487607, 13.009249], [77.5486643, 13.0089105], [77.5485756, 13.0085091], [77.5484694, 13.0080157], [77.5484331, 13.0077774]]}"
way/133759694,yes,motorway,LineString,"{""type"": ""LineString"", ""coordinates"": [[77.6274877, 12.9093025], [77.6272476, 12.9096149]]}"
way/133759697,yes,trunk,LineString,"{""type"": ""LineString"", ""coordinates"": [[77.7592745, 12.7830459], [77.7589655, 12.7831169], [77.7584329, 12.7832405], [77.7578303, 12.7833565], [77.7567735, 12.7835527], [77.7556176, 12.7837461], [77.7555948, 12.7837498], [77.754939, 12.7838561], [77.754584, 12.7839289], [77.7542148, 12.7840157], [77.753883, 12.7841208], [77.7535151, 12.784272], [77.7527798, 12.7845871], [77.7520674, 12.7848723], [77.7518901, 12.7849533], [77.7512226, 12.7852508], [77.7506387, 12.7855081], [77.7501419, 12.7857013], [77.7498701, 12.7857991], [77.74962, 12.7858603], [77.7493414, 12.7859361], [77.7489663, 12.7860078], [77.748623, 12.7860469], [77.7484058, 12.7860585], [77.748248, 12.7860669], [77.7474906, 12.7861051], [77.7459742, 12.7861539], [77.7448207, 12.7862338], [77.7435457, 12.7863077], [77.7429941, 12.7863768], [77.7423277, 12.7864957], [77.7417845, 12.7865926], [77.7417539, 12.786598], [77.7417182, 12.7866044], [77.7416533, 12.7866161], [77.7407449, 12.7868136], [77.7397875, 12.7869835], [77.7394474, 12.7870562], [77.7391198, 12.7871276], [77.7387737, 12.7872228], [77.7384539, 12.7873296], [77.7379925, 12.787504], [77.7373047, 12.7877925], [77.7363672, 12.7882132], [77.7352362, 12.7886822], [77.7345053, 12.7890217], [77.7340479, 12.7892659], [77.7336127, 12.7895191], [77.7326097, 12.790179], [77.7314717, 12.7909246], [77.730952, 12.7912489], [77.730629, 12.7914213], [77.7305661, 12.7914474], [77.7302317, 12.7915862], [77.7296235, 12.7918079], [77.7291835, 12.7919345], [77.728282, 12.7921702], [77.7274402, 12.7924062], [77.7267193, 12.7925999], [77.7258924, 12.7928144], [77.7249575, 12.7930605], [77.7240886, 12.7932941], [77.7231205, 12.7935218], [77.7228714, 12.7935867], [77.7224826, 12.793691], [77.7217059, 12.7938911], [77.7211474, 12.7940453], [77.7206635, 12.794209], [77.7204183, 12.7943047], [77.7202007, 12.7944109], [77.7197996, 12.7946548], [77.719516, 12.7948654], [77.719216, 12.7951239], [77.7189701, 12.7953849], [77.7187564, 12.7956657], [77.718324, 12.7963029], [77.7180298, 12.7967538], [77.717666, 12.7973398], [77.7174068, 12.7977324], [77.7173652, 12.7977853], [77.7172472, 12.7979351], [77.717104, 12.7981047], [77.7168354, 12.7983888], [77.7166284, 12.7985965], [77.7164195, 12.7987908], [77.7161385, 12.7990391], [77.71584, 12.7992704], [77.7155731, 12.7994584], [77.7154075, 12.7995566], [77.715295, 12.7996233], [77.7151177, 12.7997181], [77.7148458, 12.7998636], [77.7145987, 12.7999957], [77.7141562, 12.8002324], [77.7137615, 12.8004548], [77.7132546, 12.8007404], [77.7122314, 12.8012949], [77.7118662, 12.8014821], [77.7117423, 12.8015413], [77.7114986, 12.8016577]]}"
way/133763758,yes,primary,LineString,"{""type"": ""LineString"", ""coordinates"": [[77.6186023, 12.9237068], [77.6181717, 12.9244133]]}"
way/133763760,yes,primary,LineString,"{""type"": ""LineString"", ""coordinates"": [[77.6172816, 12.9260375], [77.6173844, 12.9258298], [77.6180631, 12.9247467]]}"
way/133763765,yes,trunk,LineString,"{""type"": ""LineString"", ""coordinates"": [[77.6212875, 12.9193784], [77.6210467, 12.9196804]]}"
way/133764735,yes,primary,LineString,"{""type"": ""LineString"", ""coordinates"": [[77.61384, 12.9315208], [77.6136342, 12.93167], [77.6134432, 12.9318314]]}"
way/133764736,yes,residential,LineString,"{""type"": ""LineString"", ""coordinates"": [[77.6103588, 12.9327121], [77.6104897, 12.9331261], [77.6105026, 12.9331657], [77.6106163, 12.933455], [77.6107592, 12.933823], [77.6107889, 12.9338827]]}"
way/134025442,yes,residential,LineString,"{""type"": ""LineString"", ""coordinates"": [[77.6061016, 12.9151163], [77.6056664, 12.9150732]]}"
way/134099950,yes,residential,LineString,"{""type"": ""LineString"", ""coordinates"": [[77.6271609, 13.0010516], [77.6271461, 13.0011092], [77.6272845, 13.0014741], [77.6273025, 13.0015101], [77.6273044, 13.0015399], [77.6272984, 13.0015641], [77.6272638, 13.0015948], [77.6260608, 13.0020551], [77.6257857, 13.0021604], [77.6257096, 13.0021895], [77.6256083, 13.0022305], [77.6254256, 13.0023044], [77.6253751, 13.0023248], [77.6252849, 13.0023627], [77.6242192, 13.002808], [77.6242029, 13.0028167]]}"
way/134274606,yes,residential,LineString,"{""type"": ""LineString"", ""coordinates"": [[77.6007219, 13.0567287], [77.6008879, 13.0571761], [77.6009804, 13.057343], [77.6014941, 13.0579808], [77.6017852, 13.0583507], [77.6019876, 13.0586078], [77.6020574, 13.0587881], [77.6021134, 13.0594129], [77.6021115, 13.0597099], [77.6021083, 13.0602198]]}"
way/136752730,yes,residential,LineString,"{""type"": ""LineString"", ""coordinates"": [[77.648744, 12.968761], [77.6488297, 12.9691266], [77.6488534, 12.9692275]]}"
way/136752732,yes,residential,LineString,"{""type"": ""LineString"", ""coordinates"": [[77.6505691, 12.9714535], [77.6504874, 12.9710883], [77.650448, 12.9709121], [77.650383, 12.9706214], [77.6503299, 12.9703455], [77.6502688, 12.9699874]]}"
way/136787650,yes,residential,LineString,"{""type"": ""LineString"", ""coordinates"": [[77.6481967, 12.9722833], [77.6484126, 12.9710687]]}"
way/136787652,yes,residential,LineString,"{""type"": ""LineString"", ""coordinates"": [[77.648745, 12.971128], [77.6486893, 12.9714496], [77.6487761, 12.9720583]]}"
way/138711984,yes,residential,LineString,"{""type"": ""LineString"", ""coordinates"": [[77.5517816, 12.9944646], [77.5527125, 12.9944288]]}"
way/138711985,yes,residential,LineString,"{""type"": ""LineString"", ""coordinates"": [[77.5513178, 12.9965798], [77.5527816, 12.9965148]]}"
way/138712005,yes,residential,LineString,"{""type"": ""LineString"", ""coordinates"": [[77.5511868, 12.9972433], [77.5524732, 12.9971936]]}"
way/138712006,yes,residential,LineString,"{""type"": ""LineString"", ""coordinates"": [[77.5517121, 12.9947963], [77.5527328, 12.9947578]]}"
way/138712012,yes,residential,LineString,"{""type"": ""LineString"", ""coordinates"": [[77.5527562, 12.9951376], [77.5527582, 12.9952236], [77.5527652, 12.9955225], [77.5527678, 12.9956808], [77.5527707, 12.9958532], [77.5527759, 12.9961714], [77.5527816, 12.9965148], [77.5527874, 12.9968583]]}"
way/138712013,yes,residential,LineString,"{""type"": ""LineString"", ""coordinates"": [[77.5518189, 12.9937918], [77.5518323, 12.9941291], [77.5517816, 12.9944646], [77.5517121, 12.9947963], [77.5516467, 12.9951635]]}"
way/138712017,yes,residential,LineString,"{""type"": ""LineString"", ""coordinates"": [[77.5511214, 12.9975553], [77.5524831, 12.997528]]}"
way/138712019,yes,residential,LineString,"{""type"": ""LineString"", ""coordinates"": [[77.5518323, 12.9941291], [77.5526908, 12.9941009]]}"
way/138712027,yes,residential,LineString,"{""type"": ""LineString"", ""coordinates"": [[77.5515568, 12.9955686], [77.5527652, 12.9955225]]}"
way/138712030,yes,residential,LineString,"{""type"": ""LineString"", ""coordinates"": [[77.5514076, 12.9962513], [77.5527759, 12.9961714]]}"
way/138712034,yes,residential,LineString,"{""type"": ""LineString"", ""coordinates"": [[77.5512171, 12.9938064], [77.5514895, 12.9937998], [77.5518189, 12.9937918], [77.5526743, 12.9937461]]}"
way/138712042,yes,residential,LineString,"{""type"": ""LineString"", ""coordinates"": [[77.5514791, 12.9958962], [77.5527707, 12.9958532]]}"
way/138717073,yes,residential,LineString,"{""type"": ""LineString"", ""coordinates"": [[77.5554526, 12.9986334], [77.5555275, 12.9979757], [77.5556411, 12.9972014], [77.5556794, 12.9969406], [77.5557739, 12.9963685], [77.5558309, 12.9960542], [77.5558312, 12.9956905], [77.5556207, 12.9949423]]}"
way/138717113,yes,residential,LineString,"{""type"": ""LineString"", ""coordinates"": [[77.554626, 12.9967169], [77.5544565, 12.9970985], [77.5543799, 12.9973082], [77.5543712, 12.9973298], [77.5542769, 12.9975733], [77.554239, 12.9976569], [77.554155, 12.9983999]]}"
way/138717114,yes,residential,LineString,"{""type"": ""LineString"", ""coordinates"": [[77.5547358, 12.9985246], [77.5548391, 12.9977524], [77.5549119, 12.9972302], [77.5549498, 12.9967877]]}"
way/138717119,yes,residential,LineString,"{""type"": ""LineString"", ""coordinates"": [[77.5555275, 12.9979757], [77.5551513, 12.9978554], [77.5548391, 12.9977524], [77.5547449, 12.9977234], [77.5545141, 12.9976494], [77.5542769, 12.9975733], [77.5539674, 12.9974733], [77.5537475, 12.9973951], [77.5535888, 12.9973201], [77.553511, 12.9972785]]}"
way/138905244,yes,residential,LineString,"{""type"": ""LineString"", ""coordinates"": [[77.5508583, 12.9988869], [77.5519678, 12.9991146]]}"
way/138905252,yes,residential,LineString,"{""type"": ""LineString"", ""coordinates"": [[77.5509378, 12.998467], [77.5520948, 12.9987092]]}"
way/138905253,yes,residential,LineString,"{""type"": ""LineString"", ""coordinates"": [[77.5507314, 13.0014815], [77.550993, 13.0015255], [77.5519012, 13.0017164], [77.5519438, 13.0017285], [77.5526185, 13.0018985], [77.5532024, 13.0018947]]}"
way/138905259,yes,residential,LineString,"{""type"": ""LineString"", ""coordinates"": [[77.5508032, 12.9991778], [77.5519583, 12.9994273]]}"
way/138905263,yes,residential,LineString,"{""type"": ""LineString"", ""coordinates"": [[77.5512699, 12.9999359], [77.5512033, 13.0003182], [77.5511348, 13.0007117], [77.550993, 13.0015255]]}"
way/138905268,yes,residential,LineString,"{""type"": ""LineString"", ""coordinates"": [[77.5510046, 12.9998819], [77.55087, 13.00067], [77.5507314, 13.0014815], [77.5506756, 13.0017873]]}"
way/138905270,yes,residential,LineString,"{""type"": ""LineString"", ""coordinates"": [[77.5509979, 12.9981386], [77.5522069, 12.9984292]]}"
way/138905275,yes,residential,LineString,"{""type"": ""LineString"", ""coordinates"": [[77.552368, 12.998129], [77.5522069, 12.9984292], [77.5520948, 12.9987092], [77.5519678, 12.9991146], [77.5519583, 12.9994273], [77.5519565, 12.9995546], [77.5519675, 12.9997425], [77.5520137, 13.0000956]]}"
way/138905278,yes,residential,LineString,"{""type"": ""LineString"", ""coordinates"": [[77.5507457, 12.9994815], [77.5519675, 12.9997425]]}"
way/139237580,yes,residential,LineString,"{""type"": ""LineString"", ""coordinates"": [[77.5490505, 12.9997363], [77.5488385, 13.0011535], [77.5487861, 13.0016402], [77.5487147, 13.0020823], [77.5486415, 13.0025012], [77.5485507, 13.0030209], [77.5485409, 13.0030635], [77.5485195, 13.0031551], [77.548468, 13.003367], [77.5483599, 13.0038113], [77.5483474, 13.0038626]]}"
way/139266402,yes,primary,LineString,"{""type"": ""LineString"", ""coordinates"": [[77.7402078, 12.9876289], [77.7402737, 12.9876124], [77.7422913, 12.9871062], [77.7441991, 12.9866201], [77.7448123, 12.9864569], [77.7448615, 12.9864437], [77.7452909, 12.9863256], [77.7454991, 12.9862651], [77.7458528, 12.9861494], [77.7461913, 12.9860265], [77.7477919, 12.9854273]]}"
way/139976141,yes,residential,LineString,"{""type"": ""LineString"", ""coordinates"": [[77.6850471, 12.9914468], [77.6850027, 12.9911575], [77.6849169, 12.9906788], [77.6848821, 12.990462], [77.6848554, 12.9903318], [77.6847511, 12.9899994], [77.6846615, 12.9897178], [77.6845814, 12.989441], [77.6845043, 12.9891094], [77.6844539, 12.9888824], [77.6844025, 12.988653]]}"
way/140356831,yes,residential,LineString,"{""type"": ""LineString"", ""coordinates"": [[77.5150363, 12.9679708], [77.5151533, 12.9694399], [77.5152143, 12.9704799], [77.5152233, 12.9706809]]}"
way/140356834,yes,residential,LineString,"{""type"": ""LineString"", ""coordinates"": [[77.5129757, 12.9629524], [77.5137959, 12.9630323]]}"
way/140356835,no,residential,LineString,"{""type"": ""LineString"", ""coordinates"": [[77.5130039, 12.9625045], [77.5136302, 12.9625479]]}"
way/140356837,yes,residential,LineString,"{""type"": ""LineString"", ""coordinates"": [[77.5137523, 12.9707414], [77.5136889, 12.9695749]]}"
way/140356841,yes,residential,LineString,"{""type"": ""LineString"", ""coordinates"": [[77.514254, 12.9686569], [77.5127627, 12.9687642]]}"
way/140356847,yes,residential,LineString,"{""type"": ""LineString"", ""coordinates"": [[77.514229, 12.9681632], [77.5137514, 12.9682116], [77.5134018, 12.9682375], [77.5130866, 12.9682675], [77.5128423, 12.9682905]]}"
way/140356857,yes,residential,LineString,"{""type"": ""LineString"", ""coordinates"": [[77.5155364, 12.9704336], [77.5154928, 12.9693982], [77.515467, 12.9690994], [77.515363, 12.9679343]]}"
way/140356860,yes,residential,LineString,"{""type"": ""LineString"", ""coordinates"": [[77.5135674, 12.9637303], [77.5136466, 12.9652662], [77.5137491, 12.9672558], [77.5137514, 12.9682116]]}"
way/140356862,yes,residential,LineString,"{""type"": ""LineString"", ""coordinates"": [[77.5127907, 12.969205], [77.5142926, 12.9690606]]}"
way/140356874,yes,residential,LineString,"{""type"": ""LineString"", ""coordinates"": [[77.5131021, 12.9610932], [77.5130754, 12.9614356], [77.5130337, 12.9618786], [77.5130039, 12.9625045], [77.5129757, 12.9629524], [77.5129718, 12.9632728], [77.512961, 12.9636837]]}"
way/140356876,yes,residential,LineString,"{""type"": ""LineString"", ""coordinates"": [[77.5129718, 12.9632728], [77.5138716, 12.9633605]]}"
way/140870645,yes,residential,LineString,"{""type"": ""LineString"", ""coordinates"": [[77.6562671, 12.8870664], [77.6553685, 12.8872522]]}"
way/142241249,yes,residential,LineString,"{""type"": ""LineString"", ""coordinates"": [[77.5629867, 13.0083046], [77.5622693, 13.0083332], [77.5614047, 13.0083605], [77.5611312, 13.0083694], [77.5608184, 13.0083795], [77.5604899, 13.0083895], [77.5602448, 13.0083914]]}"
way/142241251,yes,trunk,LineString,"{""type"": ""LineString"", ""coordinates"": [[77.5640534, 13.0151584], [77.5645578, 13.0147984], [77.5652098, 13.0144036]]}"
way/142862282,yes,residential,LineString,"{""type"": ""LineString"", ""coordinates"": [[77.6444451, 12.9815694], [77.644207, 12.9815287], [77.6432895, 12.9817245], [77.6424884, 12.9820891], [77.6413923, 12.9823411]]}"
way/142862540,yes,residential,LineString,"{""type"": ""LineString"", ""coordinates"": [[77.6444748, 12.979197], [77.6444686, 12.9792493], [77.6444171, 12.9796819], [77.6443666, 12.980099], [77.6442701, 12.9809046], [77.644238, 12.981207], [77.644207, 12.9815287]]}"
way/142862542,yes,residential,LineString,"{""type"": ""LineString"", ""coordinates"": [[77.643072, 12.9811497], [77.6431861, 12.9814277], [77.6432895, 12.9817245]]}"
way/142862543,yes,residential,LineString,"{""type"": ""LineString"", ""coordinates"": [[77.6413728, 12.9820029], [77.6423535, 12.9817704], [77.6431861, 12.9814277], [77.644238, 12.981207]]}"
way/142906083,yes,residential,LineString,"{""type"": ""LineString"", ""coordinates"": [[77.5576045, 13.0091673], [77.5578909, 13.0091603], [77.558121, 13.0091547], [77.5583987, 13.0091479], [77.5584771, 13.0091459], [77.5586752, 13.0091411], [77.5589987, 13.0091332], [77.559707, 13.0091158]]}"
way/142906088,yes,residential,LineString,"{""type"": ""LineString"", ""coordinates"": [[77.5590193, 13.0100423], [77.559431, 13.0100332]]}"
way/142906093,yes,residential,LineString,"{""type"": ""LineString"", ""coordinates"": [[77.5590823, 13.0088234], [77.5597959, 13.0088154]]}"
way/142906095,yes,residential,LineString,"{""type"": ""LineString"", ""coordinates"": [[77.5592796, 13.0082126], [77.5599938, 13.0081972]]}"
way/142906097,yes,residential,LineString,"{""type"": ""LineString"", ""coordinates"": [[77.5591817, 13.0085179], [77.5598936, 13.0085144]]}"
way/143240402,yes,unclassified,LineString,"{""type"": ""LineString"", ""coordinates"": [[77.6102719, 12.9815371], [77.610227, 12.981552], [77.6098421, 12.9816826], [77.6098182, 12.9816904], [77.6097827, 12.9817019], [77.6097659, 12.9817074], [77.6089962, 12.9819652], [77.608971, 12.9819737], [77.6089509, 12.9819804], [77.6083756, 12.9821729], [77.608346, 12.9821818], [77.6083134, 12.9821929], [77.6077146, 12.9824127], [77.6076854, 12.9824227], [77.6076598, 12.9824316], [77.6071332, 12.9826107], [77.6071027, 12.9826218], [77.6070656, 12.9826348], [77.6062768, 12.9829051], [77.6062389, 12.9829181]]}"
way/143364231,no,footway,LineString,"{""type"": ""LineString"", ""coordinates"": [[77.588657, 12.9862951], [77.5888834, 12.9861923], [77.5890524, 12.9865857]]}"
way/143369668,yes,tertiary,LineString,"{""type"": ""LineString"", ""coordinates"": [[77.686744, 12.9889888], [77.6867069, 12.9888444], [77.6866739, 12.9888105], [77.686649, 12.9887134], [77.6866097, 12.9886639], [77.6865532, 12.9885906], [77.6864035, 12.9884534], [77.6862726, 12.9883816], [77.6861621, 12.9883527], [77.6860736, 12.9883341], [77.6859497, 12.9883352], [77.6858416, 12.9883733], [77.6857005, 12.9884465], [77.6855492, 12.9885135], [77.685388, 12.9885429], [77.6853361, 12.9885447], [77.6852159, 12.9885083], [77.684924, 12.9885451], [77.684625, 12.9886066], [77.6844025, 12.988653], [77.6843178, 12.9886631], [77.6842114, 12.9886758], [77.6840727, 12.9886923], [77.6835297, 12.9887111], [77.6828272, 12.9887154], [77.6822116, 12.9887321], [77.6816017, 12.9887169], [77.6814022, 12.9887037], [77.6809243, 12.9886777], [77.6806337, 12.9886651], [77.6803829, 12.9886486], [77.679693, 12.988589], [77.6795182, 12.9885758], [77.679425, 12.9885636], [77.6788432, 12.988406], [77.6786965, 12.9883592], [77.6786424, 12.9882797], [77.6786308, 12.9882627], [77.6786285, 12.9881285], [77.6786265, 12.9880116], [77.6787053, 12.9875281], [77.6787979, 12.9871796], [77.6789041, 12.9866968]]}"
way/143384191,yes,residential,LineString,"{""type"": ""LineString"", ""coordinates"": [[77.6812328, 12.9744131], [77.6815344, 12.9753426], [77.6816056, 12.9755546], [77.681707, 12.9758141], [77.6817728, 12.9759739], [77.6817949, 12.9760276], [77.6818097, 12.9760648], [77.6818548, 12.9761778], [77.6819209, 12.9763476], [77.682036, 12.9766113], [77.6820619, 12.9766895], [77.6821157, 12.9768668], [77.6821421, 12.976951]]}"
way/143384251,yes,residential,LineString,"{""type"": ""LineString"", ""coordinates"": [[77.6808332, 12.9719772], [77.6809435, 12.9725373], [77.681209, 12.9724654], [77.6818283, 12.9723061]]}"
way/143384252,yes,residential,LineString,"{""type"": ""LineString"", ""coordinates"": [[77.6810414, 12.9727722], [77.6818877, 12.9725359]]}"
way/143384381,no,footway,LineString,"{""type"": ""LineString"", ""coordinates"": [[77.5925729, 12.9985736], [77.592321, 12.998286], [77.5920638, 12.9979898], [77.592384, 12.9977258], [77.5926343, 12.9980141], [77.592892, 12.9983083], [77.5925729, 12.9985736]]}"
way/143384383,no,footway,LineString,"{""type"": ""LineString"", ""coordinates"": [[77.592416, 12.9982073], [77.5924012, 12.9981819], [77.5923962, 12.9981532], [77.5924004, 12.9981277], [77.5924144, 12.998102], [77.5924312, 12.9980861], [77.592458, 12.9980731], [77.5924867, 12.9980698], [77.5925159, 12.9980763], [77.5925413, 12.9980924], [77.5925593, 12.9981157], [77.5925675, 12.9981405], [77.592567, 12.9981697], [77.5925576, 12.9981947], [77.5925387, 12.9982173], [77.5925172, 12.9982305], [77.5924881, 12.9982374], [77.5924557, 12.9982335], [77.5924203, 12.9982062], [77.592416, 12.9982073]]}"
way/143384385,no,footway,LineString,"{""type"": ""LineString"", ""coordinates"": [[77.5921919, 12.9983889], [77.5922402, 12.998351], [77.592321, 12.998286], [77.5924203, 12.9982062]]}"
way/143384386,no,footway,LineString,"{""type"": ""LineString"", ""coordinates"": [[77.5925413, 12.9980924], [77.5926343, 12.9980141], [77.5927201, 12.997948], [77.5933096, 12.9974509]]}"
way/143384448,yes,residential,LineString,"{""type"": ""LineString"", ""coordinates"": [[77.6788066, 12.9721311], [77.6793891, 12.9720507], [77.6794227, 12.9720508], [77.6795233, 12.9720325], [77.6797686, 12.9719827], [77.6799764, 12.9719327]]}"
way/143384449,yes,residential,LineString,"{""type"": ""LineString"", ""coordinates"": [[77.6784046, 12.9699746], [77.6785873, 12.9709268], [77.678665, 12.9713318], [77.6787121, 12.9715948], [77.6787561, 12.9718636], [77.6788066, 12.9721311], [77.6788747, 12.9725261]]}"
way/144116301,yes,motorway,LineString,"{""type"": ""LineString"", ""coordinates"": [[77.4885809, 13.0519231], [77.4895535, 13.0515749], [77.4922828, 13.0505931], [77.4942458, 13.0499016], [77.4969568, 13.048897]]}"
way/145409123,yes,primary,LineString,"{""type"": ""LineString"", ""coordinates"": [[77.5933165, 12.9490798], [77.593219, 12.9493404], [77.5930799, 12.9496012], [77.5928561, 12.9499867], [77.5928396, 12.9500158], [77.5928053, 12.9500548], [77.5925004, 12.9503598], [77.5924187, 12.9504384], [77.5921501, 12.9506823], [77.5918962, 12.9509145], [77.5918071, 12.9509877], [77.591607, 12.9511019], [77.5910298, 12.9513363], [77.5908495, 12.9513994], [77.5908168, 12.9514109], [77.5906659, 12.9514638]]}"
way/146306402,yes,motorway_link,LineString,"{""type"": ""LineString"", ""coordinates"": [[77.4767346, 13.0541908], [77.476802, 13.054457], [77.4768658, 13.0548498], [77.476973, 13.0555883]]}"
way/146369754,yes,trunk,LineString,"{""type"": ""LineString"", ""coordinates"": [[77.5966712, 13.0912246], [77.5967731, 13.0917255], [77.5971164, 13.0932746], [77.5972771, 13.0939934], [77.5973524, 13.0943009], [77.5975619, 13.0949679], [77.597578, 13.0950191]]}"
way/146588537,yes,primary_link,LineString,"{""type"": ""LineString"", ""coordinates"": [[77.6203284, 12.9666398], [77.6203787, 12.9667157], [77.6203899, 12.9667445], [77.6204051, 12.9668174], [77.6203931, 12.9669455]]}"
way/146596499,yes,motorway,LineString,"{""type"": ""LineString"", ""coordinates"": [[77.4719853, 12.9886567], [77.4721181, 12.9892832]]}"
way/146596505,no,motorway,LineString,"{""type"": ""LineString"", ""coordinates"": [[77.4721491, 12.9886155], [77.4720381, 12.9880859], [77.4719784, 12.9878055], [77.4718985, 12.9874612], [77.4717874, 12.9871061], [77.471471, 12.9861356], [77.4713284, 12.9857221], [77.4711752, 12.9852612], [77.471082, 12.9849674], [77.4710377, 12.984794], [77.4709971, 12.9846154], [77.4709487, 12.9843935], [77.4708545, 12.9838569], [77.4708255, 12.9835513], [77.4708112, 12.9833662], [77.4707969, 12.9831693], [77.4707979, 12.9829076], [77.470798, 12.9824709], [77.4708233, 12.9820355], [77.4709405, 12.9807527], [77.4710016, 12.9800189], [77.4710564, 12.9792702], [77.4711511, 12.9782153], [77.471221, 12.977339], [77.4712429, 12.977069], [77.4713166, 12.976159], [77.4713648, 12.9754206], [77.4714009, 12.9746336], [77.4714064, 12.9738264], [77.4714081, 12.9731269], [77.4714134, 12.9719151], [77.4714207, 12.9712211], [77.4714356, 12.9700746], [77.4714373, 12.9686864], [77.4714423, 12.9680416], [77.4714549, 12.9664037], [77.4714576, 12.9659242], [77.4714624, 12.9650917], [77.4714658, 12.9640145], [77.4714803, 12.9622469]]}"
way/146596510,yes,motorway,LineString,"{""type"": ""LineString"", ""coordinates"": [[77.4722834, 12.989236], [77.4721491, 12.9886155]]}"
way/146596513,no,motorway,LineString,"{""type"": ""LineString"", ""coordinates"": [[77.4759839, 13.0160673], [77.475999, 13.0164354], [77.4760055, 13.016943], [77.4759885, 13.0176849], [77.4759691, 13.0183445], [77.4759196, 13.0190383], [77.4757861, 13.0203904], [77.4757487, 13.0206816], [77.4757097, 13.020934], [77.4756691, 13.0211968], [77.4756304, 13.0214257], [77.4755982, 13.0216278], [77.4755689, 13.0218119], [77.4755444, 13.0219653], [77.4755263, 13.0220787], [77.4755129, 13.0221627], [77.4754452, 13.0226351], [77.4753806, 13.0232501], [77.4753616, 13.023598], [77.475312, 13.0258043], [77.4753089, 13.0262085], [77.4752805, 13.0279452], [77.475285, 13.0287387], [77.4753008, 13.0294208], [77.4753231, 13.0299379], [77.4753786, 13.0306171], [77.4754536, 13.0314219], [77.4755484, 13.032265], [77.4756591, 13.033271], [77.4757633, 13.0341433], [77.4758658, 13.0350618], [77.4759174, 13.0356223], [77.4759462, 13.0361471], [77.4759481, 13.0364447], [77.4759347, 13.0368343], [77.4759048, 13.0372501], [77.4758613, 13.037687], [77.4758088, 13.0380771]]}"
way/146767826,no,motorway,LineString,"{""type"": ""LineString"", ""coordinates"": [[77.469497, 12.9406608], [77.4695362, 12.9413124]]}"
way/146767836,no,motorway,LineString,"{""type"": ""LineString"", ""coordinates"": [[77.4695792, 12.9365986], [77.4695843, 12.935885], [77.4695862, 12.9353583], [77.4695879, 12.9349629], [77.469574, 12.9345875], [77.4695301, 12.9332977], [77.4694891, 12.9323307], [77.4694785, 12.9320868], [77.4694599, 12.9316592], [77.4694472, 12.9313132], [77.4694229, 12.9306528], [77.4694322, 12.9297105], [77.469479, 12.9284324], [77.4695042, 12.9270414], [77.4695026, 12.9265442], [77.4694874, 12.9252511], [77.4694731, 12.924888], [77.4694694, 12.9242731], [77.4694428, 12.9232305], [77.4694304, 12.9228379], [77.4694096, 12.9224565], [77.4693668, 12.9219966], [77.46931, 12.9215973], [77.4692049, 12.9210897], [77.4690382, 12.9203789], [77.4689176, 12.9198709], [77.4682827, 12.9171977], [77.4680067, 12.9160496], [77.4677588, 12.9150146], [77.4675779, 12.9142316], [77.4675109, 12.9138823], [77.4674537, 12.9135309], [77.4674233, 12.9132432], [77.467397, 12.9129392], [77.4673895, 12.9126215], [77.4673974, 12.9122434], [77.4674104, 12.9119207], [77.4674338, 12.9116595], [77.4674705, 12.9113733], [77.4675205, 12.9110831], [77.4675612, 12.9108442], [77.4676595, 12.9104393], [77.4677475, 12.9101167], [77.4678556, 12.9098006], [77.4679659, 12.9094992], [77.4680686, 12.9092174], [77.4681663, 12.9089569], [77.4682594, 12.9087074], [77.468342, 12.9084816], [77.4684134, 12.9082888], [77.4684832, 12.9081156], [77.4685401, 12.9079626], [77.4685814, 12.9078484], [77.4686047, 12.9077838], [77.4686131, 12.9077605], [77.4687988, 12.9072461]]}"
way/146767924,no,motorway,LineString,"{""type"": ""LineString"", ""coordinates"": [[77.4697035, 12.9412817], [77.4696695, 12.9406685]]}"
way/147695295,yes,tertiary,LineString,"{""type"": ""LineString"", ""coordinates"": [[77.5527562, 12.9951376], [77.5516467, 12.9951635]]}"
way/147695302,yes,tertiary,LineString,"{""type"": ""LineString"", ""coordinates"": [[77.5516467, 12.9951635], [77.5515568, 12.9955686], [77.5514791, 12.9958962], [77.5514458, 12.9960617], [77.5514076, 12.9962513], [77.5513178, 12.9965798], [77.5512518, 12.9969217], [77.5512197, 12.9970786]]}"
way/147859357,yes,secondary,LineString,"{""type"": ""LineString"", ""coordinates"": [[77.6079654, 12.9751847], [77.6080782, 12.9751536]]}"
way/148016866,yes,primary,LineString,"{""type"": ""LineString"", ""coordinates"": [[77.5884173, 12.9673336], [77.5883398, 12.9672467], [77.5882942, 12.9671982], [77.5881717, 12.9670866], [77.5879675, 12.9668751], [77.5879415, 12.9668448]]}"
way/148016873,yes,primary,LineString,"{""type"": ""LineString"", ""coordinates"": [[77.5879415, 12.9668448], [77.5878, 12.9668], [77.5876968, 12.9667872], [77.5876317, 12.9667963], [77.5875646, 12.9668279], [77.5875317, 12.966849], [77.5874242, 12.9669126]]}"
way/148016888,yes,primary,LineString,"{""type"": ""LineString"", ""coordinates"": [[77.5873668, 12.9674754], [77.5873823, 12.9676229], [77.5874152, 12.9677174], [77.5874378, 12.9677579], [77.5874582, 12.9677767], [77.5876058, 12.9678226]]}"
way/148210028,yes,primary,LineString,"{""type"": ""LineString"", ""coordinates"": [[77.6182327, 12.924461], [77.6185009, 12.9239986], [77.6188855, 12.9234501]]}"
way/148210029,yes,primary,LineString,"{""type"": ""LineString"", ""coordinates"": [[77.6179908, 12.9247095], [77.6174042, 12.9256504], [77.6171909, 12.925979]]}"
way/148210030,yes,primary,LineString,"{""type"": ""LineString"", ""coordinates"": [[77.6180631, 12.9247467], [77.6182327, 12.924461]]}"
way/148211164,no,tertiary,LineString,"{""type"": ""LineString"", ""coordinates"": [[77.6488376, 12.8994935], [77.6487688, 12.8994625], [77.6486219, 12.8994494], [77.6482496, 12.8994468], [77.6479849, 12.8994449], [77.6476765, 12.8994396], [77.6475531, 12.8994553], [77.6474431, 12.8994893], [77.6473546, 12.8995311], [77.6472902, 12.8995991], [77.6472569, 12.8996572], [77.6472258, 12.8997115], [77.6471534, 12.8999076], [77.647081, 12.9000671], [77.6469952, 12.9002031], [77.6468825, 12.9003469], [77.6466974, 12.9005508], [77.6465926, 12.9006398], [77.6465559, 12.9006709], [77.6464909, 12.900726], [77.6464756, 12.900737], [77.6464402, 12.9007624], [77.6462916, 12.9008691], [77.6460832, 12.9010188], [77.6459566, 12.9010956], [77.6459165, 12.901127], [77.6455995, 12.9013122], [77.6453033, 12.9014985], [77.6452222, 12.9015495], [77.6451888, 12.9015695], [77.6448398, 12.9017787], [77.6447618, 12.9018232], [77.6445793, 12.9019462], [77.6442627, 12.9021619], [77.6436349, 12.9025479], [77.6434822, 12.9026524], [77.6434306, 12.9026878], [77.6431835, 12.9028367], [77.6430186, 12.902936], [77.6428595, 12.903035], [77.6426069, 12.9032144], [77.6416157, 12.9038994], [77.6413508, 12.9040912], [77.6410699, 12.904264], [77.6410339, 12.9042861], [77.6409094, 12.9043627], [77.6408594, 12.9043872], [77.6407924, 12.9044199], [77.640579, 12.9045059], [77.6404478, 12.9045884], [77.6400616, 12.9048645], [77.6397612, 12.9050821], [77.6397423, 12.9050942], [77.6396938, 12.9051253], [77.639508, 12.9052444], [77.6394332, 12.9052959], [77.6391089, 12.9055004], [77.6390569, 12.9055697], [77.6389368, 12.9057627]]}"
way/148316419,yes,service,LineString,"{""type"": ""LineString"", ""coordinates"": [[77.6638662, 12.8453394], [77.6626603, 12.8453573]]}"
way/150510724,yes,primary,LineString,"{""type"": ""LineString"", ""coordinates"": [[77.6210315, 12.9275608], [77.6211292, 12.9275183], [77.622064, 12.9271202], [77.6223418, 12.9270019], [77.6227986, 12.9268106], [77.623379, 12.9265612], [77.6251691, 12.9258055], [77.6251869, 12.9257981], [77.626535, 12.9252385], [77.6270231, 12.9250287], [77.6282817, 12.9244971]]}"
way/150584918,yes,residential,LineString,"{""type"": ""LineString"", ""coordinates"": [[77.5789715, 13.0703941], [77.5793456, 13.0703384], [77.5797639, 13.0702645], [77.5811317, 13.0698616]]}"
way/150593038,yes,residential,LineString,"{""type"": ""LineString"", ""coordinates"": [[77.7370963, 12.9692807], [77.7372174, 12.9699019], [77.7372694, 12.9702063], [77.7373615, 12.9705681], [77.7373907, 12.9706974]]}"
way/150808475,yes,primary,LineString,"{""type"": ""LineString"", ""coordinates"": [[77.5712231, 12.9800941], [77.5712445, 12.9800543], [77.5712509, 12.9800097], [77.5712415, 12.9799657], [77.5712174, 12.9799273], [77.5711814, 12.9798992], [77.5711031, 12.9798845]]}"
way/150808482,yes,primary,LineString,"{""type"": ""LineString"", ""coordinates"": [[77.5770417, 12.9748638], [77.5764607, 12.9751388], [77.5763387, 12.9752011], [77.5760653, 12.9753626], [77.5758667, 12.9754018], [77.5757866, 12.9754117], [77.5751685, 12.9754954], [77.5748922, 12.9755377], [77.5748782, 12.9755389], [77.5747838, 12.9755462], [77.5746741, 12.9755625]]}"
way/151675183,yes,trunk,LineString,"{""type"": ""LineString"", ""coordinates"": [[77.58391, 13.0147981], [77.5839227, 13.0152098], [77.5839263, 13.0161214], [77.5839007, 13.0167171]]}"
way/151676283,yes,primary,LineString,"{""type"": ""LineString"", ""coordinates"": [[77.649974, 12.9244696], [77.649937, 12.9245563], [77.6498925, 12.9245823], [77.6498537, 12.924589], [77.6497268, 12.924611], [77.6495523, 12.9246176], [77.6493442, 12.9246511], [77.6492644, 12.9246573], [77.6491711, 12.9246646], [77.6490252, 12.9246613], [77.648397, 12.9246072], [77.6479885, 12.9245819], [77.6476297, 12.9245581], [77.6474318, 12.9245443], [77.6466324, 12.9244807], [77.6453212, 12.9244444], [77.6451601, 12.924424], [77.6449262, 12.9243563], [77.6435221, 12.9239186], [77.6431918, 12.9238283], [77.6431436, 12.9238151], [77.6415461, 12.9233783], [77.6414334, 12.9233488], [77.6413506, 12.9233394], [77.6412934, 12.9233383], [77.6412327, 12.9233503], [77.6411747, 12.9233636], [77.6403436, 12.9236908], [77.6403323, 12.9236953], [77.6401349, 12.9237686], [77.6399982, 12.9238197], [77.6399269, 12.9238482]]}"
way/155374726,yes,secondary,LineString,"{""type"": ""LineString"", ""coordinates"": [[77.6494844, 12.9902931], [77.6492057, 12.9902514], [77.6490051, 12.9902334], [77.6489501, 12.9902194], [77.6488901, 12.9901934], [77.6488283, 12.9901535], [77.6487797, 12.9901122], [77.6487334, 12.9900538], [77.6486964, 12.9899886], [77.6486777, 12.9899367], [77.6486713, 12.9898575], [77.64867, 12.9897655], [77.6487099, 12.9887364], [77.6487206, 12.9885627], [77.6487054, 12.9884054], [77.6486209, 12.9877431], [77.6485973, 12.9876135], [77.6486597, 12.9874833], [77.6487249, 12.987431], [77.6487976, 12.9874002], [77.6488865, 12.9873829]]}"
way/156134414,yes,residential,LineString,"{""type"": ""LineString"", ""coordinates"": [[77.721602, 12.960325], [77.7216004, 12.9602951], [77.721534, 12.9589973], [77.7215316, 12.9589375]]}"
way/156678397,yes,residential,LineString,"{""type"": ""LineString"", ""coordinates"": [[77.65213, 12.9203948], [77.652143, 12.9200566], [77.6521539, 12.9196705], [77.652168, 12.9192358], [77.6522078, 12.9180676]]}"
way/157571651,yes,primary,LineString,"{""type"": ""LineString"", ""coordinates"": [[77.6198145, 12.9726085], [77.6197084, 12.9725836], [77.6196368, 12.9725667], [77.6196229, 12.9725635], [77.6195975, 12.9725575], [77.6195483, 12.9725525], [77.6194555, 12.9725327]]}"
way/157575514,yes,primary,LineString,"{""type"": ""LineString"", ""coordinates"": [[77.619186, 12.9726314], [77.6193087, 12.9726391], [77.6193427, 12.9726414], [77.6193963, 12.9726447], [77.6194479, 12.9726511], [77.6195435, 12.9726629]]}"
way/158623049,yes,tertiary,LineString,"{""type"": ""LineString"", ""coordinates"": [[77.701301, 12.9567203], [77.7011701, 12.9562834], [77.7011143, 12.9561109], [77.7009077, 12.9555142], [77.7008654, 12.955365], [77.7007719, 12.9549834], [77.7004937, 12.9538792], [77.700366, 12.9533763], [77.7002138, 12.9526867], [77.7001894, 12.9525391]]}"
way/158623056,yes,primary,LineString,"{""type"": ""LineString"", ""coordinates"": [[77.6970263, 12.9567703], [77.6975499, 12.9568517], [77.6978181, 12.9569015], [77.6980722, 12.9569449], [77.6987392, 12.9570719], [77.6990676, 12.95712], [77.6992192, 12.9571267], [77.6994677, 12.9571243], [77.6998509, 12.9570858], [77.6999157, 12.9570805], [77.7003948, 12.9570404], [77.7008214, 12.9570041], [77.7008935, 12.956997], [77.7009389, 12.9569925]]}"
way/159842387,yes,residential,LineString,"{""type"": ""LineString"", ""coordinates"": [[77.6932719, 12.9904981], [77.6935991, 12.991287]]}"
way/160015319,yes,motorway,LineString,"{""type"": ""LineString"", ""coordinates"": [[77.5886668, 12.8501338], [77.5889374, 12.8501247], [77.5893237, 12.8501463], [77.5896311, 12.8501908], [77.5899434, 12.85025], [77.5904011, 12.8503777], [77.590782, 12.8505201], [77.5911946, 12.8507222], [77.5915009, 12.8509132], [77.5918232, 12.8511494]]}"
way/160015333,yes,motorway,LineString,"{""type"": ""LineString"", ""coordinates"": [[77.5863248, 12.8501036], [77.5842015, 12.8502401], [77.5836941, 12.8502684]]}"
way/160015340,yes,motorway,LineString,"{""type"": ""LineString"", ""coordinates"": [[77.5924205, 12.8514525], [77.5923248, 12.8513649], [77.5919414, 12.8510141], [77.5918536, 12.8509575], [77.5915563, 12.8507391], [77.5912328, 12.8505514], [77.5909213, 12.8503996], [77.5905545, 12.8502535], [77.5901594, 12.8501357], [77.589755, 12.8500392], [77.5894262, 12.8499894], [77.5891918, 12.849962], [77.5886578, 12.8499365]]}"
way/160015342,yes,motorway,LineString,"{""type"": ""LineString"", ""coordinates"": [[77.5879355, 12.8501703], [77.5886668, 12.8501338]]}"
way/160015343,yes,motorway,LineString,"{""type"": ""LineString"", ""coordinates"": [[77.5886578, 12.8499365], [77.5879241, 12.8499821]]}"
way/160015344,yes,motorway,LineString,"{""type"": ""LineString"", ""coordinates"": [[77.5879241, 12.8499821], [77.5863248, 12.8501036]]}"
way/160327017,yes,residential,LineString,"{""type"": ""LineString"", ""coordinates"": [[77.622393, 12.9000179], [77.6222005, 12.900042], [77.6215678, 12.9000703], [77.6215621, 12.8996561], [77.6214247, 12.8990608], [77.6213803, 12.8988683], [77.6213599, 12.8988376], [77.6213261, 12.8988253], [77.6201752, 12.8988549], [77.6201376, 12.8989148], [77.6201549, 12.8991895], [77.6201962, 12.8997797], [77.6202553, 12.8998456], [77.621044, 12.9000272], [77.6212322, 12.9000705], [77.6215716, 12.9001461], [77.6222042, 12.9001206], [77.6224445, 12.9001022]]}"
way/160334705,yes,primary,LineString,"{""type"": ""LineString"", ""coordinates"": [[77.6151658, 12.9295715], [77.6153, 12.9293925], [77.6154226, 12.929187], [77.6171742, 12.9262516], [77.6172816, 12.9260375]]}"
way/160356280,yes,trunk,LineString,"{""type"": ""LineString"", ""coordinates"": [[77.6836551, 12.8246895], [77.6835173, 12.8248828], [77.683148, 12.8254109], [77.6830098, 12.8256693], [77.6829922, 12.8257022], [77.6827376, 12.8261624], [77.6827265, 12.8261824], [77.6824735, 12.8266246], [77.682362, 12.8268523], [77.6822779, 12.8270239], [77.6821088, 12.8273905], [77.6819994, 12.8276455], [77.6819814, 12.8276903], [77.6818332, 12.8280587], [77.6817962, 12.8281635], [77.6815498, 12.8288606], [77.6811699, 12.8301202], [77.6811225, 12.8302698], [77.680298, 12.83297], [77.680155, 12.8334078], [77.6791928, 12.8360095]]}"
way/160356290,yes,trunk,LineString,"{""type"": ""LineString"", ""coordinates"": [[77.6905602, 12.8169635], [77.6896008, 12.8181807], [77.6890283, 12.8188833], [77.6886806, 12.8192536], [77.688248, 12.8197186], [77.687344, 12.8206701]]}"
way/160511376,yes,motorway,LineString,"{""type"": ""LineString"", ""coordinates"": [[77.6273567, 12.9096992], [77.6275614, 12.9093186]]}"
way/160511377,yes,motorway,LineString,"{""type"": ""LineString"", ""coordinates"": [[77.6284047, 12.9079368], [77.6285739, 12.9076595], [77.6295985, 12.9059993], [77.6313982, 12.9030894], [77.6324336, 12.9014031], [77.6351667, 12.8969401], [77.6375915, 12.893]]}"
way/160512744,yes,motorway,LineString,"{""type"": ""LineString"", ""coordinates"": [[77.6602479, 12.8612492], [77.6611787, 12.8600855], [77.6628577, 12.857949], [77.6633989, 12.8572476], [77.6645475, 12.8558467], [77.6654514, 12.8546961], [77.6667764, 12.853033], [77.6678037, 12.8517385], [77.6686647, 12.8506559], [77.6695284, 12.8495628], [77.6699849, 12.8489801], [77.6702873, 12.848594], [77.670477, 12.8483518], [77.6706994, 12.848068]]}"
way/160512746,yes,motorway,LineString,"{""type"": ""LineString"", ""coordinates"": [[77.6375915, 12.893], [77.6389674, 12.8907619], [77.6403568, 12.8885054], [77.6418213, 12.8861418], [77.6424318, 12.8851565], [77.6429104, 12.8843839], [77.6430444, 12.8841677], [77.6438785, 12.8827976], [77.6445706, 12.8816785], [77.6458607, 12.879558], [77.6467431, 12.8781173], [77.6471401, 12.8774767], [77.6474888, 12.8769433], [77.6478589, 12.8764569], [77.6491092, 12.8750622], [77.6500181, 12.8740513], [77.650627, 12.8733689], [77.65126, 12.8725844], [77.6522605, 12.8713267], [77.6541289, 12.8689616], [77.6548504, 12.8680516], [77.6557328, 12.8669429], [77.6594959, 12.8621842], [77.6602479, 12.8612492]]}"
way/160558221,yes,secondary,LineString,"{""type"": ""LineString"", ""coordinates"": [[77.5848626, 12.9788781], [77.5849485, 12.9790169], [77.5850644, 12.979204], [77.5851519, 12.9793453], [77.5852244, 12.9794625], [77.5853873, 12.9797256], [77.585721, 12.9802645], [77.5865956, 12.9816187], [77.5866233, 12.9816616], [77.586635, 12.9816797], [77.5866731, 12.9817305], [77.5867157, 12.9818045], [77.5867552, 12.9818726], [77.5869256, 12.9821676], [77.587125, 12.9826639], [77.5871529, 12.9827236], [77.5872031, 12.9828228], [77.5873417, 12.9830675], [77.5875594, 12.9834768]]}"
way/161416660,yes,primary,LineString,"{""type"": ""LineString"", ""coordinates"": [[77.5882292, 12.9848827], [77.5882435, 12.9849136], [77.5883383, 12.9851468], [77.5883551, 12.9851935], [77.5884292, 12.9853995], [77.5885286, 12.9856359], [77.5885516, 12.9856899], [77.5885816, 12.985767], [77.5886212, 12.9858688], [77.5886365, 12.9859072], [77.588645, 12.9859319], [77.5887585, 12.9862701], [77.5887898, 12.9863653]]}"
way/161416662,yes,primary,LineString,"{""type"": ""LineString"", ""coordinates"": [[77.592341, 12.9831551], [77.5925621, 12.9837808], [77.5926333, 12.9839975], [77.5927206, 12.9842588]]}"
way/163095719,yes,tertiary,LineString,"{""type"": ""LineString"", ""coordinates"": [[77.5862886, 13.0293008], [77.5863102, 13.0293544], [77.5864219, 13.0296312], [77.5868808, 13.030789], [77.5871371, 13.0313652], [77.5874273, 13.0320177], [77.5874774, 13.0321162], [77.5875432, 13.0322445], [77.5876926, 13.0325671], [77.5878552, 13.0328901], [77.5879647, 13.0331076], [77.5880669, 13.0333559], [77.5881635, 13.0338002], [77.5882225, 13.0340981], [77.588411, 13.0348263], [77.5885954, 13.0353136], [77.588721, 13.0356213], [77.5888245, 13.0358751], [77.5889036, 13.0360685], [77.5889378, 13.0361523], [77.5890283, 13.0363738], [77.5890808, 13.0366275], [77.5890799, 13.0367169], [77.5890793, 13.0367731], [77.5890747, 13.037213], [77.5890991, 13.0376153], [77.5891253, 13.0380476], [77.5891333, 13.0383119], [77.5891339, 13.0383445], [77.5891495, 13.038491], [77.5891582, 13.0385649], [77.5891632, 13.0386002], [77.5891852, 13.0386846], [77.5892309, 13.0388465]]}"
way/164029919,yes,residential,LineString,"{""type"": ""LineString"", ""coordinates"": [[77.6436257, 12.9800464], [77.6437073, 12.9792219], [77.6437122, 12.9791725]]}"
way/164165725,yes,residential,LineString,"{""type"": ""LineString"", ""coordinates"": [[77.6488534, 12.9692275], [77.6486626, 12.9699712], [77.648555, 12.9704733]]}"
way/167805420,yes,residential,LineString,"{""type"": ""LineString"", ""coordinates"": [[77.6977366, 12.9913854], [77.6986175, 12.9912394]]}"
way/169728193,yes,tertiary,LineString,"{""type"": ""LineString"", ""coordinates"": [[77.6429328, 12.9876262], [77.6428759, 12.9873124], [77.6425374, 12.9852537], [77.6425092, 12.9850821], [77.6424652, 12.9848148]]}"
way/170930850,yes,secondary,LineString,"{""type"": ""LineString"", ""coordinates"": [[77.5661495, 12.9818391], [77.565752, 12.9819078], [77.5648174, 12.9820601]]}"
way/171887405,yes,primary,LineString,"{""type"": ""LineString"", ""coordinates"": [[77.6066777, 12.9662073], [77.6065834, 12.9661867], [77.6062015, 12.9661269], [77.6058894, 12.9660757], [77.6058197, 12.9660629], [77.605588, 12.9660264], [77.6052434, 12.9659701], [77.6049324, 12.965914], [77.6046718, 12.9658679], [77.604444, 12.9658352], [77.6042522, 12.9658078], [77.6042277, 12.9658047], [77.6041613, 12.965796], [77.6040742, 12.9657848], [77.6039419, 12.9657717], [77.6038789, 12.9657636], [77.6037418, 12.965745], [77.6030319, 12.9656616], [77.6026933, 12.9656183], [77.602623, 12.9656092], [77.6022732, 12.9655596], [77.6021676, 12.9655446], [77.601999, 12.9655206], [77.6016918, 12.9654769], [77.6014873, 12.965451], [77.6014142, 12.9654422], [77.6010377, 12.9653935]]}"
way/171888545,yes,trunk,LineString,"{""type"": ""LineString"", ""coordinates"": [[77.5784873, 13.0147474], [77.5773121, 13.014755], [77.5763075, 13.0147607], [77.575879, 13.0147632], [77.5747634, 13.0147431], [77.5741068, 13.0147049], [77.5736847, 13.0146804], [77.573173, 13.0146446], [77.5731123, 13.0146403], [77.5729772, 13.0146308]]}"
way/172469057,yes,tertiary,LineString,"{""type"": ""LineString"", ""coordinates"": [[77.6988788, 12.9478758], [77.6988965, 12.9479266], [77.698931, 12.9480435], [77.6989974, 12.9482934], [77.6990081, 12.9483424], [77.6990821, 12.948619], [77.6991415, 12.9489259], [77.6991772, 12.9491106], [77.6991923, 12.9491877], [77.6992259, 12.9493592], [77.6992559, 12.9495439], [77.699332, 12.9499449]]}"
way/172851175,yes,motorway,LineString,"{""type"": ""LineString"", ""coordinates"": [[77.531879, 12.9385164], [77.5319553, 12.9386898], [77.5321814, 12.9391625], [77.5322459, 12.9392915], [77.532347, 12.9394689], [77.5324056, 12.939587], [77.5328197, 12.9402585], [77.5330295, 12.9405757]]}"
way/172853382,yes,primary,LineString,"{""type"": ""LineString"", ""coordinates"": [[77.6188855, 12.9234501], [77.6189926, 12.9232773], [77.6193219, 12.9227458], [77.6195407, 12.9224033], [77.6197926, 12.9220184], [77.6202103, 12.9213448], [77.6202306, 12.9213128], [77.6202544, 12.9212751], [77.6202708, 12.9212494], [77.6202961, 12.9212099]]}"
way/172853383,yes,primary,LineString,"{""type"": ""LineString"", ""coordinates"": [[77.6171909, 12.925979], [77.617103, 12.9261271], [77.616588, 12.9269951], [77.6160664, 12.9278594], [77.6156751, 12.9284946]]}"
way/172899268,yes,secondary,LineString,"{""type"": ""LineString"", ""coordinates"": [[77.5952282, 12.9512697], [77.5949231, 12.9515453], [77.594614, 12.9518244], [77.5945546, 12.9518778], [77.5943554, 12.9520569], [77.5941535, 12.9522385], [77.5940265, 12.9523527], [77.5935666, 12.9527662], [77.593175, 12.9530867], [77.5931157, 12.9531352], [77.5927203, 12.9533348], [77.5924278, 12.9534633]]}"
way/172924459,yes,secondary,LineString,"{""type"": ""LineString"", ""coordinates"": [[77.6097403, 12.9927588], [77.6098192, 12.9927003], [77.6104962, 12.9922026], [77.6107976, 12.9919916], [77.6109926, 12.9918633], [77.6111081, 12.9917899], [77.6113158, 12.9916792], [77.6114543, 12.9916258], [77.6117194, 12.9915429], [77.6122958, 12.9914238], [77.612435, 12.9913826], [77.6128981, 12.9911976], [77.6130666, 12.9911007], [77.6134362, 12.9908863], [77.6137921, 12.9906965], [77.6138409, 12.9906723], [77.6139196, 12.9906302], [77.6139555, 12.9906086], [77.6140238, 12.9905675], [77.6154208, 12.9897559], [77.6157381, 12.9895763], [77.6157762, 12.9895547], [77.6158027, 12.9895393], [77.6160405, 12.9894017], [77.616345, 12.989237], [77.6169313, 12.9888933], [77.617177, 12.9887217], [77.6171867, 12.9887136], [77.617257, 12.9886651], [77.6173021, 12.9886214]]}"
way/172952770,yes,primary,LineString,"{""type"": ""LineString"", ""coordinates"": [[77.6117254, 13.0010474], [77.6118275, 13.0011424], [77.611992, 13.0012862], [77.6120253, 13.0013298], [77.6120514, 13.0013779], [77.6120697, 13.0014293], [77.6120799, 13.0014828], [77.6120815, 13.0015373]]}"
way/172954311,yes,residential,LineString,"{""type"": ""LineString"", ""coordinates"": [[77.6272244, 13.0057106], [77.6270927, 13.0053575], [77.6269663, 13.0049496], [77.6268321, 13.0045895], [77.6268033, 13.0045084], [77.6266746, 13.0041465]]}"
way/173431805,yes,residential,LineString,"{""type"": ""LineString"", ""coordinates"": [[77.6463063, 12.971973], [77.6470408, 12.9719887], [77.6470815, 12.9719896], [77.647142, 12.9719978]]}"
way/173431810,yes,residential,LineString,"{""type"": ""LineString"", ""coordinates"": [[77.6457806, 12.9724133], [77.6457834, 12.9721445], [77.6461814, 12.9722167], [77.6462684, 12.9722443], [77.6469701, 12.972276], [77.6470124, 12.9722779]]}"
way/173431854,yes,tertiary,LineString,"{""type"": ""LineString"", ""coordinates"": [[77.6482428, 12.9671009], [77.6481821, 12.9671667], [77.6480243, 12.9675933], [77.6478921, 12.9680352], [77.6477979, 12.9684313]]}"
way/175055140,yes,residential,LineString,"{""type"": ""LineString"", ""coordinates"": [[77.6370784, 12.9683321], [77.6362917, 12.9684016], [77.6362617, 12.9684042], [77.63622, 12.9683971]]}"
way/178960068,yes,service,LineString,"{""type"": ""LineString"", ""coordinates"": [[77.6258453, 12.903366], [77.6258581, 12.9032951]]}"
way/178982024,no,residential,LineString,"{""type"": ""LineString"", ""coordinates"": [[77.6236547, 12.9005639], [77.6239578, 12.9012515], [77.6240919, 12.9015365], [77.6242019, 12.9017718], [77.624677, 12.9031464]]}"
way/179129154,yes,tertiary,LineString,"{""type"": ""LineString"", ""coordinates"": [[77.6601893, 12.8508853], [77.6602279, 12.8509631], [77.6602398, 12.8510856], [77.6603891, 12.8526281], [77.6604628, 12.8533897], [77.6604766, 12.8535324], [77.6604819, 12.8535874], [77.660501, 12.8536689], [77.6605434, 12.8537487], [77.6605981, 12.8538032], [77.6606637, 12.853845], [77.660732, 12.8538791], [77.6613035, 12.8540391], [77.6623634, 12.8543357], [77.662407, 12.8543481], [77.6626386, 12.8544129], [77.6627746, 12.8544717], [77.6629102, 12.8545464], [77.6639204, 12.855716], [77.6639352, 12.8557331]]}"
way/180691782,yes,residential,LineString,"{""type"": ""LineString"", ""coordinates"": [[77.6222893, 12.8976775], [77.6218945, 12.8976958], [77.6214827, 12.8978264]]}"
way/180820265,yes,primary,LineString,"{""type"": ""LineString"", ""coordinates"": [[77.5990602, 12.9378594], [77.5989515, 12.9379413]]}"
way/180837207,no,secondary,LineString,"{""type"": ""LineString"", ""coordinates"": [[77.5597791, 13.0077538], [77.5607259, 13.0077178]]}"
way/180969671,no,motorway,LineString,"{""type"": ""LineString"", ""coordinates"": [[77.5836941, 12.8502684], [77.5826298, 12.850333], [77.5823775, 12.8503486], [77.582051, 12.8503688], [77.5804995, 12.8504648], [77.5800421, 12.8504724], [77.5797953, 12.8504693], [77.5795321, 12.8504551], [77.579283, 12.8504362], [77.579045, 12.8504104], [77.5788071, 12.8503788], [77.5784428, 12.8503084], [77.5781672, 12.8502484], [77.5778628, 12.8501763], [77.5774538, 12.8500516], [77.5771193, 12.8499377], [77.5767847, 12.8498237], [77.575628, 12.8494089], [77.5744584, 12.8490442], [77.5741837, 12.8489586], [77.5734064, 12.8487548], [77.5729982, 12.8486606], [77.5727091, 12.8486006], [77.5721005, 12.8484842], [77.5717779, 12.8484195], [77.5709747, 12.8482976], [77.5699572, 12.8481663], [77.5695147, 12.8481115], [77.5688369, 12.8480537], [77.5678751, 12.8480069], [77.5673258, 12.847991], [77.5666026, 12.847977], [77.5661701, 12.8479878], [77.5655193, 12.848014], [77.5647654, 12.8480772], [77.5643447, 12.8481131], [77.563585, 12.8481982], [77.5628644, 12.8482966], [77.5622726, 12.8483874], [77.5615444, 12.8485252], [77.5608866, 12.8486662], [77.5603021, 12.8488052], [77.5595455, 12.8490079], [77.5590971, 12.8491331], [77.5586015, 12.8492874], [77.558065, 12.849466], [77.5573604, 12.8497127], [77.5570747, 12.8498131], [77.5563732, 12.8500595], [77.5562681, 12.8500964], [77.5558185, 12.8502488], [77.5553402, 12.8503975], [77.5548335, 12.850549], [77.5541377, 12.8507133], [77.5535798, 12.8508275], [77.5530505, 12.850918], [77.5525663, 12.8509908], [77.551284, 12.8511899], [77.5509966, 12.8512319], [77.5498907, 12.8513911], [77.5498799, 12.8513927], [77.5497777, 12.8514074], [77.5491149, 12.8515082], [77.5485692, 12.8516075], [77.5481196, 12.8516996], [77.5477845, 12.8517744], [77.5470722, 12.8519594], [77.5456051, 12.8523672], [77.5429422, 12.8531009], [77.5424949, 12.8532242], [77.5420999, 12.8533343]]}"
way/183869101,no,motorway,LineString,"{""type"": ""LineString"", ""coordinates"": [[77.5279945, 12.907587], [77.5276035, 12.9069507], [77.5271565, 12.906245], [77.526962, 12.905928], [77.5268916, 12.9058159], [77.5266955, 12.9055036], [77.5264003, 12.9050334], [77.5260247, 12.9045414], [77.5257161, 12.9041592], [77.5250853, 12.903528], [77.5245031, 12.9030329], [77.5238161, 12.9024894], [77.5225319, 12.9014733], [77.5211078, 12.9003662], [77.5186163, 12.8984324], [77.5178374, 12.8977877], [77.5171602, 12.8971362], [77.5168579, 12.8968218], [77.5161557, 12.8960855], [77.5152166, 12.8951165], [77.5143975, 12.8942484]]}"
way/183869102,no,motorway,LineString,"{""type"": ""LineString"", ""coordinates"": [[77.5282057, 12.9079316], [77.5279945, 12.907587]]}"
way/183869103,no,motorway,LineString,"{""type"": ""LineString"", ""coordinates"": [[77.5286816, 12.9087064], [77.5282057, 12.9079316]]}"
way/183869105,no,motorway,LineString,"{""type"": ""LineString"", ""coordinates"": [[77.531866, 12.9282417], [77.5318861, 12.9279657]]}"
way/183869108,no,motorway,LineString,"{""type"": ""LineString"", ""coordinates"": [[77.4968379, 12.8804557], [77.4966265, 12.8802779], [77.4961381, 12.8798228], [77.4954914, 12.8791902], [77.4953742, 12.8790789]]}"
way/183869708,no,motorway,LineString,"{""type"": ""LineString"", ""coordinates"": [[77.5313966, 12.9347151], [77.5314066, 12.9345247], [77.5314366, 12.9339758]]}"
way/183869709,yes,motorway,LineString,"{""type"": ""LineString"", ""coordinates"": [[77.53288, 12.9401064], [77.5326878, 12.9398124], [77.5322731, 12.939036], [77.532175, 12.938809], [77.5320152, 12.9384553], [77.5318858, 12.9380852], [77.5318618, 12.9379991], [77.5318109, 12.9378167], [77.5317691, 12.9369679], [77.5317301, 12.9366117]]}"
way/188204122,yes,tertiary,LineString,"{""type"": ""LineString"", ""coordinates"": [[77.641758, 13.0818932], [77.6417072, 13.0819145], [77.6393659, 13.0829679], [77.639245, 13.0830636]]}"
way/188204124,yes,tertiary,LineString,"{""type"": ""LineString"", ""coordinates"": [[77.6417831, 13.0819412], [77.6418436, 13.0820696], [77.6421262, 13.0826702], [77.6424793, 13.0834712], [77.6425515, 13.0836797], [77.6425514, 13.0837497], [77.6425426, 13.0838191], [77.6425253, 13.083887], [77.6425043, 13.0839424], [77.6424776, 13.0839955], [77.6424455, 13.0840456], [77.6424084, 13.0840923], [77.6421744, 13.0844156], [77.6419712, 13.0847565], [77.641956, 13.0848478], [77.641986, 13.0848904], [77.642025, 13.0849329]]}"
way/191193141,yes,primary_link,LineString,"{""type"": ""LineString"", ""coordinates"": [[77.603588, 12.9368301], [77.6034449, 12.9367701], [77.6033459, 12.9367839], [77.6025963, 12.9368883], [77.6021861, 12.9369583]]}"
way/191193142,yes,primary,LineString,"{""type"": ""LineString"", ""coordinates"": [[77.6047696, 12.9367299], [77.604874, 12.9367132], [77.6048965, 12.9367096], [77.6050137, 12.9366909], [77.6050652, 12.9366834], [77.6055647, 12.936609], [77.60569, 12.9365926], [77.6058255, 12.936575], [77.6060337, 12.936548], [77.6062346, 12.936522], [77.6063989, 12.9364956], [77.6064496, 12.9364875], [77.6065383, 12.9364732], [77.6067925, 12.9364003], [77.6069045, 12.9363604], [77.6069229, 12.9363538], [77.6069729, 12.936336], [77.6070047, 12.9363247], [77.6070407, 12.9363118], [77.6071729, 12.9362647], [77.6075926, 12.936102], [77.607673, 12.9360709], [77.6079118, 12.9359444], [77.6086846, 12.9354673], [77.609475, 12.9349712], [77.6094868, 12.9349638], [77.6095392, 12.9349309]]}"
way/191193143,yes,primary,LineString,"{""type"": ""LineString"", ""coordinates"": [[77.5990586, 12.9379562], [77.5992795, 12.9378018], [77.5996293, 12.9376107], [77.5998933, 12.9375035], [77.6000145, 12.937461], [77.6002271, 12.9373933], [77.6004865, 12.937334], [77.6005818, 12.9373228]]}"
way/191193144,yes,primary,LineString,"{""type"": ""LineString"", ""coordinates"": [[77.6104312, 12.9342559], [77.611161, 12.9336994], [77.6112518, 12.9336283], [77.6114358, 12.9334844], [77.6115464, 12.9333978], [77.611771, 12.933222], [77.6122482, 12.9328552], [77.6123657, 12.9327649], [77.6130714, 12.9322145], [77.6131896, 12.9321223], [77.6133247, 12.9320183], [77.613411, 12.9319553], [77.6135387, 12.9318621], [77.6137504, 12.9316887]]}"
way/195278910,yes,tertiary,LineString,"{""type"": ""LineString"", ""coordinates"": [[77.6496494, 12.8893404], [77.6497123, 12.889818], [77.6496989, 12.8898782], [77.6496693, 12.889954], [77.6495968, 12.8900811], [77.6495593, 12.8901392], [77.6494172, 12.8903593], [77.6493375, 12.8904693], [77.6492563, 12.8905815], [77.6492278, 12.8906298], [77.6491329, 12.8907907], [77.6490968, 12.8908973], [77.6490895, 12.890987], [77.6491061, 12.8910783], [77.6491329, 12.8911698], [77.6491731, 12.8912561], [77.6493107, 12.8914964], [77.6493528, 12.8915698], [77.649573, 12.8919371], [77.6496318, 12.8920352], [77.6496539, 12.8920752], [77.6497474, 12.8922442], [77.6497981, 12.8923359], [77.6498774, 12.8924717], [77.6498973, 12.8925058], [77.6499781, 12.8926568], [77.6500261, 12.8927464], [77.6502058, 12.8930732], [77.6502889, 12.8932013], [77.6503614, 12.8932824], [77.6505277, 12.8933974], [77.6506098, 12.8934482], [77.650745, 12.8935319], [77.6507475, 12.8935334], [77.6507754, 12.8935511], [77.6509452, 12.8936588], [77.6509997, 12.8936929], [77.6510133, 12.8937013], [77.6516448, 12.8940897], [77.6517801, 12.8941729], [77.6521354, 12.8943778], [77.6521718, 12.8943988], [77.6523034, 12.8944733], [77.6523543, 12.8945021], [77.6525044, 12.8945871], [77.652593, 12.894621], [77.6527029, 12.8946446], [77.65288, 12.894655], [77.6530108, 12.8946538], [77.6531984, 12.8946469], [77.6532379, 12.8946401], [77.6533907, 12.8946311], [77.6534393, 12.8946232], [77.6535347, 12.8946108], [77.6536766, 12.8945923], [77.6537978, 12.8945741], [77.6538858, 12.8945609], [77.6540333, 12.8945321], [77.6541583, 12.8944993], [77.654272, 12.8944694], [77.6544284, 12.8944166], [77.6544812, 12.8943988], [77.6545974, 12.8943485], [77.6546502, 12.8943256], [77.654846, 12.8942262], [77.6550472, 12.894106], [77.6551061, 12.8940705], [77.6551384, 12.8940511], [77.6551967, 12.8940227], [77.6552135, 12.8940145], [77.6553073, 12.8939831], [77.6554361, 12.8939517], [77.6559161, 12.8938672], [77.6559615, 12.893858], [77.6560745, 12.8938393], [77.6562944, 12.8938236], [77.6564897, 12.8938234], [77.6565614, 12.8938268], [77.6566255, 12.893843], [77.6569134, 12.8939682]]}"
way/195557082,yes,secondary,LineString,"{""type"": ""LineString"", ""coordinates"": [[77.5532144, 13.0185353], [77.5531238, 13.0188925], [77.5530947, 13.0190073], [77.5529499, 13.0193913], [77.5529182, 13.0194754], [77.5529022, 13.0195161], [77.5528303, 13.0196863], [77.5527592, 13.0198456]]}"
way/205649903,no,tertiary,LineString,"{""type"": ""LineString"", ""coordinates"": [[77.6570726, 12.8940969], [77.6574675, 12.8941333], [77.6575351, 12.8941395], [77.6575474, 12.8941407], [77.6575694, 12.8941427], [77.6576062, 12.8941493], [77.6576268, 12.894153], [77.658108, 12.8942389], [77.6582129, 12.8942681], [77.6583091, 12.8942949], [77.6585135, 12.8943519], [77.658603, 12.8943728], [77.6587098, 12.8943989], [77.6590114, 12.8944831], [77.6598195, 12.894664], [77.659884, 12.8946784], [77.6602376, 12.8946913], [77.660633, 12.8946704], [77.6609015, 12.8946611]]}"
way/207470470,yes,primary,LineString,"{""type"": ""LineString"", ""coordinates"": [[77.5989515, 12.9379413], [77.5987863, 12.9380999], [77.5986159, 12.9382634], [77.5984944, 12.9384158], [77.598427, 12.9385137], [77.5982554, 12.9388025], [77.5979654, 12.9392904], [77.5976701, 12.9397846], [77.5976244, 12.939928], [77.5976158, 12.9399724], [77.5975894, 12.9401179], [77.5974019, 12.9417487], [77.5973475, 12.9423696], [77.5972626, 12.9430212], [77.5972343, 12.9432144], [77.5971282, 12.9437869], [77.5971252, 12.9438028], [77.5971176, 12.9438437], [77.5970334, 12.9443074], [77.5969237, 12.9448], [77.5968936, 12.9448856], [77.596866, 12.9449366], [77.596733, 12.9450961], [77.5965357, 12.9452808], [77.5964933, 12.9453204], [77.5963246, 12.945433], [77.5959697, 12.9456302], [77.5956811, 12.9458161]]}"
way/207472841,yes,service,LineString,"{""type"": ""LineString"", ""coordinates"": [[77.594816, 12.9397059], [77.5955213, 12.9397749], [77.5956856, 12.9397915], [77.5957643, 12.9397995], [77.5958372, 12.9398117], [77.5961582, 12.9398429], [77.5966843, 12.9398948], [77.596992, 12.9399266]]}"
way/207472844,yes,primary,LineString,"{""type"": ""LineString"", ""coordinates"": [[77.5965862, 12.9453401], [77.5967992, 12.9451312], [77.5969242, 12.9449872], [77.5969627, 12.944925], [77.5970012, 12.9448248], [77.5971101, 12.9443057], [77.5971727, 12.9439032], [77.5972017, 12.9437598], [77.5973115, 12.9432169]]}"
way/207472846,yes,tertiary,LineString,"{""type"": ""LineString"", ""coordinates"": [[77.5925004, 12.9284703], [77.5925021, 12.9285519], [77.5925076, 12.9288223], [77.5925195, 12.9289715], [77.5925217, 12.9290681], [77.592526, 12.9292798], [77.5925315, 12.9296115], [77.5925319, 12.929688], [77.5925478, 12.9300751], [77.5925635, 12.9305855], [77.5925714, 12.9311662], [77.5925975, 12.9314478], [77.5926042, 12.9315301], [77.5926107, 12.9319971]]}"
way/207477320,yes,residential,LineString,"{""type"": ""LineString"", ""coordinates"": [[77.5970029, 12.9449855], [77.5976518, 12.9459057], [77.5981999, 12.9466977], [77.598362, 12.9469159], [77.5986244, 12.9472274], [77.5989704, 12.9476695]]}"
way/207477321,yes,primary,LineString,"{""type"": ""LineString"", ""coordinates"": [[77.5906889, 12.9515344], [77.5908405, 12.9514765], [77.5915486, 12.951206], [77.5916216, 12.9511732], [77.591737, 12.9511214], [77.5918199, 12.9510624], [77.5918953, 12.9510021], [77.5920387, 12.9508737], [77.5921384, 12.9507845], [77.5922492, 12.9506759], [77.5923856, 12.9505422], [77.5925149, 12.9504155], [77.592869, 12.9500838], [77.5928946, 12.9500525], [77.5929089, 12.950035], [77.5931431, 12.9496271], [77.5932806, 12.9493576], [77.5933576, 12.9491418], [77.5934046, 12.9490315], [77.5934376, 12.9489551], [77.5934976, 12.94886]]}"
way/207478098,yes,tertiary,LineString,"{""type"": ""LineString"", ""coordinates"": [[77.5770417, 12.9748638], [77.5770658, 12.9749238], [77.5773858, 12.9761091], [77.5774247, 12.9762448], [77.5773324, 12.9769348], [77.577324, 12.9769955], [77.5773154, 12.9770549], [77.5772549, 12.977612], [77.5772101, 12.9781106], [77.5771476, 12.9786725], [77.5771236, 12.9788731]]}"
way/208697538,yes,footway,LineString,"{""type"": ""LineString"", ""coordinates"": [[77.5966105, 12.9745875], [77.5965623, 12.9745324], [77.5964362, 12.9744197], [77.5959688, 12.9740476], [77.5958099, 12.9739105], [77.5957129, 12.9738387], [77.5956759, 12.9738099], [77.5955937, 12.9737401], [77.5954743, 12.9736273], [77.595317, 12.9735094], [77.59512, 12.9733513], [77.5949706, 12.9731428], [77.5949311, 12.9730915], [77.5947508, 12.9728556], [77.5946227, 12.9726972], [77.5945781, 12.972657], [77.5943142, 12.9723182], [77.5943015, 12.9722149], [77.5943137, 12.9721591], [77.5943186, 12.9721494], [77.5943756, 12.9720898], [77.5946743, 12.9719562], [77.5951395, 12.9717505], [77.5953032, 12.971681], [77.5954007, 12.97164], [77.5959593, 12.9714049], [77.5962981, 12.971265], [77.5964321, 12.971233], [77.5965706, 12.9712178], [77.5967549, 12.9711976], [77.5968345, 12.9711871], [77.5969075, 12.9711826], [77.5971682, 12.9711813], [77.5972447, 12.9711878], [77.5975819, 12.9712175], [77.5976194, 12.9712211], [77.5976585, 12.9712369]]}"
way/212197471,yes,residential,LineString,"{""type"": ""LineString"", ""coordinates"": [[77.5442977, 12.9391395], [77.5442289, 12.9387277], [77.5439802, 12.9378241]]}"
way/212197492,yes,residential,LineString,"{""type"": ""LineString"", ""coordinates"": [[77.5430243, 12.9388077], [77.5442289, 12.9387277]]}"
way/215214110,yes,residential,LineString,"{""type"": ""LineString"", ""coordinates"": [[77.5545708, 13.0674926], [77.5545262, 13.0673222], [77.5544624, 13.067117], [77.5543797, 13.066851], [77.5543461, 13.0667432], [77.5543057, 13.0666131]]}"
way/215412822,yes,residential,LineString,"{""type"": ""LineString"", ""coordinates"": [[77.5151891, 13.0444805], [77.5151537, 13.0443155], [77.5150886, 13.044053], [77.5150795, 13.0440174], [77.5149943, 13.0437533], [77.5149171, 13.043466], [77.5148709, 13.0432066], [77.5148268, 13.0430164], [77.5147035, 13.0425321]]}"
way/216610231,yes,primary,LineString,"{""type"": ""LineString"", ""coordinates"": [[77.552341, 13.0122695], [77.5525156, 13.0123486], [77.5528123, 13.0124607], [77.5530213, 13.0125493], [77.5533029, 13.0127], [77.5533261, 13.0127149], [77.5533834, 13.0127459], [77.5535255, 13.012842], [77.5536147, 13.0129189], [77.55377, 13.0131211]]}"
way/216610395,yes,primary,LineString,"{""type"": ""LineString"", ""coordinates"": [[77.5539026, 13.0134857], [77.5539283, 13.0135549], [77.5539739, 13.0136726], [77.5539955, 13.0138842], [77.5539765, 13.0140186], [77.5539749, 13.0140387], [77.553918, 13.0149668], [77.5539125, 13.0152576]]}"
way/217573745,yes,residential,LineString,"{""type"": ""LineString"", ""coordinates"": [[77.6454729, 12.9809818], [77.6460142, 12.9809753], [77.64607, 12.9809746]]}"
way/217573747,yes,residential,LineString,"{""type"": ""LineString"", ""coordinates"": [[77.6446084, 12.9801163], [77.6446506, 12.9796525], [77.6455863, 12.9797282]]}"
way/217983054,yes,residential,LineString,"{""type"": ""LineString"", ""coordinates"": [[77.6538575, 12.8980004], [77.6538359, 12.8978443], [77.6537497, 12.8972149], [77.6537549, 12.8971499], [77.6537821, 12.8971157], [77.653816, 12.8970927], [77.6540109, 12.8970084], [77.6541826, 12.8969339], [77.6542321, 12.8969134], [77.6543085, 12.8969027], [77.654678, 12.8969031], [77.6547826, 12.8969032], [77.6549128, 12.8969033], [77.6551422, 12.8969001], [77.6555647, 12.896889], [77.6559193, 12.8968892], [77.6563497, 12.8968753], [77.6563825, 12.8968684], [77.6566966, 12.8967725], [77.6569353, 12.8975341], [77.6569661, 12.8975639], [77.657009, 12.8975634], [77.6572752, 12.8974304], [77.6572998, 12.8974198]]}"
way/218907551,yes,residential,LineString,"{""type"": ""LineString"", ""coordinates"": [[77.6942523, 12.9775999], [77.6942017, 12.9776013], [77.6936327, 12.9776167], [77.6932427, 12.977622], [77.6932086, 12.9776225], [77.6931955, 12.9776227], [77.6931815, 12.9776229], [77.6930331, 12.9776231], [77.6926488, 12.9776313], [77.6925895, 12.9776322], [77.6921581, 12.9776229], [77.6915948, 12.9776446]]}"
way/223364649,yes,primary,LineString,"{""type"": ""LineString"", ""coordinates"": [[77.5889879, 12.8574663], [77.5889583, 12.8571368], [77.5889323, 12.8568471], [77.5889036, 12.8565647], [77.5888902, 12.8564331], [77.5887985, 12.8555314], [77.5887748, 12.855288], [77.5887646, 12.855185], [77.5886892, 12.8545439], [77.5886302, 12.8541697], [77.5886261, 12.8541373], [77.5885925, 12.8538367], [77.5885746, 12.8537197], [77.5885657, 12.853637], [77.5884744, 12.852793], [77.5884217, 12.852196], [77.5883845, 12.8518564], [77.5883482, 12.8510449], [77.588338, 12.8508156], [77.5883357, 12.8507649], [77.5883223, 12.8505949], [77.5883223, 12.8505276], [77.5883258, 12.8503176], [77.5883263, 12.8502865], [77.5883346, 12.8497889], [77.5883332, 12.84967], [77.5883288, 12.8492979], [77.5883283, 12.8492362], [77.5883242, 12.8489805], [77.5883235, 12.8488567], [77.5883229, 12.8487388], [77.5883188, 12.8479869], [77.5883131, 12.8478441], [77.5882533, 12.8463544], [77.5882409, 12.84616], [77.5882172, 12.8457865], [77.5881848, 12.8452772], [77.5881786, 12.8451801], [77.588165, 12.8440128], [77.5881652, 12.843912], [77.5881652, 12.8438997], [77.5881653, 12.8438701], [77.5881859, 12.8436001], [77.5882251, 12.8432479], [77.5882757, 12.8429846], [77.5883581, 12.8426739], [77.5884396, 12.8424151], [77.5885025, 12.8420938], [77.5885566, 12.8418234], [77.5885727, 12.8417427]]}"
way/224460780,yes,tertiary,LineString,"{""type"": ""LineString"", ""coordinates"": [[77.6903776, 12.9350372], [77.6904788, 12.9351502], [77.6905797, 12.9352412], [77.6906075, 12.9352722], [77.6906475, 12.9353042], [77.690693, 12.9353406], [77.6908929, 12.9354822], [77.6909703, 12.9355391], [77.6911775, 12.9357207], [77.6911987, 12.9357393], [77.6917709, 12.9362728], [77.691847, 12.9363406], [77.6920413, 12.9365033], [77.6921132, 12.9365723], [77.6924089, 12.9368559], [77.6926866, 12.9371223], [77.6930054, 12.9374229]]}"
way/224618934,yes,primary,LineString,"{""type"": ""LineString"", ""coordinates"": [[77.5946434, 12.9670407], [77.594611, 12.9670807], [77.5946018, 12.9670885], [77.5942136, 12.9674802], [77.5941545, 12.9675269], [77.593912, 12.9676653], [77.5937522, 12.9677363], [77.5936357, 12.9677779], [77.5935355, 12.9678123], [77.5929661, 12.9679441], [77.5928933, 12.9679609], [77.5928047, 12.9679814], [77.5927484, 12.9679945], [77.592629, 12.9680222], [77.5924878, 12.9680437], [77.5920914, 12.9681039], [77.5918856, 12.968123], [77.5918469, 12.9681213], [77.591306, 12.9680626], [77.5909921, 12.9679668], [77.5908942, 12.9679369], [77.5908496, 12.967926], [77.5906822, 12.9678756], [77.5905043, 12.9678264], [77.590445, 12.9678096], [77.5903614, 12.9677859], [77.5900578, 12.9677418], [77.5898673, 12.9677108], [77.5894098, 12.9676484], [77.5893451, 12.9676363]]}"
way/228662033,yes,residential,LineString,"{""type"": ""LineString"", ""coordinates"": [[77.5731191, 13.0676428], [77.5733787, 13.0686002], [77.5734338, 13.0687983], [77.5735808, 13.0692198]]}"
way/229970999,yes,primary_link,LineString,"{""type"": ""LineString"", ""coordinates"": [[77.5989716, 12.9380357], [77.5991017, 12.9380063], [77.5993537, 12.9378405], [77.5995728, 12.9377206], [77.5997541, 12.9376315], [77.5999251, 12.9375591], [77.6001004, 12.9374956], [77.6003103, 12.9374394], [77.6004783, 12.9374039], [77.6012281, 12.9373044]]}"
way/230005455,no,motorway,LineString,"{""type"": ""LineString"", ""coordinates"": [[77.5918232, 12.8511494], [77.5919349, 12.8512445], [77.5920767, 12.8513651], [77.5924328, 12.8517018], [77.5926507, 12.8519048], [77.5930559, 12.8522786], [77.5932445, 12.8524387], [77.5933761, 12.8525405], [77.5934961, 12.8526255], [77.5937159, 12.8527804], [77.5938955, 12.8528906], [77.5941519, 12.8530267], [77.5943693, 12.853123], [77.5946085, 12.8532206], [77.5948368, 12.8532984], [77.5950786, 12.8533697], [77.5953609, 12.8534285], [77.5956014, 12.8534689], [77.5959305, 12.8535037], [77.5965074, 12.8535382], [77.5969938, 12.8535575], [77.597078, 12.8535605], [77.5975381, 12.8535789], [77.5998478, 12.853661]]}"
way/230013375,yes,motorway_link,LineString,"{""type"": ""LineString"", ""coordinates"": [[77.4759017, 13.0567844], [77.4761294, 13.0568474], [77.4762244, 13.0568903], [77.4763248, 13.0569465], [77.4765051, 13.057032], [77.476624, 13.0570648], [77.4767342, 13.0570796], [77.4768256, 13.0570681], [77.4769278, 13.057032], [77.477039, 13.0569665], [77.4771228, 13.0568952], [77.4771895, 13.0568105], [77.4772383, 13.056706], [77.4772595, 13.0566144], [77.4772704, 13.0565498], [77.4772718, 13.0564561], [77.4772248, 13.056143]]}"
way/230176694,no,motorway,LineString,"{""type"": ""LineString"", ""coordinates"": [[77.629015, 12.8660161], [77.6291288, 12.8660587]]}"
way/230176695,no,motorway,LineString,"{""type"": ""LineString"", ""coordinates"": [[77.6301651, 12.8663907], [77.6306544, 12.8665234], [77.6311346, 12.8666347], [77.6315833, 12.8667267], [77.632226, 12.8668316], [77.6326407, 12.866886], [77.6331328, 12.8669342], [77.6334205, 12.8669569], [77.6339859, 12.8669905]]}"
way/230176696,no,motorway,LineString,"{""type"": ""LineString"", ""coordinates"": [[77.6339859, 12.8669905], [77.6343639, 12.8669956]]}"
way/230182006,yes,tertiary,LineString,"{""type"": ""LineString"", ""coordinates"": [[77.6662615, 12.9212738], [77.6664785, 12.9214244], [77.6665935, 12.9215006], [77.6678594, 12.9220808]]}"
way/230182413,yes,tertiary,LineString,"{""type"": ""LineString"", ""coordinates"": [[77.6553383, 12.9234009], [77.6540601, 12.9236397]]}"
way/230210303,yes,tertiary,LineString,"{""type"": ""LineString"", ""coordinates"": [[77.6499056, 12.9246483], [77.650174, 12.9246424], [77.6502414, 12.9246399], [77.6503149, 12.9246436], [77.6503334, 12.9246445], [77.650556, 12.9246328], [77.6505941, 12.9246308], [77.6506428, 12.924625], [77.6509331, 12.9245904], [77.651448, 12.9244873], [77.6515204, 12.9244728]]}"
way/230471732,no,track,LineString,"{""type"": ""LineString"", ""coordinates"": [[77.5703405, 13.0744692], [77.5704478, 13.0742497], [77.5706516, 13.0741766], [77.5718425, 13.0739258], [77.5719391, 13.0738735], [77.5720142, 13.0737115], [77.5728027, 13.0735495], [77.572831, 13.0735668], [77.5730763, 13.0737168], [77.573071, 13.0739519], [77.5732212, 13.0745006], [77.5733016, 13.0748663], [77.5734465, 13.0751485], [77.5735377, 13.0755143], [77.5737093, 13.0760002], [77.573682, 13.0761854]]}"
way/230471733,yes,footway,LineString,"{""type"": ""LineString"", ""coordinates"": [[77.5730763, 13.0737168], [77.573248, 13.0736436], [77.5735859, 13.0735809], [77.5741009, 13.0734921], [77.5744764, 13.0734241], [77.5746481, 13.0733301], [77.5750933, 13.0730166], [77.5752543, 13.0730218], [77.5754849, 13.0729382], [77.57578, 13.0729486], [77.5761179, 13.0729956], [77.5764613, 13.0730897], [77.5766866, 13.0731576], [77.5770245, 13.0732047], [77.5771757, 13.0732349], [77.5781447, 13.0734282]]}"
way/230807195,yes,residential,LineString,"{""type"": ""LineString"", ""coordinates"": [[77.7655381, 13.0183093], [77.7656455, 13.0185329], [77.76574, 13.0187977], [77.7658636, 13.0191443], [77.7659633, 13.0193912]]}"
way/231219769,no,motorway_link,LineString,"{""type"": ""LineString"", ""coordinates"": [[77.4941895, 12.8776443], [77.4941907, 12.8775211], [77.4942155, 12.8773979], [77.4942632, 12.8773044], [77.4943303, 12.8772181], [77.4943925, 12.8771547], [77.4944756, 12.8770998], [77.4945668, 12.8770579], [77.4946602, 12.8770351], [77.4947412, 12.8770266], [77.494827, 12.8770292], [77.4949048, 12.8770396], [77.4949873, 12.8770705], [77.4950672, 12.8771077], [77.4951306, 12.8771548], [77.4951851, 12.8772041], [77.4952374, 12.8772712], [77.4952746, 12.8773317], [77.4953046, 12.8773963], [77.4953282, 12.8774686], [77.4953384, 12.8775337]]}"
way/231220388,no,motorway_link,LineString,"{""type"": ""LineString"", ""coordinates"": [[77.4955891, 12.8796251], [77.4956729, 12.8797908], [77.4956949, 12.8798659], [77.495711, 12.8799496], [77.4957158, 12.8800339], [77.4957083, 12.8801117], [77.4956841, 12.8801928], [77.4956537, 12.8802716], [77.4956162, 12.8803371], [77.4955691, 12.8803959], [77.4955012, 12.8804575], [77.4954293, 12.8805065], [77.495351, 12.8805464], [77.4952938, 12.8805616], [77.4952845, 12.8805641], [77.4952008, 12.8805726], [77.4951069, 12.8805752], [77.4950131, 12.8805569], [77.4949197, 12.8805301], [77.4948339, 12.880483], [77.4947588, 12.8804229], [77.4947051, 12.8803653], [77.4946563, 12.8802954], [77.4946161, 12.8802196], [77.4945871, 12.8801248], [77.4945732, 12.8800418], [77.4945705, 12.8799895], [77.4945785, 12.8799267], [77.4945946, 12.8798614], [77.4946124, 12.8797952], [77.4947084, 12.8795769]]}"
way/231222277,no,motorway_link,LineString,"{""type"": ""LineString"", ""coordinates"": [[77.4944354, 12.8794576], [77.4943908, 12.8794953], [77.4943437, 12.8795128], [77.4943082, 12.879526], [77.4942223, 12.8795443], [77.4941494, 12.8795476], [77.4940689, 12.8795397], [77.4939965, 12.8795214], [77.4939402, 12.8794953], [77.4938747, 12.8794563], [77.493798, 12.8793907], [77.493731, 12.8793149], [77.4936773, 12.8792521], [77.4936129, 12.8791632], [77.4935539, 12.8790639], [77.4935057, 12.878975], [77.4934601, 12.8788625], [77.4934225, 12.8787632], [77.4933989, 12.8786788], [77.4933828, 12.878603], [77.4933715, 12.87852], [77.4933689, 12.8784546], [77.4933769, 12.8783971], [77.4933955, 12.8783266], [77.4934283, 12.8782632], [77.4934681, 12.8782088], [77.4935116, 12.8781611], [77.4935673, 12.8781173], [77.493621, 12.8780833], [77.4936827, 12.8780598], [77.4937658, 12.8780467], [77.4938329, 12.8780493], [77.4939085, 12.8780644]]}"
way/231229773,no,motorway,LineString,"{""type"": ""LineString"", ""coordinates"": [[77.4945962, 12.8786137], [77.4952525, 12.8792828]]}"
way/231229775,no,motorway_link,LineString,"{""type"": ""LineString"", ""coordinates"": [[77.495236, 12.8785048], [77.495419, 12.8782643], [77.4955661, 12.8781846], [77.4956142, 12.8781645], [77.495707, 12.8781384], [77.4957885, 12.8781298], [77.4958714, 12.878133], [77.4959545, 12.8781409], [77.4960347, 12.8781637], [77.4961077, 12.8782006], [77.4961821, 12.878248], [77.4962473, 12.8783058], [77.4962985, 12.8783623], [77.4963419, 12.8784299], [77.4963831, 12.8785139], [77.4964091, 12.8785875], [77.4964199, 12.8786593], [77.4964184, 12.8787325], [77.4964026, 12.8788121], [77.4963821, 12.8788903], [77.4963571, 12.8789583], [77.4962955, 12.8790419], [77.4962439, 12.8791038], [77.4961905, 12.8791632], [77.4961101, 12.8792103], [77.4960135, 12.8792469], [77.4959282, 12.8792593], [77.4958317, 12.8792645], [77.4957507, 12.8792568], [77.4956681, 12.8792384], [77.4954914, 12.8791902]]}"
way/231290334,no,motorway,LineString,"{""type"": ""LineString"", ""coordinates"": [[77.4977025, 12.8814218], [77.4985611, 12.8820682], [77.4991577, 12.8825217], [77.5001455, 12.8832509], [77.5014477, 12.8840599]]}"
way/231290335,no,motorway,LineString,"{""type"": ""LineString"", ""coordinates"": [[77.4953742, 12.8790789], [77.4947206, 12.87841]]}"
way/232214434,yes,footway,LineString,"{""type"": ""LineString"", ""coordinates"": [[77.5859179, 12.9499808], [77.5859158, 12.9499407], [77.5859314, 12.9499035], [77.5859617, 12.9498763], [77.586001, 12.9498641], [77.5860418, 12.9498693], [77.5860765, 12.9498909], [77.5860986, 12.9499248], [77.5861042, 12.949954], [77.5861, 12.9499833], [77.5860866, 12.9500099], [77.5860652, 12.9500309], [77.5860381, 12.9500443], [77.586008, 12.9500486], [77.5859781, 12.9500435], [77.5859514, 12.9500293], [77.5859306, 12.9500077], [77.5859179, 12.9499808]]}"
way/232214435,no,footway,LineString,"{""type"": ""LineString"", ""coordinates"": [[77.5829122, 12.9500704], [77.5829524, 12.9502123], [77.5830084, 12.9504098]]}"
way/232214437,yes,footway,LineString,"{""type"": ""LineString"", ""coordinates"": [[77.5813671, 12.9483086], [77.5813754, 12.9484265], [77.5813768, 12.9484466]]}"
way/232239392,yes,tertiary,LineString,"{""type"": ""LineString"", ""coordinates"": [[77.6492385, 12.9195152], [77.6479989, 12.9193924], [77.6476803, 12.9194032], [77.6471863, 12.9194627], [77.6454813, 12.919575], [77.64508, 12.9195979], [77.6450703, 12.9195986], [77.6449981, 12.9196036], [77.6448901, 12.9196102], [77.6446321, 12.9196261], [77.6445784, 12.9196306], [77.6443239, 12.9196406], [77.6433236, 12.9197048], [77.6432914, 12.9197243], [77.6431776, 12.9197934]]}"
way/232414182,yes,secondary,LineString,"{""type"": ""LineString"", ""coordinates"": [[77.6505818, 12.9119536], [77.6491823, 12.9119143], [77.6491125, 12.911913], [77.6490427, 12.9119116]]}"
way/232884694,yes,steps,LineString,"{""type"": ""LineString"", ""coordinates"": [[77.6766574, 13.0007536], [77.6768342, 13.0007484]]}"
way/233094036,yes,residential,LineString,"{""type"": ""LineString"", ""coordinates"": [[77.6756318, 12.9226284], [77.675799, 12.9224915], [77.6759054, 12.9224036], [77.676126, 12.9222668], [77.6763033, 12.9222385], [77.6767116, 12.9221735], [77.6770147, 12.9221391], [77.6772183, 12.9221115], [77.6775188, 12.9220075], [77.6778456, 12.9218992], [77.6779748, 12.9218544], [77.6784761, 12.9217158]]}"
way/233244417,no,motorway,LineString,"{""type"": ""LineString"", ""coordinates"": [[77.5318861, 12.9279657], [77.5320834, 12.9254995], [77.5321746, 12.9243471], [77.5322148, 12.9235867], [77.532228, 12.9230335], [77.5322155, 12.9222464], [77.5321458, 12.9212657], [77.5320636, 12.9204531], [77.5320023, 12.9199819], [77.5319211, 12.9192684], [77.5318448, 12.9187488], [77.53174, 12.9179549], [77.5316745, 12.9174069], [77.5316372, 12.9170953], [77.5316012, 12.9167935], [77.5315895, 12.9166935], [77.5315685, 12.9165144], [77.5315381, 12.9162519], [77.5314583, 12.9155634]]}"
way/234154167,yes,service,LineString,"{""type"": ""LineString"", ""coordinates"": [[77.6946385, 12.9195228], [77.6946414, 12.9196418], [77.6946438, 12.9197405], [77.6947367, 12.9219651]]}"
way/236823336,yes,residential,LineString,"{""type"": ""LineString"", ""coordinates"": [[77.5649357, 13.1010942], [77.5647767, 13.1006071], [77.5645486, 13.0999079], [77.5644522, 13.0995864], [77.564368, 13.0993054], [77.56428, 13.099012], [77.5641916, 13.0987172], [77.5640977, 13.0984041], [77.5640085, 13.0981066], [77.5638616, 13.0976166]]}"
way/236823339,yes,residential,LineString,"{""type"": ""LineString"", ""coordinates"": [[77.5634819, 13.0985665], [77.5640977, 13.0984041]]}"
way/236823340,yes,residential,LineString,"{""type"": ""LineString"", ""coordinates"": [[77.5634063, 13.0982717], [77.5640085, 13.0981066]]}"
way/236823341,yes,residential,LineString,"{""type"": ""LineString"", ""coordinates"": [[77.5636842, 13.0991876], [77.56428, 13.099012]]}"
way/236823344,yes,residential,LineString,"{""type"": ""LineString"", ""coordinates"": [[77.5635795, 13.0989033], [77.5641916, 13.0987172]]}"
way/237025636,yes,trunk,LineString,"{""type"": ""LineString"", ""coordinates"": [[77.6240446, 12.9151188], [77.6242258, 12.9148111], [77.6243915, 12.9145188]]}"
way/237089966,yes,residential,LineString,"{""type"": ""LineString"", ""coordinates"": [[77.6298046, 12.9096327], [77.6305114, 12.9097426], [77.6312072, 12.9099899], [77.6319363, 12.9099873], [77.6324148, 12.910001], [77.6324795, 12.9100028]]}"
way/237184223,yes,trunk,LineString,"{""type"": ""LineString"", ""coordinates"": [[77.7104755, 12.8020698], [77.7106386, 12.8020524], [77.7108301, 12.8020232], [77.7110028, 12.8019792], [77.7112409, 12.8019066], [77.7115997, 12.8017722], [77.7119931, 12.8015851], [77.7127901, 12.8011557], [77.7132526, 12.8008983], [77.7138367, 12.8005732], [77.7139873, 12.8004894], [77.7153347, 12.7997652], [77.7154773, 12.7996847], [77.7156502, 12.7995821], [77.7158466, 12.799449], [77.7160497, 12.7993023], [77.716181, 12.7992007], [77.7163902, 12.7990241], [77.7166085, 12.7988274], [77.7169679, 12.7984697], [77.7171497, 12.7982754], [77.7173035, 12.798096], [77.7174853, 12.7978694], [77.7176107, 12.7976831], [77.7177727, 12.797449], [77.7181047, 12.7969052], [77.7182233, 12.7967032], [77.7186176, 12.7961117], [77.7188567, 12.7957595], [77.7189729, 12.7955978], [77.7190713, 12.7954796], [77.7192285, 12.7953079], [77.7193921, 12.795154], [77.7196409, 12.7949442], [77.7198783, 12.794775], [77.7200939, 12.794634], [77.7203509, 12.7944935], [77.7206723, 12.7943405], [77.7211126, 12.7941827], [77.7218139, 12.7939793], [77.722309, 12.7938664], [77.7229735, 12.7936972], [77.7241207, 12.7933934], [77.7249671, 12.7931656], [77.7258998, 12.7929244], [77.7267237, 12.7927085], [77.7274784, 12.7925063], [77.7279042, 12.7924008], [77.728822, 12.7921845], [77.7293359, 12.7920475], [77.7295829, 12.7919748], [77.7298403, 12.7918882], [77.7301424, 12.7917781], [77.730519, 12.7916293], [77.7308523, 12.7914742], [77.7311686, 12.7912894], [77.7321554, 12.7906378], [77.7328889, 12.7901635], [77.7333912, 12.7898259], [77.7338388, 12.7895504], [77.7341798, 12.789349], [77.7344735, 12.7891908], [77.7348235, 12.7890203], [77.7349896, 12.7889484], [77.7352964, 12.7888156]]}"
way/237186072,yes,primary,LineString,"{""type"": ""LineString"", ""coordinates"": [[77.5935259, 13.0838977], [77.5935656, 13.084066], [77.5935868, 13.0849702], [77.5937177, 13.0865152], [77.5937267, 13.0866217], [77.5937517, 13.0868748], [77.5938606, 13.088361]]}"
way/238204954,yes,tertiary,LineString,"{""type"": ""LineString"", ""coordinates"": [[77.5896413, 13.0391168], [77.5896333, 13.0390477], [77.5896159, 13.0388971], [77.5895934, 13.0387022], [77.5895569, 13.0384562], [77.5895434, 13.0383093], [77.5895396, 13.0382688], [77.5895168, 13.0380097], [77.5894958, 13.0376843], [77.5894897, 13.0375654], [77.5894674, 13.037188], [77.5894545, 13.0368067], [77.5893897, 13.0364164], [77.5893585, 13.0362732], [77.5893359, 13.0361655], [77.5892772, 13.0359949], [77.58924, 13.0359144], [77.5892312, 13.0358943], [77.5892169, 13.0358613], [77.5892032, 13.0358257], [77.5891702, 13.0357548], [77.589153, 13.0357179], [77.5888455, 13.0350662], [77.5888141, 13.0350071], [77.5886427, 13.034619], [77.5885703, 13.0343925], [77.5885063, 13.0341558], [77.5884959, 13.0340825], [77.5884633, 13.0338577], [77.5884402, 13.0335721], [77.588374, 13.0332776], [77.588352, 13.0331796], [77.5882036, 13.0328078], [77.5880042, 13.0324173], [77.5877483, 13.031916], [77.5873759, 13.0310874], [77.5870899, 13.0304228], [77.5870571, 13.0303467], [77.5868858, 13.0299177], [77.5868452, 13.029816], [77.5867828, 13.0296395], [77.5864491, 13.0288208], [77.5863536, 13.0285724]]}"
way/239438609,yes,primary,LineString,"{""type"": ""LineString"", ""coordinates"": [[77.6181717, 12.9244133], [77.6179908, 12.9247095]]}"
way/239438610,yes,primary,LineString,"{""type"": ""LineString"", ""coordinates"": [[77.6202961, 12.9212099], [77.6204326, 12.9212646], [77.6206183, 12.9213614], [77.6208375, 12.9214785], [77.6209598, 12.9215439], [77.6219277, 12.9221108], [77.6228023, 12.9226377], [77.6229131, 12.9227043], [77.6230178, 12.9227661], [77.6232206, 12.9228858], [77.624256, 12.9231182], [77.6248792, 12.9232583], [77.6269752, 12.9237296], [77.6283741, 12.9240423], [77.6286029, 12.9240947], [77.6287288, 12.9241909]]}"
way/239572010,yes,secondary,LineString,"{""type"": ""LineString"", ""coordinates"": [[77.6067229, 12.9662172], [77.6067176, 12.9663045], [77.6066706, 12.9664877], [77.6066064, 12.9667351], [77.6065453, 12.9669676], [77.6065039, 12.9671139], [77.6064965, 12.9671373], [77.6064281, 12.9673833], [77.6063435, 12.9676984], [77.6063229, 12.9677749], [77.606224, 12.9680066], [77.6061958, 12.9680656], [77.6061795, 12.9680991], [77.6060994, 12.9682645], [77.6060119, 12.9684343]]}"
way/239572011,yes,secondary,LineString,"{""type"": ""LineString"", ""coordinates"": [[77.6062418, 12.9684742], [77.6062257, 12.968346], [77.6062235, 12.9682994], [77.6062757, 12.9681464], [77.6062845, 12.9681205], [77.6063205, 12.968028], [77.6064037, 12.9678157], [77.6064357, 12.9677115], [77.6065676, 12.9672765], [77.6066149, 12.9671183], [77.6066724, 12.9668831], [77.6067892, 12.9663803], [77.606804, 12.9663248]]}"
way/239773584,yes,primary,LineString,"{""type"": ""LineString"", ""coordinates"": [[77.6602101, 12.9926495], [77.660033, 12.9925629], [77.6596778, 12.9923992], [77.6592993, 12.9922201], [77.6592716, 12.9922039], [77.6590418, 12.9920868], [77.6587465, 12.9919475], [77.6578182, 12.9914874], [77.6573283, 12.9912525], [77.6572637, 12.9912215], [77.6571505, 12.9911672], [77.6569628, 12.9910723], [77.6558819, 12.9905256], [77.6549474, 12.9900798], [77.6547867, 12.9899972], [77.6510683, 12.9882765], [77.6499401, 12.9877568], [77.6485228, 12.9871119], [77.6483915, 12.9870619], [77.6482744, 12.9870139], [77.6480625, 12.9869246], [77.6479585, 12.9868774]]}"
way/243773815,yes,residential,LineString,"{""type"": ""LineString"", ""coordinates"": [[77.6027405, 12.9143071], [77.6028836, 12.914312], [77.6031115, 12.9143197], [77.603226, 12.9143105], [77.6034283, 12.9143184], [77.6035996, 12.9143244], [77.6041485, 12.9143515], [77.6046755, 12.9143775], [77.6050463, 12.9144076], [77.6054802, 12.9144197], [77.605708, 12.9144261]]}"
way/243774648,yes,residential,LineString,"{""type"": ""LineString"", ""coordinates"": [[77.6037921, 12.9134801], [77.6038018, 12.9131271], [77.6038051, 12.913038], [77.6038124, 12.9128305], [77.6038975, 12.911672]]}"
way/243897292,yes,trunk,LineString,"{""type"": ""LineString"", ""coordinates"": [[77.6240948, 12.9147868], [77.6239418, 12.9150658]]}"
way/243897293,yes,trunk,LineString,"{""type"": ""LineString"", ""coordinates"": [[77.6246589, 12.9140741], [77.6251714, 12.9132317], [77.6253504, 12.9129408], [77.6255442, 12.9126289]]}"
way/246767075,yes,residential,LineString,"{""type"": ""LineString"", ""coordinates"": [[77.6924453, 12.9220479], [77.692443, 12.9219758], [77.6923738, 12.9198412]]}"
way/248458857,yes,residential,LineString,"{""type"": ""LineString"", ""coordinates"": [[77.6032989, 13.0583934], [77.6027708, 13.0577195], [77.6022583, 13.0570404], [77.6020252, 13.05669], [77.6019288, 13.0564263], [77.601728, 13.055788]]}"
way/248458859,yes,residential,LineString,"{""type"": ""LineString"", ""coordinates"": [[77.6008888, 13.0551391], [77.6011321, 13.0559593], [77.6013392, 13.056574], [77.6014519, 13.0569049], [77.6024192, 13.0581946], [77.6025158, 13.058305], [77.602564, 13.0583886], [77.6025962, 13.0585402], [77.6026246, 13.0589742]]}"
way/248458860,yes,residential,LineString,"{""type"": ""LineString"", ""coordinates"": [[77.6026562, 13.0580285], [77.6017731, 13.0568781], [77.6016403, 13.0564986], [77.601446, 13.0558698], [77.6012228, 13.0551479]]}"
way/248458861,yes,residential,LineString,"{""type"": ""LineString"", ""coordinates"": [[77.6021741, 13.0583733], [77.6015317, 13.057547], [77.6012122, 13.0570979], [77.6010393, 13.0566477]]}"
way/249189327,yes,tertiary,LineString,"{""type"": ""LineString"", ""coordinates"": [[77.5932558, 13.0586479], [77.592517, 13.0588116], [77.5922923, 13.0588614], [77.5920533, 13.0589144], [77.5920044, 13.0589252], [77.5917115, 13.0589902], [77.591412, 13.0590919], [77.5910945, 13.0593235], [77.5908355, 13.0595175], [77.5903628, 13.05993], [77.5902886, 13.0599867], [77.5900133, 13.060197]]}"
way/249906106,yes,secondary,LineString,"{""type"": ""LineString"", ""coordinates"": [[77.557709, 13.0187824], [77.5579212, 13.0187775], [77.5579378, 13.0187737], [77.5581177, 13.0187112], [77.5581887, 13.0186639], [77.5583695, 13.01856], [77.5586513, 13.0184043], [77.5588908, 13.0182341], [77.5589397, 13.0181994], [77.5590569, 13.0180601]]}"
way/249925203,no,motorway,LineString,"{""type"": ""LineString"", ""coordinates"": [[77.5018724, 12.8842002], [77.5015435, 12.8839824]]}"
way/249925204,no,motorway,LineString,"{""type"": ""LineString"", ""coordinates"": [[77.5060588, 12.8864882], [77.506774, 12.8868364], [77.5068784, 12.8868872], [77.5074224, 12.8871354], [77.5080245, 12.887448], [77.5088259, 12.8879712], [77.5094912, 12.8884967], [77.5098411, 12.8888218], [77.5102106, 12.889197], [77.5105584, 12.8896025], [77.5110924, 12.8903388], [77.5116818, 12.8911946], [77.5122884, 12.892045], [77.5126722, 12.8925259], [77.5128916, 12.8927943], [77.5134064, 12.8933543]]}"
way/249925205,no,motorway,LineString,"{""type"": ""LineString"", ""coordinates"": [[77.5015435, 12.8839824], [77.5001927, 12.8831372]]}"
way/253771263,yes,footway,LineString,"{""type"": ""LineString"", ""coordinates"": [[77.4835995, 12.9171599], [77.4837887, 12.9170858], [77.4839329, 12.9170294]]}"
way/255430596,yes,secondary,LineString,"{""type"": ""LineString"", ""coordinates"": [[77.5969789, 13.0910322], [77.5968328, 13.0904019], [77.5967362, 13.090119], [77.5965308, 13.0895928], [77.5960459, 13.0884322], [77.5959751, 13.0882654], [77.5953773, 13.0869121], [77.5952247, 13.0865521], [77.5951094, 13.086306], [77.5947979, 13.0855748], [77.5943916, 13.0845444], [77.5939408, 13.0833618], [77.5938109, 13.0830008], [77.593719, 13.0827388], [77.5936245, 13.0823183], [77.5935474, 13.0818282]]}"
way/255430608,yes,trunk,LineString,"{""type"": ""LineString"", ""coordinates"": [[77.5976837, 13.0949834], [77.5974811, 13.0942774], [77.5974079, 13.0939795], [77.5973164, 13.093552], [77.597044, 13.0922645], [77.5967584, 13.09109]]}"
way/255910639,yes,footway,LineString,"{""type"": ""LineString"", ""coordinates"": [[77.6025086, 13.0545356], [77.6027372, 13.0544619], [77.6027669, 13.0544551], [77.6028129, 13.0544432]]}"
way/256696229,yes,trunk,LineString,"{""type"": ""LineString"", ""coordinates"": [[77.6642473, 12.8560168], [77.6640773, 12.85621], [77.6634573, 12.8569643], [77.661882, 12.859001], [77.661714, 12.8592128], [77.6610639, 12.8600255], [77.6607534, 12.8604137]]}"
way/259174721,yes,footway,LineString,"{""type"": ""LineString"", ""coordinates"": [[77.6079747, 12.8819742], [77.6076182, 12.8820202], [77.6071088, 12.8820772], [77.6070032, 12.8812404], [77.6075823, 12.8811926], [77.6080955, 12.881154], [77.6081672, 12.8816561], [77.608103, 12.8816745], [77.6080653, 12.8816965], [77.6080445, 12.8817554], [77.6080672, 12.8818014], [77.6080728, 12.88184], [77.6080559, 12.8818896], [77.6080351, 12.8819209], [77.6080087, 12.881954], [77.6079747, 12.8819742]]}"
way/259174783,yes,footway,LineString,"{""type"": ""LineString"", ""coordinates"": [[77.6076182, 12.8820202], [77.6075823, 12.8811926]]}"
way/259174992,yes,footway,LineString,"{""type"": ""LineString"", ""coordinates"": [[77.6080087, 12.881954], [77.6080219, 12.8819742], [77.6080615, 12.8819807], [77.6081011, 12.8819798], [77.6081219, 12.882], [77.6081226, 12.8820094], [77.6081246, 12.8820548]]}"
way/262423820,yes,residential,LineString,"{""type"": ""LineString"", ""coordinates"": [[77.62045, 13.002519], [77.6204741, 13.002564], [77.6206514, 13.0028954], [77.6198454, 13.0033073]]}"
way/264711477,yes,trunk,LineString,"{""type"": ""LineString"", ""coordinates"": [[77.5651964, 13.0143594], [77.564395, 13.0148146], [77.5640161, 13.0150843]]}"
way/266871939,yes,secondary,LineString,"{""type"": ""LineString"", ""coordinates"": [[77.585156, 12.9438764], [77.5851708, 12.9440268], [77.5852269, 12.9443559], [77.5852634, 12.9444997], [77.5853258, 12.9446706], [77.5853929, 12.9448144], [77.5854773, 12.9449798], [77.5855845, 12.9451611], [77.5856665, 12.9452836], [77.5857268, 12.9453516], [77.585785, 12.9454075], [77.5859454, 12.9455293], [77.5860769, 12.9456156], [77.5861964, 12.9456836], [77.5862713, 12.9457215], [77.5871388, 12.9460056], [77.5875939, 12.9461524], [77.5877835, 12.946202], [77.5879167, 12.9462368], [77.5879523, 12.9462461], [77.5880832, 12.9462569], [77.5880922, 12.9462576], [77.589629, 12.9463242], [77.5896847, 12.9463373], [77.5897267, 12.9463495], [77.5897585, 12.9463621], [77.5898349, 12.9464072], [77.5899144, 12.9464664], [77.5902176, 12.9467691], [77.5908223, 12.9473728], [77.590935, 12.947463], [77.5912605, 12.9476212], [77.5912817, 12.9476315], [77.5920977, 12.9480086], [77.5924638, 12.9482086], [77.5928906, 12.9485206], [77.593039, 12.9486223]]}"
way/266871941,yes,secondary,LineString,"{""type"": ""LineString"", ""coordinates"": [[77.593039, 12.9486223], [77.5933239, 12.9487765], [77.5933841, 12.948809]]}"
way/266871942,yes,secondary,LineString,"{""type"": ""LineString"", ""coordinates"": [[77.5934104, 12.9487312], [77.5930827, 12.9485413]]}"
way/283810337,yes,trunk_link,LineString,"{""type"": ""LineString"", ""coordinates"": [[77.5674796, 13.0129957], [77.5669662, 13.0131893], [77.5658614, 13.0138975], [77.5657065, 13.0140138]]}"
way/283892335,yes,steps,LineString,"{""type"": ""LineString"", ""coordinates"": [[77.5542616, 13.0135896], [77.5543642, 13.0133879]]}"
way/283892336,yes,footway,LineString,"{""type"": ""LineString"", ""coordinates"": [[77.5538408, 13.0141397], [77.5538407, 13.0141472], [77.5541686, 13.0141522], [77.5541751, 13.013742], [77.5542616, 13.0135896]]}"
way/290639790,yes,secondary,LineString,"{""type"": ""LineString"", ""coordinates"": [[77.6146263, 12.9235354], [77.6146522, 12.923583], [77.6146674, 12.9236109], [77.6147164, 12.9237569], [77.614752, 12.9238625], [77.6148365, 12.9241147], [77.614855, 12.9241698], [77.6148836, 12.9242549], [77.6148951, 12.9242891], [77.6149397, 12.924422], [77.6149519, 12.9244583], [77.6150194, 12.9246592], [77.6150923, 12.9248762], [77.6151961, 12.9251673], [77.6152364, 12.92526], [77.6152839, 12.9254196], [77.61537, 12.9257081], [77.6154531, 12.9259865], [77.6155265, 12.9262461], [77.615563, 12.9263984], [77.6155953, 12.9265075], [77.6156603, 12.9267412], [77.615717, 12.9269218], [77.6157421, 12.927006], [77.6158366, 12.9272721], [77.6158563, 12.9273272], [77.6158965, 12.9274361], [77.6160151, 12.9277443], [77.6160664, 12.9278594]]}"
way/291228870,yes,residential,LineString,"{""type"": ""LineString"", ""coordinates"": [[77.6060201, 12.9081441], [77.6061864, 12.909033], [77.6062376, 12.9094603]]}"
way/291973724,yes,residential,LineString,"{""type"": ""LineString"", ""coordinates"": [[77.6062701, 12.9065083], [77.6061633, 12.9056628]]}"
way/291973725,yes,residential,LineString,"{""type"": ""LineString"", ""coordinates"": [[77.6065604, 12.9064733], [77.6064944, 12.9056664]]}"
way/291973726,yes,residential,LineString,"{""type"": ""LineString"", ""coordinates"": [[77.6064896, 12.9098058], [77.6057131, 12.9098468]]}"
way/294559869,no,steps,LineString,"{""type"": ""LineString"", ""coordinates"": [[77.5878017, 12.9167341], [77.5878017, 12.9167638], [77.5878017, 12.9168214]]}"
way/294559925,yes,steps,LineString,"{""type"": ""LineString"", ""coordinates"": [[77.5893837, 12.9167355], [77.5893798, 12.9168218]]}"
way/309507502,yes,residential,LineString,"{""type"": ""LineString"", ""coordinates"": [[77.6739302, 12.901456], [77.6741244, 12.9014453], [77.6741664, 12.9021002]]}"
way/309626299,yes,residential,LineString,"{""type"": ""LineString"", ""coordinates"": [[77.6869512, 12.9680767], [77.6869545, 12.9680112], [77.6869614, 12.967688], [77.686983, 12.9672492]]}"
way/309626301,yes,residential,LineString,"{""type"": ""LineString"", ""coordinates"": [[77.6871357, 12.9689119], [77.6870577, 12.9686407], [77.68699, 12.9683835], [77.686936, 12.9681226], [77.6869512, 12.9680767]]}"
way/309626317,yes,residential,LineString,"{""type"": ""LineString"", ""coordinates"": [[77.6899634, 12.9683445], [77.6900108, 12.9690986]]}"
way/309626318,yes,residential,LineString,"{""type"": ""LineString"", ""coordinates"": [[77.6902912, 12.9690995], [77.6902506, 12.9683246]]}"
way/309626322,yes,residential,LineString,"{""type"": ""LineString"", ""coordinates"": [[77.6936335, 12.9692334], [77.694216, 12.9690753]]}"
way/309626324,yes,residential,LineString,"{""type"": ""LineString"", ""coordinates"": [[77.6930011, 12.9688672], [77.6929271, 12.9685903], [77.6934297, 12.9684636]]}"
way/309674413,no,residential,LineString,"{""type"": ""LineString"", ""coordinates"": [[77.6750417, 12.9254339], [77.6750305, 12.9255117], [77.6749864, 12.9261709], [77.6748949, 12.9261753]]}"
way/309936706,no,residential,LineString,"{""type"": ""LineString"", ""coordinates"": [[77.6476492, 12.9813803], [77.6473697, 12.9813586], [77.6469741, 12.9813737], [77.6469129, 12.981459], [77.646569, 12.9814767], [77.6465377, 12.9811504]]}"
way/310349796,yes,residential,LineString,"{""type"": ""LineString"", ""coordinates"": [[77.6603302, 12.8974271], [77.6597532, 12.8975093], [77.6590407, 12.8976107], [77.658784, 12.8976203], [77.6584328, 12.8975819], [77.658306, 12.8975681]]}"
way/310456164,yes,residential,LineString,"{""type"": ""LineString"", ""coordinates"": [[77.6362894, 12.9212801], [77.635888, 12.9203223]]}"
way/312055524,yes,secondary,LineString,"{""type"": ""LineString"", ""coordinates"": [[77.6544162, 12.8706693], [77.6543551, 12.8706555], [77.6542095, 12.8705942], [77.6540853, 12.8705404], [77.6536449, 12.8701234]]}"
way/312055526,yes,trunk,LineString,"{""type"": ""LineString"", ""coordinates"": [[77.6534266, 12.8699127], [77.6535722, 12.8697286], [77.6539952, 12.8691938], [77.655835, 12.8668676], [77.6559533, 12.8667207], [77.656821, 12.8656385], [77.658258, 12.8638299], [77.6598306, 12.8618333], [77.6605577, 12.8609186]]}"
way/312055529,yes,trunk,LineString,"{""type"": ""LineString"", ""coordinates"": [[77.6532651, 12.8698659], [77.6517353, 12.8717878], [77.6516883, 12.8718476], [77.6516687, 12.8718726], [77.6515825, 12.8719824], [77.6510984, 12.8725914], [77.6507325, 12.8730424], [77.6503566, 12.8734799], [77.6491849, 12.874775], [77.6490426, 12.8749323], [77.6490182, 12.8749593], [77.6486615, 12.8753674], [77.6478249, 12.8763095], [77.6475077, 12.8767115], [77.6472782, 12.877046], [77.6471744, 12.8771973], [77.6470521, 12.877382], [77.6453211, 12.8802035], [77.642494, 12.8848116], [77.6410946, 12.8870925], [77.6409675, 12.8872996], [77.6405427, 12.887992], [77.6398958, 12.8890463], [77.6398727, 12.889084]]}"
way/312061905,yes,tertiary,LineString,"{""type"": ""LineString"", ""coordinates"": [[77.6640206, 12.8556579], [77.6639236, 12.8555495], [77.6630097, 12.8545282], [77.6629146, 12.8544497], [77.6627946, 12.8543863], [77.6626543, 12.8543338], [77.6626244, 12.8543255], [77.6623453, 12.8542483], [77.6621116, 12.8541837], [77.6618873, 12.8541217], [77.6609181, 12.8538536], [77.6608406, 12.8538322], [77.6607363, 12.8537945], [77.6606764, 12.8537499], [77.6606268, 12.853695], [77.6606118, 12.853667], [77.6605895, 12.8536253], [77.6605247, 12.8529982], [77.6604463, 12.85224], [77.6603606, 12.8513415], [77.6603235, 12.8509524], [77.6602834, 12.8508165]]}"
way/312063812,yes,trunk,LineString,"{""type"": ""LineString"", ""coordinates"": [[77.6430457, 12.8842087], [77.6462049, 12.87907], [77.6472573, 12.8773582], [77.6475461, 12.8769357], [77.6478931, 12.8764795], [77.6481398, 12.876193], [77.6483028, 12.8760115], [77.6492722, 12.874932], [77.6494585, 12.8747238], [77.6498389, 12.8742988], [77.6506872, 12.8733512], [77.6509203, 12.8730704], [77.6509584, 12.8730245], [77.6513964, 12.8724639], [77.6533235, 12.8700468], [77.6533683, 12.8699906]]}"
way/312063814,yes,trunk,LineString,"{""type"": ""LineString"", ""coordinates"": [[77.6398727, 12.889084], [77.6398414, 12.8891362], [77.6397799, 12.8892342], [77.6397357, 12.8893041], [77.63878, 12.8908426], [77.6377128, 12.8925608], [77.6369784, 12.8937647], [77.6366853, 12.8942451], [77.6366429, 12.8943146], [77.6360799, 12.8952324], [77.6351778, 12.8966974], [77.633455, 12.8994954], [77.6332401, 12.8998444], [77.6324388, 12.9011459], [77.6315171, 12.9026427], [77.6299112, 12.9052507], [77.6288825, 12.9069175], [77.6287986, 12.9070535], [77.6287582, 12.9071174], [77.6287431, 12.9071417], [77.6277928, 12.9086756], [77.6274318, 12.909251], [77.6273547, 12.9093582], [77.6272476, 12.9096149], [77.6270101, 12.9100034], [77.6261198, 12.9114595]]}"
way/316018413,yes,secondary,LineString,"{""type"": ""LineString"", ""coordinates"": [[77.6446647, 12.9121747], [77.6448017, 12.9121712], [77.6453259, 12.9121399]]}"
way/320473167,yes,primary,LineString,"{""type"": ""LineString"", ""coordinates"": [[77.7141692, 12.9777217], [77.7136868, 12.9777921], [77.7130559, 12.9778656], [77.7127716, 12.9779036], [77.7119735, 12.9780021], [77.7118239, 12.9780206], [77.7117672, 12.9780276], [77.711649, 12.9780428], [77.7113671, 12.978079], [77.7111161, 12.9781121], [77.7107437, 12.9781505], [77.7106504, 12.9781611]]}"
way/323037942,yes,tertiary,LineString,"{""type"": ""LineString"", ""coordinates"": [[77.6681077, 12.9606125], [77.6680958, 12.9603676], [77.6680904, 12.9600973], [77.6680819, 12.9596765], [77.6680704, 12.9592061], [77.6680322, 12.9583477], [77.6680293, 12.9583024]]}"
way/323639488,yes,secondary,LineString,"{""type"": ""LineString"", ""coordinates"": [[77.6229525, 12.9816333], [77.6231005, 12.981734], [77.6232662, 12.9818082], [77.623683, 12.9819048], [77.6238589, 12.9819192], [77.6239736, 12.9819296], [77.6240467, 12.9819363], [77.6241158, 12.9819403], [77.6245328, 12.9819695], [77.6249937, 12.9820173], [77.6250806, 12.9820263], [77.6251019, 12.9820285], [77.6251293, 12.9820313], [77.6261622, 12.9821384], [77.6265256, 12.9821534], [77.6267833, 12.9821308], [77.6268852, 12.9821101], [77.6284605, 12.9817896], [77.6286922, 12.9817425], [77.6290629, 12.9816766], [77.6292937, 12.9816358], [77.629442, 12.9816145], [77.6295834, 12.9815994], [77.6299575, 12.9815611], [77.6303595, 12.9815782], [77.6307637, 12.9816434], [77.6311703, 12.981684], [77.6312689, 12.9816938], [77.6314317, 12.9817007], [77.631483, 12.9816374]]}"
way/323729566,yes,steps,LineString,"{""type"": ""LineString"", ""coordinates"": [[77.7017864, 12.9570611], [77.7019552, 12.9570451]]}"
way/323729567,yes,footway,LineString,"{""type"": ""LineString"", ""coordinates"": [[77.7017648, 12.956798], [77.7017864, 12.9570611]]}"
way/323729569,yes,steps,LineString,"{""type"": ""LineString"", ""coordinates"": [[77.7017648, 12.956798], [77.7015929, 12.9567978]]}"
way/323745542,yes,tertiary,LineString,"{""type"": ""LineString"", ""coordinates"": [[77.6636433, 12.9588678], [77.6636215, 12.9587913], [77.6632283, 12.9574123], [77.6632218, 12.9573895], [77.6631157, 12.9568868], [77.663112, 12.9567206], [77.6632722, 12.9562394], [77.6634328, 12.9557569], [77.6634591, 12.9556078], [77.6634292, 12.9555481]]}"
way/323946083,yes,residential,LineString,"{""type"": ""LineString"", ""coordinates"": [[77.6605136, 12.9560452], [77.6605621, 12.9563184], [77.6606475, 12.9568335], [77.6606851, 12.9570958]]}"
way/323946092,yes,footway,LineString,"{""type"": ""LineString"", ""coordinates"": [[77.6597721, 12.9559362], [77.6597931, 12.9559846], [77.6599919, 12.9558643]]}"
way/326085448,yes,residential,LineString,"{""type"": ""LineString"", ""coordinates"": [[77.5617942, 13.0291111], [77.5613671, 13.0296276], [77.5610733, 13.0294465]]}"
way/326402562,yes,trunk_link,LineString,"{""type"": ""LineString"", ""coordinates"": [[77.5640534, 13.0151584], [77.5645232, 13.0149021], [77.5653925, 13.0143864], [77.5655746, 13.0142964], [77.56569, 13.0142405]]}"
way/326770612,yes,trunk,LineString,"{""type"": ""LineString"", ""coordinates"": [[77.7011385, 12.803984], [77.7013766, 12.8037181], [77.7017425, 12.8034502], [77.7019308, 12.8033193], [77.7021555, 12.8031863], [77.7023667, 12.8030767], [77.7026598, 12.8029415], [77.7029023, 12.8028448], [77.7031671, 12.8027537], [77.7035815, 12.8026368], [77.7040177, 12.8025304], [77.7045032, 12.8024427], [77.7051947, 12.8023374], [77.7056893, 12.8022649], [77.7063672, 12.8021656], [77.7069305, 12.8020956], [77.7070576, 12.8020798], [77.707245, 12.8020629], [77.7073868, 12.8020501], [77.707597, 12.8020377], [77.7078457, 12.8020242], [77.7081968, 12.8020243]]}"
way/326770620,yes,trunk,LineString,"{""type"": ""LineString"", ""coordinates"": [[77.7081975, 12.8019222], [77.7078394, 12.8019201], [77.7072512, 12.8019366], [77.7064383, 12.8020277], [77.7057719, 12.8021298], [77.7056787, 12.8021435], [77.7049902, 12.8022444], [77.7045061, 12.8023165], [77.7040507, 12.8024079], [77.7036417, 12.8025054], [77.7032511, 12.8026085], [77.7030413, 12.8026798], [77.7028215, 12.8027596], [77.7026084, 12.8028397], [77.7023226, 12.802966], [77.7020981, 12.8030777], [77.7019956, 12.8031375], [77.7017762, 12.8032655], [77.7014711, 12.8035004], [77.7012252, 12.8037232], [77.7010912, 12.8038516]]}"
way/326770621,yes,trunk,LineString,"{""type"": ""LineString"", ""coordinates"": [[77.7004185, 12.8046157], [77.700117, 12.8049772], [77.6991399, 12.8061727], [77.6971622, 12.8086457], [77.696326, 12.8096908], [77.6954421, 12.8108028], [77.694444, 12.8120583], [77.6915648, 12.8156812], [77.6905602, 12.8169635]]}"
way/327387609,yes,tertiary,LineString,"{""type"": ""LineString"", ""coordinates"": [[77.6525445, 12.952533], [77.6525486, 12.95255], [77.6526476, 12.9529572], [77.6527263, 12.9532494], [77.6528915, 12.9539244], [77.6530159, 12.954437], [77.6530421, 12.9545789], [77.6531787, 12.955108], [77.6532602, 12.9554319], [77.6533303, 12.9557249], [77.6533927, 12.9560147]]}"
way/327534070,yes,footway,LineString,"{""type"": ""LineString"", ""coordinates"": [[77.6043073, 12.9758957], [77.6048596, 12.9757665], [77.6051041, 12.9757043], [77.6053181, 12.975654], [77.6056819, 12.975567], [77.6067004, 12.97532], [77.6073658, 12.9751574], [77.6077906, 12.9750486], [77.6078192, 12.9750333], [77.6078557, 12.9750121], [77.6078713, 12.9749826], [77.6078713, 12.9749819], [77.6078718, 12.9749729], [77.6076854, 12.9743788], [77.6076793, 12.9743709]]}"
way/327550409,yes,primary_link,LineString,"{""type"": ""LineString"", ""coordinates"": [[77.6198145, 12.9726085], [77.6197698, 12.9725689], [77.6197, 12.972531], [77.619646, 12.9724634], [77.619601, 12.972367]]}"
way/328652052,yes,residential,LineString,"{""type"": ""LineString"", ""coordinates"": [[77.6206543, 13.0021062], [77.620696, 13.002087], [77.6209228, 13.0019827], [77.6210422, 13.0022283], [77.6212115, 13.0025765]]}"
way/328652053,yes,residential,LineString,"{""type"": ""LineString"", ""coordinates"": [[77.62045, 13.002519], [77.6204367, 13.0024887], [77.6202909, 13.0021691], [77.6201169, 13.0018577], [77.6199383, 13.0015281]]}"
way/328758435,yes,primary,LineString,"{""type"": ""LineString"", ""coordinates"": [[77.6405308, 12.9840371], [77.6403817, 12.9839924], [77.6401323, 12.9838965], [77.6389173, 12.9834325], [77.6381837, 12.9831523], [77.6379058, 12.9830475], [77.6375879, 12.9829277]]}"
way/328758436,yes,primary,LineString,"{""type"": ""LineString"", ""coordinates"": [[77.6482912, 12.987122], [77.6483919, 12.9871629], [77.6485169, 12.9872161], [77.6488865, 12.9873829], [77.6493365, 12.9875841], [77.649562, 12.9876908], [77.6498191, 12.9878125], [77.651014, 12.9883633], [77.6517845, 12.9887217], [77.6518405, 12.9887468], [77.6523619, 12.9890013], [77.6528579, 12.9892293], [77.652953, 12.989273], [77.6535137, 12.9895307], [77.6538212, 12.9896805], [77.6539039, 12.9897212], [77.6545491, 12.9900312], [77.654593, 12.9900512], [77.6568584, 12.991134], [77.656898, 12.9911529], [77.6569161, 12.9911615], [77.6569446, 12.991175], [77.6571046, 12.9912508], [77.657211, 12.9913084], [77.6572943, 12.9913521], [77.6575235, 12.9914611], [77.6577157, 12.9915557], [77.659826, 12.9925719], [77.6603754, 12.9928469], [77.6605249, 12.9929217], [77.6612585, 12.9932889], [77.6617373, 12.9935285], [77.6620744, 12.9936781], [77.6621565, 12.9937136], [77.663366, 12.9942378]]}"
way/328826751,yes,secondary,LineString,"{""type"": ""LineString"", ""coordinates"": [[77.5524218, 12.9980286], [77.5512143, 12.9977732], [77.5510722, 12.9977445]]}"
way/328835371,yes,primary,LineString,"{""type"": ""LineString"", ""coordinates"": [[77.6140453, 12.9313406], [77.6141692, 12.931146], [77.6143862, 12.9307504], [77.6147313, 12.9302149], [77.6147568, 12.9301741], [77.6148743, 12.9299865], [77.6149477, 12.9298694]]}"
way/328894847,yes,tertiary,LineString,"{""type"": ""LineString"", ""coordinates"": [[77.6236774, 13.0014599], [77.6237542, 13.0016555], [77.6237987, 13.001772], [77.6238268, 13.0018443], [77.6238404, 13.0018819], [77.6239426, 13.0021643], [77.6239589, 13.0022093], [77.6242029, 13.0028167], [77.6243954, 13.0032932], [77.6245639, 13.0036841], [77.6247256, 13.0040831], [77.6247812, 13.0042458], [77.6249032, 13.0046134], [77.6250423, 13.0050846], [77.6252048, 13.0055901], [77.6253411, 13.0059582], [77.6255293, 13.0064469]]}"
way/329793731,yes,residential,LineString,"{""type"": ""LineString"", ""coordinates"": [[77.627283, 13.0039889], [77.6266746, 13.0041465], [77.6264017, 13.0042182], [77.6263772, 13.0042298], [77.62524, 13.0045249], [77.6249212, 13.004609], [77.6249032, 13.0046134]]}"
way/329793737,yes,residential,LineString,"{""type"": ""LineString"", ""coordinates"": [[77.6264457, 13.0044813], [77.6260172, 13.0046048], [77.6259681, 13.00462]]}"
way/329793738,yes,residential,LineString,"{""type"": ""LineString"", ""coordinates"": [[77.6256909, 13.0068563], [77.6255293, 13.0064469]]}"
way/329793743,yes,residential,LineString,"{""type"": ""LineString"", ""coordinates"": [[77.6253297, 13.0070328], [77.625154, 13.0065895]]}"
way/329793746,yes,residential,LineString,"{""type"": ""LineString"", ""coordinates"": [[77.6249099, 13.0066823], [77.6250869, 13.0071286]]}"
way/329793750,yes,residential,LineString,"{""type"": ""LineString"", ""coordinates"": [[77.6264895, 13.0046215], [77.6264811, 13.0045978], [77.6264457, 13.0044813], [77.6263772, 13.0042298]]}"
way/329793752,yes,residential,LineString,"{""type"": ""LineString"", ""coordinates"": [[77.6261848, 13.006161], [77.6260338, 13.0057831], [77.6258615, 13.005368], [77.6257655, 13.0051034]]}"
way/330030512,yes,residential,LineString,"{""type"": ""LineString"", ""coordinates"": [[77.6441879, 12.9784527], [77.644178, 12.9785481], [77.6441745, 12.9785784], [77.6441147, 12.9791036], [77.6441054, 12.9791854], [77.6440997, 12.9792354], [77.6440053, 12.9800734], [77.6439001, 12.980962]]}"
way/330030517,yes,residential,LineString,"{""type"": ""LineString"", ""coordinates"": [[77.6457877, 12.9773153], [77.6457699, 12.9776395], [77.6457639, 12.9777544], [77.6457603, 12.977822], [77.6457585, 12.9778758], [77.6457275, 12.9783761], [77.6457238, 12.9784419], [77.6457201, 12.9785057]]}"
way/330031075,yes,residential,LineString,"{""type"": ""LineString"", ""coordinates"": [[77.638844, 12.9783587], [77.6388419, 12.9784124], [77.6387821, 12.9799584], [77.6386724, 12.9823263]]}"
way/330080541,yes,secondary,LineString,"{""type"": ""LineString"", ""coordinates"": [[77.6451284, 12.9857249], [77.64516, 12.9856109], [77.6451649, 12.9855854], [77.6453638, 12.9846451], [77.6453974, 12.9844908], [77.6454263, 12.9843623], [77.6455689, 12.9836341], [77.6455973, 12.9834805], [77.6457366, 12.9828395], [77.645748, 12.9827867], [77.6457594, 12.9827334], [77.6458145, 12.9824803], [77.6458175, 12.9824667], [77.6458898, 12.9821338], [77.6459679, 12.9817739], [77.6461024, 12.981155], [77.6461686, 12.980851], [77.6462677, 12.9803963], [77.6463327, 12.9800978], [77.6464929, 12.9793487], [77.6464957, 12.9793353], [77.6465103, 12.9792661], [77.6466261, 12.9787361], [77.6466325, 12.9787067], [77.646637, 12.9786853], [77.6466522, 12.9786249]]}"
way/331683240,yes,residential,LineString,"{""type"": ""LineString"", ""coordinates"": [[77.6455449, 12.9801055], [77.6458109, 12.9801394], [77.6458575, 12.9801451], [77.6461935, 12.9801872], [77.6462445, 12.9801936]]}"
way/331683241,yes,residential,LineString,"{""type"": ""LineString"", ""coordinates"": [[77.6408488, 12.9799852], [77.6409237, 12.9799857], [77.6411705, 12.9799875], [77.6414057, 12.9799891], [77.6420185, 12.9799934]]}"
way/331683242,yes,residential,LineString,"{""type"": ""LineString"", ""coordinates"": [[77.6436257, 12.9800464], [77.6440053, 12.9800734], [77.6443666, 12.980099], [77.6446084, 12.9801163], [77.6447886, 12.9801292], [77.6450749, 12.9801498], [77.6455364, 12.9801829]]}"
way/331683287,yes,steps,LineString,"{""type"": ""LineString"", ""coordinates"": [[77.6389425, 12.9780944], [77.6391768, 12.9780998]]}"
way/331683295,yes,footway,LineString,"{""type"": ""LineString"", ""coordinates"": [[77.6391768, 12.9780998], [77.6391721, 12.9782944], [77.638728, 12.9782842], [77.6387235, 12.9784733]]}"
way/334161393,yes,steps,LineString,"{""type"": ""LineString"", ""coordinates"": [[77.5705479, 13.0189183], [77.5706244, 13.018919]]}"
way/334880029,yes,residential,LineString,"{""type"": ""LineString"", ""coordinates"": [[77.5105802, 13.044803], [77.5103779, 13.0442291], [77.5103555, 13.0441656]]}"
way/335369754,yes,pedestrian,LineString,"{""type"": ""LineString"", ""coordinates"": [[77.5882445, 12.9493747], [77.5874187, 12.9495845], [77.5873936, 12.9495909]]}"
way/335689616,yes,primary,LineString,"{""type"": ""LineString"", ""coordinates"": [[77.5488723, 13.0089354], [77.5490438, 13.0094266], [77.5491621, 13.0096685], [77.5493013, 13.0099534], [77.5493583, 13.0100602], [77.5493907, 13.0101142], [77.5495798, 13.0103591], [77.5497318, 13.0105505], [77.5499939, 13.0108365], [77.5501682, 13.0109896], [77.5503141, 13.0110908], [77.5508788, 13.0114848], [77.5511103, 13.0116111], [77.5514099, 13.0117746], [77.5515223, 13.0118343], [77.5517533, 13.0119571], [77.5518638, 13.0120158], [77.5521646, 13.0121757], [77.552341, 13.0122695]]}"
way/335704472,yes,footway,LineString,"{""type"": ""LineString"", ""coordinates"": [[77.5846651, 12.9505524], [77.5846334, 12.9504072], [77.5846087, 12.9503083], [77.5845838, 12.9502076], [77.5845398, 12.9500307]]}"
way/335704473,yes,footway,LineString,"{""type"": ""LineString"", ""coordinates"": [[77.5846334, 12.9504072], [77.584794, 12.9503641], [77.584814, 12.9503587], [77.584874, 12.9502869], [77.5848783, 12.9502406]]}"
way/335865352,no,residential,LineString,"{""type"": ""LineString"", ""coordinates"": [[77.5505582, 13.0004715], [77.5498977, 13.0003287]]}"
way/340412195,yes,residential,LineString,"{""type"": ""LineString"", ""coordinates"": [[77.6229627, 13.000981], [77.6231184, 13.0014634], [77.6231713, 13.0016274], [77.6233165, 13.0020836], [77.6233184, 13.0020896]]}"
way/342288020,no,footway,LineString,"{""type"": ""LineString"", ""coordinates"": [[77.5647579, 13.0192285], [77.5648986, 13.0191425], [77.5651739, 13.0190382], [77.5653947, 13.0189727]]}"
way/342288022,no,footway,LineString,"{""type"": ""LineString"", ""coordinates"": [[77.5659809, 13.0188581], [77.5662374, 13.0188131], [77.5663153, 13.0187359]]}"
way/343842757,yes,residential,LineString,"{""type"": ""LineString"", ""coordinates"": [[77.6428777, 12.9784075], [77.6428791, 12.9783601], [77.6428959, 12.977786], [77.6428977, 12.9777321], [77.6428999, 12.9776648], [77.6429127, 12.9772242]]}"
way/346556958,yes,footway,LineString,"{""type"": ""LineString"", ""coordinates"": [[77.6414835, 12.9635398], [77.6417121, 12.9635401]]}"
way/346556959,yes,footway,LineString,"{""type"": ""LineString"", ""coordinates"": [[77.6414303, 12.9634663], [77.641452, 12.9635297]]}"
way/346768561,yes,residential,LineString,"{""type"": ""LineString"", ""coordinates"": [[77.6406602, 12.9696492], [77.640172, 12.9696168], [77.6397211, 12.9695869], [77.639262, 12.9695565], [77.6388072, 12.9695264], [77.6384396, 12.969502], [77.6380284, 12.9694748], [77.6376299, 12.9694484], [77.636459, 12.96936], [77.6360219, 12.9693231], [77.6359943, 12.9693208]]}"
way/349556712,yes,residential,LineString,"{""type"": ""LineString"", ""coordinates"": [[77.6986175, 12.9912394], [77.6985721, 12.9910141], [77.6985082, 12.9907347], [77.6984868, 12.9905699], [77.6984881, 12.9904629], [77.6985212, 12.9903101]]}"
way/350096403,yes,primary,LineString,"{""type"": ""LineString"", ""coordinates"": [[77.6363876, 12.9251744], [77.6360881, 12.9251318], [77.6354542, 12.9250415], [77.6354027, 12.9250325], [77.6350856, 12.9249774]]}"
way/350579487,yes,residential,LineString,"{""type"": ""LineString"", ""coordinates"": [[77.6412569, 12.9790961], [77.6412514, 12.9791483], [77.6412459, 12.9792012], [77.6412258, 12.9793938], [77.6412032, 12.9796094], [77.6411705, 12.9799875]]}"
way/351334603,yes,footway,LineString,"{""type"": ""LineString"", ""coordinates"": [[77.5630344, 13.0292031], [77.5630378, 13.0292787]]}"
way/356529456,no,footway,LineString,"{""type"": ""LineString"", ""coordinates"": [[77.6270742, 12.9945819], [77.6270099, 12.9947537], [77.6255562, 12.9953987], [77.6247109, 12.9957931], [77.6246766, 12.9958384], [77.6233717, 12.9968661], [77.6233221, 12.9968732], [77.6229624, 12.9973005], [77.6227024, 12.9975339], [77.6225654, 12.9976522], [77.6223294, 12.9979005], [77.6220875, 12.9981635]]}"
way/358389560,no,footway,LineString,"{""type"": ""LineString"", ""coordinates"": [[77.5696996, 13.0167125], [77.5696866, 13.0162405], [77.5696925, 13.0154594], [77.5697327, 13.0153194]]}"
way/358416654,yes,residential,LineString,"{""type"": ""LineString"", ""coordinates"": [[77.6562488, 12.8489407], [77.6562761, 12.8483933], [77.6562947, 12.8481337], [77.6563318, 12.8473262]]}"
way/359626596,yes,trunk,LineString,"{""type"": ""LineString"", ""coordinates"": [[77.672504, 12.8455863], [77.6724567, 12.8456472], [77.6720077, 12.8462291], [77.6716182, 12.8467448], [77.6713614, 12.8470848]]}"
way/359626608,yes,trunk,LineString,"{""type"": ""LineString"", ""coordinates"": [[77.6769299, 12.8399067], [77.6761, 12.8409622], [77.6758662, 12.8412636], [77.6742885, 12.8432975], [77.6741465, 12.8434607], [77.67414, 12.8434681], [77.6740546, 12.8435662]]}"
way/360224895,yes,footway,LineString,"{""type"": ""LineString"", ""coordinates"": [[77.6418366, 12.9796696], [77.6418441, 12.9795368], [77.6417726, 12.979516], [77.6416566, 12.9795139], [77.641595, 12.9795398], [77.6415006, 12.9795899], [77.6413993, 12.9796179], [77.6412032, 12.9796094]]}"
way/360820376,yes,residential,LineString,"{""type"": ""LineString"", ""coordinates"": [[77.6235801, 13.0011567], [77.623587, 13.0011539], [77.6238836, 13.0010474]]}"
way/360861358,yes,primary,LineString,"{""type"": ""LineString"", ""coordinates"": [[77.5958611, 12.9831919], [77.5960275, 12.9831351], [77.5961715, 12.9830862], [77.5962645, 12.9830545], [77.5964564, 12.9829856], [77.5969513, 12.9828071], [77.5969723, 12.9827992], [77.5971513, 12.9827271]]}"
way/361108960,yes,footway,LineString,"{""type"": ""LineString"", ""coordinates"": [[77.5750876, 12.9419151], [77.574914, 12.9418865], [77.5747194, 12.9418865], [77.5745871, 12.9418615], [77.5744256, 12.9418364], [77.574286, 12.9417792], [77.574106, 12.9416754], [77.5739738, 12.9415429], [77.5739702, 12.9413675], [77.5739665, 12.9412244], [77.5739738, 12.9411385], [77.5739922, 12.9410132], [77.574073, 12.9409595], [77.5753199, 12.9409542], [77.5755138, 12.9409605], [77.5761296, 12.9409631], [77.5762838, 12.9410633], [77.5763279, 12.9411743], [77.5763355, 12.9413372], [77.5763081, 12.9415484], [77.5762264, 12.9416321], [77.5761147, 12.9417159], [77.5761147, 12.9417997], [77.5761662, 12.9419672], [77.5762092, 12.9420886], [77.576235, 12.9422687], [77.576235, 12.9424907], [77.5762651, 12.9425703], [77.5761491, 12.9425828], [77.5755946, 12.9425805], [77.5754362, 12.9425799], [77.5752545, 12.9425791], [77.5751435, 12.9425787], [77.575049, 12.9425703], [77.5750318, 12.9424907], [77.5749802, 12.9423399], [77.5748771, 12.942118], [77.5748436, 12.9420615], [77.5748126, 12.9420091], [77.5747194, 12.9418865]]}"
way/361108961,yes,footway,LineString,"{""type"": ""LineString"", ""coordinates"": [[77.575418, 12.941809], [77.5753598, 12.9417746], [77.5752932, 12.941761], [77.5752238, 12.9417701], [77.5751618, 12.9418018], [77.5751145, 12.9418521], [77.5750876, 12.9419151], [77.5750835, 12.9419757], [77.5750985, 12.9420347], [77.5751312, 12.9420864], [77.5751785, 12.942126], [77.5752358, 12.9421497], [77.5752979, 12.9421553], [77.5753643, 12.9421401], [77.5754217, 12.9421043], [77.5754637, 12.9420519], [77.5754855, 12.9419889], [77.5754846, 12.9419225], [77.5754612, 12.9418602], [77.575418, 12.941809]]}"
way/362206700,yes,primary,LineString,"{""type"": ""LineString"", ""coordinates"": [[77.5947827, 12.9818592], [77.5946626, 12.9817361], [77.5939651, 12.9810177], [77.5938628, 12.9809105], [77.5938062, 12.9808467], [77.5937543, 12.9807902], [77.5935718, 12.9806074], [77.5933626, 12.9803854], [77.5931935, 12.9802087], [77.5930209, 12.9800322], [77.5928393, 12.9798416], [77.5927425, 12.9797415], [77.5926451, 12.9796407], [77.592197, 12.9791786], [77.5909529, 12.9778871], [77.5909282, 12.9778582], [77.5908281, 12.9777387], [77.5907834, 12.9777042]]}"
way/362206701,yes,primary,LineString,"{""type"": ""LineString"", ""coordinates"": [[77.5907355, 12.9778457], [77.5908205, 12.9779522], [77.591568, 12.9787172], [77.5917451, 12.9789064], [77.5924054, 12.9795971], [77.5925375, 12.9797353], [77.5927425, 12.9799309], [77.5930116, 12.9802251], [77.5932088, 12.9804287], [77.5934737, 12.9807029], [77.5936452, 12.9808836], [77.5937569, 12.9809989], [77.5938667, 12.9811066], [77.5943719, 12.9816383], [77.594506, 12.9817732], [77.594521, 12.9817872], [77.5945393, 12.9818078], [77.5946416, 12.9819024]]}"
way/362900185,yes,primary,LineString,"{""type"": ""LineString"", ""coordinates"": [[77.5984085, 12.9806488], [77.5986806, 12.9805419], [77.6009173, 12.9798218]]}"
way/366188176,yes,residential,LineString,"{""type"": ""LineString"", ""coordinates"": [[77.6476427, 12.9724856], [77.6481967, 12.9722833], [77.6485449, 12.9721561], [77.6487761, 12.9720583], [77.6490967, 12.9719545]]}"
way/366192431,yes,footway,LineString,"{""type"": ""LineString"", ""coordinates"": [[77.5911299, 12.9765709], [77.5911941, 12.9765621], [77.5917665, 12.9764832], [77.5921756, 12.9764772], [77.5923837, 12.9765163], [77.5926487, 12.976614], [77.5929196, 12.9766539], [77.593073, 12.9767598], [77.5934544, 12.9771412], [77.5936518, 12.9773639], [77.5937076, 12.9774698], [77.5937804, 12.9777125], [77.5938717, 12.9779335], [77.5940678, 12.9782519], [77.5940922, 12.9784261]]}"
way/368763183,yes,tertiary,LineString,"{""type"": ""LineString"", ""coordinates"": [[77.6414234, 12.9685866], [77.641486, 12.9685885], [77.6420421, 12.9686049], [77.6427085, 12.9686243], [77.6435822, 12.9686498], [77.6441569, 12.9686665], [77.6448439, 12.9686866], [77.6456398, 12.9687099], [77.6466111, 12.9687724], [77.6467082, 12.9687786], [77.6469251, 12.9687926], [77.6473573, 12.9688263], [77.6475887, 12.9688426], [77.6476289, 12.9688448], [77.6476456, 12.9688485], [77.6477344, 12.9688574]]}"
way/368769043,no,footway,LineString,"{""type"": ""LineString"", ""coordinates"": [[77.6416566, 12.9795139], [77.6416595, 12.9794436], [77.6416623, 12.9791589], [77.6416622, 12.9791088]]}"
way/369295564,yes,unclassified,LineString,"{""type"": ""LineString"", ""coordinates"": [[77.5945277, 12.9760235], [77.5945653, 12.9760153], [77.5946032, 12.9760219], [77.5946273, 12.9760338], [77.5946569, 12.9760726], [77.5946648, 12.9761085], [77.5946582, 12.9761446], [77.5946381, 12.9761756], [77.594607, 12.976197], [77.59457, 12.9762052], [77.5945326, 12.976199], [77.5945005, 12.9761793], [77.5944972, 12.9761748], [77.5944785, 12.9761491], [77.59447, 12.9761131], [77.5944762, 12.9760766], [77.5944963, 12.9760452], [77.5945108, 12.9760352], [77.5945277, 12.9760235]]}"
way/369786367,yes,trunk,LineString,"{""type"": ""LineString"", ""coordinates"": [[77.5887603, 13.0425898], [77.58863, 13.0425638], [77.5885022, 13.0425546], [77.5883775, 13.0425574], [77.5882234, 13.0425741], [77.5880616, 13.0425962], [77.5878306, 13.0426411], [77.5868557, 13.042807], [77.5866219, 13.0428593], [77.5858518, 13.0430314], [77.5856549, 13.0430777], [77.5854148, 13.0431367], [77.5852554, 13.0431868], [77.5850735, 13.0432609], [77.5849128, 13.043338], [77.5848991, 13.0433459], [77.5847455, 13.0434345], [77.5834038, 13.0443215], [77.5831793, 13.0444626]]}"
way/369845099,yes,trunk,LineString,"{""type"": ""LineString"", ""coordinates"": [[77.5967557, 13.0910786], [77.5967074, 13.0908551], [77.5966121, 13.0905027], [77.5965055, 13.0901399], [77.5963702, 13.0897434], [77.5960565, 13.0889378], [77.5957744, 13.0882661], [77.5954524, 13.087523], [77.5949386, 13.0863971], [77.594661, 13.08571], [77.5943967, 13.0850105], [77.5940424, 13.0841383], [77.5936713, 13.08316], [77.593538, 13.0827228], [77.5933882, 13.0821277], [77.593306, 13.081674], [77.5932684, 13.0813265], [77.5931519, 13.0798389], [77.592918, 13.0773222], [77.5927304, 13.0750944], [77.5927207, 13.0746365], [77.5927175, 13.0739855], [77.5927367, 13.0734405], [77.5927674, 13.072786], [77.5927954, 13.072387], [77.5929451, 13.0702509], [77.5930571, 13.0684528], [77.5931042, 13.0678087], [77.5931847, 13.0670951], [77.5932809, 13.0660025], [77.5933253, 13.0650374], [77.5933363, 13.0639888], [77.5933698, 13.0633043], [77.593447, 13.0619123], [77.5934758, 13.0612877], [77.5935112, 13.0605856], [77.5935183, 13.0603409], [77.5935247, 13.0598328], [77.5935138, 13.0593937], [77.5935053, 13.0583956], [77.593495, 13.0579041], [77.593485, 13.0572396], [77.5934789, 13.0565803], [77.5934663, 13.0559609], [77.5934738, 13.0555593], [77.5934792, 13.0553999]]}"
way/369868961,yes,trunk,LineString,"{""type"": ""LineString"", ""coordinates"": [[77.5933563, 13.0553958], [77.5933475, 13.0555515], [77.5933377, 13.0559755], [77.5933778, 13.0577806], [77.593397, 13.0592849], [77.5934103, 13.0597378], [77.5934075, 13.0599622], [77.593393, 13.060589], [77.5933734, 13.0612763], [77.5933467, 13.0619068], [77.5932663, 13.0632956], [77.5932341, 13.0639901], [77.5932129, 13.0651247], [77.5931952, 13.065479], [77.593174, 13.0659707], [77.593126, 13.0665586], [77.5930769, 13.0670461], [77.5929984, 13.0677945], [77.5929483, 13.0684578], [77.5928628, 13.0696599], [77.5928059, 13.070573], [77.5926678, 13.0726368], [77.5926221, 13.0732858], [77.5926157, 13.0739541], [77.5926078, 13.0747853], [77.5926147, 13.0750774], [77.5926353, 13.0753531], [77.5927914, 13.0771288], [77.5930432, 13.0798362], [77.5931517, 13.0813317], [77.5931966, 13.0816902], [77.5932254, 13.081849], [77.5932765, 13.0821174], [77.5933983, 13.0826274], [77.5935302, 13.0830825], [77.5936666, 13.0834569], [77.5938351, 13.0838953], [77.5943865, 13.0852932], [77.5947187, 13.0861699], [77.5949639, 13.0867273], [77.5954449, 13.0877861], [77.5957116, 13.0884161], [77.5960281, 13.0891842], [77.5962637, 13.0897682], [77.5963182, 13.0899223], [77.5963969, 13.0901453], [77.5965088, 13.0905372], [77.5965993, 13.0908735], [77.5966712, 13.0912246]]}"
way/370194983,yes,tertiary,LineString,"{""type"": ""LineString"", ""coordinates"": [[77.5932674, 13.0573653], [77.593241, 13.0574138], [77.5932444, 13.0576725], [77.5932491, 13.0580354], [77.5932513, 13.0581997], [77.5932558, 13.0586479], [77.5932578, 13.0589042], [77.5932585, 13.0592296], [77.5932592, 13.0595128], [77.5932599, 13.0598178], [77.5932605, 13.0600762], [77.5932606, 13.0601274], [77.5932346, 13.0607211], [77.5932264, 13.0609069], [77.5932158, 13.0611487], [77.5932142, 13.061185], [77.5931744, 13.0624009], [77.5931717, 13.0624648], [77.5931702, 13.0625263], [77.5931516, 13.0630724], [77.5931351, 13.0635564], [77.5930973, 13.0644415], [77.5930958, 13.0651249], [77.5930956, 13.0652051], [77.5930952, 13.0653934], [77.5930758, 13.0656701], [77.593067, 13.0657585], [77.5930215, 13.0661924], [77.5929574, 13.0669633], [77.5929388, 13.0671271], [77.592928, 13.0672467], [77.592913, 13.0673843], [77.5928772, 13.0677557], [77.5928419, 13.0682632], [77.5928283, 13.0684157], [77.5927991, 13.0687438], [77.5927339, 13.0694659], [77.5927219, 13.069639], [77.5927112, 13.0697855], [77.5927011, 13.0699226], [77.5926956, 13.0700168], [77.5926402, 13.0707499], [77.592566, 13.0717591], [77.5925525, 13.0720013], [77.5925476, 13.0720872], [77.592541, 13.0722341], [77.5925296, 13.0724895], [77.5925237, 13.0725758], [77.592515, 13.0730482], [77.5925071, 13.0732288], [77.5924939, 13.0734571]]}"
way/372021471,yes,,LineString,"{""type"": ""LineString"", ""coordinates"": [[77.5684407, 12.974709], [77.5685254, 12.9749111], [77.5686041, 12.9751167], [77.5686581, 12.9752602], [77.5686997, 12.9753894], [77.568734, 12.9755099], [77.5687583, 12.975615], [77.5687844, 12.9757374], [77.5688068, 12.9758556], [77.568872, 12.9762407], [77.5689033, 12.976448], [77.5690583, 12.9773986]]}"
way/372021472,yes,,LineString,"{""type"": ""LineString"", ""coordinates"": [[77.5689448, 12.9774242], [77.5689101, 12.9772359], [77.5688177, 12.9767341], [77.5687304, 12.9762875], [77.5686002, 12.9756033], [77.5685579, 12.9753944], [77.5685288, 12.9752768], [77.5684922, 12.9751547], [77.5684221, 12.9749528], [77.5683433, 12.9747469]]}"
way/372035849,yes,,LineString,"{""type"": ""LineString"", ""coordinates"": [[77.5691461, 12.9774313], [77.5691748, 12.9776027], [77.5692927, 12.978306], [77.5694964, 12.9795225], [77.5695279, 12.9796968], [77.569542, 12.9797646]]}"
way/372049015,yes,,LineString,"{""type"": ""LineString"", ""coordinates"": [[77.5678647, 12.9777046], [77.5678875, 12.977831], [77.567905, 12.9779291], [77.5681596, 12.979353], [77.5681768, 12.9794475], [77.5682719, 12.9799423]]}"
way/373568261,yes,,LineString,"{""type"": ""LineString"", ""coordinates"": [[77.5682671, 12.974764], [77.5687462, 12.9773344], [77.5687703, 12.9774636]]}"
way/375964867,yes,primary,LineString,"{""type"": ""LineString"", ""coordinates"": [[77.5921979, 12.9561181], [77.5922262, 12.9561925], [77.5926383, 12.9572619], [77.5929318, 12.9580236], [77.5929639, 12.9581067], [77.5930442, 12.9583151], [77.5930909, 12.9584365], [77.5931118, 12.9584906]]}"
way/375964868,yes,primary,LineString,"{""type"": ""LineString"", ""coordinates"": [[77.5965709, 12.9648622], [77.5965005, 12.9648704], [77.5962425, 12.9649261], [77.5961376, 12.9649633], [77.596008, 12.9650285], [77.5959515, 12.96508], [77.5958346, 12.9651973], [77.5957223, 12.9653325], [77.5955962, 12.9655226], [77.5953975, 12.9658263], [77.5953318, 12.9659381], [77.5950622, 12.9663965], [77.5950002, 12.9665143], [77.5948358, 12.9667775], [77.5948001, 12.9668273], [77.5946434, 12.9670407]]}"
way/375964869,yes,service,LineString,"{""type"": ""LineString"", ""coordinates"": [[77.5926262, 12.9548723], [77.5926768, 12.9550334], [77.5926434, 12.9552116]]}"
way/376530252,yes,trunk,LineString,"{""type"": ""LineString"", ""coordinates"": [[77.5986002, 13.0432947], [77.5988021, 13.0434353], [77.5989165, 13.0435037], [77.5989627, 13.0435313], [77.5991223, 13.043608], [77.5992782, 13.0436664], [77.599463, 13.0437109], [77.5996638, 13.043739], [77.5999061, 13.0437643], [77.6003273, 13.0437559], [77.6008769, 13.043745], [77.6010305, 13.0437419], [77.601448, 13.0437336], [77.6016445, 13.0437297], [77.6024357, 13.0437294], [77.6035829, 13.043729], [77.6063821, 13.04376], [77.6066284, 13.0437501], [77.6068609, 13.0437343], [77.607125, 13.0436957], [77.6073973, 13.0436566], [77.6084504, 13.0434677], [77.6096311, 13.0431991], [77.6104578, 13.0430167]]}"
way/376530259,yes,trunk,LineString,"{""type"": ""LineString"", ""coordinates"": [[77.5902694, 13.0430588], [77.5904485, 13.0433965], [77.5905403, 13.0435841], [77.5905897, 13.0437693], [77.5906193, 13.0438803], [77.5906452, 13.0442877], [77.5906832, 13.0447841], [77.5907638, 13.0453254], [77.5908197, 13.0455443], [77.5908461, 13.0456132], [77.5908832, 13.045685], [77.5910429, 13.04598], [77.591249, 13.0463638]]}"
way/376649535,yes,trunk,LineString,"{""type"": ""LineString"", ""coordinates"": [[77.6072042, 13.0435763], [77.606968, 13.043613], [77.6068347, 13.0436289], [77.6066418, 13.0436432], [77.6063946, 13.0436545], [77.6036749, 13.0436274], [77.6016181, 13.0436279], [77.6014511, 13.0436319], [77.6003423, 13.0436585], [77.6000225, 13.0436662], [77.5998058, 13.0436588], [77.599635, 13.0436394], [77.5994459, 13.0436072], [77.5992855, 13.0435642], [77.5991173, 13.0434938], [77.5989699, 13.0434212], [77.5988051, 13.0433203]]}"
way/376656219,yes,tertiary,LineString,"{""type"": ""LineString"", ""coordinates"": [[77.6623971, 13.0093149], [77.6623703, 13.009653], [77.6623506, 13.0099034], [77.6623161, 13.0103386], [77.6622747, 13.0108489], [77.6622508, 13.0111485], [77.6621956, 13.0118433], [77.6621574, 13.0123529], [77.6621283, 13.0129337], [77.6621253, 13.0129624], [77.6621226, 13.0129878]]}"
way/376656220,yes,trunk,LineString,"{""type"": ""LineString"", ""coordinates"": [[77.6448025, 13.0235663], [77.6422841, 13.0246819]]}"
way/376657398,yes,trunk,LineString,"{""type"": ""LineString"", ""coordinates"": [[77.6633368, 13.0017603], [77.663322, 13.0019816], [77.6633167, 13.0020603], [77.6632014, 13.0037853], [77.6631359, 13.0045963], [77.6631041, 13.0048782], [77.6630684, 13.0051021], [77.6630318, 13.0052997], [77.6629111, 13.0060139], [77.662694, 13.0073478], [77.6625989, 13.0079104], [77.6625714, 13.0081079], [77.6625474, 13.0083456]]}"
way/376662041,yes,trunk,LineString,"{""type"": ""LineString"", ""coordinates"": [[77.6693888, 12.9970148], [77.6696003, 12.9972142], [77.6699533, 12.9973963], [77.6701123, 12.9974686], [77.670498, 12.997625], [77.6706449, 12.9976937], [77.6708406, 12.9977854], [77.6715413, 12.9981135], [77.671595, 12.9981386], [77.6717284, 12.9981983], [77.6721315, 12.9983785], [77.6730545, 12.9988173], [77.6733556, 12.9989605], [77.673488, 12.9990235], [77.6736621, 12.999116], [77.6741325, 12.9993332], [77.6754253, 12.9999607], [77.6762539, 13.0003526], [77.6763894, 13.0003982], [77.6765114, 13.0004176], [77.6766034, 13.0004202], [77.6767791, 13.0004154], [77.6775323, 13.0003968], [77.677766, 13.000391], [77.6779586, 13.0003626], [77.6780619, 13.0003548], [77.6782002, 13.0003513], [77.6783496, 13.0003599], [77.6788948, 13.0003961], [77.6791245, 13.0004114]]}"
way/376784331,yes,trunk,LineString,"{""type"": ""LineString"", ""coordinates"": [[77.6881617, 12.9901138], [77.6878437, 12.9905557], [77.687503, 12.991006], [77.6869837, 12.9916945]]}"
way/376784358,yes,trunk,LineString,"{""type"": ""LineString"", ""coordinates"": [[77.7020248, 12.9669743], [77.7019351, 12.9672994], [77.7019091, 12.967376], [77.7018715, 12.967487], [77.7017788, 12.9677092], [77.7016021, 12.9680489]]}"
way/376784372,yes,trunk,LineString,"{""type"": ""LineString"", ""coordinates"": [[77.6859612, 12.9931398], [77.6851525, 12.9942241], [77.685118, 12.9942712], [77.6850903, 12.994309], [77.6848346, 12.994658], [77.6836193, 12.9963559], [77.68339, 12.9967099], [77.6832623, 12.9969071], [77.681801, 12.9992642], [77.68174, 12.9993649], [77.6814787, 12.9997852], [77.6813683, 12.9999341], [77.681275, 13.0000227], [77.6812176, 13.0000784], [77.6811371, 13.0001409], [77.680958, 13.0002346]]}"
way/376784380,yes,trunk,LineString,"{""type"": ""LineString"", ""coordinates"": [[77.6889727, 12.9891258], [77.6892827, 12.9885645], [77.6893479, 12.9884558], [77.6896253, 12.9879941], [77.6897207, 12.9878304], [77.6898364, 12.987632], [77.6900622, 12.9872609], [77.6908133, 12.986018], [77.6915905, 12.9847487], [77.6918593, 12.9843072], [77.6920312, 12.9840248], [77.6922813, 12.9836172], [77.6922958, 12.9835935]]}"
way/376802900,yes,residential,LineString,"{""type"": ""LineString"", ""coordinates"": [[77.6257857, 13.0021604], [77.6258176, 13.0022439], [77.6258701, 13.0023677], [77.6259827, 13.0026499], [77.6259928, 13.0026905], [77.6259975, 13.0027493], [77.6259331, 13.0030102], [77.6259576, 13.0030691], [77.6263268, 13.0039549], [77.6263629, 13.0040415], [77.6264017, 13.0042182]]}"
way/376978813,yes,trunk,LineString,"{""type"": ""LineString"", ""coordinates"": [[77.7000543, 12.9524376], [77.6999703, 12.9521804], [77.699924, 12.9520018], [77.6996083, 12.9502273], [77.6995123, 12.9496882], [77.6993624, 12.9488458], [77.6993, 12.9485568], [77.6992423, 12.9483213], [77.6991604, 12.9480295], [77.6991016, 12.94782], [77.6987508, 12.9467376], [77.6985419, 12.946124], [77.6985278, 12.9460851]]}"
way/377096332,yes,trunk,LineString,"{""type"": ""LineString"", ""coordinates"": [[77.6984464, 12.9461947], [77.6986454, 12.9468495], [77.6988799, 12.9475122], [77.6989918, 12.9478403], [77.6990227, 12.9479427], [77.6990541, 12.9480686], [77.6991376, 12.9484036], [77.6991982, 12.9486586], [77.6992246, 12.94877], [77.6992843, 12.9490868], [77.6994257, 12.9499234], [77.6997166, 12.9516441], [77.699806, 12.9520254], [77.700024, 12.9529057], [77.7000909, 12.9531761], [77.7001447, 12.9534147]]}"
way/377103305,yes,trunk,LineString,"{""type"": ""LineString"", ""coordinates"": [[77.686987, 12.9317954], [77.6872753, 12.9320458], [77.68733, 12.9320929], [77.6880915, 12.9327487], [77.6894086, 12.9339593], [77.6896834, 12.9342068], [77.6899563, 12.9344583], [77.6903922, 12.9348599], [77.6904581, 12.9349227], [77.6910068, 12.9354262], [77.6911134, 12.9355201], [77.6924183, 12.9367277], [77.6931763, 12.9374551]]}"
way/377104670,yes,trunk,LineString,"{""type"": ""LineString"", ""coordinates"": [[77.6819101, 12.9286159], [77.6825992, 12.9289641], [77.6833531, 12.9293316], [77.6843262, 12.9297729]]}"
way/377104672,yes,trunk,LineString,"{""type"": ""LineString"", ""coordinates"": [[77.6795192, 12.927507], [77.679761, 12.9276205], [77.680202, 12.9278304], [77.6805921, 12.9280152], [77.6807901, 12.928109], [77.6813432, 12.9283711], [77.6817242, 12.9285307], [77.6819101, 12.9286159]]}"
way/377104675,yes,trunk,LineString,"{""type"": ""LineString"", ""coordinates"": [[77.6752903, 12.9254641], [77.6756063, 12.92562], [77.6763224, 12.9259834], [77.6770573, 12.9263389], [77.6786437, 12.9270879]]}"
way/377105483,yes,trunk,LineString,"{""type"": ""LineString"", ""coordinates"": [[77.6635896, 12.9211189], [77.6639564, 12.9210171], [77.6643062, 12.9209196], [77.6646317, 12.9208374], [77.6647433, 12.9208113], [77.6648463, 12.9208114]]}"
way/377106135,yes,trunk,LineString,"{""type"": ""LineString"", ""coordinates"": [[77.6484131, 12.9244093], [77.6487145, 12.924448], [77.6498597, 12.9245269], [77.6501825, 12.9245437], [77.6505133, 12.9245341], [77.6508026, 12.9245087], [77.651232, 12.9244416], [77.6519763, 12.9242979], [77.6530883, 12.924073]]}"
way/377132617,yes,trunk,LineString,"{""type"": ""LineString"", ""coordinates"": [[77.6239622, 12.9147233], [77.6236515, 12.9152415], [77.6231905, 12.9160684], [77.6230541, 12.9163304], [77.6230294, 12.9163778], [77.6229543, 12.9165505]]}"
way/377832174,yes,trunk,LineString,"{""type"": ""LineString"", ""coordinates"": [[77.589516, 13.0393318], [77.5894789, 13.0391065], [77.5893944, 13.0385944], [77.5893785, 13.0384662], [77.5893715, 13.0383177], [77.589351, 13.038078], [77.589311, 13.0376646], [77.5892901, 13.0366875], [77.5892819, 13.0365127], [77.5892804, 13.0364797], [77.589247, 13.0363012], [77.5891947, 13.0361346], [77.5891229, 13.0359547], [77.5891036, 13.0359091], [77.5890565, 13.0357979], [77.5890438, 13.0357679], [77.5887346, 13.0350515], [77.588618, 13.0347782], [77.5885209, 13.0345081], [77.5884633, 13.0342845], [77.588413, 13.034059], [77.588355, 13.0335843], [77.5883088, 13.0334036], [77.5882425, 13.0332254], [77.588199, 13.0330792], [77.5881293, 13.0328976]]}"
way/377832176,yes,trunk_link,LineString,"{""type"": ""LineString"", ""coordinates"": [[77.5921579, 13.0433062], [77.592248, 13.0434147], [77.5922987, 13.0434961], [77.5923337, 13.0435805], [77.5923569, 13.0436777], [77.5923657, 13.0437725], [77.5923616, 13.0438575], [77.5923488, 13.0439222], [77.5923346, 13.0439844], [77.5923011, 13.0440694], [77.5922634, 13.0441417], [77.5922194, 13.0442095], [77.5921655, 13.0442697], [77.5920907, 13.0443326], [77.5920081, 13.0443838], [77.5918923, 13.0444249], [77.5917943, 13.0444447], [77.5916763, 13.0444447], [77.5915906, 13.0444376], [77.5914991, 13.0444141], [77.5914134, 13.0443822], [77.5912994, 13.0443195], [77.5912179, 13.0442475], [77.5911372, 13.0441578], [77.5910618, 13.044051], [77.5909992, 13.0439289], [77.5908717, 13.0436877]]}"
way/377832181,yes,trunk,LineString,"{""type"": ""LineString"", ""coordinates"": [[77.5918637, 13.0473039], [77.591608, 13.0468087], [77.5915321, 13.0466515], [77.5914969, 13.0465358], [77.591447, 13.0463767], [77.5913877, 13.0461232], [77.5913612, 13.0459536]]}"
way/377832184,yes,trunk,LineString,"{""type"": ""LineString"", ""coordinates"": [[77.5853889, 13.0260838], [77.5852652, 13.0255172]]}"
way/377832186,yes,trunk,LineString,"{""type"": ""LineString"", ""coordinates"": [[77.5913612, 13.0459536], [77.5912879, 13.0453143], [77.5912571, 13.0451033], [77.5912182, 13.0448898], [77.5911352, 13.0445665], [77.591043, 13.0442738], [77.5909587, 13.0440407], [77.5909033, 13.0439171], [77.5907549, 13.0435892]]}"
way/377832657,yes,trunk,LineString,"{""type"": ""LineString"", ""coordinates"": [[77.5845952, 13.0227601], [77.5845738, 13.0226435], [77.5844759, 13.0221917], [77.5844519, 13.0220942], [77.584356, 13.021716], [77.5842475, 13.0213892], [77.5842032, 13.0212775], [77.5841564, 13.0211101], [77.5841499, 13.0210868], [77.5840493, 13.020727], [77.5840021, 13.020514], [77.5839718, 13.0203282], [77.583964, 13.0202242], [77.5839532, 13.0200807], [77.5839399, 13.0198429], [77.5839359, 13.0197212], [77.5839305, 13.019558], [77.5839307, 13.0195269], [77.5839314, 13.0194289], [77.5839328, 13.019243], [77.5839739, 13.0175964], [77.5839944, 13.0172922], [77.5839968, 13.0171632], [77.5840257, 13.016605]]}"
way/377833935,yes,trunk_link,LineString,"{""type"": ""LineString"", ""coordinates"": [[77.5841434, 13.01489], [77.5841429, 13.0147925], [77.5841054, 13.014661], [77.5841073, 13.0145669], [77.5841087, 13.0144958]]}"
way/377833936,yes,trunk,LineString,"{""type"": ""LineString"", ""coordinates"": [[77.5840257, 13.016605], [77.5840352, 13.0161815], [77.5840358, 13.0157828], [77.584014, 13.014791]]}"
way/377835302,yes,trunk,LineString,"{""type"": ""LineString"", ""coordinates"": [[77.5839007, 13.0167171], [77.5838524, 13.0180094], [77.5838475, 13.0181427], [77.5838198, 13.0195099], [77.5838187, 13.0197465], [77.5838176, 13.0199803], [77.5838323, 13.0202242], [77.5838563, 13.02045], [77.5838801, 13.020576], [77.5838984, 13.0206725], [77.5839734, 13.0209869], [77.584241, 13.0217331], [77.5843621, 13.0222165], [77.5844596, 13.0226635], [77.584493, 13.0229156]]}"
way/377835303,yes,trunk,LineString,"{""type"": ""LineString"", ""coordinates"": [[77.5845186, 13.0230633], [77.5850796, 13.0251837]]}"
way/377852248,yes,trunk,LineString,"{""type"": ""LineString"", ""coordinates"": [[77.5894807, 13.039608], [77.589603, 13.040348], [77.5896851, 13.0407089], [77.5898427, 13.0412857], [77.590048, 13.0420497], [77.5902942, 13.0427696], [77.5903526, 13.0429078], [77.5904649, 13.0431543], [77.5906655, 13.0435356], [77.590702, 13.043622]]}"
way/377852249,yes,trunk_link,LineString,"{""type"": ""LineString"", ""coordinates"": [[77.5907207, 13.0438388], [77.5907545, 13.0442123], [77.5908756, 13.0452698], [77.590899, 13.0453971], [77.5909351, 13.045499], [77.5909869, 13.0455768], [77.5910499, 13.0456373], [77.5911342, 13.0456891]]}"
way/377857856,yes,trunk,LineString,"{""type"": ""LineString"", ""coordinates"": [[77.5880232, 13.0329352], [77.5881032, 13.0330682], [77.5881722, 13.0333085], [77.5882265, 13.0335027], [77.5882716, 13.0338253], [77.588291, 13.0340024], [77.5883357, 13.0342442], [77.5884182, 13.0345033], [77.5885099, 13.0347852], [77.5889404, 13.0358285], [77.5890163, 13.0360075], [77.5890483, 13.0360806], [77.5890995, 13.0362406], [77.5891498, 13.0364246], [77.5891769, 13.0366101], [77.5891813, 13.0367666], [77.5891935, 13.0372578], [77.589203, 13.0374634], [77.5892161, 13.0376983], [77.5892202, 13.0378672], [77.5892477, 13.0382016], [77.589262, 13.03833], [77.5892805, 13.0384761], [77.5892953, 13.0385738], [77.5893079, 13.0386768], [77.5893431, 13.038932]]}"
way/378425663,yes,trunk,LineString,"{""type"": ""LineString"", ""coordinates"": [[77.5640161, 13.0150843], [77.5638987, 13.0151498], [77.5637143, 13.0152606], [77.5629446, 13.0157234], [77.562489, 13.0160007], [77.562164, 13.0161674], [77.5615458, 13.0165091], [77.5605477, 13.0170551], [77.5597173, 13.0175732], [77.5596542, 13.0176126], [77.5594417, 13.0177451], [77.5588757, 13.0180838]]}"
way/378425665,yes,trunk,LineString,"{""type"": ""LineString"", ""coordinates"": [[77.5582075, 13.0184667], [77.5579995, 13.0185939], [77.5578976, 13.0186122], [77.5578018, 13.0186079], [77.5577187, 13.0185739], [77.5576302, 13.0185086], [77.5575516, 13.018424], [77.5574845, 13.0183169], [77.5572081, 13.0178212], [77.5571573, 13.01773], [77.5569749, 13.0174028], [77.5568646, 13.0171848]]}"
way/378443273,yes,trunk,LineString,"{""type"": ""LineString"", ""coordinates"": [[77.5539385, 13.0157953], [77.5538558, 13.015933], [77.5538098, 13.016093], [77.5537834, 13.0162622], [77.5537673, 13.0164739], [77.5537535, 13.016681], [77.553732, 13.0168666], [77.5536719, 13.0171681], [77.5536278, 13.0173677], [77.5532036, 13.0189101], [77.5531446, 13.0191244], [77.5530753, 13.0193328], [77.5529841, 13.0195733], [77.5528265, 13.0198734], [77.5526048, 13.0202955], [77.5519269, 13.0215861], [77.5517795, 13.0218187], [77.5516561, 13.0219807], [77.5515535, 13.0220942], [77.5515166, 13.0221349], [77.5513611, 13.0222734], [77.551176, 13.0224171], [77.5509939, 13.0225315], [77.5484649, 13.0240149], [77.5484019, 13.0240518]]}"
way/378468045,yes,trunk,LineString,"{""type"": ""LineString"", ""coordinates"": [[77.5565567, 13.0167961], [77.5569446, 13.0174983], [77.5570926, 13.0177664], [77.5571548, 13.0178893], [77.5574596, 13.0184313], [77.5575266, 13.0185332], [77.5576044, 13.0186116], [77.5576937, 13.0186699], [77.5577922, 13.0186978], [77.5578994, 13.0187057], [77.5579995, 13.018696], [77.5580845, 13.0186665], [77.5582556, 13.0185241]]}"
way/378595369,yes,trunk_link,LineString,"{""type"": ""LineString"", ""coordinates"": [[77.5664118, 13.014099], [77.5663344, 13.0140638], [77.5662888, 13.0140182], [77.5662701, 13.0139881], [77.5662648, 13.013941], [77.5662694, 13.0139116], [77.5662721, 13.0138849], [77.566478, 13.013755], [77.5670706, 13.0133975], [77.5675183, 13.0130571]]}"
way/378597199,yes,trunk,LineString,"{""type"": ""LineString"", ""coordinates"": [[77.5663662, 13.0141746], [77.5672933, 13.0142404], [77.5676217, 13.0143258]]}"
way/378597200,yes,trunk,LineString,"{""type"": ""LineString"", ""coordinates"": [[77.5728407, 13.014704], [77.5728808, 13.0147061], [77.5741014, 13.0147699], [77.5744368, 13.0147862], [77.5745002, 13.0147893], [77.5747475, 13.0148051], [77.5750631, 13.0148153], [77.5750862, 13.014816], [77.575762, 13.0148374], [77.5766071, 13.0148452], [77.5770005, 13.0148423], [77.5777181, 13.0148268], [77.5784883, 13.0148101]]}"
way/378597856,yes,trunk,LineString,"{""type"": ""LineString"", ""coordinates"": [[77.566999, 13.0132633], [77.566197, 13.0137691]]}"
way/378597857,yes,trunk,LineString,"{""type"": ""LineString"", ""coordinates"": [[77.5662292, 13.0138493], [77.5670352, 13.0133266]]}"
way/378597858,yes,trunk,LineString,"{""type"": ""LineString"", ""coordinates"": [[77.5652098, 13.0144036], [77.5654138, 13.0142927], [77.5662292, 13.0138493]]}"
way/378597859,yes,trunk,LineString,"{""type"": ""LineString"", ""coordinates"": [[77.566197, 13.0137691], [77.5651964, 13.0143594]]}"
way/378597861,yes,trunk,LineString,"{""type"": ""LineString"", ""coordinates"": [[77.5654138, 13.0142927], [77.56545, 13.0142973], [77.5656902, 13.0141909], [77.5657704, 13.0141665], [77.565871, 13.0141492], [77.565956, 13.0141434], [77.5660613, 13.0141511], [77.5663662, 13.0141746]]}"
way/379763879,yes,trunk,LineString,"{""type"": ""LineString"", ""coordinates"": [[77.5567559, 13.0437957], [77.5554968, 13.0440038], [77.5552718, 13.0440328], [77.5550974, 13.0440459], [77.5549714, 13.0440485], [77.5547688, 13.0440422]]}"
way/379763886,yes,trunk,LineString,"{""type"": ""LineString"", ""coordinates"": [[77.5572052, 13.0437227], [77.5567559, 13.0437957]]}"
way/379763901,yes,trunk,LineString,"{""type"": ""LineString"", ""coordinates"": [[77.5609833, 13.043605], [77.5607208, 13.0435902], [77.5586762, 13.0435891], [77.5584073, 13.0435888], [77.558249, 13.043594], [77.5580827, 13.0436097], [77.5572052, 13.0437227]]}"
way/379767870,yes,trunk,LineString,"{""type"": ""LineString"", ""coordinates"": [[77.5567734, 13.0439027], [77.5572238, 13.0438364]]}"
way/379767874,yes,trunk,LineString,"{""type"": ""LineString"", ""coordinates"": [[77.5572238, 13.0438364], [77.5580556, 13.0437242], [77.5582729, 13.0437033], [77.558458, 13.0436903], [77.5606923, 13.0436772], [77.5608535, 13.0436828], [77.5609697, 13.0436986]]}"
way/379767876,yes,trunk,LineString,"{""type"": ""LineString"", ""coordinates"": [[77.5547631, 13.0441456], [77.5549606, 13.0441739], [77.5551347, 13.0441711], [77.5553493, 13.0441449], [77.5567734, 13.0439027]]}"
way/379857264,yes,trunk,LineString,"{""type"": ""LineString"", ""coordinates"": [[77.5790501, 13.0475618], [77.5792403, 13.0474925], [77.5794436, 13.047401], [77.579626, 13.0472938], [77.5797923, 13.0471815], [77.5805984, 13.0465787], [77.5807231, 13.0464864], [77.5808679, 13.0463688], [77.5812328, 13.0460731], [77.5821103, 13.0453133], [77.5822846, 13.0451827], [77.5824933, 13.0450362], [77.5827406, 13.0448639], [77.5829525, 13.0447306], [77.5843607, 13.0438056], [77.5845908, 13.0436562], [77.584594, 13.0436541], [77.5847523, 13.0435574], [77.5849052, 13.0434686], [77.5850736, 13.0433849], [77.5852372, 13.0433144], [77.5854089, 13.0432491], [77.5855913, 13.0431994], [77.5862296, 13.0430505], [77.5876552, 13.0427735], [77.5882681, 13.0426846], [77.5884403, 13.0426716], [77.588598, 13.0426794], [77.5887616, 13.0427082]]}"
way/379878516,yes,trunk,LineString,"{""type"": ""LineString"", ""coordinates"": [[77.5367142, 13.0308067], [77.5370762, 13.0305986], [77.5372088, 13.0305348], [77.5372402, 13.0305198]]}"
way/380724484,yes,trunk,LineString,"{""type"": ""LineString"", ""coordinates"": [[77.6635066, 13.0003802], [77.6636195, 12.998913], [77.6636432, 12.998628], [77.6636575, 12.9984963], [77.6636891, 12.9983524], [77.6637416, 12.9982338], [77.6638181, 12.9980942], [77.6642016, 12.9974539], [77.6646758, 12.9965802]]}"
way/380724488,yes,trunk,LineString,"{""type"": ""LineString"", ""coordinates"": [[77.64235, 13.0248646], [77.6448854, 13.0237521]]}"
way/380724513,yes,trunk,LineString,"{""type"": ""LineString"", ""coordinates"": [[77.6669519, 12.9957725], [77.6661756, 12.9954787], [77.6660316, 12.995443], [77.6659208, 12.995429], [77.6657879, 12.9954222], [77.6656681, 12.9954304], [77.665532, 12.9954657], [77.6654052, 12.9955058], [77.6652798, 12.9955774], [77.6651829, 12.9956591], [77.6650866, 12.9957694], [77.6649631, 12.99592], [77.6648288, 12.9961314], [77.6647092, 12.9963271], [77.6645456, 12.9966165], [77.664413, 12.9968261], [77.6636447, 12.998197], [77.6635934, 12.9983124], [77.663557, 12.998439], [77.6635405, 12.9985923], [77.6635154, 12.9989315], [77.6634018, 13.0003768]]}"
way/380725710,yes,trunk,LineString,"{""type"": ""LineString"", ""coordinates"": [[77.6800689, 13.0004596], [77.6806363, 13.0004558], [77.680756, 13.0004519], [77.6808563, 13.0004366], [77.6809463, 13.0004128], [77.6810399, 13.00038], [77.6811425, 13.0003366], [77.6812475, 13.0002709], [77.6813324, 13.0002067], [77.6814093, 13.0001435], [77.6815278, 12.9999836]]}"
way/380725712,yes,trunk,LineString,"{""type"": ""LineString"", ""coordinates"": [[77.6838492, 12.9962198], [77.6841858, 12.9957588], [77.6851485, 12.9944312], [77.6854165, 12.9940723], [77.685747, 12.9936296], [77.686028, 12.9932554], [77.6862546, 12.9929536], [77.6864893, 12.9926511]]}"
way/380725713,yes,trunk,LineString,"{""type"": ""LineString"", ""coordinates"": [[77.6796302, 13.000427], [77.6797994, 13.0004478], [77.6800689, 13.0004596]]}"
way/380929042,yes,trunk,LineString,"{""type"": ""LineString"", ""coordinates"": [[77.6665944, 12.9212222], [77.665695, 12.9208011], [77.6654636, 12.9207104], [77.6652808, 12.9206571], [77.6651394, 12.9206429], [77.6649773, 12.9206326], [77.6647695, 12.9206449], [77.6645539, 12.9206777], [77.6636681, 12.9209154]]}"
way/380929043,yes,trunk,LineString,"{""type"": ""LineString"", ""coordinates"": [[77.6821232, 12.9285399], [77.6819058, 12.9284422], [77.6818124, 12.9284002], [77.6816974, 12.9283494], [77.6814491, 12.9282322], [77.6805853, 12.9278118], [77.6802049, 12.9276259], [77.6796103, 12.927337]]}"
way/380929045,yes,trunk,LineString,"{""type"": ""LineString"", ""coordinates"": [[77.6844011, 12.9296237], [77.6835263, 12.9291972], [77.6830926, 12.9289877], [77.6824197, 12.9286801], [77.6822419, 12.928596], [77.6821232, 12.9285399]]}"
way/380929047,yes,trunk,LineString,"{""type"": ""LineString"", ""coordinates"": [[77.6743673, 12.9247796], [77.6741772, 12.9247011], [77.6740256, 12.924633], [77.673894, 12.9245828], [77.6737739, 12.924529], [77.6735108, 12.9244158], [77.6727392, 12.924084], [77.6726685, 12.9240522], [77.6717518, 12.9236517], [77.6704761, 12.9230635], [77.6698691, 12.9227855], [77.6686777, 12.9222205], [77.6680325, 12.9219032]]}"
way/380929048,yes,trunk,LineString,"{""type"": ""LineString"", ""coordinates"": [[77.6787585, 12.9269214], [77.6771438, 12.9261543], [77.6762528, 12.9257328], [77.6753544, 12.9252815]]}"
way/380929050,yes,trunk,LineString,"{""type"": ""LineString"", ""coordinates"": [[77.6678812, 12.9218265], [77.6665944, 12.9212222]]}"
way/380929051,yes,trunk,LineString,"{""type"": ""LineString"", ""coordinates"": [[77.6933901, 12.9374131], [77.6927441, 12.9368624], [77.6925884, 12.9367296], [77.6922522, 12.9364193], [77.6919069, 12.9360892], [77.6917455, 12.93594], [77.6912039, 12.9354307], [77.6910678, 12.9353086], [77.690477, 12.9347802], [77.6904559, 12.9347613], [77.6900523, 12.9343866], [77.6897702, 12.9341247], [77.688613, 12.933062], [77.6884336, 12.9328978], [77.6877366, 12.9322663], [77.6874519, 12.9320032], [77.6873446, 12.931904], [77.6872247, 12.9317906]]}"
way/380980307,yes,trunk,LineString,"{""type"": ""LineString"", ""coordinates"": [[77.6530518, 12.9239028], [77.6519362, 12.9241272], [77.650785, 12.9243372], [77.6505067, 12.9243654], [77.6501883, 12.9243697], [77.6498746, 12.924356], [77.6487252, 12.9242786], [77.6484417, 12.9242385]]}"
way/380980308,yes,trunk,LineString,"{""type"": ""LineString"", ""coordinates"": [[77.6322917, 12.9164911], [77.6317612, 12.9165405], [77.6309395, 12.9166138], [77.6299413, 12.9166561], [77.6293197, 12.9166887], [77.6292164, 12.9166941], [77.6287887, 12.9167297], [77.6285856, 12.9167498], [77.6283794, 12.9168049], [77.6259953, 12.9175253], [77.625756, 12.9175781], [77.625555, 12.9176102], [77.6253351, 12.9176182], [77.6251311, 12.9176224], [77.6249271, 12.9176164], [77.6247091, 12.9176109], [77.6244453, 12.9175581], [77.6244169, 12.9175524], [77.6242664, 12.9175302], [77.6238988, 12.9174761], [77.6238004, 12.9174551], [77.6235614, 12.9174042], [77.6233051, 12.9173496]]}"
way/381257144,yes,tertiary,LineString,"{""type"": ""LineString"", ""coordinates"": [[77.5909315, 13.0929955], [77.5909305, 13.0930409], [77.5909296, 13.0930843], [77.5909262, 13.093147], [77.5909872, 13.0932691], [77.59113, 13.0935545], [77.5914465, 13.0941658], [77.5915592, 13.0944584], [77.5915847, 13.0945683], [77.5916278, 13.0947546], [77.5916415, 13.0948139], [77.5916864, 13.0950076], [77.5917751, 13.0953903], [77.5920688, 13.0968306], [77.5921009, 13.097005]]}"
way/382180800,yes,motorway,LineString,"{""type"": ""LineString"", ""coordinates"": [[77.4162386, 13.0834942], [77.4121387, 13.085377], [77.4102905, 13.0861697], [77.4079697, 13.0871722], [77.4023501, 13.0895892], [77.4009385, 13.0902018], [77.3989051, 13.0910714], [77.3984101, 13.0912821], [77.3980357, 13.0914365], [77.3973526, 13.0916976]]}"
way/382183626,yes,motorway,LineString,"{""type"": ""LineString"", ""coordinates"": [[77.4668489, 13.0585838], [77.4662818, 13.0587327]]}"
way/382183648,yes,motorway,LineString,"{""type"": ""LineString"", ""coordinates"": [[77.4636665, 13.05959], [77.4631317, 13.0598939], [77.4612513, 13.0610137], [77.4575867, 13.0632135], [77.4567822, 13.0636849], [77.4559338, 13.0641589]]}"
way/382183657,yes,motorway,LineString,"{""type"": ""LineString"", ""coordinates"": [[77.4693311, 13.0579321], [77.4668489, 13.0585838]]}"
way/382183667,yes,motorway,LineString,"{""type"": ""LineString"", ""coordinates"": [[77.4662818, 13.0587327], [77.4650484, 13.0590635], [77.4648154, 13.0591251], [77.4645837, 13.0591964], [77.4643568, 13.0592752], [77.4641298, 13.0593654], [77.4639268, 13.0594562], [77.4636665, 13.05959]]}"
way/382191822,yes,motorway,LineString,"{""type"": ""LineString"", ""coordinates"": [[77.482385, 13.0540353], [77.4817214, 13.0542651], [77.4807298, 13.0546173], [77.4792638, 13.055128], [77.4786198, 13.0553291], [77.4775614, 13.0556274], [77.4737558, 13.056703]]}"
way/382192108,yes,motorway,LineString,"{""type"": ""LineString"", ""coordinates"": [[77.4851621, 13.0529921], [77.4831092, 13.0537477], [77.482385, 13.0540353]]}"
way/382827763,yes,motorway,LineString,"{""type"": ""LineString"", ""coordinates"": [[77.397395, 13.0918154], [77.39833, 13.0914834], [77.3999637, 13.0908377], [77.4000386, 13.0908095], [77.4001103, 13.0907765], [77.4019188, 13.0899251], [77.4023839, 13.0897279], [77.4033276, 13.0893284], [77.4045777, 13.0887842], [77.4057961, 13.0882599], [77.4068297, 13.0878162], [77.4081515, 13.0872481], [77.4108636, 13.0860762], [77.4118069, 13.0856703], [77.4126104, 13.0853174], [77.4136513, 13.0848351], [77.4153621, 13.0840423], [77.4162898, 13.0836165]]}"
way/383013809,yes,motorway,LineString,"{""type"": ""LineString"", ""coordinates"": [[77.4637494, 13.0597052], [77.463912, 13.0596129], [77.4640628, 13.0595418], [77.4643204, 13.059437], [77.4646167, 13.0593313], [77.464947, 13.0592328], [77.4653587, 13.0591262], [77.4663151, 13.0588657]]}"
way/383013810,yes,motorway,LineString,"{""type"": ""LineString"", ""coordinates"": [[77.4663151, 13.0588657], [77.4668926, 13.0587145]]}"
way/383013812,yes,motorway,LineString,"{""type"": ""LineString"", ""coordinates"": [[77.4560062, 13.0642872], [77.4567, 13.0638917], [77.4576083, 13.0633641], [77.4591108, 13.062461], [77.4632902, 13.0599616], [77.4637494, 13.0597052]]}"
way/383014894,yes,motorway,LineString,"{""type"": ""LineString"", ""coordinates"": [[77.4858559, 13.052909], [77.4885809, 13.0519231]]}"
way/383014904,yes,motorway,LineString,"{""type"": ""LineString"", ""coordinates"": [[77.4737987, 13.0568135], [77.4782969, 13.0555757], [77.4788903, 13.0553864], [77.4794069, 13.0552238], [77.4811455, 13.0546207], [77.4824656, 13.0541475]]}"
way/383014908,yes,motorway,LineString,"{""type"": ""LineString"", ""coordinates"": [[77.4885202, 13.0517905], [77.4857852, 13.0527669]]}"
way/383014911,yes,motorway,LineString,"{""type"": ""LineString"", ""coordinates"": [[77.4824656, 13.0541475], [77.4834365, 13.053787], [77.4853007, 13.0531076]]}"
way/383028788,yes,trunk,LineString,"{""type"": ""LineString"", ""coordinates"": [[77.5136046, 13.0428286], [77.5146845, 13.0424606], [77.515572, 13.0421747], [77.5159064, 13.0420428], [77.5161932, 13.0418981], [77.5164712, 13.0417414], [77.5167273, 13.0415588], [77.5174991, 13.0408653], [77.5178136, 13.0405826], [77.5181087, 13.0403175], [77.5184224, 13.0400737]]}"
way/383028789,yes,trunk,LineString,"{""type"": ""LineString"", ""coordinates"": [[77.5183596, 13.0398882], [77.5182831, 13.0399443]]}"
way/383029331,yes,trunk,LineString,"{""type"": ""LineString"", ""coordinates"": [[77.5372469, 13.0303393], [77.5371664, 13.0303891]]}"
way/383031432,yes,trunk,LineString,"{""type"": ""LineString"", ""coordinates"": [[77.538489, 13.0298679], [77.5389417, 13.0296743], [77.5396994, 13.0292665], [77.5399122, 13.0291442], [77.5399664, 13.0291182], [77.5400063, 13.029117], [77.5400472, 13.0291347], [77.5400805, 13.0291736], [77.5401017, 13.0292423], [77.5401704, 13.029594], [77.5403422, 13.0304732], [77.540396, 13.0307503], [77.540668, 13.0322864], [77.5407045, 13.0325089], [77.5407271, 13.0326377], [77.5410437, 13.0341781], [77.5412415, 13.0350936], [77.5413093, 13.0354074], [77.5413232, 13.0354717], [77.541544, 13.036494], [77.5416036, 13.0368094], [77.5417462, 13.0375644]]}"
way/383564667,yes,residential,LineString,"{""type"": ""LineString"", ""coordinates"": [[77.624343, 13.0074247], [77.624301, 13.007323], [77.6241351, 13.0069766]]}"
way/384975829,yes,secondary,LineString,"{""type"": ""LineString"", ""coordinates"": [[77.6485169, 12.9872161], [77.6485637, 12.9876338], [77.6486654, 12.9884146], [77.6486812, 12.9885562], [77.6486689, 12.9887173], [77.6486242, 12.9897774], [77.6486244, 12.989874], [77.6486337, 12.9899489], [77.6486478, 12.9900021], [77.6486825, 12.9900727], [77.6487211, 12.9901249], [77.6487672, 12.9901747], [77.6488225, 12.9902141], [77.6488795, 12.9902474], [77.6489488, 12.9902695], [77.6490062, 12.9902805], [77.6490853, 12.990287], [77.649207, 12.990282], [77.6494844, 12.9902931]]}"
way/386889935,yes,residential,LineString,"{""type"": ""LineString"", ""coordinates"": [[77.6235131, 13.0056087], [77.6242425, 13.0052858], [77.6246485, 13.0051821], [77.6250315, 13.0050873], [77.6250423, 13.0050846]]}"
way/389803878,yes,trunk,LineString,"{""type"": ""LineString"", ""coordinates"": [[77.538489, 13.0298679], [77.5389196, 13.029606], [77.53987, 13.0290733], [77.5399321, 13.0290426], [77.5400778, 13.0289633]]}"
way/392213810,yes,trunk,LineString,"{""type"": ""LineString"", ""coordinates"": [[77.6605577, 12.8609186], [77.6613649, 12.8599191], [77.6620946, 12.8590035], [77.6622923, 12.8587554], [77.6623243, 12.8587153], [77.6623396, 12.8586961], [77.6624128, 12.8586042], [77.6626149, 12.8583506], [77.6634652, 12.8572796], [77.6638478, 12.8567978], [77.66404, 12.8565557], [77.6643205, 12.8562025], [77.6643656, 12.8561456]]}"
way/392213813,yes,trunk,LineString,"{""type"": ""LineString"", ""coordinates"": [[77.5373252, 13.0304684], [77.5375899, 13.0303564], [77.5377179, 13.0303022], [77.538489, 13.0298679]]}"
way/393699921,yes,service,LineString,"{""type"": ""LineString"", ""coordinates"": [[77.5927667, 12.9550794], [77.5927915, 12.9549851], [77.592723, 12.9548372]]}"
way/396493453,yes,trunk,LineString,"{""type"": ""LineString"", ""coordinates"": [[77.667752, 12.996101], [77.6669519, 12.9957725]]}"
way/397756358,no,path,LineString,"{""type"": ""LineString"", ""coordinates"": [[77.5693905, 13.0141782], [77.5692365, 13.0141732], [77.5690772, 13.0141681], [77.5690816, 13.0140391], [77.5690879, 13.0138564], [77.5690937, 13.0136865], [77.5689993, 13.0135427]]}"
way/397759385,yes,footway,LineString,"{""type"": ""LineString"", ""coordinates"": [[77.5689641, 13.0152468], [77.5690078, 13.0146366], [77.5690384, 13.0146383]]}"
way/399000523,yes,primary,LineString,"{""type"": ""LineString"", ""coordinates"": [[77.701027, 12.9569097], [77.7009594, 12.9569136], [77.7009285, 12.9569154]]}"
way/399012931,yes,primary,LineString,"{""type"": ""LineString"", ""coordinates"": [[77.5491713, 13.0029035], [77.5489028, 13.004512]]}"
way/399012932,yes,primary,LineString,"{""type"": ""LineString"", ""coordinates"": [[77.5491428, 13.0045682], [77.5492045, 13.0041971], [77.5492689, 13.0038391], [77.5493661, 13.0032599], [77.5494572, 13.0028168]]}"
way/400436779,no,footway,LineString,"{""type"": ""LineString"", ""coordinates"": [[77.5925729, 12.9985736], [77.592641, 12.9986593], [77.592689, 12.9987052]]}"
way/400436782,no,footway,LineString,"{""type"": ""LineString"", ""coordinates"": [[77.5926171, 12.9991062], [77.592456, 12.998762], [77.5924126, 12.9986684], [77.5921919, 12.9983889], [77.5918562, 12.9979755]]}"
way/400449300,yes,trunk,LineString,"{""type"": ""LineString"", ""coordinates"": [[77.5674796, 13.0129957], [77.566999, 13.0132633]]}"
way/400449301,yes,trunk,LineString,"{""type"": ""LineString"", ""coordinates"": [[77.5670352, 13.0133266], [77.5675183, 13.0130571]]}"
way/400449302,yes,trunk_link,LineString,"{""type"": ""LineString"", ""coordinates"": [[77.5838121, 13.0149344], [77.583833, 13.0164655], [77.5839007, 13.0167171]]}"
way/400449303,yes,trunk_link,LineString,"{""type"": ""LineString"", ""coordinates"": [[77.5656276, 13.0140693], [77.5655377, 13.0141095], [77.5654735, 13.0141381], [77.565403, 13.0141695], [77.5643563, 13.0147884], [77.5640161, 13.0150843]]}"
way/400449304,no,trunk,LineString,"{""type"": ""LineString"", ""coordinates"": [[77.5605923, 13.0171281], [77.5615849, 13.0165773], [77.5625188, 13.016062], [77.5640534, 13.0151584]]}"
way/400449305,no,footway,LineString,"{""type"": ""LineString"", ""coordinates"": [[77.5728808, 13.0147061], [77.5728777, 13.0147525], [77.5744358, 13.0148451], [77.5745696, 13.0148531], [77.57561, 13.0148827], [77.5757617, 13.014887], [77.5764896, 13.0149077], [77.5766068, 13.0149071], [77.5770014, 13.0149049], [77.5782197, 13.0148982], [77.5788062, 13.0148792], [77.579402, 13.0148959], [77.5797382, 13.0148721], [77.5805924, 13.0148176], [77.5822338, 13.0147323], [77.5834588, 13.0146637], [77.5835867, 13.0148041]]}"
way/400455144,yes,residential,LineString,"{""type"": ""LineString"", ""coordinates"": [[77.5645486, 13.0999079], [77.5639252, 13.100083]]}"
way/401597353,yes,footway,LineString,"{""type"": ""LineString"", ""coordinates"": [[77.7090955, 12.9565206], [77.7090724, 12.9562539], [77.7091865, 12.9562514]]}"
way/403473928,yes,tertiary,LineString,"{""type"": ""LineString"", ""coordinates"": [[77.5887785, 12.986778], [77.5888127, 12.9869148], [77.588848, 12.986946], [77.5888923, 12.9870014], [77.5889228, 12.9870574], [77.5889167, 12.9871024], [77.5888296, 12.9877379], [77.5888211, 12.9878433], [77.5887975, 12.9881863], [77.5887371, 12.9890619], [77.5887344, 12.9890875], [77.5887145, 12.9893233], [77.5886939, 12.989614], [77.5886706, 12.9899436], [77.5886588, 12.9900879], [77.5886396, 12.9903012], [77.5886327, 12.9903282], [77.5886168, 12.9903795], [77.5886072, 12.9904658]]}"
way/405463526,yes,residential,LineString,"{""type"": ""LineString"", ""coordinates"": [[77.6607977, 12.9584673], [77.6608095, 12.9585998], [77.660822, 12.9587029], [77.66086, 12.9591974], [77.6608618, 12.9592366]]}"
way/406674058,yes,trunk,LineString,"{""type"": ""LineString"", ""coordinates"": [[77.5565212, 13.0165464], [77.5564653, 13.0164458], [77.556358, 13.0162916], [77.5562319, 13.016127], [77.55613, 13.0160224], [77.5559878, 13.0158918]]}"
way/408152821,no,residential,LineString,"{""type"": ""LineString"", ""coordinates"": [[77.6426714, 12.9791405], [77.6427017, 12.9790762], [77.6428571, 12.9787801]]}"
way/408157835,no,footway,LineString,"{""type"": ""LineString"", ""coordinates"": [[77.6412459, 12.9792012], [77.6410602, 12.9791926], [77.6410387, 12.9791428], [77.6410173, 12.9790886]]}"
way/410284610,yes,residential,LineString,"{""type"": ""LineString"", ""coordinates"": [[77.5925606, 13.0590092], [77.5931639, 13.0589225], [77.5932578, 13.0589042]]}"
way/410394874,yes,residential,LineString,"{""type"": ""LineString"", ""coordinates"": [[77.5969388, 13.0636538], [77.5968336, 13.062928]]}"
way/410394875,yes,residential,LineString,"{""type"": ""LineString"", ""coordinates"": [[77.597368, 13.0637802], [77.5974466, 13.0637], [77.5975235, 13.0636175], [77.597644, 13.0635601], [77.5976671, 13.0634327], [77.5976767, 13.0631411]]}"
way/410858838,yes,residential,LineString,"{""type"": ""LineString"", ""coordinates"": [[77.5706977, 12.9733128], [77.5703597, 12.9733217], [77.5703297, 12.9733218]]}"
way/410858843,yes,residential,LineString,"{""type"": ""LineString"", ""coordinates"": [[77.5697154, 12.9736574], [77.5696989, 12.9735819], [77.569579, 12.9730176]]}"
way/410858857,yes,residential,LineString,"{""type"": ""LineString"", ""coordinates"": [[77.5710599, 12.973], [77.5710551, 12.9731922], [77.5710686, 12.9733634], [77.5710776, 12.9736989], [77.5710714, 12.973882]]}"
way/410858858,no,residential,LineString,"{""type"": ""LineString"", ""coordinates"": [[77.5718081, 12.9720222], [77.5718569, 12.972284], [77.5719809, 12.9728215], [77.5720066, 12.9731429], [77.5720093, 12.9734173], [77.5718796, 12.9734778], [77.5717518, 12.9735375], [77.5715628, 12.9736385], [77.5714675, 12.9736682], [77.5714538, 12.9736693], [77.5710776, 12.9736989]]}"
way/415116815,yes,residential,LineString,"{""type"": ""LineString"", ""coordinates"": [[77.6730672, 12.9687464], [77.6741527, 12.9682016], [77.6741934, 12.9681858], [77.6742237, 12.9681707], [77.6743529, 12.9681139]]}"
way/420763494,yes,footway,LineString,"{""type"": ""LineString"", ""coordinates"": [[77.5902808, 13.0918768], [77.5901773, 13.092046], [77.5901205, 13.0921581], [77.5900888, 13.0922206], [77.5900575, 13.0922823], [77.5899838, 13.0924448]]}"
way/420764993,no,residential,LineString,"{""type"": ""LineString"", ""coordinates"": [[77.5838281, 13.0982596], [77.58381, 13.0982297], [77.5835373, 13.0977736]]}"
way/421014313,yes,residential,LineString,"{""type"": ""LineString"", ""coordinates"": [[77.5913231, 13.0927081], [77.5914021, 13.0926491], [77.5914477, 13.0925812], [77.5914879, 13.092542], [77.591555, 13.0924872], [77.5916649, 13.092414], [77.5917427, 13.0923592], [77.5918446, 13.0923174], [77.5919251, 13.0922938], [77.5920136, 13.0922625], [77.5920326, 13.0922585], [77.5921263, 13.092239], [77.5922094, 13.0922233], [77.5922899, 13.0922207], [77.5924079, 13.0922285], [77.5926037, 13.0922573]]}"
way/431185110,yes,footway,LineString,"{""type"": ""LineString"", ""coordinates"": [[77.5753293, 12.9406067], [77.575327, 12.9406895], [77.5753252, 12.940758], [77.5753199, 12.9409542], [77.5752932, 12.941761]]}"
way/431532857,yes,primary,LineString,"{""type"": ""LineString"", ""coordinates"": [[77.6650596, 12.9585763], [77.6649791, 12.9585907], [77.6648803, 12.9586031], [77.6646998, 12.95864], [77.6645986, 12.9586618], [77.6636433, 12.9588678], [77.6635961, 12.9588784], [77.6635402, 12.9588892], [77.6635104, 12.9588962], [77.6628116, 12.9590414], [77.6624422, 12.959113], [77.662249, 12.959138], [77.6616483, 12.9592174]]}"
way/435249314,yes,secondary,LineString,"{""type"": ""LineString"", ""coordinates"": [[77.6074118, 12.9752081], [77.6073644, 12.9752196], [77.6065055, 12.9754287], [77.6056816, 12.9756358], [77.6053346, 12.9757181], [77.6048758, 12.9758267], [77.6045392, 12.9759093], [77.6043027, 12.9759656]]}"
way/437539065,no,footway,LineString,"{""type"": ""LineString"", ""coordinates"": [[77.5881132, 12.947433], [77.5884574, 12.9474022], [77.5888624, 12.947316], [77.5892298, 12.9471356], [77.5893318, 12.9471199], [77.5895839, 12.9471565], [77.5900989, 12.9472454], [77.5903188, 12.9472036]]}"
way/437871418,yes,secondary,LineString,"{""type"": ""LineString"", ""coordinates"": [[77.5617301, 12.9825261], [77.5615089, 12.9825725]]}"
way/437871419,yes,secondary,LineString,"{""type"": ""LineString"", ""coordinates"": [[77.5613651, 12.982616], [77.5611365, 12.9827004], [77.5609914, 12.9827638], [77.560874, 12.9828238], [77.5607419, 12.9829132], [77.5606217, 12.9829985], [77.5605539, 12.9830492], [77.5605027, 12.9830916]]}"
way/437871420,yes,secondary,LineString,"{""type"": ""LineString"", ""coordinates"": [[77.5605726, 12.9831475], [77.5606979, 12.983037], [77.5608022, 12.982961], [77.5609248, 12.9828879], [77.5610531, 12.9828219], [77.5611842, 12.9827665], [77.5613033, 12.982725], [77.5614976, 12.9826828]]}"
way/440884236,yes,residential,LineString,"{""type"": ""LineString"", ""coordinates"": [[77.6457626, 12.9824117], [77.645686, 12.9824012], [77.6447342, 12.9822707]]}"
way/440884237,yes,living_street,LineString,"{""type"": ""LineString"", ""coordinates"": [[77.6446882, 12.9815957], [77.6446497, 12.9812344], [77.6446362, 12.9809771], [77.644645, 12.9807797]]}"
way/450546972,yes,living_street,LineString,"{""type"": ""LineString"", ""coordinates"": [[77.6476705, 12.9810888], [77.6475377, 12.9810879], [77.6473668, 12.9810932], [77.6473324, 12.9810942]]}"
way/450546978,no,footway,LineString,"{""type"": ""LineString"", ""coordinates"": [[77.6464632, 12.9808497], [77.6462262, 12.9808507], [77.6461686, 12.980851]]}"
way/450548831,yes,tertiary,LineString,"{""type"": ""LineString"", ""coordinates"": [[77.6477344, 12.9688574], [77.6477998, 12.9687316], [77.6478629, 12.9684442], [77.6479597, 12.9680549], [77.6480815, 12.9676581], [77.6482411, 12.9671981], [77.6482428, 12.9671009]]}"
way/454013131,yes,primary,LineString,"{""type"": ""LineString"", ""coordinates"": [[77.5708074, 12.9773054], [77.5708147, 12.977526], [77.5708473, 12.9785162], [77.5708511, 12.978617], [77.5708519, 12.9786388]]}"
way/454013133,yes,primary,LineString,"{""type"": ""LineString"", ""coordinates"": [[77.5708519, 12.9786388], [77.5708681, 12.9787799], [77.5709561, 12.9794701], [77.5709841, 12.9798016], [77.5709964, 12.9799466]]}"
way/454483792,yes,primary,LineString,"{""type"": ""LineString"", ""coordinates"": [[77.5709816, 12.9800171], [77.5709892, 12.9800577], [77.5710094, 12.980094], [77.5710402, 12.9801224], [77.5710785, 12.9801401], [77.5711205, 12.9801453]]}"
way/454483807,yes,trunk,LineString,"{""type"": ""LineString"", ""coordinates"": [[77.5484302, 13.0242183], [77.5484922, 13.0241831], [77.548561, 13.0241439], [77.5488912, 13.0239562], [77.5491463, 13.0237829], [77.5496389, 13.0234939], [77.5503516, 13.0230509]]}"
way/454483811,yes,trunk,LineString,"{""type"": ""LineString"", ""coordinates"": [[77.5503516, 13.0230509], [77.5508058, 13.0228045], [77.5510277, 13.0226969], [77.5513199, 13.0225022], [77.5514832, 13.0223589], [77.5516361, 13.0222094], [77.5517794, 13.0220275], [77.5519049, 13.0218485], [77.552036, 13.0216343], [77.5523307, 13.0210655], [77.5530421, 13.0197485], [77.5531433, 13.0195316], [77.5532075, 13.019371], [77.5532574, 13.0192211], [77.553303, 13.0190504]]}"
way/458424035,yes,primary,LineString,"{""type"": ""LineString"", ""coordinates"": [[77.5510168, 13.0113956], [77.5507919, 13.0112766], [77.5506702, 13.0112123], [77.5505637, 13.0111358], [77.5503738, 13.0109871], [77.5502584, 13.0108868], [77.5501635, 13.0108049], [77.5500172, 13.0106735], [77.5499437, 13.0105789], [77.5497524, 13.0103663], [77.5494836, 13.0099921], [77.5493891, 13.0098752], [77.5492637, 13.009616], [77.5491977, 13.0094794], [77.5491305, 13.0093404], [77.5490953, 13.0092677], [77.5490273, 13.0090211], [77.548996, 13.0088581]]}"
way/458424036,yes,secondary,LineString,"{""type"": ""LineString"", ""coordinates"": [[77.5499958, 13.0039696], [77.5498553, 13.0039535], [77.5494412, 13.0039059], [77.5494085, 13.0039021], [77.5493463, 13.0038951]]}"
way/458439806,yes,secondary,LineString,"{""type"": ""LineString"", ""coordinates"": [[77.5510566, 12.9978154], [77.5516543, 12.9979471], [77.552368, 12.998129], [77.5528686, 12.998244]]}"
way/458439807,yes,tertiary,LineString,"{""type"": ""LineString"", ""coordinates"": [[77.5509748, 12.9982716], [77.5509378, 12.998467], [77.5509099, 12.9986142], [77.5508583, 12.9988869], [77.5508032, 12.9991778], [77.5507457, 12.9994815], [77.5506806, 12.9998252], [77.5506031, 13.0002344], [77.5505582, 13.0004715], [77.5504807, 13.0008811], [77.5503272, 13.0017081]]}"
way/458681912,yes,trunk,LineString,"{""type"": ""LineString"", ""coordinates"": [[77.5723494, 13.0145903], [77.5721857, 13.0145802], [77.5717184, 13.0145515], [77.5713555, 13.0145292], [77.570183, 13.0144571], [77.5681269, 13.0142919], [77.5677493, 13.0142637], [77.5673257, 13.0141828], [77.5664118, 13.014099]]}"
way/458681919,yes,primary,LineString,"{""type"": ""LineString"", ""coordinates"": [[77.5541111, 13.0140389], [77.5541116, 13.0139998], [77.5541141, 13.0137893], [77.5541295, 13.0137082], [77.5541454, 13.0136241], [77.5542208, 13.0134487], [77.5542767, 13.0133789]]}"
way/458681923,yes,primary,LineString,"{""type"": ""LineString"", ""coordinates"": [[77.5539521, 13.0125197], [77.5539158, 13.0125431], [77.5538612, 13.0125784]]}"
way/458681927,yes,primary,LineString,"{""type"": ""LineString"", ""coordinates"": [[77.5538612, 13.0125784], [77.5537607, 13.0127029], [77.5537511, 13.0127261], [77.5537345, 13.0127658], [77.5537335, 13.0128038], [77.5537328, 13.012833], [77.5537504, 13.0129797], [77.55377, 13.0131211]]}"
way/458681943,yes,secondary,LineString,"{""type"": ""LineString"", ""coordinates"": [[77.5504165, 12.9976763], [77.5509561, 12.9977913]]}"
way/460600468,yes,footway,LineString,"{""type"": ""LineString"", ""coordinates"": [[77.6016807, 12.9766962], [77.6016783, 12.976632], [77.6016742, 12.9765205], [77.601672, 12.9764608]]}"
way/460600469,yes,footway,LineString,"{""type"": ""LineString"", ""coordinates"": [[77.6018398, 12.9764074], [77.6018536, 12.9764263], [77.6018828, 12.9764423], [77.60194, 12.9764378], [77.6019546, 12.9764353], [77.6022637, 12.9763667], [77.6023252, 12.9763545], [77.6024186, 12.9763352]]}"
way/460600470,yes,footway,LineString,"{""type"": ""LineString"", ""coordinates"": [[77.6019979, 12.9766963], [77.6019835, 12.9766328], [77.6019565, 12.9765136], [77.601945, 12.9764614]]}"
way/461556532,yes,primary,LineString,"{""type"": ""LineString"", ""coordinates"": [[77.5874242, 12.9669126], [77.5874211, 12.9669513], [77.5873957, 12.9672744], [77.5873668, 12.9674754]]}"
way/461556548,yes,secondary,LineString,"{""type"": ""LineString"", ""coordinates"": [[77.6466522, 12.9786249], [77.6466586, 12.9785737], [77.6466626, 12.9785419], [77.6466654, 12.9784921], [77.6467011, 12.9778707], [77.6467168, 12.9775919], [77.6467272, 12.9774078], [77.6468627, 12.9750091]]}"
way/461556567,yes,primary,LineString,"{""type"": ""LineString"", ""coordinates"": [[77.6588604, 12.971136], [77.6589232, 12.9710132], [77.6589832, 12.970909], [77.6591657, 12.9705908], [77.6595049, 12.97009], [77.6602769, 12.9689502]]}"
way/462585123,yes,primary,LineString,"{""type"": ""LineString"", ""coordinates"": [[77.592167, 12.9560343], [77.5921979, 12.9561181]]}"
way/462585125,yes,primary,LineString,"{""type"": ""LineString"", ""coordinates"": [[77.5922594, 12.9559544], [77.5922039, 12.9558168], [77.592186, 12.9557723], [77.5921702, 12.9557334]]}"
way/462585126,yes,primary,LineString,"{""type"": ""LineString"", ""coordinates"": [[77.5922909, 12.9560371], [77.5922594, 12.9559544]]}"
way/463892952,yes,residential,LineString,"{""type"": ""LineString"", ""coordinates"": [[77.5858861, 13.0934955], [77.5862034, 13.0934731], [77.5862563, 13.0934694], [77.5863015, 13.0934662], [77.5865732, 13.0934471]]}"
way/464029434,yes,secondary,LineString,"{""type"": ""LineString"", ""coordinates"": [[77.5527572, 13.0001707], [77.5528022, 13.000302], [77.5530414, 13.0010661], [77.5531233, 13.0013579], [77.5531652, 13.0015861], [77.5532024, 13.0018947], [77.5532257, 13.0023595], [77.5536459, 13.0040737], [77.553685, 13.004233], [77.5537002, 13.0042957], [77.5537209, 13.0043811], [77.5537319, 13.0044212]]}"
way/464046709,yes,footway,LineString,"{""type"": ""LineString"", ""coordinates"": [[77.5884134, 12.9097924], [77.5883331, 12.9088747], [77.5878121, 12.9088602], [77.587814, 12.9088943], [77.587839, 12.9093451], [77.5879192, 12.9093396], [77.5879291, 12.9095815], [77.5879249, 12.9097082], [77.5879204, 12.9098224], [77.5884134, 12.9097924]]}"
way/464288502,yes,primary,LineString,"{""type"": ""LineString"", ""coordinates"": [[77.5488134, 13.0076617], [77.548801, 13.0075813], [77.5487687, 13.0073711], [77.5487278, 13.0070235], [77.5487224, 13.0066942], [77.5487398, 13.0064871], [77.5487692, 13.0063073], [77.5488004, 13.0061811], [77.5488141, 13.0061254], [77.5488442, 13.0060037], [77.5488669, 13.0059118], [77.5488808, 13.0058557], [77.548904, 13.0057109], [77.5489465, 13.0054448]]}"
way/464465165,yes,trunk,LineString,"{""type"": ""LineString"", ""coordinates"": [[77.6210467, 12.9196804], [77.6208506, 12.920006], [77.6206323, 12.9203687], [77.6204956, 12.9205958], [77.6202958, 12.9209276], [77.6202471, 12.9210144]]}"
way/464465169,yes,primary,LineString,"{""type"": ""LineString"", ""coordinates"": [[77.6379902, 12.9610053], [77.6369865, 12.9611561], [77.6367255, 12.9611953], [77.6362465, 12.9612856], [77.6359899, 12.9613474]]}"
way/464465170,yes,primary,LineString,"{""type"": ""LineString"", ""coordinates"": [[77.6358609, 12.9613845], [77.6357924, 12.9613989], [77.6354952, 12.9614581], [77.6351693, 12.9615195], [77.6348791, 12.9615641], [77.6344023, 12.9616352], [77.6343173, 12.9616479], [77.6339807, 12.961641], [77.6337444, 12.9615983], [77.6336173, 12.9615633], [77.6331054, 12.9614223], [77.6328061, 12.9613075], [77.6326669, 12.9612541], [77.6325023, 12.9611909], [77.6323415, 12.9611468], [77.6322184, 12.9611484], [77.6320253, 12.961188], [77.6305344, 12.961655], [77.6293411, 12.9620403], [77.6285226, 12.9622385], [77.6282615, 12.9623321], [77.6282467, 12.9623407], [77.6268029, 12.9631811], [77.6264458, 12.9633837], [77.6262755, 12.9635889], [77.6258, 12.9645072], [77.6252023, 12.9657377], [77.6251826, 12.9657846], [77.6251261, 12.965902], [77.6250911, 12.9659914], [77.6250737, 12.9660293], [77.625002, 12.96613], [77.6249247, 12.966181], [77.6248329, 12.9662206], [77.6230961, 12.9669713], [77.6227075, 12.9670923], [77.6224152, 12.9671566], [77.6218925, 12.9671979], [77.6216887, 12.9671879], [77.6208775, 12.9668366], [77.6206838, 12.9667429], [77.6206642, 12.9667334], [77.620586, 12.9666942]]}"
way/464465171,yes,primary,LineString,"{""type"": ""LineString"", ""coordinates"": [[77.6359898, 12.9614394], [77.636018, 12.9614332], [77.6364802, 12.9613344], [77.6367431, 12.9612878], [77.6370452, 12.9612349], [77.637966, 12.9610913], [77.6380163, 12.9610835]]}"
way/464465172,yes,primary,LineString,"{""type"": ""LineString"", ""coordinates"": [[77.6401385, 12.9608555], [77.6409739, 12.9607684], [77.6411141, 12.9607666], [77.6416033, 12.9607419], [77.6420854, 12.9606951], [77.6422626, 12.9606619]]}"
way/464465177,yes,primary,LineString,"{""type"": ""LineString"", ""coordinates"": [[77.6408126, 12.9784216], [77.6408118, 12.9785009], [77.6407979, 12.9788197], [77.6407924, 12.9789455], [77.6407902, 12.9789959], [77.6407473, 12.97998], [77.6406587, 12.9813904], [77.6405954, 12.9823975], [77.6405929, 12.9824372], [77.6405761, 12.9829234], [77.6405417, 12.98377], [77.6405308, 12.9840371]]}"
way/464711176,yes,trunk,LineString,"{""type"": ""LineString"", ""coordinates"": [[77.5588757, 13.0180838], [77.5586976, 13.0181852]]}"
way/465108600,yes,primary,LineString,"{""type"": ""LineString"", ""coordinates"": [[77.5862805, 13.1021379], [77.5861956, 13.1021824], [77.5859937, 13.1023503], [77.585327, 13.1029048], [77.5845763, 13.1035484], [77.5838448, 13.1042101], [77.5838096, 13.1042419], [77.5833714, 13.1046974], [77.582711, 13.1053871], [77.5823727, 13.1057618], [77.5822517, 13.1058735], [77.5821286, 13.106017], [77.5819684, 13.1062038], [77.5815946, 13.1066476], [77.5815772, 13.1066693], [77.5815542, 13.1066955], [77.581538, 13.1067162], [77.5814749, 13.1067968], [77.5814296, 13.1068547]]}"
way/465108615,yes,secondary,LineString,"{""type"": ""LineString"", ""coordinates"": [[77.577149, 13.099343], [77.5771639, 13.0992959], [77.5771733, 13.0992684], [77.5772466, 13.099055], [77.5772595, 13.0990158], [77.5772852, 13.0989381], [77.577343, 13.0987635], [77.5774195, 13.0985326], [77.5775464, 13.0982237], [77.5776595, 13.0979702], [77.5777768, 13.097757], [77.5778744, 13.0975795], [77.5779637, 13.097433], [77.5780687, 13.0972607], [77.5784589, 13.096664], [77.5786713, 13.0963896], [77.578887, 13.096111], [77.5789601, 13.0960333], [77.5791773, 13.0958077], [77.5793944, 13.0955822], [77.579479, 13.0954986], [77.5795178, 13.0954568], [77.5796718, 13.0952992], [77.5800774, 13.0949293], [77.5804906, 13.0946241], [77.5806663, 13.0944942], [77.5808781, 13.0943522], [77.581046, 13.0942413], [77.5812366, 13.0941179], [77.5814032, 13.0940152], [77.5816197, 13.0938988], [77.5819707, 13.0937281], [77.582204, 13.0936239], [77.5822566, 13.093604], [77.582365, 13.093563], [77.5824582, 13.0935278]]}"
way/465135510,yes,secondary,LineString,"{""type"": ""LineString"", ""coordinates"": [[77.5577197, 13.0184572], [77.5576514, 13.0183926], [77.5576191, 13.0183522], [77.5572953, 13.0178352], [77.5572501, 13.0177567]]}"
way/465689880,no,path,LineString,"{""type"": ""LineString"", ""coordinates"": [[77.6012414, 12.9155376], [77.6023328, 12.9155978], [77.6023325, 12.9155258], [77.6012486, 12.9154453], [77.6012414, 12.9155376]]}"
way/467249455,no,footway,LineString,"{""type"": ""LineString"", ""coordinates"": [[77.6098753, 12.9196244], [77.6098314, 12.9190746], [77.6098088, 12.918792], [77.6100243, 12.9187756], [77.6100469, 12.9190582], [77.6100907, 12.9196081], [77.6098753, 12.9196244]]}"
way/467717167,no,footway,LineString,"{""type"": ""LineString"", ""coordinates"": [[77.6445631, 12.9807345], [77.6447352, 12.9807486], [77.6449479, 12.980766], [77.6449686, 12.9805262], [77.6449884, 12.9802971], [77.6449905, 12.9802722], [77.6447777, 12.9802548], [77.6446056, 12.9802407], [77.6445837, 12.9804947], [77.6445631, 12.9807345]]}"
way/468270848,no,footway,LineString,"{""type"": ""LineString"", ""coordinates"": [[77.6915574, 12.9887724], [77.6913577, 12.9885277], [77.6912247, 12.988159], [77.691065, 12.9878128], [77.6909004, 12.9875022], [77.6908001, 12.987317], [77.6907426, 12.9871525], [77.6906397, 12.9869011], [77.6907246, 12.9867594], [77.6908666, 12.9865638], [77.6911207, 12.9866211], [77.6912781, 12.9865946], [77.6914462, 12.9866203], [77.691868, 12.9864746], [77.6921293, 12.9863556], [77.6925687, 12.9861324], [77.692727, 12.9860276], [77.6928153, 12.9859002], [77.6928594, 12.985862], [77.6928746, 12.9858334], [77.6929446, 12.9857169], [77.6930117, 12.9856472], [77.693285, 12.9853951], [77.6935285, 12.9852286], [77.6938045, 12.98504], [77.6944284, 12.9844098], [77.6944343, 12.9852184], [77.6944375, 12.9854577], [77.6939714, 12.9855993], [77.6936404, 12.9858273], [77.693624, 12.9860422], [77.6935732, 12.9862353], [77.6935647, 12.986331], [77.6936005, 12.9864438], [77.6935889, 12.9872993], [77.6935995, 12.9879446], [77.6936144, 12.9880876], [77.6936206, 12.988398], [77.6936216, 12.9884896], [77.6936008, 12.9885898], [77.6935445, 12.9886151], [77.6934254, 12.9886464], [77.6933114, 12.988673], [77.6930901, 12.9887637], [77.6928042, 12.9888664], [77.6925331, 12.9889547], [77.6922767, 12.9890412], [77.6920378, 12.9891227]]}"
way/468270849,no,footway,LineString,"{""type"": ""LineString"", ""coordinates"": [[77.6920378, 12.9891227], [77.6918454, 12.9891468], [77.6916798, 12.9889051], [77.6915574, 12.9887724]]}"
way/468464539,yes,service,LineString,"{""type"": ""LineString"", ""coordinates"": [[77.565149, 13.0308806], [77.5651626, 13.0311071], [77.5651849, 13.0313565], [77.5652345, 13.0313525], [77.5657933, 13.0313144], [77.5657788, 13.0310719], [77.5657474, 13.0307086], [77.5652273, 13.0307584]]}"
way/469215359,yes,service,LineString,"{""type"": ""LineString"", ""coordinates"": [[77.6949583, 12.9349474], [77.6933699, 12.9348901]]}"
way/469215360,yes,service,LineString,"{""type"": ""LineString"", ""coordinates"": [[77.6933699, 12.9348901], [77.6933839, 12.9346806], [77.6933341, 12.9345624], [77.6933871, 12.9339026], [77.6938676, 12.9339263], [77.6939212, 12.9334135], [77.6939409, 12.9330898], [77.6934606, 12.9330306], [77.6933871, 12.9339026]]}"
way/469217113,yes,footway,LineString,"{""type"": ""LineString"", ""coordinates"": [[77.6158523, 12.9415083], [77.6154245, 12.940809], [77.6157276, 12.940579], [77.6159298, 12.9411743], [77.6158523, 12.9415083]]}"
way/469809836,yes,secondary,LineString,"{""type"": ""LineString"", ""coordinates"": [[77.5628294, 12.9824565], [77.5626236, 12.9824831]]}"
way/469809837,yes,secondary,LineString,"{""type"": ""LineString"", ""coordinates"": [[77.562931, 12.982571], [77.5630442, 12.9825532], [77.5636143, 12.98247], [77.5647128, 12.9823054], [77.5647713, 12.9822942], [77.5649909, 12.9822523], [77.5658292, 12.9820922], [77.5660584, 12.9820495], [77.5661893, 12.981962]]}"
way/469809838,yes,secondary,LineString,"{""type"": ""LineString"", ""coordinates"": [[77.5626236, 12.9824831], [77.5625276, 12.9824928], [77.5625027, 12.9824937]]}"
way/469809839,yes,secondary,LineString,"{""type"": ""LineString"", ""coordinates"": [[77.5616789, 12.9826417], [77.5617051, 12.9826369], [77.5621463, 12.982597], [77.5622032, 12.9825977], [77.5623978, 12.9826205], [77.5624563, 12.9826229], [77.56254, 12.9826155], [77.5626893, 12.9825994], [77.5627378, 12.9825948]]}"
way/469809840,yes,secondary,LineString,"{""type"": ""LineString"", ""coordinates"": [[77.5627378, 12.9825948], [77.562931, 12.982571]]}"
way/470183213,no,pedestrian,LineString,"{""type"": ""LineString"", ""coordinates"": [[77.5436122, 13.0099447], [77.5436176, 13.0099035], [77.5435844, 13.009894], [77.5435202, 13.0099066], [77.5434562, 13.0099919], [77.543461, 13.0100761], [77.5434786, 13.0102292], [77.5434757, 13.0102848], [77.5435433, 13.0103073], [77.5435719, 13.0102093], [77.54364, 13.0101685], [77.5436122, 13.0099447]]}"
way/473936642,yes,footway,LineString,"{""type"": ""LineString"", ""coordinates"": [[77.5989488, 12.908759], [77.5991197, 12.9071206], [77.5992899, 12.9071375], [77.5991196, 12.9087704]]}"
way/473936643,yes,footway,LineString,"{""type"": ""LineString"", ""coordinates"": [[77.5985344, 12.9126464], [77.5987707, 12.9106257], [77.5989124, 12.910643], [77.5986998, 12.9126407], [77.5985344, 12.9126464]]}"
way/476953452,yes,primary,LineString,"{""type"": ""LineString"", ""coordinates"": [[77.6602769, 12.9689502], [77.6603765, 12.9687992], [77.6604666, 12.9686084], [77.6615244, 12.9670177], [77.66154, 12.9669941], [77.661626, 12.9668642], [77.6616619, 12.9668099]]}"
way/479244934,yes,primary,LineString,"{""type"": ""LineString"", ""coordinates"": [[77.638925, 12.9609979], [77.6395894, 12.9609229], [77.639884, 12.9608909], [77.6401385, 12.9608555]]}"
way/479245734,yes,primary,LineString,"{""type"": ""LineString"", ""coordinates"": [[77.648069, 12.9870248], [77.6480625, 12.9869246], [77.6480567, 12.9868192], [77.6480537, 12.986735], [77.6480531, 12.9866348], [77.6480871, 12.9862575], [77.6480966, 12.9861441], [77.6481966, 12.9857456], [77.6483604, 12.9853588], [77.6491329, 12.9840285], [77.6492885, 12.9837593], [77.6493502, 12.9836365], [77.6494494, 12.9834561], [77.6495406, 12.9833091], [77.6496664, 12.9831127], [77.6503865, 12.9819446], [77.6504225, 12.981893], [77.6507275, 12.9814288], [77.6507641, 12.9813778], [77.6512678, 12.9807035], [77.6518419, 12.9799747], [77.6520102, 12.9797969], [77.6526707, 12.9790992], [77.653631, 12.978072], [77.6547271, 12.9769626], [77.6548016, 12.9768878], [77.6551365, 12.9765413], [77.6554227, 12.9762581], [77.6557018, 12.9759497], [77.6557303, 12.9759182], [77.6560047, 12.9756151], [77.6563185, 12.9752335], [77.656845, 12.9745617], [77.6572356, 12.973978], [77.657488, 12.973579], [77.6579802, 12.9727217], [77.6584187, 12.9719088], [77.6584831, 12.971786], [77.6585622, 12.9716363], [77.658571, 12.9716207], [77.6586786, 12.9714306]]}"
way/479245735,yes,primary,LineString,"{""type"": ""LineString"", ""coordinates"": [[77.6585918, 12.9714533], [77.6585084, 12.9715895], [77.6584972, 12.9716076], [77.6583189, 12.9719508]]}"
way/487589131,limited,tertiary,LineString,"{""type"": ""LineString"", ""coordinates"": [[77.5946401, 13.1023606], [77.5949247, 13.1023683], [77.5952562, 13.1023901], [77.5954293, 13.1024262], [77.5954481, 13.1024351], [77.5956196, 13.1024887], [77.5956866, 13.1024995], [77.5959104, 13.1025356], [77.5961056, 13.1025671], [77.596221, 13.1026015], [77.5962584, 13.1026227], [77.596314, 13.1026458], [77.5967255, 13.1027743], [77.5969715, 13.102844], [77.5973787, 13.1029583], [77.5974966, 13.1029914], [77.598103, 13.1031617], [77.5981441, 13.1031732], [77.5990207, 13.1034814], [77.5991567, 13.1035215], [77.5994163, 13.103598], [77.5995004, 13.1036228], [77.5999542, 13.1037185], [77.6000901, 13.1037498]]}"
way/492214417,yes,motorway,LineString,"{""type"": ""LineString"", ""coordinates"": [[77.5317136, 12.9365101], [77.5315767, 12.9356872], [77.5313966, 12.9347151]]}"
way/492214418,yes,motorway,LineString,"{""type"": ""LineString"", ""coordinates"": [[77.5317301, 12.9366117], [77.5317206, 12.9365521], [77.5317136, 12.9365101]]}"
way/492214419,yes,motorway,LineString,"{""type"": ""LineString"", ""coordinates"": [[77.5311839, 12.936595], [77.5311881, 12.936639], [77.5311999, 12.9366966]]}"
way/492214420,yes,motorway,LineString,"{""type"": ""LineString"", ""coordinates"": [[77.531283, 12.9347243], [77.5311615, 12.9363596], [77.5311839, 12.936595]]}"
way/492217268,yes,primary,LineString,"{""type"": ""LineString"", ""coordinates"": [[77.548996, 13.0088581], [77.5489773, 13.0087357], [77.5488746, 13.0080642], [77.5488654, 13.0080037], [77.548837, 13.0078182]]}"
way/492431223,yes,secondary,LineString,"{""type"": ""LineString"", ""coordinates"": [[77.6408171, 12.9783368], [77.6407243, 12.9783328], [77.6402096, 12.9783131], [77.6393756, 12.9782856], [77.6393133, 12.9782817]]}"
way/492431226,yes,secondary,LineString,"{""type"": ""LineString"", ""coordinates"": [[77.640913, 12.9784242], [77.6410162, 12.9784262], [77.6414352, 12.9784436], [77.6428734, 12.9785034], [77.644178, 12.9785481], [77.6457121, 12.9785895], [77.6461442, 12.9786043], [77.6463813, 12.9786144], [77.6464261, 12.9786163], [77.6464966, 12.9786193], [77.6465319, 12.9786198], [77.6465855, 12.9786208]]}"
way/492434747,yes,motorway,LineString,"{""type"": ""LineString"", ""coordinates"": [[77.6559206, 12.8587779], [77.6558117, 12.8588197], [77.6557725, 12.8588346]]}"
way/492434748,yes,motorway,LineString,"{""type"": ""LineString"", ""coordinates"": [[77.6610344, 12.8577524], [77.6608496, 12.8577458], [77.6606256, 12.8577489], [77.6604392, 12.8577614], [77.660231, 12.8577843], [77.659827, 12.8578614], [77.6576053, 12.8583575], [77.6574679, 12.8583891], [77.6573447, 12.8584175], [77.6563131, 12.8586551], [77.6562029, 12.8586896], [77.6560925, 12.8587244], [77.6559206, 12.8587779]]}"
way/492438845,yes,primary,LineString,"{""type"": ""LineString"", ""coordinates"": [[77.5486415, 13.0078098], [77.5486681, 13.0079862], [77.5487745, 13.0085371], [77.5488221, 13.0087549], [77.5488723, 13.0089354]]}"
way/498550317,yes,primary,LineString,"{""type"": ""LineString"", ""coordinates"": [[77.6415604, 12.9606482], [77.6406873, 12.9607141], [77.6399952, 12.9607915], [77.6395733, 12.9608386], [77.6389179, 12.96091]]}"
way/498842449,yes,primary,LineString,"{""type"": ""LineString"", ""coordinates"": [[77.7420454, 12.9570213], [77.7433507, 12.9570098], [77.743603, 12.9569764], [77.7436432, 12.9569711], [77.7439395, 12.9569041], [77.7443963, 12.9567889]]}"
way/503306678,yes,tertiary,LineString,"{""type"": ""LineString"", ""coordinates"": [[77.5512197, 12.9970786], [77.5511868, 12.9972433], [77.5511214, 12.9975553], [77.5510988, 12.9976504]]}"
way/503306679,yes,tertiary,LineString,"{""type"": ""LineString"", ""coordinates"": [[77.5527414, 12.9948969], [77.5527562, 12.9951376]]}"
way/503401183,yes,secondary,LineString,"{""type"": ""LineString"", ""coordinates"": [[77.5491919, 13.0039099], [77.5490538, 13.0039022]]}"
way/503401184,yes,tertiary,LineString,"{""type"": ""LineString"", ""coordinates"": [[77.5500211, 13.0038081], [77.5500034, 13.0039233], [77.5499958, 13.0039696]]}"
way/503401185,yes,tertiary,LineString,"{""type"": ""LineString"", ""coordinates"": [[77.5510566, 12.9978154], [77.5510411, 12.9978937], [77.5510346, 12.9979266]]}"
way/503401186,yes,tertiary,LineString,"{""type"": ""LineString"", ""coordinates"": [[77.5510722, 12.9977445], [77.5510566, 12.9978154]]}"
way/503401187,yes,secondary,LineString,"{""type"": ""LineString"", ""coordinates"": [[77.5509804, 12.9977251], [77.5505308, 12.9976301], [77.5504284, 12.9976051]]}"
way/503401204,yes,primary,LineString,"{""type"": ""LineString"", ""coordinates"": [[77.5959018, 12.9814729], [77.5958855, 12.9814777], [77.5957648, 12.9815139], [77.595721, 12.9815295], [77.5956352, 12.9815585], [77.5949609, 12.9817965], [77.5949523, 12.9817996], [77.5949211, 12.981811], [77.5947827, 12.9818592]]}"
way/504765854,yes,residential,LineString,"{""type"": ""LineString"", ""coordinates"": [[77.5814032, 13.0940152], [77.5813798, 13.0939664], [77.5812313, 13.0936569], [77.5811469, 13.0934695]]}"
way/504765857,yes,residential,LineString,"{""type"": ""LineString"", ""coordinates"": [[77.582204, 13.0936239], [77.582183, 13.0935839], [77.5821182, 13.0934389], [77.5820879, 13.0933766], [77.5819594, 13.0930833], [77.5818206, 13.0927516]]}"
way/505288036,yes,residential,LineString,"{""type"": ""LineString"", ""coordinates"": [[77.5982814, 13.0634696], [77.5985629, 13.0633841], [77.5986084, 13.0633941], [77.5986349, 13.0634231], [77.5986495, 13.0635404]]}"
way/505295946,yes,residential,LineString,"{""type"": ""LineString"", ""coordinates"": [[77.6012228, 13.0551479], [77.6011411, 13.0547376]]}"
way/505299497,yes,residential,LineString,"{""type"": ""LineString"", ""coordinates"": [[77.5924181, 13.0679108], [77.5923966, 13.0679256], [77.5923862, 13.0679707], [77.5923876, 13.0680261], [77.5923971, 13.0680822], [77.5924059, 13.0682042], [77.5924345, 13.0684309], [77.5924468, 13.0685189], [77.592479, 13.068556], [77.5926615, 13.0686284], [77.5927991, 13.0687438]]}"
way/505299499,yes,residential,LineString,"{""type"": ""LineString"", ""coordinates"": [[77.5927163, 13.0673899], [77.5923003, 13.0673965], [77.592247, 13.067397], [77.5921883, 13.0673907], [77.5921023, 13.0673903]]}"
way/505299500,yes,residential,LineString,"{""type"": ""LineString"", ""coordinates"": [[77.5918267, 13.066464], [77.5919148, 13.066827], [77.5921773, 13.066898], [77.5923723, 13.0669394], [77.5924444, 13.066997], [77.5925211, 13.0670166], [77.592822, 13.0670227], [77.5928913, 13.0669793], [77.5929574, 13.0669633]]}"
way/508443705,yes,primary,LineString,"{""type"": ""LineString"", ""coordinates"": [[77.6546848, 12.9769234], [77.6545805, 12.9770343], [77.6545286, 12.9770887], [77.6540869, 12.9775518], [77.6537141, 12.977923], [77.6532335, 12.9784236], [77.6530892, 12.9785738], [77.6527593, 12.9789084], [77.6526478, 12.9790234], [77.6523033, 12.9793788], [77.6520779, 12.9796184], [77.6519875, 12.9797145], [77.651954, 12.9797501], [77.6518312, 12.9798806], [77.6516676, 12.9800767], [77.6512063, 12.980636], [77.6511097, 12.9807562], [77.6506924, 12.9813458]]}"
way/510972416,yes,trunk,LineString,"{""type"": ""LineString"", ""coordinates"": [[77.5559878, 13.0158918], [77.5557147, 13.0157122]]}"
way/513345363,yes,trunk,LineString,"{""type"": ""LineString"", ""coordinates"": [[77.6874805, 12.8207201], [77.6883966, 12.8197614], [77.6887464, 12.8193828], [77.689143, 12.8189393], [77.6896695, 12.8182743], [77.6906569, 12.8170311]]}"
way/513345365,yes,trunk,LineString,"{""type"": ""LineString"", ""coordinates"": [[77.687344, 12.8206701], [77.6868294, 12.8212117], [77.685979, 12.8221095], [77.6855451, 12.8225676], [77.6848388, 12.8233209], [77.6844115, 12.8237766], [77.684176, 12.8240512], [77.6840293, 12.824231], [77.6836551, 12.8246895]]}"
way/513345366,yes,trunk,LineString,"{""type"": ""LineString"", ""coordinates"": [[77.6906569, 12.8170311], [77.6930594, 12.8140186], [77.6931049, 12.8139637], [77.6976689, 12.8082333], [77.6978211, 12.8080423], [77.6980904, 12.8077043], [77.6998025, 12.8055556], [77.7004169, 12.8048187], [77.7005269, 12.8046872]]}"
way/515233982,yes,path,LineString,"{""type"": ""LineString"", ""coordinates"": [[77.5619164, 13.1089312], [77.5616904, 13.1093145], [77.561449, 13.1097528], [77.5611915, 13.1101186], [77.5609984, 13.1104425], [77.5608214, 13.1107194], [77.5607169, 13.1108832], [77.5606658, 13.1109633], [77.5605532, 13.1111984], [77.5603708, 13.1114439], [77.560234, 13.111607]]}"
way/515233983,yes,path,LineString,"{""type"": ""LineString"", ""coordinates"": [[77.5599733, 13.1133924], [77.5599845, 13.1134053], [77.5601347, 13.113724], [77.560249, 13.113894], [77.5603869, 13.1139643], [77.5605478, 13.11398], [77.5607463, 13.1140009], [77.5609823, 13.1139957], [77.5612184, 13.1139382], [77.5630101, 13.1135307], [77.5636588, 13.1132678], [77.564067, 13.1131023], [77.5643739, 13.112968], [77.5648352, 13.1127277], [77.5652214, 13.1125344], [77.5655349, 13.112388], [77.5656131, 13.1123515], [77.5660637, 13.1121687], [77.5662138, 13.1119727], [77.5656882, 13.1114403], [77.565436, 13.1110537], [77.5652161, 13.1105874], [77.5651209, 13.1102579], [77.5651249, 13.1099053], [77.565141, 13.1095891], [77.5651678, 13.1092756], [77.5651866, 13.1090659], [77.5647226, 13.1090358], [77.5641915, 13.109041], [77.5638428, 13.1090045], [77.5631561, 13.1090619], [77.5626573, 13.1090097], [77.5623622, 13.1089836], [77.5619164, 13.1089312]]}"
way/519734960,yes,primary,LineString,"{""type"": ""LineString"", ""coordinates"": [[77.6213794, 12.9188054], [77.6214152, 12.9188463], [77.6215249, 12.9189401], [77.6216117, 12.919024], [77.6216997, 12.9190728], [77.6218761, 12.9191001], [77.6220452, 12.9190668], [77.62218, 12.9190028], [77.6222926, 12.9188884], [77.622398, 12.9187445], [77.6225295, 12.9185042], [77.6226139, 12.9183288], [77.6227173, 12.9181046]]}"
way/531278300,yes,tertiary,LineString,"{""type"": ""LineString"", ""coordinates"": [[77.5526457, 12.9931179], [77.5526563, 12.9933481], [77.5526601, 12.993431], [77.552668, 12.9936046], [77.5526743, 12.9937461], [77.5526908, 12.9941009], [77.5526943, 12.9941767], [77.5527036, 12.9943801]]}"
way/531499637,yes,service,LineString,"{""type"": ""LineString"", ""coordinates"": [[77.7295, 12.993677], [77.7283264, 12.9934139], [77.7282829, 12.9934041], [77.7281967, 12.9933848], [77.7281477, 12.9933852], [77.7279454, 12.9933869], [77.7277471, 12.9933886], [77.7276541, 12.9933869], [77.7276127, 12.9933862], [77.7275747, 12.9933855], [77.727517, 12.9934895], [77.7273032, 12.9937915], [77.7273988, 12.9938462], [77.7274687, 12.9939686], [77.7275273, 12.994115], [77.7276476, 12.994375], [77.7277651, 12.9944623], [77.7279372, 12.9945902], [77.728207, 12.9947201], [77.7284493, 12.9948086], [77.7286706, 12.9948895], [77.7288209, 12.9948341]]}"
way/532195159,yes,residential,LineString,"{""type"": ""LineString"", ""coordinates"": [[77.6450749, 12.9801498], [77.6450627, 12.980302], [77.645021, 12.9808215]]}"
way/532641800,yes,tertiary,LineString,"{""type"": ""LineString"", ""coordinates"": [[77.549336, 13.0039688], [77.5493463, 13.0038951], [77.5493536, 13.0038427], [77.5495916, 13.0023016], [77.5498977, 13.0003287], [77.5499137, 13.0002364], [77.5499266, 13.0001617], [77.5500272, 12.9995794]]}"
way/536548246,no,footway,LineString,"{""type"": ""LineString"", ""coordinates"": [[77.5754592, 13.0625041], [77.5753338, 13.0626646]]}"
way/543259500,yes,tertiary,LineString,"{""type"": ""LineString"", ""coordinates"": [[77.6695689, 12.922901], [77.6696546, 12.9229427], [77.6699402, 12.9230858], [77.6702086, 12.9232134], [77.6702665, 12.9232396], [77.6707038, 12.9234192], [77.670801, 12.9234653], [77.6713199, 12.9237112], [77.6718437, 12.923947]]}"
way/543259514,yes,tertiary,LineString,"{""type"": ""LineString"", ""coordinates"": [[77.6762307, 12.926016], [77.6762416, 12.9260693], [77.6763522, 12.9267537], [77.6763617, 12.926814], [77.6764153, 12.9270829], [77.6764465, 12.9272824], [77.6764817, 12.9274579], [77.6765189, 12.9276388], [77.6765302, 12.9277776], [77.6765381, 12.9280545], [77.6765356, 12.9282997], [77.6765233, 12.9285284], [77.6765162, 12.9286845], [77.6764817, 12.9289817], [77.6764421, 12.9293184], [77.6764146, 12.9294941], [77.6763961, 12.9296356], [77.6763901, 12.9296676]]}"
way/543271083,yes,secondary,LineString,"{""type"": ""LineString"", ""coordinates"": [[77.6465944, 12.9785359], [77.6465855, 12.9786208]]}"
way/543271084,yes,secondary,LineString,"{""type"": ""LineString"", ""coordinates"": [[77.6465855, 12.9786208], [77.646573, 12.978677], [77.6465071, 12.9789737], [77.6464567, 12.9791928], [77.6464415, 12.9792587], [77.6464271, 12.9793269], [77.6462445, 12.9801936], [77.6461102, 12.9807946], [77.64607, 12.9809746], [77.6460148, 12.9812376], [77.6458987, 12.9817613], [77.6458822, 12.9818406], [77.6458239, 12.9821214], [77.6457626, 12.9824117], [77.6456914, 12.9827188], [77.6456797, 12.9827768], [77.6455572, 12.9833844], [77.6455396, 12.9834676], [77.6453474, 12.9843479], [77.6451556, 12.9852557]]}"
way/544743185,yes,tertiary,LineString,"{""type"": ""LineString"", ""coordinates"": [[77.5506806, 12.9998252], [77.5510046, 12.9998819], [77.5512699, 12.9999359], [77.5518868, 13.0000649], [77.5520137, 13.0000956], [77.552533, 13.0001956], [77.5527572, 13.0001707]]}"
way/544755517,yes,primary,LineString,"{""type"": ""LineString"", ""coordinates"": [[77.5710712, 12.9798903], [77.5710622, 12.9797952], [77.5710563, 12.9797337], [77.5709464, 12.9785805], [77.5708902, 12.9773154], [77.5709606, 12.9768116]]}"
way/544756032,yes,residential,LineString,"{""type"": ""LineString"", ""coordinates"": [[77.5565125, 12.9911247], [77.5565012, 12.9901507]]}"
way/544756982,yes,primary,LineString,"{""type"": ""LineString"", ""coordinates"": [[77.5661893, 12.981962], [77.5663167, 12.9819724], [77.5663435, 12.9819762], [77.5663997, 12.9819843], [77.5664816, 12.9819957], [77.5665758, 12.9820184], [77.5666427, 12.9820346], [77.5676403, 12.9823633], [77.5676923, 12.9823764]]}"
way/544756983,yes,primary,LineString,"{""type"": ""LineString"", ""coordinates"": [[77.5681295, 12.9825477], [77.5683446, 12.9826228], [77.5684089, 12.9826493], [77.5684777, 12.9826848], [77.5685012, 12.9826985], [77.5686447, 12.9827822]]}"
way/544761378,yes,primary,LineString,"{""type"": ""LineString"", ""coordinates"": [[77.6065448, 12.9778453], [77.6065127, 12.9778559], [77.6058586, 12.9780797]]}"
way/544761850,yes,residential,LineString,"{""type"": ""LineString"", ""coordinates"": [[77.5590056, 13.0094015], [77.559631, 13.009397]]}"
way/544761851,yes,residential,LineString,"{""type"": ""LineString"", ""coordinates"": [[77.5590157, 13.009721], [77.5595269, 13.0097273]]}"
way/544948980,yes,secondary,LineString,"{""type"": ""LineString"", ""coordinates"": [[77.5578315, 12.9909822], [77.5577555, 12.9910966], [77.5570138, 12.9921725], [77.5568417, 12.9923944], [77.5568314, 12.9924077], [77.5562171, 12.9931944], [77.5562041, 12.9932175], [77.556075, 12.9934479], [77.5559174, 12.9936785], [77.5557263, 12.993925], [77.5557083, 12.9939574], [77.5555117, 12.9942306], [77.5554487, 12.9943116], [77.555265, 12.994607], [77.5550879, 12.9948866], [77.5548304, 12.9953962], [77.5544764, 12.9960653], [77.554404, 12.9961999], [77.5542471, 12.9963842], [77.5540955, 12.9965671], [77.5538125, 12.9968886], [77.5536245, 12.9971317], [77.5535338, 12.997249], [77.553511, 12.9972785], [77.5534972, 12.9972964], [77.5530419, 12.9980708], [77.5529918, 12.9981561]]}"
way/545164786,yes,footway,LineString,"{""type"": ""LineString"", ""coordinates"": [[77.5496798, 12.9996618], [77.5497309, 12.9997098], [77.5496786, 12.999996], [77.5499274, 13.0000339], [77.5500206, 13.0001195]]}"
way/545164787,yes,footway,LineString,"{""type"": ""LineString"", ""coordinates"": [[77.5495773, 12.9995708], [77.5495254, 12.9995227], [77.5495391, 12.9994615]]}"
way/545215295,yes,tertiary,LineString,"{""type"": ""LineString"", ""coordinates"": [[77.578887, 13.096111], [77.5789325, 13.0961519], [77.5791146, 13.0963157], [77.5793005, 13.0964798], [77.5795584, 13.0967074], [77.5803204, 13.0973799], [77.5811076, 13.0980746], [77.581489, 13.0984112], [77.581777, 13.0986654]]}"
way/545215296,yes,residential,LineString,"{""type"": ""LineString"", ""coordinates"": [[77.5807765, 13.0936636], [77.5810231, 13.0941934], [77.581046, 13.0942413]]}"
way/545217639,no,residential,LineString,"{""type"": ""LineString"", ""coordinates"": [[77.5849845, 13.0977476], [77.5844678, 13.0979409], [77.5844133, 13.097962]]}"
way/545806408,yes,secondary_link,LineString,"{""type"": ""LineString"", ""coordinates"": [[77.5544896, 13.0097573], [77.5545073, 13.0095611], [77.5545121, 13.0093601], [77.5545011, 13.0085089], [77.5544889, 13.0082272], [77.5544877, 13.0082004], [77.5544866, 13.008169], [77.5544869, 13.0077405], [77.5544663, 13.0072828], [77.5544089, 13.0071796]]}"
way/545806412,yes,secondary,LineString,"{""type"": ""LineString"", ""coordinates"": [[77.5542773, 13.0060796], [77.5542602, 13.0060124], [77.5542039, 13.0057904], [77.5541264, 13.0054855], [77.5539802, 13.0049066], [77.5538815, 13.0045175], [77.5538738, 13.0044871], [77.5538542, 13.0044052], [77.5538145, 13.0042804], [77.5536928, 13.003815], [77.5535855, 13.0034192], [77.5534974, 13.0030942], [77.5533104, 13.0023711]]}"
way/545806414,yes,tertiary,LineString,"{""type"": ""LineString"", ""coordinates"": [[77.5483474, 13.0038626], [77.5481077, 13.0038406], [77.5479825, 13.0038045], [77.5473976, 13.0034686], [77.5470086, 13.0031927], [77.5467369, 13.0030162], [77.5463968, 13.0028019], [77.5458246, 13.0024189], [77.5451718, 13.0022438], [77.5448031, 13.0021321], [77.5446959, 13.0020996], [77.5444171, 13.0020295]]}"
way/546327978,yes,primary,LineString,"{""type"": ""LineString"", ""coordinates"": [[77.6807423, 12.954497], [77.6819894, 12.9545631], [77.6822831, 12.9545788], [77.6823283, 12.9545827], [77.6826943, 12.9546175], [77.6837918, 12.9547249], [77.6877992, 12.9551505], [77.6880547, 12.9551851]]}"
way/546327982,yes,primary,LineString,"{""type"": ""LineString"", ""coordinates"": [[77.6894265, 12.9553176], [77.6893789, 12.9553106], [77.6885722, 12.9551928], [77.6880686, 12.9551112], [77.6878136, 12.9550716], [77.6837998, 12.9546493], [77.6828471, 12.9545521], [77.6823385, 12.9545003], [77.682291, 12.9544984], [77.6807515, 12.9543972], [77.6803885, 12.9543811], [77.6801387, 12.9544194], [77.6800391, 12.9544524], [77.6800135, 12.9544597], [77.679888, 12.9545128], [77.6798569, 12.9545261], [77.679764, 12.9545691]]}"
way/546337309,yes,residential,LineString,"{""type"": ""LineString"", ""coordinates"": [[77.6252197, 13.0040997], [77.6252277, 13.0040828], [77.6252324, 13.0040638], [77.6252304, 13.0040377], [77.6250095, 13.0035075], [77.6248428, 13.0031314]]}"
way/546337310,yes,residential,LineString,"{""type"": ""LineString"", ""coordinates"": [[77.6243954, 13.0032932], [77.6244064, 13.0032892], [77.6248428, 13.0031314]]}"
way/546337311,yes,residential,LineString,"{""type"": ""LineString"", ""coordinates"": [[77.6245639, 13.0036841], [77.6245745, 13.0036799], [77.6250095, 13.0035075]]}"
way/546337312,yes,residential,LineString,"{""type"": ""LineString"", ""coordinates"": [[77.6252197, 13.0040997], [77.624804, 13.0042382], [77.6247812, 13.0042458]]}"
way/546545321,no,footway,LineString,"{""type"": ""LineString"", ""coordinates"": [[77.6088477, 12.9150417], [77.6086872, 12.9150312], [77.6085444, 12.915013], [77.6083608, 12.9149859], [77.6083769, 12.9144682], [77.6088719, 12.9144941], [77.6090064, 12.9145011], [77.6089951, 12.9147543], [77.6089818, 12.915052], [77.6088477, 12.9150417]]}"
way/547582125,yes,footway,LineString,"{""type"": ""LineString"", ""coordinates"": [[77.6936404, 12.9858273], [77.6936139, 12.9855123], [77.6935285, 12.9852286]]}"
way/549686051,yes,tertiary,LineString,"{""type"": ""LineString"", ""coordinates"": [[77.5490538, 13.0039022], [77.5489733, 13.0038979], [77.5489234, 13.0038951], [77.5489101, 13.0038943], [77.5483474, 13.0038626]]}"
way/552036745,yes,residential,LineString,"{""type"": ""LineString"", ""coordinates"": [[77.7004154, 12.991157], [77.6993224, 12.9913988], [77.6990743, 12.9914473], [77.6986783, 12.9915248]]}"
way/552801062,yes,residential,LineString,"{""type"": ""LineString"", ""coordinates"": [[77.6454728, 12.981039], [77.6454729, 12.9809818], [77.6454752, 12.980756]]}"
way/552801723,yes,living_street,LineString,"{""type"": ""LineString"", ""coordinates"": [[77.6454752, 12.980756], [77.6460713, 12.9807647]]}"
way/552810586,yes,residential,LineString,"{""type"": ""LineString"", ""coordinates"": [[77.6454752, 12.980756], [77.6455364, 12.9801829], [77.6455449, 12.9801055], [77.6455863, 12.9797282], [77.6456347, 12.9792931], [77.6456412, 12.9792336], [77.6456491, 12.9791609], [77.6457061, 12.9786365], [77.6457121, 12.9785895], [77.6457201, 12.9785057]]}"
way/553447543,yes,primary,LineString,"{""type"": ""LineString"", ""coordinates"": [[77.591551, 12.9544331], [77.5917316, 12.954921], [77.5919637, 12.955483], [77.5919688, 12.9555023], [77.5920239, 12.9556442]]}"
way/554800548,yes,residential,LineString,"{""type"": ""LineString"", ""coordinates"": [[77.5783133, 12.9106426], [77.5778586, 12.910755], [77.577838, 12.910773], [77.5778275, 12.9108129], [77.57783, 12.9109565]]}"
way/555925440,yes,service,LineString,"{""type"": ""LineString"", ""coordinates"": [[77.4374442, 12.8627661], [77.4376358, 12.8626883], [77.4377871, 12.8626212], [77.437815, 12.8626069], [77.4381545, 12.8624627], [77.4385846, 12.8622807], [77.4388699, 12.8621566], [77.4391584, 12.8620771], [77.4392773, 12.8620596], [77.4393318, 12.8620793], [77.4394341, 12.8620488], [77.4394845, 12.8620557], [77.4395404, 12.8620634], [77.4396383, 12.8621168], [77.4396981, 12.86215], [77.4397836, 12.8621402], [77.4399517, 12.8620771], [77.4401161, 12.8620086]]}"
way/555925442,yes,service,LineString,"{""type"": ""LineString"", ""coordinates"": [[77.439871, 12.860604], [77.441633, 12.8597901], [77.4425463, 12.8593717], [77.4426368, 12.8592631], [77.4427413, 12.8589326], [77.4426415, 12.8586654], [77.4425765, 12.8585126], [77.4423766, 12.8581011], [77.4420915, 12.8582274], [77.441967, 12.8583102], [77.4418161, 12.8584205], [77.4416539, 12.8585382], [77.441486, 12.8586541], [77.4412993, 12.8587644], [77.4411371, 12.8588434], [77.4409824, 12.8589133], [77.4407787, 12.8589703], [77.4405694, 12.85902], [77.4403597, 12.8590881], [77.4401173, 12.8591322], [77.4398237, 12.8591789], [77.4397147, 12.8591955], [77.4396025, 12.8592224], [77.4395133, 12.8592412], [77.4394994, 12.8592441]]}"
way/555925448,yes,service,LineString,"{""type"": ""LineString"", ""coordinates"": [[77.4380926, 12.8606142], [77.4380823, 12.8607138], [77.4380877, 12.8607664], [77.4380931, 12.8608086], [77.4380931, 12.8608481], [77.4380931, 12.8609007], [77.4380877, 12.8609429], [77.4380769, 12.8610192], [77.4380688, 12.8610666], [77.4380553, 12.8611035], [77.4380607, 12.861164], [77.4380607, 12.8612299], [77.4380607, 12.861272], [77.4380715, 12.8613273], [77.4380823, 12.8613826], [77.4380823, 12.8614326], [77.4380715, 12.8614695], [77.4380256, 12.8614932], [77.4379365, 12.8615537], [77.43785, 12.8616143], [77.4377879, 12.8616696], [77.4377447, 12.8617144], [77.437661, 12.8617697], [77.4375741, 12.8618041]]}"
way/555927964,yes,footway,LineString,"{""type"": ""LineString"", ""coordinates"": [[77.4375741, 12.8618041], [77.4376257, 12.861935], [77.4376661, 12.8620313], [77.437702, 12.8621233], [77.4377245, 12.8622197], [77.4377739, 12.8623773], [77.4377964, 12.8624649], [77.4377871, 12.8626212]]}"
way/555955478,yes,footway,LineString,"{""type"": ""LineString"", ""coordinates"": [[77.4400269, 12.8623851], [77.4402628, 12.8622865], [77.4403749, 12.8622184], [77.4405394, 12.8621358], [77.440684, 12.8619925], [77.4408086, 12.861871], [77.4410055, 12.8617787], [77.4413145, 12.8616499], [77.4414715, 12.8615794], [77.4416235, 12.8615065], [77.4419201, 12.861351], [77.4421967, 12.8612344], [77.4423114, 12.8611615], [77.4422366, 12.8609453], [77.4421893, 12.8607971], [77.4421344, 12.8606173], [77.4420921, 12.8605006], [77.4420497, 12.8603354], [77.4420198, 12.8601848], [77.4420347, 12.8600779], [77.4421045, 12.8599831], [77.4422291, 12.8598932], [77.4423263, 12.8598373], [77.4423637, 12.8596794], [77.4424185, 12.8595482], [77.4425058, 12.8594364], [77.4425463, 12.8593717]]}"
way/555955479,yes,footway,LineString,"{""type"": ""LineString"", ""coordinates"": [[77.4395133, 12.8592412], [77.439472, 12.8589753], [77.4394138, 12.8587262], [77.439375, 12.8585276], [77.4393006, 12.8582722], [77.4392958, 12.858146], [77.4394688, 12.8580798], [77.4395982, 12.8580325], [77.4398149, 12.8579537], [77.4400025, 12.8578756], [77.44019, 12.8578244], [77.4405232, 12.8577211], [77.4407177, 12.8576254], [77.4410066, 12.8574977], [77.4415188, 12.8573175], [77.4417788, 12.8572274], [77.4418732, 12.8572349], [77.4419483, 12.8572743], [77.4420176, 12.8573626], [77.4421177, 12.8575578], [77.4422229, 12.8577964], [77.4423071, 12.8579792], [77.4423766, 12.8581011]]}"
way/556976550,yes,trunk,LineString,"{""type"": ""LineString"", ""coordinates"": [[77.5927878, 13.0734451], [77.5927983, 13.0732626], [77.5929345, 13.0712172], [77.5930242, 13.0700103], [77.5930619, 13.0692327], [77.5930915, 13.0688202], [77.5931995, 13.0674909], [77.5932196, 13.0672552], [77.5932348, 13.0670707], [77.5932582, 13.0667866], [77.5933207, 13.0661439], [77.5933352, 13.0660042], [77.5933445, 13.065547], [77.5933542, 13.0653455], [77.5933957, 13.0645414], [77.5934012, 13.0639812], [77.5934125, 13.0637246], [77.5934295, 13.0632994], [77.5934591, 13.0624875], [77.5934907, 13.0619348], [77.5935154, 13.0616383], [77.5935388, 13.0608701], [77.5935725, 13.0600386], [77.5935737, 13.0593535], [77.5935739, 13.0592214], [77.5935588, 13.0583982], [77.5935407, 13.0576218], [77.5935371, 13.0574961], [77.5935352, 13.0574032], [77.593541, 13.0573599]]}"
way/558769473,yes,primary,LineString,"{""type"": ""LineString"", ""coordinates"": [[77.6123032, 12.9343153], [77.6122579, 12.934403]]}"
way/558769477,yes,primary,LineString,"{""type"": ""LineString"", ""coordinates"": [[77.6140603, 12.9311081], [77.6140363, 12.9311537], [77.6138616, 12.9314859], [77.61384, 12.9315208]]}"
way/558769481,yes,primary,LineString,"{""type"": ""LineString"", ""coordinates"": [[77.6123658, 12.9344551], [77.6124105, 12.934367]]}"
way/559136811,yes,tertiary,LineString,"{""type"": ""LineString"", ""coordinates"": [[77.6966654, 12.9759907], [77.6954981, 12.9779683]]}"
way/559721372,yes,service,LineString,"{""type"": ""LineString"", ""coordinates"": [[77.6969103, 12.9798671], [77.6968706, 12.9796977], [77.6967663, 12.9792521], [77.6968306, 12.9791867], [77.6976353, 12.978992], [77.6977024, 12.9790339], [77.6978068, 12.9794687], [77.6978445, 12.9796259], [77.6969103, 12.9798671]]}"
way/559721375,yes,unclassified,LineString,"{""type"": ""LineString"", ""coordinates"": [[77.6969881, 12.9802758], [77.6963172, 12.9804061], [77.6961893, 12.9804775], [77.6961063, 12.9805465], [77.6960627, 12.9805827], [77.6960217, 12.9806168], [77.6959286, 12.980658], [77.6957859, 12.980699], [77.6951893, 12.9808706], [77.6951145, 12.9808861]]}"
way/559721376,yes,unclassified,LineString,"{""type"": ""LineString"", ""coordinates"": [[77.6951302, 12.980962], [77.6952067, 12.9809423], [77.6959968, 12.9807266], [77.6961353, 12.9806771], [77.6963329, 12.9806065], [77.6970085, 12.9805106]]}"
way/568518767,yes,residential,LineString,"{""type"": ""LineString"", ""coordinates"": [[77.644645, 12.9807797], [77.6449014, 12.9808127], [77.645021, 12.9808215]]}"
way/572833184,yes,residential,LineString,"{""type"": ""LineString"", ""coordinates"": [[77.6937244, 12.9695704], [77.6942682, 12.9693902]]}"
way/572833187,yes,residential,LineString,"{""type"": ""LineString"", ""coordinates"": [[77.6934425, 12.9685118], [77.6940352, 12.9683746]]}"
way/572863796,yes,unclassified,LineString,"{""type"": ""LineString"", ""coordinates"": [[77.6945952, 12.9837569], [77.6947699, 12.983781], [77.6948824, 12.9837914], [77.6956631, 12.9839389], [77.695792, 12.9839573], [77.6958634, 12.9839592]]}"
way/572863797,yes,unclassified,LineString,"{""type"": ""LineString"", ""coordinates"": [[77.6958246, 12.9838648], [77.6957404, 12.98381], [77.6950594, 12.9836969], [77.6947701, 12.9836106], [77.6946929, 12.9835894], [77.6946138, 12.9836141]]}"
way/576123218,yes,residential,LineString,"{""type"": ""LineString"", ""coordinates"": [[77.6355952, 12.9589603], [77.6356612, 12.9594404], [77.6357065, 12.9597959], [77.6357441, 12.9600928], [77.6358083, 12.9605374], [77.6358584, 12.9610108]]}"
way/577482776,yes,service,LineString,"{""type"": ""LineString"", ""coordinates"": [[77.7143958, 12.97038], [77.7144304, 12.9705584], [77.7144349, 12.9706116], [77.7144512, 12.9708215], [77.7144585, 12.9709006], [77.7144583, 12.9709442], [77.7144729, 12.9711073], [77.7144694, 12.9712743], [77.7144856, 12.9713116], [77.7145163, 12.9713285], [77.7147044, 12.9713185], [77.7147627, 12.9713159]]}"
way/577482780,yes,service,LineString,"{""type"": ""LineString"", ""coordinates"": [[77.7143958, 12.97038], [77.7144313, 12.9702602], [77.7144152, 12.9701798], [77.7145543, 12.9700351], [77.7146926, 12.9699991]]}"
way/577556875,yes,residential,LineString,"{""type"": ""LineString"", ""coordinates"": [[77.5498709, 13.0047396], [77.5491965, 13.0046757]]}"
way/577556876,yes,residential,LineString,"{""type"": ""LineString"", ""coordinates"": [[77.5499263, 13.0044114], [77.5492889, 13.0043188]]}"
way/580772049,yes,trunk,LineString,"{""type"": ""LineString"", ""coordinates"": [[77.5664118, 13.014099], [77.5660059, 13.0140924], [77.5658502, 13.0141121]]}"
way/580772069,yes,secondary,LineString,"{""type"": ""LineString"", ""coordinates"": [[77.549336, 13.0039688], [77.5493985, 13.0039747], [77.5496411, 13.0039993], [77.5498148, 13.0040169], [77.5498486, 13.0040204], [77.5499868, 13.0040344]]}"
way/585446463,no,pedestrian,LineString,"{""type"": ""LineString"", ""coordinates"": [[77.5522215, 12.9073868], [77.5520609, 12.9069671]]}"
way/585450312,yes,pedestrian,LineString,"{""type"": ""LineString"", ""coordinates"": [[77.5509404, 12.9052372], [77.5507832, 12.9052999], [77.5505847, 12.9053791], [77.5504574, 12.9055127]]}"
way/585451241,yes,footway,LineString,"{""type"": ""LineString"", ""coordinates"": [[77.5516427, 12.9020155], [77.5514662, 12.9020047], [77.5513427, 12.9019387], [77.5512578, 12.901791], [77.551173, 12.9015783], [77.5511669, 12.9015429], [77.5505969, 12.9014447], [77.5505669, 12.9014395], [77.5500912, 12.9013804], [77.5500371, 12.9013738], [77.5497518, 12.9013391], [77.5490852, 12.9013923], [77.5488064, 12.901726], [77.5491276, 12.9027037], [77.5492094, 12.9036459], [77.549174, 12.9038985]]}"
way/587092400,yes,tertiary,LineString,"{""type"": ""LineString"", ""coordinates"": [[77.6570726, 12.8940969], [77.6569134, 12.8939682], [77.6566284, 12.8936454], [77.6563709, 12.8933762], [77.6559189, 12.8927233], [77.655864, 12.8925804], [77.6558225, 12.8924701], [77.6558062, 12.8922407], [77.6558048, 12.8922203], [77.6558274, 12.8920702], [77.6558374, 12.8920045], [77.6559153, 12.8914881], [77.6560125, 12.8910553], [77.6561827, 12.8905978], [77.6562143, 12.8904997], [77.6562765, 12.8902672], [77.6563332, 12.8899988], [77.6565279, 12.8896299]]}"
way/589701031,yes,trunk,LineString,"{""type"": ""LineString"", ""coordinates"": [[77.6828366, 12.99783], [77.6835838, 12.9966219], [77.6837111, 12.9964118], [77.6838492, 12.9962198]]}"
way/602804355,yes,residential,LineString,"{""type"": ""LineString"", ""coordinates"": [[77.6634023, 12.908423], [77.6631631, 12.9082626], [77.6631183, 12.9082416], [77.6629196, 12.9081854], [77.6626904, 12.9081796], [77.6624884, 12.908243], [77.6623197, 12.9083438], [77.6622147, 12.9084642], [77.6621677, 12.9085534], [77.6621255, 12.9086731], [77.6620808, 12.9088169], [77.6624929, 12.9089121], [77.6625554, 12.9092491], [77.6626227, 12.9096024], [77.6626516, 12.9096331], [77.6627236, 12.9096402], [77.6630019, 12.9095963], [77.6631564, 12.9095506], [77.6633467, 12.9094412], [77.6634612, 12.9092857], [77.6635042, 12.9091838], [77.6635605, 12.9089458], [77.6635551, 12.9087602], [77.6634961, 12.9085694], [77.6634586, 12.9084883]]}"
way/607746816,yes,primary,LineString,"{""type"": ""LineString"", ""coordinates"": [[77.5905091, 13.0101137], [77.5902704, 13.0104848], [77.5899218, 13.0109996], [77.5895403, 13.0115641], [77.5894403, 13.0117132], [77.589405, 13.0117658], [77.5886245, 13.0128743], [77.5883097, 13.0132482], [77.5881205, 13.0134761], [77.5880436, 13.0135651], [77.5878663, 13.0137561], [77.5876921, 13.0138679], [77.5875139, 13.0139619], [77.5873172, 13.0140632], [77.5869483, 13.0142224], [77.586851, 13.0142618], [77.5865505, 13.0143353], [77.5858274, 13.0144423], [77.5854532, 13.0144919], [77.5852926, 13.0144918], [77.5852701, 13.0144919], [77.5844079, 13.0144958], [77.5843342, 13.0144958], [77.5841351, 13.0144958], [77.5841087, 13.0144958]]}"
way/609272662,no,footway,LineString,"{""type"": ""LineString"", ""coordinates"": [[77.6208163, 12.9498671], [77.6211821, 12.9496917]]}"
way/609384825,yes,footway,LineString,"{""type"": ""LineString"", ""coordinates"": [[77.620875, 12.9485585], [77.6205694, 12.9490225], [77.6204765, 12.9491868], [77.6204657, 12.949235], [77.6204791, 12.9492939], [77.6205475, 12.9494207], [77.6206454, 12.9495932], [77.620663, 12.949624], [77.6207731, 12.9498171], [77.6207889, 12.9498448], [77.6208057, 12.9498714]]}"
way/609384826,no,footway,LineString,"{""type"": ""LineString"", ""coordinates"": [[77.6208057, 12.9498714], [77.6208163, 12.9498671]]}"
way/609391852,yes,secondary,LineString,"{""type"": ""LineString"", ""coordinates"": [[77.6449766, 12.9220264], [77.6450003, 12.9219915], [77.6450403, 12.9219262]]}"
way/609460156,no,footway,LineString,"{""type"": ""LineString"", ""coordinates"": [[77.6115495, 12.9355809], [77.6117395, 12.9356801]]}"
way/609460157,yes,footway,LineString,"{""type"": ""LineString"", ""coordinates"": [[77.6117614, 12.9356454], [77.6124178, 12.9345399]]}"
way/609460158,yes,footway,LineString,"{""type"": ""LineString"", ""coordinates"": [[77.6124981, 12.9343751], [77.6124743, 12.9343626], [77.6124795, 12.9343531], [77.6132483, 12.9329315], [77.6134963, 12.9324866]]}"
way/609460159,yes,footway,LineString,"{""type"": ""LineString"", ""coordinates"": [[77.6124086, 12.934535], [77.6123417, 12.9344997], [77.6122378, 12.9344425], [77.6121835, 12.9344129]]}"
way/609460160,yes,footway,LineString,"{""type"": ""LineString"", ""coordinates"": [[77.6115704, 12.935541], [77.6115616, 12.9355366], [77.6116446, 12.9353721], [77.6120618, 12.9345719], [77.612161, 12.9344007], [77.6122561, 12.9342273], [77.6123994, 12.9339524], [77.6124826, 12.9337996]]}"
way/609550473,yes,footway,LineString,"{""type"": ""LineString"", ""coordinates"": [[77.724338, 12.84446], [77.7240437, 12.8444623], [77.7240088, 12.8444625], [77.7236352, 12.8444653]]}"
way/609550474,yes,footway,LineString,"{""type"": ""LineString"", ""coordinates"": [[77.724338, 12.84446], [77.7244833, 12.8443458]]}"
way/609550478,yes,footway,LineString,"{""type"": ""LineString"", ""coordinates"": [[77.7236413, 12.8440756], [77.7240128, 12.8440756], [77.724045, 12.8440756], [77.7240437, 12.8444623]]}"
way/609637729,yes,primary,LineString,"{""type"": ""LineString"", ""coordinates"": [[77.6676429, 12.9194283], [77.6676094, 12.9194448], [77.6674568, 12.9195245], [77.6671398, 12.919686], [77.666985, 12.9197731], [77.6668582, 12.9198365], [77.6667954, 12.9198679], [77.6667793, 12.9198759], [77.6665738, 12.9199759], [77.6664593, 12.9200271], [77.666417, 12.9200461], [77.6663922, 12.9200572], [77.6660675, 12.9201931], [77.6657561, 12.920298], [77.6657051, 12.9203128], [77.6656618, 12.9203253], [77.6655505, 12.920357], [77.6654346, 12.9203873]]}"
way/609637730,yes,primary,LineString,"{""type"": ""LineString"", ""coordinates"": [[77.6655365, 12.9205145], [77.665646, 12.9204611], [77.6661174, 12.9202676], [77.6664963, 12.9200863], [77.6668194, 12.9199412], [77.6669822, 12.9198603], [77.6670935, 12.919805], [77.6671698, 12.9197657], [77.6672551, 12.9197231], [77.6672927, 12.9197047], [77.6675508, 12.91957], [77.6677991, 12.9194391], [77.6680792, 12.9192865], [77.6682994, 12.9191645], [77.6684564, 12.9190784], [77.6684825, 12.9190611], [77.6685555, 12.9190265], [77.6686529, 12.9189905], [77.6689104, 12.9189097], [77.6690309, 12.9188739], [77.6695743, 12.9187095], [77.6697902, 12.9186405], [77.6703071, 12.918459], [77.6705507, 12.9183701], [77.6707882, 12.9182699], [77.6708356, 12.9182499], [77.6708845, 12.9182292], [77.6709242, 12.9182088], [77.6709745, 12.9181866], [77.671159, 12.9180964], [77.6715879, 12.9178795], [77.6717371, 12.9178084], [77.6719623, 12.917701], [77.672245, 12.9175459], [77.6726315, 12.9173569], [77.6727453, 12.9172984], [77.6727545, 12.9172937], [77.6731985, 12.9170649], [77.6733725, 12.9169762], [77.6734164, 12.9169535]]}"
way/609637808,yes,trunk,LineString,"{""type"": ""LineString"", ""coordinates"": [[77.6662615, 12.9212738], [77.6680451, 12.922053], [77.6704187, 12.923181], [77.6725796, 12.9241634], [77.6726301, 12.9241861], [77.6726684, 12.9242033], [77.6735137, 12.9245832], [77.6738264, 12.924724], [77.673989, 12.9248019], [77.6741134, 12.9248645], [77.674278, 12.9249455]]}"
way/609903167,yes,footway,LineString,"{""type"": ""LineString"", ""coordinates"": [[77.6827771, 12.9117918], [77.6827702, 12.9117673], [77.6827424, 12.9116398]]}"
way/609903168,no,footway,LineString,"{""type"": ""LineString"", ""coordinates"": [[77.6819961, 12.9120232], [77.6826508, 12.9116761], [77.6827424, 12.9116398], [77.6832321, 12.91139], [77.6832924, 12.9113633], [77.683481, 12.9112842], [77.6836589, 12.9112195]]}"
way/609925216,yes,footway,LineString,"{""type"": ""LineString"", ""coordinates"": [[77.6731484, 12.9181631], [77.6735419, 12.917962], [77.6738503, 12.9178156], [77.6738906, 12.9177921], [77.6739147, 12.9177685], [77.6739388, 12.917745], [77.6739481, 12.9177189], [77.6739454, 12.9176928], [77.6736858, 12.9171583]]}"
way/609926716,yes,primary,LineString,"{""type"": ""LineString"", ""coordinates"": [[77.6949776, 12.9073277], [77.6948224, 12.9073713], [77.6939671, 12.9075858], [77.6937441, 12.907642], [77.6936697, 12.9076576], [77.6934511, 12.9077108], [77.6931099, 12.9078019], [77.6929579, 12.9078386], [77.692634, 12.9079234], [77.6924728, 12.907967], [77.6921972, 12.9080374], [77.6916815, 12.908191], [77.6915293, 12.9082364], [77.6913156, 12.9083], [77.6910899, 12.9083564], [77.6906119, 12.9084777], [77.6903695, 12.9085356], [77.690186, 12.9085839], [77.6899659, 12.9086425], [77.6898248, 12.9086814], [77.6897127, 12.9087104], [77.689409, 12.9087977], [77.6890212, 12.9089281], [77.6889348, 12.9089588], [77.6884409, 12.909146], [77.6880636, 12.9092948], [77.6879494, 12.9093356], [77.6878476, 12.9093764], [77.687655, 12.9094534], [77.6875882, 12.9094812], [77.6874904, 12.90952], [77.687378, 12.9095637], [77.6873037, 12.9095901], [77.68722, 12.9096228], [77.6871325, 12.909657], [77.6868601, 12.9097634], [77.6866814, 12.9098332], [77.6864215, 12.909938], [77.6861661, 12.9100399], [77.6860909, 12.9100679], [77.6856507, 12.9102543]]}"
way/609926717,no,tertiary,LineString,"{""type"": ""LineString"", ""coordinates"": [[77.6685522, 12.9182753], [77.6682998, 12.9175812], [77.6682474, 12.9174623], [77.6681138, 12.9171591], [77.6679943, 12.9168878], [77.6679574, 12.916804], [77.6676835, 12.9161823], [77.6674951, 12.9157261], [77.6674607, 12.915646], [77.6672207, 12.9151156], [77.6672005, 12.9150755], [77.6670313, 12.9147387], [77.6669263, 12.9144969], [77.6668953, 12.9144292], [77.6667992, 12.9142193], [77.6667608, 12.9141372], [77.6667299, 12.9140679], [77.6664202, 12.9134673], [77.6657195, 12.9127419], [77.6656164, 12.9126347], [77.6655875, 12.9126063], [77.6654338, 12.9124552], [77.6653937, 12.9124155], [77.6651425, 12.9121683], [77.6644839, 12.9115321], [77.66426, 12.9113158], [77.6640436, 12.9111067], [77.6633944, 12.9104796], [77.6630753, 12.9101714], [77.6629161, 12.9099741], [77.6629412, 12.9098682], [77.6630526, 12.9097618], [77.6633047, 12.9096912], [77.6635218, 12.9096518], [77.6636979, 12.9095932], [77.6638369, 12.909493], [77.6638458, 12.9094515], [77.6638658, 12.9093587], [77.6638745, 12.9093181], [77.6638305, 12.9090571], [77.6637956, 12.9088803], [77.6637143, 12.9083313], [77.6636998, 12.9082328], [77.6636591, 12.9079579], [77.6635793, 12.9074192], [77.6635659, 12.9073332], [77.6635171, 12.9070199], [77.663395, 12.9064601], [77.6630984, 12.9057804], [77.6629129, 12.9055043], [77.6625763, 12.9050114], [77.6624495, 12.9048654], [77.662383, 12.9047888], [77.6623012, 12.904611], [77.6622488, 12.9044475], [77.6621963, 12.9041544], [77.6621859, 12.9040965], [77.6621309, 12.9038764], [77.6620907, 12.9037692], [77.6620765, 12.9037461], [77.6620355, 12.9036794], [77.6618996, 12.9035064], [77.661818, 12.9034423], [77.6617083, 12.903342], [77.6616939, 12.9033303], [77.6613311, 12.9030121], [77.661136, 12.9028169], [77.6607997, 12.9024806], [77.660768, 12.9024286], [77.6607571, 12.9024107], [77.6607049, 12.902325], [77.6606726, 12.902272], [77.6606266, 12.9021964], [77.6605154, 12.9018256], [77.6604948, 12.9017126], [77.6604165, 12.9014919], [77.660293, 12.9012571], [77.6601994, 12.9011838], [77.6601188, 12.9011208], [77.6600401, 12.9009861], [77.6599161, 12.9005703], [77.6598607, 12.9004073], [77.6597728, 12.9003267], [77.6594807, 12.9000345], [77.6594139, 12.8999677], [77.6593478, 12.8998073], [77.659302, 12.899657], [77.659232, 12.8994634], [77.6591347, 12.8992897], [77.6591147, 12.8992624], [77.6589959, 12.8992142], [77.6587875, 12.8991618], [77.6587028, 12.8991269], [77.6586428, 12.899077], [77.658495, 12.8988075], [77.658369, 12.8984549], [77.6582951, 12.8982479], [77.6582745, 12.898196], [77.6582734, 12.8981836], [77.6582731, 12.8981372], [77.6582713, 12.8981212], [77.658244, 12.8978806], [77.6582589, 12.8977633], [77.658265, 12.8977154], [77.658306, 12.8975681], [77.6584301, 12.8971228], [77.6584225, 12.8970122], [77.6584168, 12.8969367], [77.658385, 12.8968271], [77.6583105, 12.8966553], [77.6581622, 12.8962678], [77.6580977, 12.8960991], [77.6580814, 12.8960625], [77.6578901, 12.8957236], [77.6577543, 12.8954105], [77.657671, 12.8952209], [77.6573118, 12.8944037], [77.6572295, 12.8942633], [77.6570726, 12.8940969]]}"
way/609934585,yes,footway,LineString,"{""type"": ""LineString"", ""coordinates"": [[77.6821879, 12.9066951], [77.6822841, 12.9067024], [77.6823941, 12.9067038]]}"
way/610094124,yes,cycleway,LineString,"{""type"": ""LineString"", ""coordinates"": [[77.6734759, 12.9158635], [77.6734888, 12.9158452], [77.6734973, 12.9154104], [77.673486, 12.915283], [77.6733638, 12.9149452], [77.6733553, 12.9149221], [77.6733439, 12.9148981], [77.6731792, 12.9147311], [77.6729954, 12.9145658], [77.6729424, 12.9145372], [77.6728439, 12.9144477], [77.6723233, 12.9139632], [77.6722187, 12.9138796], [77.6720042, 12.9137868], [77.6717514, 12.9136724], [77.6717152, 12.9136567], [77.6716474, 12.9136024], [77.6715743, 12.9135319], [77.6714831, 12.9134495], [77.6711304, 12.913058], [77.6709997, 12.91291], [77.6706543, 12.9125564], [77.6702386, 12.9121338], [77.6700622, 12.9118064], [77.6700073, 12.9117018], [77.6697303, 12.9114489], [77.669623, 12.9113508], [77.6696183, 12.9113136], [77.6698208, 12.9110933], [77.6699422, 12.910958], [77.670062, 12.9108175]]}"
way/610094131,yes,footway,LineString,"{""type"": ""LineString"", ""coordinates"": [[77.6734759, 12.9158635], [77.6734803, 12.9154141], [77.6734599, 12.9152755], [77.6733228, 12.9149301], [77.6731571, 12.9147253], [77.6729236, 12.9145364], [77.6723118, 12.9139765], [77.6717234, 12.9136897], [77.6715202, 12.9135236], [77.6709318, 12.912884], [77.6704928, 12.9124129], [77.6702033, 12.9121262], [77.6700889, 12.911935], [77.6699441, 12.9117005], [77.6695775, 12.9113546], [77.6696709, 12.9112021], [77.670062, 12.9108175], [77.6704531, 12.9104328], [77.6705582, 12.9105011], [77.6711816, 12.9105535], [77.671686, 12.9105148], [77.6718518, 12.9105944], [77.6722067, 12.9109176], [77.6729212, 12.9114206], [77.6734209, 12.9118052], [77.6739626, 12.9122946], [77.6744647, 12.9129796], [77.6745978, 12.913098], [77.6752072, 12.9134075], [77.6754057, 12.9135395], [77.6757909, 12.9139742], [77.6758727, 12.9140471], [77.6758793, 12.9140646], [77.6759343, 12.9142103], [77.6759351, 12.9142798], [77.6759353, 12.9143037], [77.6758981, 12.9143378], [77.6758579, 12.9143746], [77.6756317, 12.9144726], [77.6752055, 12.9147747], [77.6744229, 12.9152356], [77.6741827, 12.9153838], [77.6738981, 12.9156245], [77.6736808, 12.9159]]}"
way/610111581,yes,cycleway,LineString,"{""type"": ""LineString"", ""coordinates"": [[77.6389194, 12.9164772], [77.6388501, 12.9165446], [77.6387955, 12.9165974], [77.6386506, 12.9167825], [77.6386168, 12.9168846], [77.6386013, 12.916954], [77.6385977, 12.9170858], [77.6386395, 12.9177152], [77.6386785, 12.9182667], [77.6387136, 12.9191678], [77.6387474, 12.9196715], [77.6388607, 12.920228], [77.6389929, 12.9207348], [77.6391063, 12.921113], [77.6392736, 12.921581], [77.6394255, 12.9218439], [77.6398779, 12.9227591], [77.6400361, 12.9230964], [77.6400949, 12.9231743]]}"
way/610111589,yes,cycleway,LineString,"{""type"": ""LineString"", ""coordinates"": [[77.645333, 12.9228931], [77.6453231, 12.9228597], [77.645305, 12.9227984], [77.6452641, 12.9227343], [77.6450452, 12.9225369], [77.6449387, 12.9224485], [77.6448064, 12.922321], [77.6445438, 12.922074], [77.6443354, 12.9218401], [77.6441896, 12.921673], [77.6439757, 12.921401], [77.6436951, 12.9210549], [77.6436103, 12.9209479], [77.6430804, 12.9203075], [77.6429388, 12.9201214], [77.6427753, 12.9198972], [77.6425555, 12.919605], [77.6424177, 12.9193799], [77.6422535, 12.919182], [77.6421301, 12.9190227], [77.641966, 12.9188207], [77.6418647, 12.9187045], [77.6418027, 12.9186242], [77.6415146, 12.9183021], [77.6413773, 12.9181487], [77.6411561, 12.917904], [77.6409332, 12.9177013]]}"
way/610111594,yes,cycleway,LineString,"{""type"": ""LineString"", ""coordinates"": [[77.6409332, 12.9177013], [77.6408765, 12.9176471], [77.6407377, 12.9174889], [77.6404761, 12.9172946], [77.6401918, 12.9170544], [77.6400625, 12.9169593], [77.6397811, 12.9167503], [77.6396058, 12.9166563], [77.639445, 12.9165908], [77.6391, 12.9164475], [77.6390505, 12.9164392], [77.6389982, 12.9164434], [77.6389464, 12.9164592], [77.6389194, 12.9164772]]}"
way/610111596,yes,footway,LineString,"{""type"": ""LineString"", ""coordinates"": [[77.6409007, 12.9177267], [77.6409332, 12.9177013], [77.6409623, 12.9176766], [77.6409725, 12.9176713], [77.6409999, 12.9176479]]}"
way/610111599,yes,cycleway,LineString,"{""type"": ""LineString"", ""coordinates"": [[77.6402855, 12.9235705], [77.6411865, 12.9232678], [77.6413494, 12.9232422], [77.642802, 12.9236287], [77.6433157, 12.9237634], [77.644009, 12.9239698], [77.6443014, 12.9240574], [77.6444865, 12.924098], [77.6445683, 12.9241058], [77.6446595, 12.9241058], [77.6447266, 12.9240378], [77.6448368, 12.9238182], [77.6448499, 12.9237921], [77.64498, 12.9236195], [77.6451517, 12.9233581], [77.6451829, 12.9232849], [77.6453113, 12.922983], [77.6453319, 12.922943], [77.645333, 12.9228931]]}"
way/610111600,yes,footway,LineString,"{""type"": ""LineString"", ""coordinates"": [[77.6446436, 12.9240138], [77.6447266, 12.9240378], [77.6447976, 12.9240718], [77.645271, 12.9243032], [77.6453931, 12.9243384], [77.6454794, 12.9243412], [77.6459563, 12.9243463], [77.6462929, 12.9243437], [77.6467484, 12.92437], [77.6473932, 12.9244441], [77.6474364, 12.9244386], [77.647454, 12.9244116], [77.6474588, 12.9243786], [77.6474423, 12.9243398], [77.6471777, 12.9241938], [77.6469618, 12.9240447], [77.6467138, 12.9238941], [77.6463135, 12.9236281], [77.6460046, 12.9234012], [77.6459558, 12.9233624], [77.6453231, 12.9228597], [77.6452762, 12.9228224]]}"
way/610116692,yes,tertiary,LineString,"{""type"": ""LineString"", ""coordinates"": [[77.6554029, 12.9236617], [77.6554514, 12.923647], [77.6556715, 12.9236018], [77.6562509, 12.9234364], [77.6566778, 12.9232918], [77.6573994, 12.9230425], [77.6599797, 12.9221196], [77.6612672, 12.9217875], [77.661466, 12.9217362], [77.6616849, 12.9216797], [77.6626871, 12.9214212], [77.6629056, 12.921278]]}"
way/610138358,yes,primary,LineString,"{""type"": ""LineString"", ""coordinates"": [[77.6648998, 12.9205222], [77.6646905, 12.9205614], [77.6636514, 12.9208504], [77.6624187, 12.9211891]]}"
way/610138361,yes,primary,LineString,"{""type"": ""LineString"", ""coordinates"": [[77.6654346, 12.9203873], [77.6653207, 12.920419]]}"
way/610480473,yes,footway,LineString,"{""type"": ""LineString"", ""coordinates"": [[77.7070464, 12.9014271], [77.7070475, 12.9011247]]}"
way/612211537,yes,tertiary,LineString,"{""type"": ""LineString"", ""coordinates"": [[77.6477344, 12.9688574], [77.6477296, 12.9687098], [77.6477979, 12.9684313]]}"
way/613755091,no,footway,LineString,"{""type"": ""LineString"", ""coordinates"": [[77.6670239, 12.886434], [77.66709, 12.8863984], [77.6667173, 12.8858532], [77.6666395, 12.8857224], [77.6665656, 12.8855802], [77.6665053, 12.885438], [77.6663051, 12.8847689], [77.666272, 12.8845433], [77.6662662, 12.8842059], [77.6662934, 12.8839841], [77.6662914, 12.8835823], [77.6662701, 12.8834591], [77.6662603, 12.8833624], [77.6662409, 12.8833245], [77.6662098, 12.883279], [77.6661767, 12.8832525], [77.6661359, 12.8832297], [77.6660989, 12.8832202], [77.6660503, 12.8832126], [77.6657723, 12.8832164], [77.6657081, 12.8832107], [77.665255, 12.8831425], [77.6645219, 12.8830629], [77.6643936, 12.883042], [77.6639444, 12.8829075], [77.6638724, 12.8828771], [77.6634349, 12.88257], [77.6633941, 12.8825473], [77.6633291, 12.8825282], [77.6632716, 12.8825113], [77.6631958, 12.8824942], [77.6630849, 12.8824809], [77.6627213, 12.8824298], [77.6626221, 12.882443], [77.6625618, 12.8824563], [77.6625191, 12.8824885], [77.6624957, 12.8826023], [77.6625113, 12.8828051], [77.6625579, 12.8830269], [77.6626552, 12.8832202], [77.6627699, 12.8834117], [77.6628127, 12.883478], [77.662836, 12.8834989], [77.6628749, 12.8835557], [77.6629041, 12.8836619], [77.6629352, 12.8837586], [77.6629857, 12.8838363], [77.6630227, 12.8838799], [77.6631374, 12.8839917], [77.6631685, 12.8840486], [77.6632696, 12.8842647], [77.6634213, 12.8846495], [77.6636333, 12.8852674], [77.6637033, 12.8855366], [77.6637538, 12.8858209], [77.6637986, 12.8864446], [77.6637966, 12.8865071], [77.6636663, 12.8870417], [77.6636702, 12.887108], [77.6637013, 12.887235], [77.6637453, 12.8872691]]}"
way/617589873,yes,trunk,LineString,"{""type"": ""LineString"", ""coordinates"": [[77.6781505, 13.0002569], [77.677647, 13.0002742], [77.6771804, 13.0002716], [77.6770342, 13.000254], [77.6768984, 13.0002205], [77.6768064, 13.000214], [77.6766873, 13.0001853], [77.6766285, 13.0001628], [77.6764394, 12.9999818], [77.6763464, 12.9999251], [77.6756297, 12.9996475], [77.6752243, 12.9994931], [77.6750835, 12.9994656], [77.6750381, 12.9994535], [77.6747484, 12.9993184], [77.6745868, 12.9992429], [77.6745599, 12.9992304], [77.673774, 12.9988381], [77.67368, 12.9987903], [77.6736064, 12.9987562], [77.6727204, 12.9983078], [77.6721957, 12.9980397], [77.671896, 12.9979011], [77.6714728, 12.9976881], [77.6711509, 12.9975409], [77.6705405, 12.997242], [77.6700327, 12.9970202], [77.6696738, 12.9969289]]}"
way/627086903,yes,tertiary,LineString,"{""type"": ""LineString"", ""coordinates"": [[77.6721629, 12.922413], [77.6724804, 12.9228551], [77.6725065, 12.9228822], [77.672547, 12.9229084], [77.6726111, 12.9229236], [77.672684, 12.9229276], [77.6730488, 12.9229195], [77.673472, 12.922881], [77.6737023, 12.922842], [77.673865, 12.9228159], [77.6740189, 12.9227942], [77.6745328, 12.9227073], [77.6749683, 12.9226369], [77.6751632, 12.922612], [77.675441, 12.9225905], [77.6755627, 12.9225934], [77.6756318, 12.9226284]]}"
way/627106008,yes,service,LineString,"{""type"": ""LineString"", ""coordinates"": [[77.7066857, 12.9029123], [77.7067107, 12.9029555], [77.706734, 12.9029989], [77.7065764, 12.9044723], [77.7064601, 12.9055139]]}"
way/627106010,yes,service,LineString,"{""type"": ""LineString"", ""coordinates"": [[77.7073097, 12.9038164], [77.7069967, 12.9039074], [77.7069717, 12.9039091], [77.7069264, 12.9045191], [77.7068635, 12.9051277], [77.707268, 12.904984], [77.7069967, 12.9039074]]}"
way/627106012,yes,service,LineString,"{""type"": ""LineString"", ""coordinates"": [[77.7069717, 12.9039091], [77.7070589, 12.9032004], [77.7071489, 12.9031699]]}"
way/627953315,yes,residential,LineString,"{""type"": ""LineString"", ""coordinates"": [[77.6558855, 12.8852847], [77.6558309, 12.8853009], [77.6556463, 12.8853559], [77.6547994, 12.8856079], [77.6547398, 12.8855871], [77.6546691, 12.8853419], [77.6545745, 12.8850138], [77.6546341, 12.8849688], [77.6553388, 12.8847601], [77.655431, 12.8847786]]}"
way/627961192,yes,residential,LineString,"{""type"": ""LineString"", ""coordinates"": [[77.662911, 12.9027241], [77.6631448, 12.9027018], [77.6635153, 12.9027075], [77.6638959, 12.9027132], [77.6641399, 12.902716], [77.6644646, 12.9027312], [77.6647516, 12.9027394], [77.6652262, 12.9027476], [77.6648318, 12.9014414], [77.6647988, 12.9013359], [77.6647886, 12.9012556], [77.6647859, 12.9011034], [77.6648084, 12.9009814], [77.6648493, 12.9008655], [77.6648833, 12.9007935], [77.6649311, 12.90072], [77.6650607, 12.9006438], [77.6663211, 12.9005103]]}"
way/627961193,yes,residential,LineString,"{""type"": ""LineString"", ""coordinates"": [[77.6667658, 12.9004743], [77.6668945, 12.9003645], [77.6671359, 12.9003383], [77.6673612, 12.9003854], [77.6674149, 12.9004691], [77.6673719, 12.9006416], [77.6672325, 12.9006678], [77.6668838, 12.9005789], [77.6667658, 12.9004743], [77.6663211, 12.9005103], [77.6662937, 12.9001815], [77.6661703, 12.9001501], [77.6650384, 12.9002808], [77.6650148, 12.9003937], [77.6649955, 12.9005318], [77.6647955, 12.9005928], [77.6636115, 12.9009083], [77.6637241, 12.9014469]]}"
way/627961194,yes,residential,LineString,"{""type"": ""LineString"", ""coordinates"": [[77.6648318, 12.9014414], [77.6644819, 12.9014875], [77.664359, 12.9014959], [77.6640273, 12.9015329], [77.6639232, 12.9015102], [77.6637241, 12.9014469]]}"
way/627961195,yes,residential,LineString,"{""type"": ""LineString"", ""coordinates"": [[77.6638959, 12.9027132], [77.6639232, 12.9015102]]}"
way/627961196,yes,residential,LineString,"{""type"": ""LineString"", ""coordinates"": [[77.6641399, 12.902716], [77.6640273, 12.9015329]]}"
way/627961197,yes,residential,LineString,"{""type"": ""LineString"", ""coordinates"": [[77.6644646, 12.9027312], [77.664359, 12.9014959]]}"
way/627961198,yes,residential,LineString,"{""type"": ""LineString"", ""coordinates"": [[77.6647516, 12.9027394], [77.6644819, 12.9014875]]}"
way/627961199,yes,residential,LineString,"{""type"": ""LineString"", ""coordinates"": [[77.6635455, 12.9016476], [77.6634613, 12.9016926], [77.6633111, 12.9017708], [77.663193, 12.9017953], [77.6631324, 12.9017745], [77.6630482, 12.9017456], [77.6629195, 12.9017038], [77.6628457, 12.9016789], [77.6628095, 12.9016881], [77.6627397, 12.9018648], [77.6626968, 12.9019819], [77.6626337, 12.9021812], [77.6625593, 12.9024255], [77.6625442, 12.9024796], [77.6625526, 12.9025377], [77.6625911, 12.9025717], [77.6628408, 12.9026295]]}"
way/631197942,yes,primary,LineString,"{""type"": ""LineString"", ""coordinates"": [[77.6400267, 12.9238842], [77.6407802, 12.9235965], [77.6407981, 12.9235896], [77.6408727, 12.9235611], [77.6411468, 12.9234564], [77.6411785, 12.9234443], [77.6412901, 12.9234122], [77.6413327, 12.9234098], [77.641404, 12.9234104], [77.6417466, 12.9235121], [77.6431248, 12.9238823], [77.6431722, 12.923895], [77.6435126, 12.9239865], [77.6441826, 12.924195], [77.6450047, 12.9244666], [77.6451576, 12.9244909], [77.6452418, 12.9244994], [77.6453174, 12.9245071], [77.646618, 12.9245509], [77.6473859, 12.9246069], [77.6490875, 12.9247267], [77.6492003, 12.9247264], [77.649285, 12.9247248], [77.6493114, 12.9247215], [77.6495317, 12.9246944], [77.6499056, 12.9246483], [77.6502824, 12.9245711], [77.6503068, 12.9245661], [77.6503882, 12.924524], [77.6504545, 12.9244834]]}"
way/631316438,yes,secondary,LineString,"{""type"": ""LineString"", ""coordinates"": [[77.6446589, 12.9118121], [77.6446486, 12.9114436], [77.6446347, 12.9107931]]}"
way/638486800,yes,steps,LineString,"{""type"": ""LineString"", ""coordinates"": [[77.5500206, 13.0001195], [77.5501923, 13.0001502]]}"
way/638486801,yes,footway,LineString,"{""type"": ""LineString"", ""coordinates"": [[77.5501923, 13.0001502], [77.5501792, 13.0002113], [77.5500827, 13.000191]]}"
way/638531674,yes,primary,LineString,"{""type"": ""LineString"", ""coordinates"": [[77.6205357, 12.9667597], [77.6206278, 12.9668044], [77.620781, 12.9668785]]}"
way/638531677,yes,secondary,LineString,"{""type"": ""LineString"", ""coordinates"": [[77.6205357, 12.9667597], [77.6203931, 12.9669455]]}"
way/638531680,yes,secondary,LineString,"{""type"": ""LineString"", ""coordinates"": [[77.6203931, 12.9669455], [77.6202495, 12.9672954], [77.6200192, 12.9679326], [77.6199209, 12.9682046], [77.6198053, 12.9690011], [77.619752, 12.9694642], [77.6197006, 12.9699221], [77.6196617, 12.9703139], [77.6196167, 12.9706249], [77.6195648, 12.971091], [77.6195285, 12.9713821], [77.6195075, 12.9715223], [77.6194994, 12.9716582]]}"
way/638531681,yes,primary,LineString,"{""type"": ""LineString"", ""coordinates"": [[77.620586, 12.9666942], [77.6205025, 12.9666474], [77.620473, 12.9666291], [77.6203367, 12.9665188], [77.6199727, 12.9660812], [77.6198371, 12.9658103], [77.6197908, 12.9657275], [77.6197198, 12.9655839], [77.6195763, 12.9655076], [77.6194314, 12.9654665], [77.6188029, 12.9654133], [77.6187543, 12.9654092], [77.6187405, 12.9654082], [77.618003, 12.9653456], [77.6179631, 12.9653417], [77.6178608, 12.9653282], [77.6176944, 12.9653163], [77.6175664, 12.9653451]]}"
way/638531682,yes,primary,LineString,"{""type"": ""LineString"", ""coordinates"": [[77.6262148, 12.9639302], [77.6263597, 12.9636424], [77.6264978, 12.9634516], [77.6269427, 12.9631794], [77.6277449, 12.9627128], [77.628196, 12.9624504], [77.6282631, 12.9624091], [77.6282905, 12.9623972], [77.6284195, 12.9623429], [77.6286714, 12.9622595], [77.629177, 12.9621696], [77.6293618, 12.9621199], [77.6305659, 12.9617363], [77.6317226, 12.9613865], [77.631981, 12.9613084], [77.6322808, 12.9612559], [77.6325153, 12.9612912], [77.633089, 12.9615098], [77.6337217, 12.9616953], [77.6339562, 12.9617265], [77.6342725, 12.9617255], [77.6346171, 12.9616888], [77.6348994, 12.9616471], [77.6351776, 12.9616058], [77.6354273, 12.9615613], [77.6355134, 12.961546], [77.6356968, 12.9615088]]}"
way/638531683,yes,primary,LineString,"{""type"": ""LineString"", ""coordinates"": [[77.6203284, 12.9666398], [77.6204238, 12.9666975], [77.62046, 12.9667198], [77.6205357, 12.9667597]]}"
way/638541495,yes,primary,LineString,"{""type"": ""LineString"", ""coordinates"": [[77.6163389, 12.973106], [77.6161946, 12.9731408], [77.6158637, 12.9732208], [77.6154932, 12.9733048], [77.6151679, 12.9733747], [77.6151106, 12.9733874], [77.6150184, 12.9734079], [77.6143833, 12.9735513], [77.6141662, 12.9736023], [77.6141068, 12.9736162], [77.6140584, 12.9736275], [77.6139762, 12.9736464], [77.61396, 12.9736501], [77.6139262, 12.973658]]}"
way/638541500,yes,primary,LineString,"{""type"": ""LineString"", ""coordinates"": [[77.6121266, 12.9740835], [77.6112676, 12.9742918], [77.6112188, 12.9743038]]}"
way/638928394,yes,primary,LineString,"{""type"": ""LineString"", ""coordinates"": [[77.5921132, 12.9556136], [77.5920534, 12.9554687], [77.5917926, 12.954792], [77.5916278, 12.9543607]]}"
way/638928397,yes,primary,LineString,"{""type"": ""LineString"", ""coordinates"": [[77.5935515, 12.9487911], [77.593627, 12.9486444], [77.5936847, 12.9485486], [77.593901, 12.9481289], [77.5940431, 12.9478084], [77.5941362, 12.9476133], [77.5942165, 12.9474329], [77.5943594, 12.9471784], [77.5944095, 12.9471076], [77.5945001, 12.9469891], [77.5946069, 12.9468684], [77.5948542, 12.9466099], [77.5950782, 12.946394], [77.5955664, 12.9459749]]}"
way/638928399,yes,primary,LineString,"{""type"": ""LineString"", ""coordinates"": [[77.6149477, 12.9298694], [77.6150337, 12.929752], [77.6151298, 12.9296206]]}"
way/639010018,yes,primary,LineString,"{""type"": ""LineString"", ""coordinates"": [[77.5955342, 12.9459107], [77.5950286, 12.9463647], [77.5948024, 12.9465573], [77.5947661, 12.9465974], [77.5947035, 12.9466665], [77.5946428, 12.9467448], [77.5944586, 12.946948], [77.5943949, 12.9470205], [77.5943458, 12.9470775], [77.5943, 12.9471528], [77.5942825, 12.9471815], [77.5941403, 12.9474005], [77.5940405, 12.9475791], [77.5939627, 12.9477749], [77.5938121, 12.9480921], [77.5936815, 12.9483544], [77.5936624, 12.9483928], [77.5934434, 12.9486833], [77.5934104, 12.9487312]]}"
way/639010021,yes,secondary,LineString,"{""type"": ""LineString"", ""coordinates"": [[77.5915457, 12.9537825], [77.5915954, 12.9537939], [77.5918694, 12.9536973], [77.5919059, 12.9536635]]}"
way/639010022,yes,primary,LineString,"{""type"": ""LineString"", ""coordinates"": [[77.5920239, 12.9556442], [77.592071, 12.9557668]]}"
way/647669133,yes,residential,LineString,"{""type"": ""LineString"", ""coordinates"": [[77.7124806, 12.9699655], [77.7126063, 12.9696847], [77.7127169, 12.9694324], [77.7128349, 12.9691633], [77.7128417, 12.9691483], [77.7128731, 12.969079]]}"
way/654207942,yes,residential,LineString,"{""type"": ""LineString"", ""coordinates"": [[77.5781669, 13.0705799], [77.5783561, 13.0705416], [77.5789556, 13.0703979], [77.5789715, 13.0703941]]}"
way/654290314,yes,residential,LineString,"{""type"": ""LineString"", ""coordinates"": [[77.6850471, 12.9914468], [77.6858859, 12.991172], [77.6861284, 12.991071], [77.686979, 12.9905902], [77.6871413, 12.9905197]]}"
way/654362830,yes,residential,LineString,"{""type"": ""LineString"", ""coordinates"": [[77.6984015, 12.9922373], [77.6986599, 12.9933093], [77.6987001, 12.9934609], [77.6988772, 12.9939889], [77.6990611, 12.9945451], [77.699079, 12.9945993]]}"
way/654396943,yes,secondary_link,LineString,"{""type"": ""LineString"", ""coordinates"": [[77.5944398, 13.0857068], [77.5945339, 13.0858099], [77.5945862, 13.0858426], [77.5946546, 13.0858412], [77.5947109, 13.085806], [77.5947364, 13.0857394], [77.5947979, 13.0855748]]}"
way/654846594,yes,secondary,LineString,"{""type"": ""LineString"", ""coordinates"": [[77.6536296, 12.8702363], [77.6536512, 12.8702551], [77.6537185, 12.8703135], [77.6538952, 12.8704671], [77.6540565, 12.8706073], [77.6541875, 12.870664], [77.6543326, 12.8707184], [77.6543889, 12.8707401]]}"
way/655518234,yes,tertiary,LineString,"{""type"": ""LineString"", ""coordinates"": [[77.6628082, 13.0058647], [77.6626942, 13.0066237], [77.662592, 13.0072746]]}"
way/655518235,yes,tertiary,LineString,"{""type"": ""LineString"", ""coordinates"": [[77.662592, 13.0072746], [77.6624857, 13.008097]]}"
way/655520031,yes,residential,LineString,"{""type"": ""LineString"", ""coordinates"": [[77.6938305, 12.9699591], [77.6934535, 12.9700737], [77.6930725, 12.9701946]]}"
way/655779533,yes,residential,LineString,"{""type"": ""LineString"", ""coordinates"": [[77.6947367, 12.9219651], [77.6948249, 12.9219682], [77.6953768, 12.9219873]]}"
way/656873685,yes,residential,LineString,"{""type"": ""LineString"", ""coordinates"": [[77.7012816, 12.9684264], [77.7012394, 12.9684146], [77.7010377, 12.968358], [77.70087, 12.9683789], [77.7007945, 12.9685039], [77.7002763, 12.9693618], [77.7000368, 12.9697582], [77.6997791, 12.9701867], [77.6995086, 12.9706325], [77.6993935, 12.9708195]]}"
way/658078350,yes,residential,LineString,"{""type"": ""LineString"", ""coordinates"": [[77.678665, 12.9713318], [77.6791609, 12.9712475], [77.6791254, 12.9709992], [77.6790476, 12.9706999], [77.678998, 12.9704947], [77.6789772, 12.970383], [77.6789349, 12.9700857], [77.6789064, 12.9699133]]}"
way/658811514,yes,residential,LineString,"{""type"": ""LineString"", ""coordinates"": [[77.6988592, 12.9898704], [77.6986594, 12.9899158], [77.6984465, 12.9899644], [77.6984069, 12.9899555]]}"
way/660094956,yes,residential,LineString,"{""type"": ""LineString"", ""coordinates"": [[77.6760792, 12.9216645], [77.6769269, 12.9215832], [77.6770507, 12.9215222]]}"
way/661625557,yes,residential,LineString,"{""type"": ""LineString"", ""coordinates"": [[77.6058351, 12.9126046], [77.6063255, 12.9126398]]}"
way/661752818,yes,residential,LineString,"{""type"": ""LineString"", ""coordinates"": [[77.6034012, 12.9131419], [77.6034041, 12.9134845]]}"
way/661752819,no,residential,LineString,"{""type"": ""LineString"", ""coordinates"": [[77.6033691, 12.9128334], [77.6030163, 12.9128465], [77.6030046, 12.9131476]]}"
way/661774998,yes,service,LineString,"{""type"": ""LineString"", ""coordinates"": [[77.6883301, 12.9202657], [77.6883723, 12.9215608], [77.6883844, 12.9215843], [77.6884106, 12.9216013], [77.6886332, 12.9215941], [77.6886499, 12.9215849], [77.6886599, 12.9215653], [77.6886131, 12.9202532]]}"
way/661907143,yes,residential,LineString,"{""type"": ""LineString"", ""coordinates"": [[77.6890817, 12.9192057], [77.6892717, 12.9192009], [77.6894953, 12.9191952], [77.6899241, 12.9191842], [77.6901794, 12.9191777], [77.6904028, 12.9191719], [77.6907368, 12.9191634], [77.6908343, 12.9191656], [77.6909968, 12.9191568], [77.6911809, 12.9191521], [77.6915846, 12.9191418], [77.691907, 12.9191335], [77.6919619, 12.9191321], [77.6920153, 12.9191307]]}"
way/661924187,yes,residential,LineString,"{""type"": ""LineString"", ""coordinates"": [[77.6499794, 12.9708996], [77.650448, 12.9709121]]}"
way/671050556,yes,primary,LineString,"{""type"": ""LineString"", ""coordinates"": [[77.5494074, 13.0017723], [77.5494019, 13.0018026], [77.54926, 13.0025803]]}"
way/671743723,yes,footway,LineString,"{""type"": ""LineString"", ""coordinates"": [[77.5179115, 12.930303], [77.5184265, 12.9299632], [77.5183607, 12.9298118], [77.5181352, 12.9292924], [77.5179032, 12.928758], [77.5174351, 12.9289562], [77.5172383, 12.9290396], [77.5174512, 12.9294392], [77.5174629, 12.9294613], [77.5175336, 12.9295937], [77.5179115, 12.930303]]}"
way/673933802,yes,primary,LineString,"{""type"": ""LineString"", ""coordinates"": [[77.6027816, 12.9369451], [77.6005715, 12.9372425]]}"
way/673933803,yes,primary,LineString,"{""type"": ""LineString"", ""coordinates"": [[77.6005818, 12.9373228], [77.6027972, 12.9370165]]}"
way/673933804,yes,primary,LineString,"{""type"": ""LineString"", ""coordinates"": [[77.6034127, 12.9368552], [77.6027816, 12.9369451]]}"
way/673933805,yes,primary,LineString,"{""type"": ""LineString"", ""coordinates"": [[77.6027972, 12.9370165], [77.6034007, 12.9369237]]}"
way/674699431,no,steps,LineString,"{""type"": ""LineString"", ""coordinates"": [[77.5753338, 13.0626646], [77.5754909, 13.062781]]}"
way/674699432,no,steps,LineString,"{""type"": ""LineString"", ""coordinates"": [[77.5756318, 13.0626319], [77.5754592, 13.0625041]]}"
way/674699445,yes,tertiary,LineString,"{""type"": ""LineString"", ""coordinates"": [[77.5693573, 13.0544949], [77.5695089, 13.0544245], [77.5699984, 13.0543618], [77.5702196, 13.0543827], [77.5713905, 13.0542744], [77.5714594, 13.0545251], [77.5728801, 13.0541699], [77.5737603, 13.0539156], [77.5747414, 13.0536322], [77.5752542, 13.0534685]]}"
way/675649195,no,footway,LineString,"{""type"": ""LineString"", ""coordinates"": [[77.5596987, 13.0639222], [77.5597252, 13.0637305], [77.5597871, 13.0635773], [77.5598391, 13.0634767], [77.5599273, 13.0634117], [77.5601204, 13.0633837], [77.5608618, 13.063252], [77.5616835, 13.0630484], [77.5622193, 13.0627975], [77.5626851, 13.0624891], [77.5631546, 13.0621075], [77.5634559, 13.0618989], [77.5635099, 13.0618508]]}"
way/677326077,yes,trunk,LineString,"{""type"": ""LineString"", ""coordinates"": [[77.695573, 12.9780153], [77.6946899, 12.9794714], [77.6941972, 12.980272]]}"
way/677326078,yes,trunk,LineString,"{""type"": ""LineString"", ""coordinates"": [[77.6930993, 12.9820642], [77.6929132, 12.9823901], [77.6926963, 12.9827317], [77.6926578, 12.982789], [77.6923206, 12.9833394], [77.6922662, 12.9834281], [77.6921805, 12.9835672], [77.6919341, 12.9839601], [77.6914589, 12.984739], [77.6904086, 12.9864442], [77.6899642, 12.9871978], [77.6896245, 12.987777], [77.6894992, 12.9879907], [77.6893446, 12.9882449], [77.6892454, 12.9883925], [77.688987, 12.9887772], [77.6888008, 12.989069]]}"
way/677326080,yes,trunk,LineString,"{""type"": ""LineString"", ""coordinates"": [[77.6990113, 12.9725323], [77.6992843, 12.9721137], [77.7007677, 12.9696685], [77.7010195, 12.9692593], [77.7015439, 12.9683939], [77.7016515, 12.9682077], [77.7017731, 12.9679972], [77.7018011, 12.9679483], [77.7019297, 12.9677238], [77.7020147, 12.9675504], [77.7020565, 12.9674383], [77.7021721, 12.967009]]}"
way/677326081,yes,trunk,LineString,"{""type"": ""LineString"", ""coordinates"": [[77.6943551, 12.9803763], [77.695739, 12.9780872]]}"
way/677326082,yes,trunk,LineString,"{""type"": ""LineString"", ""coordinates"": [[77.6970081, 12.9759766], [77.6976897, 12.9747865]]}"
way/677326089,yes,tertiary,LineString,"{""type"": ""LineString"", ""coordinates"": [[77.6958098, 12.978127], [77.6960094, 12.9777784], [77.6962312, 12.9774262], [77.6962708, 12.9773633], [77.6964533, 12.9770677], [77.6965848, 12.9768429], [77.6970913, 12.9760026]]}"
way/677326090,yes,residential,LineString,"{""type"": ""LineString"", ""coordinates"": [[77.6949332, 12.9797145], [77.6950206, 12.9796327], [77.6960198, 12.9793363]]}"
way/677326091,yes,tertiary,LineString,"{""type"": ""LineString"", ""coordinates"": [[77.6946688, 12.9793573], [77.6946224, 12.9792595], [77.6946019, 12.9792162], [77.6945901, 12.9791906], [77.6945546, 12.9791136], [77.6943432, 12.9785626], [77.6943125, 12.9784827], [77.6943079, 12.9784156], [77.6942357, 12.9776666]]}"
way/677671731,yes,footway,LineString,"{""type"": ""LineString"", ""coordinates"": [[77.6702828, 12.9231877], [77.6703949, 12.9229642]]}"
way/681579111,yes,footway,LineString,"{""type"": ""LineString"", ""coordinates"": [[77.5797206, 13.0715314], [77.5796298, 13.0715099], [77.5796134, 13.071506], [77.5793979, 13.071455], [77.5793499, 13.071446], [77.5792468, 13.0714844], [77.5791847, 13.0715076], [77.5791372, 13.0717059], [77.5790843, 13.0719262], [77.5790428, 13.0721465], [77.5790118, 13.072229], [77.578909, 13.0723041], [77.578891, 13.0723342], [77.5788858, 13.0723793], [77.5788935, 13.0724269], [77.5788807, 13.0724745], [77.5788575, 13.072512], [77.5788447, 13.0725396], [77.5788301, 13.0725899]]}"
way/684288594,yes,footway,LineString,"{""type"": ""LineString"", ""coordinates"": [[77.5500827, 13.000191], [77.5499266, 13.0001617]]}"
way/684288595,yes,footway,LineString,"{""type"": ""LineString"", ""coordinates"": [[77.5495391, 12.9994615], [77.5495433, 12.9994403], [77.5495532, 12.9993925]]}"
way/687001502,no,footway,LineString,"{""type"": ""LineString"", ""coordinates"": [[77.654593, 12.9900512], [77.6545554, 12.9901178], [77.6549557, 12.9903101], [77.6553206, 12.9904821], [77.6557268, 12.9906822], [77.6568666, 12.9912567], [77.6568916, 12.9912668], [77.6571626, 12.9913894], [77.6572518, 12.9914298], [77.6574874, 12.9915385], [77.6576779, 12.9916264], [77.6583517, 12.9919465], [77.659175, 12.9923596], [77.659784, 12.9926566], [77.6600252, 12.9927546], [77.6602263, 12.9928442], [77.6603449, 12.9929071]]}"
way/687001503,no,footway,LineString,"{""type"": ""LineString"", ""coordinates"": [[77.6571777, 12.9910712], [77.6570259, 12.9910149], [77.6570003, 12.9910026], [77.6559033, 12.9904759], [77.6548072, 12.9899478], [77.6543762, 12.9897438], [77.6536872, 12.9894276], [77.6531559, 12.9891655], [77.6527647, 12.9890031], [77.6519557, 12.9886371], [77.6515667, 12.988453], [77.6510021, 12.9881952], [77.6505643, 12.9879852], [77.649733, 12.987617], [77.6489617, 12.9872574], [77.6485305, 12.9870582], [77.6482676, 12.9869163], [77.6482274, 12.9868872]]}"
way/687173248,yes,trunk,LineString,"{""type"": ""LineString"", ""coordinates"": [[77.6412014, 13.0253635], [77.64235, 13.0248646]]}"
way/687173259,yes,trunk,LineString,"{""type"": ""LineString"", ""coordinates"": [[77.6422841, 13.0246819], [77.6411291, 13.02519]]}"
way/687173270,yes,trunk,LineString,"{""type"": ""LineString"", ""coordinates"": [[77.646063, 13.0230209], [77.6448025, 13.0235663]]}"
way/687173278,yes,trunk,LineString,"{""type"": ""LineString"", ""coordinates"": [[77.6448854, 13.0237521], [77.646136, 13.0231888]]}"
way/687911443,no,motorway,LineString,"{""type"": ""LineString"", ""coordinates"": [[77.5314841, 12.9333489], [77.5315542, 12.9323456], [77.5315918, 12.931919], [77.5316892, 12.9306254], [77.531866, 12.9282417]]}"
way/687911444,no,motorway,LineString,"{""type"": ""LineString"", ""coordinates"": [[77.5314366, 12.9339758], [77.5314841, 12.9333489]]}"
way/687911445,no,motorway,LineString,"{""type"": ""LineString"", ""coordinates"": [[77.531321, 12.9339584], [77.531283, 12.9347243]]}"
way/687911446,no,motorway,LineString,"{""type"": ""LineString"", ""coordinates"": [[77.5313661, 12.9333413], [77.5313541, 12.9335061], [77.5313359, 12.9337541], [77.531321, 12.9339584]]}"
way/688633969,yes,residential,LineString,"{""type"": ""LineString"", ""coordinates"": [[77.699127, 12.9699882], [77.6994699, 12.9698962], [77.7000368, 12.9697582], [77.7003537, 12.9699472]]}"
way/688634564,yes,residential,LineString,"{""type"": ""LineString"", ""coordinates"": [[77.6199383, 13.0015281], [77.6203225, 13.0013575], [77.6203532, 13.0013417]]}"
way/688634565,yes,residential,LineString,"{""type"": ""LineString"", ""coordinates"": [[77.6202909, 13.0021691], [77.6196045, 13.002514]]}"
way/688634566,yes,residential,LineString,"{""type"": ""LineString"", ""coordinates"": [[77.6196045, 13.002514], [77.6197249, 13.0028383], [77.6199593, 13.0027274], [77.6200423, 13.0027302], [77.6200493, 13.0027345], [77.6200793, 13.002753]]}"
way/688634567,yes,residential,LineString,"{""type"": ""LineString"", ""coordinates"": [[77.6196045, 13.002514], [77.6194536, 13.0021659], [77.6194221, 13.0020933], [77.619355, 13.0017927], [77.6199383, 13.0015281]]}"
way/688824218,yes,primary,LineString,"{""type"": ""LineString"", ""coordinates"": [[77.6201122, 12.9212668], [77.6199308, 12.9215814], [77.619575, 12.9221973], [77.6193558, 12.9225657], [77.6191968, 12.9228306], [77.618972, 12.9231665], [77.6187935, 12.9234331], [77.6187611, 12.9234795], [77.6186023, 12.9237068]]}"
way/688824219,yes,primary,LineString,"{""type"": ""LineString"", ""coordinates"": [[77.6156751, 12.9284946], [77.6152112, 12.9292918], [77.6151599, 12.92938]]}"
way/690210908,yes,steps,LineString,"{""type"": ""LineString"", ""coordinates"": [[77.5543709, 13.0101247], [77.5543691, 13.0102161]]}"
way/690847997,yes,steps,LineString,"{""type"": ""LineString"", ""coordinates"": [[77.5304009, 12.9467655], [77.5303011, 12.94672]]}"
way/690847998,yes,steps,LineString,"{""type"": ""LineString"", ""coordinates"": [[77.5304862, 12.9468601], [77.5303796, 12.9468117]]}"
way/691155107,yes,tertiary,LineString,"{""type"": ""LineString"", ""coordinates"": [[77.641166, 12.9738618], [77.6417484, 12.9738771], [77.6431338, 12.9739177], [77.6435389, 12.9739342], [77.6448226, 12.9739768], [77.6452788, 12.9739831], [77.6458159, 12.9739915]]}"
way/691156693,yes,secondary,LineString,"{""type"": ""LineString"", ""coordinates"": [[77.6471273, 12.9719193], [77.6470815, 12.9719896], [77.6470124, 12.9722779], [77.6469818, 12.9724277], [77.6469399, 12.97269], [77.6469356, 12.9727443], [77.6469104, 12.9730613], [77.6469096, 12.9730727], [77.6469065, 12.9731214], [77.6469025, 12.9731799], [77.6468796, 12.9735166], [77.646853, 12.973964], [77.6468518, 12.9739832], [77.6468486, 12.9740377], [77.6468471, 12.9741069], [77.646845, 12.9742017], [77.64682, 12.9745763]]}"
way/691949963,yes,footway,LineString,"{""type"": ""LineString"", ""coordinates"": [[77.6656705, 12.9204929], [77.6656464, 12.9205335], [77.6656289, 12.9205857], [77.6656593, 12.9206237], [77.6656908, 12.9206397], [77.6657288, 12.9206591], [77.6657722, 12.9206797], [77.6666021, 12.9210542], [77.6667507, 12.9211382], [77.6669108, 12.921217], [77.6682162, 12.9218413], [77.6683083, 12.9218815], [77.6686996, 12.9220643], [77.6691124, 12.9222587], [77.6693586, 12.9223747], [77.6698013, 12.9225832], [77.6704241, 12.9228824], [77.6706174, 12.9229748]]}"
way/691997516,yes,tertiary,LineString,"{""type"": ""LineString"", ""coordinates"": [[77.662077, 12.9212854], [77.6599181, 12.9218373], [77.6574943, 12.922701], [77.6567343, 12.9229718], [77.6563173, 12.9231], [77.6553383, 12.9234009]]}"
way/691997518,yes,tertiary,LineString,"{""type"": ""LineString"", ""coordinates"": [[77.6517527, 12.9240974], [77.6511326, 12.924212], [77.6509069, 12.92426], [77.6506462, 12.9242907], [77.6504031, 12.9243021]]}"
way/692971931,yes,residential,LineString,"{""type"": ""LineString"", ""coordinates"": [[77.7002895, 12.9905382], [77.699736, 12.990648], [77.6994827, 12.9906983], [77.6993958, 12.9907155], [77.6989818, 12.9907977], [77.6988831, 12.9902694]]}"
way/693004202,yes,tertiary,LineString,"{""type"": ""LineString"", ""coordinates"": [[77.6865467, 12.9315494], [77.6867143, 12.9316771], [77.6872096, 12.9321266]]}"
way/693004204,yes,tertiary,LineString,"{""type"": ""LineString"", ""coordinates"": [[77.6850816, 12.9302775], [77.6853412, 12.930471], [77.6855706, 12.9306594], [77.6856214, 12.9307012], [77.6858208, 12.9308823], [77.685941, 12.9309915], [77.6862167, 12.9312485], [77.6863535, 12.931374], [77.6864473, 12.9314602], [77.6865467, 12.9315494]]}"
way/695896419,yes,tertiary,LineString,"{""type"": ""LineString"", ""coordinates"": [[77.5527036, 12.9943801], [77.5527125, 12.9944288], [77.5527328, 12.9947578], [77.5527414, 12.9948969]]}"
way/695896420,yes,tertiary,LineString,"{""type"": ""LineString"", ""coordinates"": [[77.5510346, 12.9979266], [77.5510063, 12.9980898], [77.5509979, 12.9981386], [77.5509748, 12.9982716]]}"
way/697267204,yes,tertiary,LineString,"{""type"": ""LineString"", ""coordinates"": [[77.549166, 13.0048232], [77.5491965, 13.0046757], [77.5492889, 13.0043188], [77.5493184, 13.0040949], [77.5493262, 13.0040392], [77.549336, 13.0039688]]}"
way/697267205,yes,primary,LineString,"{""type"": ""LineString"", ""coordinates"": [[77.5489465, 13.0054448], [77.5489711, 13.0053397], [77.5490132, 13.0050263], [77.5490445, 13.0048304]]}"
way/697267206,yes,tertiary,LineString,"{""type"": ""LineString"", ""coordinates"": [[77.5489733, 13.0038979], [77.5489668, 13.0039381], [77.5489592, 13.0039861], [77.548901, 13.0043548], [77.5488279, 13.0048054], [77.5486847, 13.0056886], [77.5486466, 13.0059239], [77.5486161, 13.0061038], [77.5486064, 13.0061765], [77.5485219, 13.0066419], [77.5485155, 13.0068946], [77.5485414, 13.0074286], [77.548559, 13.0076215], [77.5485607, 13.0076394], [77.5485658, 13.0076912]]}"
way/697267207,yes,tertiary,LineString,"{""type"": ""LineString"", ""coordinates"": [[77.5493361, 13.0017619], [77.5490982, 13.0031571], [77.5490472, 13.0034619], [77.5489894, 13.0038015], [77.5489825, 13.0038428], [77.5489733, 13.0038979]]}"
way/699023594,yes,tertiary,LineString,"{""type"": ""LineString"", ""coordinates"": [[77.5497605, 12.9994506], [77.5497297, 12.9996282], [77.5496864, 12.9998781], [77.5496304, 13.000179], [77.5494518, 13.0011397], [77.5493361, 13.0017619]]}"
way/700366984,yes,footway,LineString,"{""type"": ""LineString"", ""coordinates"": [[77.5629271, 13.0175081], [77.5627755, 13.0176248], [77.5627587, 13.0176377], [77.5626618, 13.0177123], [77.5626014, 13.0177587], [77.5625696, 13.0177832], [77.5624693, 13.0178604]]}"
way/705023782,yes,secondary,LineString,"{""type"": ""LineString"", ""coordinates"": [[77.6087723, 12.9771223], [77.608755, 12.9770548], [77.6083599, 12.9759514], [77.6083013, 12.9757878], [77.6081191, 12.975279], [77.60811, 12.9752511], [77.6080782, 12.9751536]]}"
way/705023783,yes,secondary,LineString,"{""type"": ""LineString"", ""coordinates"": [[77.6079654, 12.9751847], [77.6079927, 12.9752782], [77.6082438, 12.9759909], [77.6084952, 12.9767046], [77.6085558, 12.9767749], [77.608598, 12.9768546], [77.6086376, 12.9769821], [77.6086499, 12.9770901], [77.6086718, 12.977155]]}"
way/705790979,yes,trunk,LineString,"{""type"": ""LineString"", ""coordinates"": [[77.5343361, 13.0319873], [77.5341933, 13.0320292], [77.5335929, 13.032362], [77.5309488, 13.0339675], [77.5307029, 13.0341156], [77.5304645, 13.034245], [77.5302567, 13.0343513], [77.5302323, 13.0343637], [77.5299784, 13.0344766], [77.529973, 13.034479], [77.5296494, 13.0346076], [77.5295941, 13.0346206], [77.5292789, 13.0346944], [77.5289319, 13.0347814], [77.5283925, 13.0349167], [77.5283585, 13.0349252], [77.527626, 13.0350984], [77.5273675, 13.0351583], [77.5271932, 13.0351986], [77.5270589, 13.035236], [77.5269388, 13.0352642], [77.5266597, 13.0353561], [77.5265048, 13.0354133], [77.526245, 13.0355207], [77.5260157, 13.0356344], [77.5256582, 13.0358285], [77.5256143, 13.0358537], [77.5252395, 13.0360692], [77.5246674, 13.0363826], [77.523191, 13.0371899], [77.5222791, 13.0376885]]}"
way/705882200,yes,primary,LineString,"{""type"": ""LineString"", ""coordinates"": [[77.7462105, 12.9859149], [77.7458217, 12.9860575], [77.7455051, 12.9861645], [77.7452693, 12.986237], [77.7448394, 12.9863637], [77.7447877, 12.9863768], [77.7440306, 12.9865456], [77.7437505, 12.9866146], [77.7434704, 12.9866836], [77.7423395, 12.9869796], [77.7422696, 12.9869973], [77.7415311, 12.9871913], [77.7407436, 12.9873975], [77.740427, 12.9874765], [77.7402507, 12.9875138], [77.7401951, 12.9875255], [77.740088, 12.9875419], [77.7400668, 12.9875452], [77.7399836, 12.9875524], [77.7397746, 12.987556], [77.7393859, 12.9875626], [77.7393316, 12.9875622], [77.7387643, 12.9875579], [77.7372415, 12.9875291], [77.7371414, 12.9875318], [77.73691, 12.987531]]}"
way/708224203,no,footway,LineString,"{""type"": ""LineString"", ""coordinates"": [[77.562283, 13.0175666], [77.561844, 13.0174674]]}"
way/708224210,yes,service,LineString,"{""type"": ""LineString"", ""coordinates"": [[77.5627692, 13.0172625], [77.562892, 13.0174541], [77.5629271, 13.0175081]]}"
way/708224211,no,footway,LineString,"{""type"": ""LineString"", ""coordinates"": [[77.5620696, 13.0171166], [77.562283, 13.0175666]]}"
way/708224212,no,footway,LineString,"{""type"": ""LineString"", ""coordinates"": [[77.5624693, 13.0178604], [77.5624669, 13.0178729], [77.5627055, 13.0181359]]}"
way/708224220,yes,service,LineString,"{""type"": ""LineString"", ""coordinates"": [[77.5628172, 13.01864], [77.5632136, 13.0186382], [77.5633572, 13.0186972], [77.5634774, 13.0187816], [77.5636387, 13.0193013], [77.5636485, 13.0193329]]}"
way/708224221,yes,service,LineString,"{""type"": ""LineString"", ""coordinates"": [[77.562811, 13.0186733], [77.5627942, 13.0187029], [77.5627686, 13.0187257], [77.5627368, 13.0187393], [77.5627045, 13.0187424], [77.5626728, 13.018736], [77.5626446, 13.0187206], [77.5626223, 13.0186977], [77.5626081, 13.0186693], [77.5626033, 13.0186381], [77.5626086, 13.018606], [77.5626238, 13.018577], [77.5626474, 13.018554], [77.5626772, 13.0185392], [77.5627102, 13.0185341], [77.5627436, 13.0185393], [77.5627736, 13.0185544], [77.5627974, 13.0185779], [77.5628124, 13.0186074], [77.5628172, 13.01864], [77.562811, 13.0186733]]}"
way/708390222,yes,service,LineString,"{""type"": ""LineString"", ""coordinates"": [[77.5614846, 13.0186321], [77.5616282, 13.0186329], [77.5626033, 13.0186381]]}"
way/718870718,yes,residential,LineString,"{""type"": ""LineString"", ""coordinates"": [[77.6914029, 12.9722814], [77.6914204, 12.9723385], [77.6914538, 12.9724243], [77.6914858, 12.9726702], [77.6915147, 12.972916], [77.6915575, 12.973155], [77.6915722, 12.9732327], [77.6916513, 12.9735541], [77.6917207, 12.9738349], [77.6917888, 12.9741115]]}"
way/719567798,yes,residential,LineString,"{""type"": ""LineString"", ""coordinates"": [[77.6901734, 12.9157767], [77.6898267, 12.9157909], [77.6898373, 12.916036], [77.6898434, 12.9161769], [77.6898508, 12.9163495], [77.689857, 12.9164922], [77.6898736, 12.9168776]]}"
way/719567799,yes,residential,LineString,"{""type"": ""LineString"", ""coordinates"": [[77.6901774, 12.9156087], [77.6901734, 12.9157767], [77.6901833, 12.9160359], [77.6901885, 12.916173], [77.6901939, 12.9163171], [77.6902008, 12.9164987], [77.6902042, 12.9165877], [77.6902056, 12.9166289], [77.6902119, 12.9168222], [77.6902136, 12.9168739]]}"
way/719567802,yes,residential,LineString,"{""type"": ""LineString"", ""coordinates"": [[77.6902136, 12.9168739], [77.6904061, 12.9168524], [77.6904694, 12.916832], [77.6904899, 12.916808], [77.6905055, 12.9167955], [77.6905141, 12.9167838], [77.6904597, 12.9156603], [77.6904497, 12.9156335], [77.6904289, 12.9156178], [77.6903886, 12.9156106], [77.6903122, 12.9156028], [77.6901774, 12.9156087], [77.6901559, 12.9155891], [77.6901322, 12.9155772], [77.6900761, 12.9155732], [77.6900278, 12.9155631], [77.6899964, 12.9155518], [77.6899769, 12.9155328], [77.6899522, 12.9155073], [77.6899365, 12.9155018], [77.6899226, 12.9154969], [77.6895323, 12.9155113], [77.6894495, 12.9155163], [77.6893195, 12.9155154], [77.6893207, 12.91553], [77.6893276, 12.9156148], [77.6893449, 12.915763], [77.6893663, 12.91597], [77.6893869, 12.91618], [77.6894067, 12.9162794], [77.6894215, 12.9165984], [77.6894444, 12.916813], [77.6894532, 12.9169027]]}"
way/720103047,yes,service,LineString,"{""type"": ""LineString"", ""coordinates"": [[77.6923293, 12.98405], [77.6917873, 12.9848869], [77.6915953, 12.9851834], [77.6911712, 12.9858383], [77.6911127, 12.9859287]]}"
way/729537025,yes,footway,LineString,"{""type"": ""LineString"", ""coordinates"": [[77.5995019, 12.9767648], [77.599499, 12.9767041], [77.5994978, 12.9766794], [77.5994948, 12.9766159], [77.5994918, 12.9765536], [77.5994906, 12.9765287]]}"
way/732012740,yes,secondary,LineString,"{""type"": ""LineString"", ""coordinates"": [[77.5543998, 13.0068841], [77.5543865, 13.0066211], [77.5542953, 13.0061687], [77.5542773, 13.0060796]]}"
way/732012741,yes,secondary,LineString,"{""type"": ""LineString"", ""coordinates"": [[77.5543287, 13.0071572], [77.5543318, 13.0071896], [77.5543374, 13.0074777], [77.5543507, 13.0081648], [77.5543517, 13.0082145]]}"
way/732012742,yes,secondary,LineString,"{""type"": ""LineString"", ""coordinates"": [[77.5543517, 13.0082145], [77.554358, 13.0085382], [77.5543634, 13.0089626], [77.5543691, 13.0094997], [77.5544063, 13.0096845]]}"
way/732012743,yes,secondary,LineString,"{""type"": ""LineString"", ""coordinates"": [[77.5544063, 13.0096845], [77.5544057, 13.0097472], [77.5544051, 13.0098089], [77.5544033, 13.0099976], [77.5544013, 13.0102167], [77.5544007, 13.0102816], [77.5543979, 13.0105873], [77.5543964, 13.0107474], [77.5543915, 13.0112716], [77.5543894, 13.0114974], [77.5543882, 13.0116283], [77.5543873, 13.01173], [77.554364, 13.0121413]]}"
way/732012744,yes,steps,LineString,"{""type"": ""LineString"", ""coordinates"": [[77.5545531, 13.0100003], [77.5545515, 13.0101279]]}"
way/732012745,yes,steps,LineString,"{""type"": ""LineString"", ""coordinates"": [[77.5545515, 13.0101279], [77.554549, 13.0102193]]}"
way/732232689,yes,footway,LineString,"{""type"": ""LineString"", ""coordinates"": [[77.593095, 13.0496767], [77.5925511, 13.0497788]]}"
way/732232690,no,steps,LineString,"{""type"": ""LineString"", ""coordinates"": [[77.5931278, 13.0498374], [77.593095, 13.0496767]]}"
way/733073734,no,secondary,LineString,"{""type"": ""LineString"", ""coordinates"": [[77.5913823, 13.0162231], [77.591146, 13.0164195], [77.5909745, 13.0165663], [77.5908565, 13.0166543], [77.5906561, 13.0167356], [77.5902618, 13.0168957], [77.5898087, 13.0169164], [77.5896535, 13.0168266], [77.5893273, 13.0167508], [77.5887952, 13.0167332], [77.5882748, 13.0167199], [77.58811, 13.0167869], [77.5879935, 13.0168784]]}"
way/735037028,yes,primary_link,LineString,"{""type"": ""LineString"", ""coordinates"": [[77.6662959, 12.9584823], [77.6664006, 12.9584647], [77.6664832, 12.9584418], [77.6665503, 12.9584192], [77.6668669, 12.9583649], [77.6670202, 12.9583462], [77.6672278, 12.9583257], [77.6674349, 12.9583189], [77.6677143, 12.9583089], [77.6680293, 12.9583024], [77.6680788, 12.9583004], [77.6681586, 12.9582104]]}"
way/735048027,yes,residential,LineString,"{""type"": ""LineString"", ""coordinates"": [[77.6629092, 12.9026772], [77.6629029, 12.9026647], [77.6628943, 12.9026535], [77.6628789, 12.9026409], [77.6628606, 12.9026327], [77.6628408, 12.9026295], [77.6628186, 12.902632], [77.6627981, 12.9026408], [77.6627811, 12.902655], [77.6627691, 12.9026734], [77.6627632, 12.9026944], [77.6627638, 12.9027163], [77.6627704, 12.9027359], [77.6627823, 12.9027529], [77.6627986, 12.9027661], [77.662818, 12.9027743], [77.662839, 12.902777], [77.6628627, 12.9027731], [77.662884, 12.9027621], [77.6629006, 12.9027452], [77.662911, 12.9027241], [77.662914, 12.9027005], [77.6629092, 12.9026772]]}"
way/735048028,yes,residential,LineString,"{""type"": ""LineString"", ""coordinates"": [[77.6627638, 12.9027163], [77.6621085, 12.9030413], [77.6620303, 12.9030875], [77.6619238, 12.9032105]]}"
way/735048030,yes,residential,LineString,"{""type"": ""LineString"", ""coordinates"": [[77.6619238, 12.9032105], [77.6620935, 12.9031658], [77.6621492, 12.9031358], [77.662839, 12.902777]]}"
way/735373204,yes,secondary,LineString,"{""type"": ""LineString"", ""coordinates"": [[77.6446635, 12.9120626], [77.6445856, 12.9120447], [77.6445314, 12.9120381], [77.6444426, 12.9120514], [77.6443592, 12.9120655], [77.6442773, 12.9120995]]}"
way/736383422,yes,secondary,LineString,"{""type"": ""LineString"", ""coordinates"": [[77.66158, 12.9667808], [77.6614375, 12.9667963], [77.6613461, 12.9668063], [77.6606114, 12.9668863], [77.6605677, 12.9668911], [77.6599142, 12.9669632], [77.6595433, 12.9670126], [77.6595134, 12.9670166], [77.6594201, 12.9670646]]}"
way/736388784,yes,primary,LineString,"{""type"": ""LineString"", ""coordinates"": [[77.5935787, 13.0838718], [77.5934333, 13.0834111], [77.5932824, 13.0829281], [77.5931602, 13.0824906], [77.5931376, 13.0823571]]}"
way/736394689,yes,secondary,LineString,"{""type"": ""LineString"", ""coordinates"": [[77.6594201, 12.9670646], [77.6595333, 12.9670768], [77.6595562, 12.9670746], [77.6596968, 12.9670614], [77.6599659, 12.9670297], [77.6613966, 12.9668594], [77.6614408, 12.9668535], [77.6615466, 12.9668437]]}"
way/737228933,yes,residential,LineString,"{""type"": ""LineString"", ""coordinates"": [[77.6897346, 12.9691004], [77.6896824, 12.9683669]]}"
way/737489988,yes,residential,LineString,"{""type"": ""LineString"", ""coordinates"": [[77.7060531, 12.9122148], [77.7056372, 12.9123342]]}"
way/737489989,yes,residential,LineString,"{""type"": ""LineString"", ""coordinates"": [[77.7071596, 12.9116836], [77.7068004, 12.9118243], [77.70639, 12.9119472], [77.706358, 12.9119678], [77.7060449, 12.912104], [77.7060313, 12.9121193], [77.7060262, 12.9121361], [77.7060531, 12.9122148], [77.7061566, 12.9124683]]}"
way/737502997,yes,primary,LineString,"{""type"": ""LineString"", ""coordinates"": [[77.5707331, 12.9806644], [77.5707916, 12.9805615], [77.5708506, 12.9804867]]}"
way/738397739,yes,residential,LineString,"{""type"": ""LineString"", ""coordinates"": [[77.6890442, 12.9238842], [77.6889072, 12.9232649], [77.6888658, 12.9230777], [77.6888331, 12.9222867], [77.6888289, 12.9221535]]}"
way/738400572,yes,residential,LineString,"{""type"": ""LineString"", ""coordinates"": [[77.7037072, 12.9082328], [77.703563, 12.9077955]]}"
way/738400573,yes,residential,LineString,"{""type"": ""LineString"", ""coordinates"": [[77.7042351, 12.9080608], [77.7040847, 12.907619]]}"
way/738400574,yes,residential,LineString,"{""type"": ""LineString"", ""coordinates"": [[77.703958, 12.9081506], [77.7038037, 12.9077138]]}"
way/738400575,yes,residential,LineString,"{""type"": ""LineString"", ""coordinates"": [[77.7034423, 12.9083184], [77.7032774, 12.9078462], [77.7030342, 12.9071341]]}"
way/744561214,yes,tertiary,LineString,"{""type"": ""LineString"", ""coordinates"": [[77.6287137, 12.9070868], [77.6286954, 12.9071161], [77.6286037, 12.9072631], [77.6279888, 12.9082492], [77.6278156, 12.9085321], [77.6277586, 12.9086208], [77.6276176, 12.9088401], [77.6276109, 12.9088505], [77.627328, 12.9092905], [77.6269162, 12.9099456], [77.6259966, 12.9113778]]}"
way/747182858,yes,primary,LineString,"{""type"": ""LineString"", ""coordinates"": [[77.5935444, 12.9595693], [77.5943883, 12.961759], [77.5944734, 12.961981], [77.5945061, 12.9620433], [77.5945398, 12.9621036], [77.5946386, 12.9622159], [77.5947594, 12.9623235], [77.5948174, 12.9623832]]}"
way/747253085,yes,residential,LineString,"{""type"": ""LineString"", ""coordinates"": [[77.6787121, 12.9715948], [77.6792832, 12.9715124], [77.6796823, 12.9714697]]}"
way/747958866,yes,residential,LineString,"{""type"": ""LineString"", ""coordinates"": [[77.5905051, 13.0426897], [77.5904568, 13.0425463], [77.5904073, 13.042424], [77.5903944, 13.0423933], [77.5901525, 13.0417661], [77.5901316, 13.0417072]]}"
way/749328318,no,footway,LineString,"{""type"": ""LineString"", ""coordinates"": [[77.5624669, 13.0178729], [77.5623417, 13.0181625]]}"
way/759364428,yes,secondary,LineString,"{""type"": ""LineString"", ""coordinates"": [[77.5539125, 13.0152576], [77.553787, 13.0154823]]}"
way/759364429,yes,primary,LineString,"{""type"": ""LineString"", ""coordinates"": [[77.5539026, 13.0134857], [77.5540002, 13.0135211], [77.5541035, 13.0135091], [77.5541746, 13.0134544], [77.5542767, 13.0133789]]}"
way/759364430,yes,primary,LineString,"{""type"": ""LineString"", ""coordinates"": [[77.5541313, 13.012422], [77.5541004, 13.0124364], [77.5540268, 13.0124743], [77.5539521, 13.0125197]]}"
way/759364431,yes,secondary,LineString,"{""type"": ""LineString"", ""coordinates"": [[77.5537319, 13.0044212], [77.5537431, 13.0044725], [77.5537468, 13.0044885], [77.5537911, 13.004678], [77.5539769, 13.0053573], [77.5540585, 13.0056775], [77.5540815, 13.0057679], [77.5541683, 13.0061082], [77.5541859, 13.0061914], [77.5542321, 13.0064096], [77.5542578, 13.0065309], [77.5542752, 13.0066132]]}"
way/760493328,yes,trunk,LineString,"{""type"": ""LineString"", ""coordinates"": [[77.4996259, 13.0477646], [77.4968309, 13.0487453], [77.4966258, 13.0488697]]}"
way/760493331,yes,primary,LineString,"{""type"": ""LineString"", ""coordinates"": [[77.5682372, 12.9824255], [77.5681302, 12.9823939], [77.5679791, 12.9823465], [77.5672415, 12.9821149], [77.5665204, 12.9818972], [77.5663953, 12.9818674], [77.5662651, 12.9818485], [77.5661495, 12.9818391]]}"
way/760493332,yes,secondary,LineString,"{""type"": ""LineString"", ""coordinates"": [[77.5625027, 12.9824937], [77.56223, 12.9824876], [77.5617301, 12.9825261]]}"
way/760493333,yes,secondary,LineString,"{""type"": ""LineString"", ""coordinates"": [[77.5615089, 12.9825725], [77.5613651, 12.982616]]}"
way/760499608,yes,trunk,LineString,"{""type"": ""LineString"", ""coordinates"": [[77.507194, 13.0452316], [77.5068175, 13.0453324], [77.5065697, 13.0454099], [77.5061807, 13.0455314], [77.5060244, 13.0455743], [77.5055638, 13.0457009], [77.5054266, 13.0457372], [77.5052577, 13.0457849], [77.5051876, 13.045807], [77.5049844, 13.0458711], [77.5046947, 13.0459678], [77.5046313, 13.0459906], [77.5043675, 13.0460854], [77.5042104, 13.0461417], [77.5033577, 13.0464473], [77.5033042, 13.0464664], [77.5026451, 13.0467026], [77.5023478, 13.0468092], [77.5019701, 13.0469438], [77.5016669, 13.0470518], [77.5014464, 13.0471304], [77.5012627, 13.0471958], [77.5006688, 13.0474075], [77.5003718, 13.047511], [77.4999944, 13.0476425], [77.4996259, 13.0477646]]}"
way/760562355,yes,secondary,LineString,"{""type"": ""LineString"", ""coordinates"": [[77.5570851, 13.0174707], [77.5568776, 13.0171216], [77.5568102, 13.0170903]]}"
way/760889232,yes,primary,LineString,"{""type"": ""LineString"", ""coordinates"": [[77.6009173, 12.9798218], [77.6023303, 12.9793454], [77.602354, 12.9793375], [77.6024245, 12.979315]]}"
way/763175328,yes,primary,LineString,"{""type"": ""LineString"", ""coordinates"": [[77.6010377, 12.9653935], [77.6008754, 12.9653706], [77.6008036, 12.9653598], [77.600367, 12.965297], [77.5997098, 12.9652209], [77.5994906, 12.965192]]}"
way/763175329,yes,primary,LineString,"{""type"": ""LineString"", ""coordinates"": [[77.5994906, 12.965192], [77.59931, 12.965227], [77.5990065, 12.9651847], [77.5989501, 12.965175], [77.5988339, 12.9651594], [77.597796, 12.9650202], [77.5972439, 12.9649462], [77.5972257, 12.9649443], [77.5971741, 12.9649389], [77.5970193, 12.9649458]]}"
way/763175330,yes,primary,LineString,"{""type"": ""LineString"", ""coordinates"": [[77.6087179, 12.966655], [77.6086487, 12.9666391], [77.6085805, 12.9666242], [77.6084577, 12.9665952], [77.6079204, 12.9664709], [77.6075167, 12.9663907], [77.6073971, 12.9663646], [77.6069289, 12.9662622], [77.6068671, 12.9662487], [77.6068243, 12.9662393]]}"
way/763175332,yes,secondary,LineString,"{""type"": ""LineString"", ""coordinates"": [[77.6188971, 12.9624708], [77.6184234, 12.9635109], [77.6179698, 12.9645087], [77.617851, 12.9647825], [77.617788, 12.9649161], [77.6176955, 12.9651727], [77.6176957, 12.9652127]]}"
way/763183691,yes,primary,LineString,"{""type"": ""LineString"", ""coordinates"": [[77.6194555, 12.9725327], [77.6193378, 12.9725155], [77.6193071, 12.972511], [77.6191713, 12.9725093], [77.6190993, 12.9725084]]}"
way/763183692,yes,secondary,LineString,"{""type"": ""LineString"", ""coordinates"": [[77.6194756, 12.9723038], [77.6194622, 12.9724373], [77.6194555, 12.9725327]]}"
way/763284654,yes,primary,LineString,"{""type"": ""LineString"", ""coordinates"": [[77.5911146, 12.9530167], [77.59067, 12.9518529], [77.5906536, 12.9518101], [77.5906063, 12.9516863]]}"
way/764068235,yes,primary,LineString,"{""type"": ""LineString"", ""coordinates"": [[77.7234939, 12.9558242], [77.7233198, 12.9558207], [77.7230443, 12.9558171], [77.7228161, 12.9558138], [77.7226292, 12.9558101], [77.7223216, 12.9557975], [77.7221126, 12.9557969], [77.721858, 12.9557976], [77.7211929, 12.95579], [77.7211451, 12.9557885], [77.7209275, 12.9557815], [77.7208875, 12.9557807], [77.7207528, 12.9557797], [77.7207244, 12.9557792], [77.7203984, 12.955774], [77.7203616, 12.9557737], [77.720152, 12.9557722], [77.7199974, 12.9557703], [77.7198372, 12.9557679], [77.7191049, 12.9557444], [77.7187579, 12.9557327], [77.7187097, 12.9557311], [77.7184582, 12.95573], [77.7184271, 12.95573], [77.7177886, 12.9557309], [77.717315, 12.9557329]]}"
way/764113768,no,footway,LineString,"{""type"": ""LineString"", ""coordinates"": [[77.6449884, 12.9802971], [77.6450272, 12.9802997], [77.6450627, 12.980302]]}"
way/764329018,yes,tertiary,LineString,"{""type"": ""LineString"", ""coordinates"": [[77.6087634, 12.9666654], [77.6088123, 12.9665797], [77.6095856, 12.9655487], [77.6099455, 12.9650689]]}"
way/764329019,yes,primary,LineString,"{""type"": ""LineString"", ""coordinates"": [[77.6067274, 12.9647609], [77.6067537, 12.9650621], [77.6067723, 12.9652721], [77.6067504, 12.9660311], [77.6067449, 12.9660779], [77.60674, 12.9661196], [77.6067229, 12.9662172]]}"
way/765181800,yes,tertiary,LineString,"{""type"": ""LineString"", ""coordinates"": [[77.5527874, 12.9968583], [77.5524637, 12.9968708], [77.5512518, 12.9969217]]}"
way/765201066,yes,residential,LineString,"{""type"": ""LineString"", ""coordinates"": [[77.6985082, 12.9907347], [77.6973096, 12.9909021]]}"
way/765422560,yes,residential,LineString,"{""type"": ""LineString"", ""coordinates"": [[77.6434574, 13.084644], [77.6433983, 13.0846569], [77.6430738, 13.0847276], [77.6430149, 13.0847404], [77.6427336, 13.0848016], [77.6423239, 13.0848803], [77.642025, 13.0849329]]}"
way/766406230,yes,primary,LineString,"{""type"": ""LineString"", ""coordinates"": [[77.5948174, 12.9623832], [77.5949807, 12.9624793], [77.5950429, 12.962519], [77.5952058, 12.9626527], [77.5953924, 12.9628066], [77.5957951, 12.9631578], [77.5959707, 12.9633121], [77.5960833, 12.9634535], [77.5962022, 12.9636166]]}"
way/766406976,yes,primary,LineString,"{""type"": ""LineString"", ""coordinates"": [[77.5941145, 12.9608146], [77.5939581, 12.9604392], [77.5937308, 12.9598106], [77.5936289, 12.9595291], [77.5935607, 12.9594547]]}"
way/768575610,yes,residential,LineString,"{""type"": ""LineString"", ""coordinates"": [[77.619355, 12.8681637], [77.6194645, 12.8687156], [77.6200402, 12.8686043]]}"
way/768583299,no,residential,LineString,"{""type"": ""LineString"", ""coordinates"": [[77.6167757, 12.8677751], [77.6169405, 12.8680984], [77.616947, 12.8681112], [77.6169537, 12.8681243], [77.616965, 12.8681473], [77.6169727, 12.868163], [77.6170778, 12.8683772], [77.6171422, 12.8684504], [77.6172253, 12.8684557], [77.6172677, 12.8684492], [77.6182403, 12.8682991], [77.618327, 12.8682857], [77.6186457, 12.8682365], [77.6187951, 12.8682135]]}"
way/771923569,yes,residential,LineString,"{""type"": ""LineString"", ""coordinates"": [[77.6356516, 13.0279851], [77.635662, 13.0280095], [77.6357084, 13.0280915], [77.6357331, 13.0282611], [77.635799, 13.0286112]]}"
way/772375700,yes,residential,LineString,"{""type"": ""LineString"", ""coordinates"": [[77.795432, 12.8636453], [77.7956908, 12.8635526], [77.7960648, 12.8634186]]}"
way/772375701,yes,residential,LineString,"{""type"": ""LineString"", ""coordinates"": [[77.7973742, 12.8639891], [77.7972795, 12.8640244], [77.7972646, 12.8640299], [77.7970462, 12.8641113], [77.7967465, 12.8642229], [77.7965071, 12.864312], [77.7964213, 12.864344], [77.7960585, 12.8644791], [77.7958153, 12.8645696]]}"
way/772375702,yes,residential,LineString,"{""type"": ""LineString"", ""coordinates"": [[77.7960585, 12.8644791], [77.7956908, 12.8635526]]}"
way/772375703,yes,residential,LineString,"{""type"": ""LineString"", ""coordinates"": [[77.7964213, 12.864344], [77.7960648, 12.8634186]]}"
way/772375704,yes,residential,LineString,"{""type"": ""LineString"", ""coordinates"": [[77.7967465, 12.8642229], [77.7965023, 12.8635998]]}"
way/772375705,yes,residential,LineString,"{""type"": ""LineString"", ""coordinates"": [[77.7970462, 12.8641113], [77.7968019, 12.863519]]}"
way/772375706,yes,residential,LineString,"{""type"": ""LineString"", ""coordinates"": [[77.7971097, 12.8625482], [77.7969983, 12.8625901], [77.7969649, 12.8626026], [77.7966199, 12.8627323], [77.7962808, 12.8628598], [77.7959026, 12.8629984]]}"
way/772375707,yes,residential,LineString,"{""type"": ""LineString"", ""coordinates"": [[77.7955216, 12.8620089], [77.7959159, 12.8619563], [77.7962764, 12.8618386], [77.7966308, 12.8617735], [77.796899, 12.8617251]]}"
way/772375708,yes,residential,LineString,"{""type"": ""LineString"", ""coordinates"": [[77.7962808, 12.8628598], [77.7959159, 12.8619563]]}"
way/772375709,yes,residential,LineString,"{""type"": ""LineString"", ""coordinates"": [[77.7966199, 12.8627323], [77.7962764, 12.8618386]]}"
way/772375710,yes,residential,LineString,"{""type"": ""LineString"", ""coordinates"": [[77.7969649, 12.8626026], [77.7966308, 12.8617735]]}"
way/773258622,yes,residential,LineString,"{""type"": ""LineString"", ""coordinates"": [[77.5467369, 13.0030162], [77.5469347, 13.002637], [77.547332, 13.0018713], [77.5476315, 13.0012389], [77.5477994, 13.0008477], [77.5478007, 13.0008337]]}"
way/773577282,yes,secondary,LineString,"{""type"": ""LineString"", ""coordinates"": [[77.5774667, 13.0994924], [77.5767531, 13.0992991], [77.5762841, 13.099178]]}"
way/773577283,yes,secondary,LineString,"{""type"": ""LineString"", ""coordinates"": [[77.5762586, 13.0992407], [77.5766428, 13.0993391], [77.5774443, 13.0995624]]}"
way/773825314,no,secondary,LineString,"{""type"": ""LineString"", ""coordinates"": [[77.5839944, 13.0172922], [77.585707, 13.0171688], [77.5865061, 13.0171118], [77.5867655, 13.0170933], [77.5869882, 13.0170703], [77.5875655, 13.0170106], [77.5879935, 13.0168784]]}"
way/775186846,no,footway,LineString,"{""type"": ""LineString"", ""coordinates"": [[77.5736971, 13.0146097], [77.5747663, 13.0146762], [77.5756126, 13.0146852], [77.5758832, 13.0146859], [77.5763147, 13.0146879], [77.5773112, 13.0146925], [77.5784853, 13.0146737], [77.5794633, 13.0146596], [77.5797083, 13.0146561], [77.58115, 13.0145772], [77.5823158, 13.0145207], [77.582657, 13.0145042], [77.5828373, 13.0144928], [77.5832648, 13.014467], [77.583453, 13.0144532], [77.583644, 13.0144297]]}"
way/776453826,no,residential,LineString,"{""type"": ""LineString"", ""coordinates"": [[77.4685018, 13.1336007], [77.4687649, 13.133508], [77.4690742, 13.1334022], [77.4691344, 13.1333798], [77.4693657, 13.1333089], [77.4694146, 13.1332899], [77.4696431, 13.1332099], [77.4696958, 13.1331884], [77.4699346, 13.1331069], [77.4699788, 13.1330819], [77.4702474, 13.1329836], [77.4705252, 13.132888], [77.4707908, 13.1328069], [77.4708267, 13.132796]]}"
way/776970593,yes,primary,LineString,"{""type"": ""LineString"", ""coordinates"": [[77.637393, 12.9828597], [77.6368619, 12.9827013], [77.6363365, 12.9826014], [77.6347322, 12.9824773], [77.6341459, 12.9824133], [77.6337438, 12.9823615], [77.6331273, 12.9822824], [77.6326366, 12.9822195], [77.6322187, 12.9820762], [77.6316892, 12.9817595], [77.6315592, 12.9816825], [77.631483, 12.9816374]]}"
way/776970594,yes,primary,LineString,"{""type"": ""LineString"", ""coordinates"": [[77.6374961, 12.9829838], [77.6378969, 12.983134], [77.6381707, 12.9832367], [77.6396887, 12.9838042], [77.6402869, 12.9840247], [77.6405203, 12.9841222]]}"
way/777476398,yes,residential,LineString,"{""type"": ""LineString"", ""coordinates"": [[77.5511348, 13.0007117], [77.55087, 13.00067]]}"
way/777518478,yes,steps,LineString,"{""type"": ""LineString"", ""coordinates"": [[77.5974327, 12.9942633], [77.5976516, 12.9941837]]}"
way/777690253,no,secondary,LineString,"{""type"": ""LineString"", ""coordinates"": [[77.5727488, 13.0146971], [77.5727444, 13.0147736], [77.5727355, 13.0149102], [77.5726554, 13.016181], [77.5726006, 13.0170347], [77.5725049, 13.0188765]]}"
way/777690254,no,secondary,LineString,"{""type"": ""LineString"", ""coordinates"": [[77.5725796, 13.0189139], [77.5726721, 13.017107], [77.5726765, 13.0170291], [77.5728275, 13.0149157], [77.5728327, 13.0148328], [77.5728369, 13.0147657], [77.5728407, 13.014704]]}"
way/777911120,yes,primary,LineString,"{""type"": ""LineString"", ""coordinates"": [[77.5810972, 12.8136408], [77.5811059, 12.8136704], [77.5811394, 12.8137199], [77.5812994, 12.8138499], [77.582009, 12.8141071], [77.5821344, 12.8141576], [77.5821967, 12.8141904], [77.5823079, 12.8142491], [77.5824641, 12.8143675], [77.5825796, 12.814481], [77.5826944, 12.8146463], [77.5827367, 12.8147502], [77.5828679, 12.8150728], [77.5831061, 12.815712], [77.5831438, 12.8158001], [77.5833616, 12.8163989], [77.5834317, 12.8165918], [77.583625, 12.8171234], [77.5837034, 12.8173759], [77.5837171, 12.8174202], [77.5838316, 12.8176714], [77.5839312, 12.8178823], [77.5839547, 12.8179249], [77.5840109, 12.8180265], [77.5841103, 12.8182063], [77.5841886, 12.818348], [77.5846027, 12.8191604], [77.5846273, 12.8192355], [77.5846602, 12.8193359], [77.5847603, 12.8196045], [77.5848576, 12.8199942], [77.5849565, 12.8206142], [77.5850998, 12.8217013], [77.5851517, 12.8221029], [77.585168, 12.822222], [77.5852227, 12.8227419], [77.5852688, 12.8232781], [77.5852885, 12.8235167], [77.5853047, 12.8236548], [77.5853488, 12.8238097], [77.5853816, 12.8238616], [77.5854565, 12.8240307], [77.5857586, 12.8245733], [77.585848, 12.8247339], [77.5860529, 12.8251338], [77.586136, 12.8253532], [77.5861732, 12.8254747], [77.5861852, 12.825514], [77.5863014, 12.8258924], [77.5864849, 12.826502], [77.5868171, 12.827544], [77.5868871, 12.8277661], [77.5869184, 12.8278656], [77.5870459, 12.8282262], [77.5871572, 12.8285413], [77.5874662, 12.8292984], [77.5875575, 12.8294848], [77.5876644, 12.8297231], [77.5885189, 12.8316054], [77.5885404, 12.8316558], [77.5889494, 12.8326094], [77.5890278, 12.8327995], [77.5891086, 12.8330992], [77.5891591, 12.8335597], [77.5891853, 12.8341826], [77.5891575, 12.8346247], [77.5890558, 12.8353021], [77.5889884, 12.8360021], [77.5889344, 12.8378526], [77.5887993, 12.8391154], [77.5886489, 12.8403028], [77.5885295, 12.8412776], [77.588525, 12.841314], [77.5885126, 12.8414306], [77.5884656, 12.8417445]]}"
way/777911121,yes,primary,LineString,"{""type"": ""LineString"", ""coordinates"": [[77.5885727, 12.8417427], [77.588607, 12.8414373], [77.5886249, 12.8413007], [77.5887767, 12.8400333], [77.589016, 12.8377836], [77.5890662, 12.8360831], [77.5891282, 12.8353139], [77.5892405, 12.8345583], [77.5892561, 12.8343267], [77.5892394, 12.8337287], [77.5892249, 12.8334974], [77.58921, 12.833261], [77.5892076, 12.8332224], [77.5891537, 12.832975], [77.589029, 12.8325844], [77.5889236, 12.8323283], [77.5887671, 12.8319629], [77.5887425, 12.83191], [77.5883285, 12.8309576], [77.5876481, 12.8294748], [77.5875499, 12.829275], [77.5873673, 12.8288664], [77.5872189, 12.8285183], [77.5870734, 12.8280894], [77.5870356, 12.8279779], [77.586889, 12.8275244], [77.5865699, 12.8265018], [77.5863162, 12.8256748], [77.5862515, 12.8255042], [77.5862388, 12.8254551], [77.5862359, 12.8254437], [77.5861146, 12.8251065], [77.5859281, 12.8247186], [77.5859024, 12.8246789], [77.5855401, 12.8240028], [77.5854008, 12.8237203], [77.5853593, 12.8234195], [77.585227, 12.822095], [77.5851229, 12.8212929], [77.5850787, 12.8209644], [77.5850654, 12.8208887], [77.5849799, 12.8203088], [77.5849354, 12.8199976], [77.5848435, 12.8195828], [77.5847511, 12.8193165], [77.5847091, 12.8192082], [77.5846553, 12.8190842], [77.5845046, 12.8188183], [77.5844098, 12.818626], [77.5842821, 12.8183668], [77.5838777, 12.8175684], [77.5838041, 12.8173875], [77.5835041, 12.8165651], [77.5834326, 12.8163691], [77.583174, 12.8156772], [77.5831159, 12.8155205], [77.5830164, 12.8152679], [77.5829347, 12.8150808], [77.5827984, 12.8147202], [77.5827378, 12.8145956], [77.5826684, 12.8144789], [77.5825322, 12.8143382], [77.5823861, 12.814226], [77.5821698, 12.8141021], [77.5821572, 12.814097], [77.5818894, 12.8139892], [77.5812973, 12.8137696], [77.581195, 12.8136808], [77.5811635, 12.8136209]]}"
way/778740366,no,residential,LineString,"{""type"": ""LineString"", ""coordinates"": [[77.752858, 12.8817295], [77.7527413, 12.880732]]}"
way/778740368,yes,residential,LineString,"{""type"": ""LineString"", ""coordinates"": [[77.751775, 12.8817858], [77.7520181, 12.8817168], [77.7520422, 12.8817165], [77.752062, 12.8817201], [77.7520774, 12.8817263], [77.7520922, 12.8817387], [77.7521378, 12.8817907], [77.7521505, 12.8817988], [77.7521581, 12.8818015], [77.7521682, 12.8818037], [77.752183, 12.8818051], [77.7523658, 12.8817936]]}"
way/778740369,yes,residential,LineString,"{""type"": ""LineString"", ""coordinates"": [[77.7523658, 12.8817936], [77.752858, 12.8817295], [77.7530478, 12.8817187]]}"
way/778740370,yes,residential,LineString,"{""type"": ""LineString"", ""coordinates"": [[77.7519152, 12.8823022], [77.7523128, 12.8821518], [77.7523814, 12.8821423], [77.7523851, 12.8821407], [77.7523902, 12.8821368], [77.7523916, 12.8821299], [77.7523858, 12.8820539]]}"
way/778746950,yes,residential,LineString,"{""type"": ""LineString"", ""coordinates"": [[77.7523658, 12.8817936], [77.7523027, 12.8813831]]}"
way/778769261,yes,residential,LineString,"{""type"": ""LineString"", ""coordinates"": [[77.7523858, 12.8820539], [77.7523658, 12.8817936]]}"
way/779344666,yes,footway,LineString,"{""type"": ""LineString"", ""coordinates"": [[77.6154993, 12.9297505], [77.6153626, 12.9294329], [77.6150742, 12.9292839]]}"
way/779344667,yes,steps,LineString,"{""type"": ""LineString"", ""coordinates"": [[77.6134092, 12.9318033], [77.6132992, 12.9318935]]}"
way/780876208,no,residential,LineString,"{""type"": ""LineString"", ""coordinates"": [[77.5875955, 12.8797809], [77.5880322, 12.8788991]]}"
way/780912684,no,residential,LineString,"{""type"": ""LineString"", ""coordinates"": [[77.5752065, 12.9125107], [77.5752061, 12.9122674], [77.5752037, 12.9121743], [77.5751967, 12.9120438], [77.575148, 12.9115865], [77.5751334, 12.9111564]]}"
way/780917594,yes,footway,LineString,"{""type"": ""LineString"", ""coordinates"": [[77.5543785, 13.0133597], [77.554413, 13.0132136]]}"
way/780917606,yes,tertiary,LineString,"{""type"": ""LineString"", ""coordinates"": [[77.5489711, 13.0053397], [77.5490339, 13.0052342], [77.5491069, 13.0050426], [77.549166, 13.0048232]]}"
way/782609058,no,residential,LineString,"{""type"": ""LineString"", ""coordinates"": [[77.7050523, 12.9100598], [77.7053317, 12.9099811], [77.7053963, 12.9099503], [77.7054235, 12.9099119], [77.7054305, 12.90985], [77.7054362, 12.9097782], [77.7054177, 12.909681], [77.7053543, 12.9096142], [77.7052909, 12.9095985], [77.7052601, 12.9095885], [77.7051961, 12.9095947], [77.7049426, 12.9096668]]}"
way/782609062,yes,residential,LineString,"{""type"": ""LineString"", ""coordinates"": [[77.7055738, 12.9126958], [77.7061419, 12.9125224], [77.7061557, 12.9125063], [77.7061566, 12.9124683]]}"
way/782609064,no,residential,LineString,"{""type"": ""LineString"", ""coordinates"": [[77.7059085, 12.9114244], [77.7067714, 12.9112016]]}"
way/782609065,no,residential,LineString,"{""type"": ""LineString"", ""coordinates"": [[77.7057689, 12.9110625], [77.7065396, 12.9108493]]}"
way/782657040,yes,residential,LineString,"{""type"": ""LineString"", ""coordinates"": [[77.7041847, 12.9077166], [77.705365, 12.9073224]]}"
way/783873165,yes,residential,LineString,"{""type"": ""LineString"", ""coordinates"": [[77.7231515, 12.9378421], [77.7231336, 12.9379141], [77.7231383, 12.9379797], [77.7231991, 12.9381033], [77.7253126, 12.9371436]]}"
way/788462098,no,motorway,LineString,"{""type"": ""LineString"", ""coordinates"": [[77.5142121, 12.8942003], [77.5143304, 12.894323]]}"
way/788462099,no,motorway,LineString,"{""type"": ""LineString"", ""coordinates"": [[77.5143304, 12.894323], [77.515149, 12.8951864], [77.5158036, 12.8958735], [77.5160754, 12.8961588], [77.5167816, 12.8968848], [77.5170971, 12.897216], [77.5177899, 12.89788], [77.5185589, 12.8985145], [77.5210447, 12.9004464], [77.5224604, 12.9015555], [77.5232243, 12.9021625], [77.5237017, 12.9025419], [77.523924, 12.9027154], [77.5241218, 12.9028696], [77.5243073, 12.9030141], [77.5244684, 12.9031426], [77.5246156, 12.90326], [77.5247017, 12.9033319], [77.5248098, 12.9034289], [77.5249906, 12.9035913], [77.5250925, 12.9036926]]}"
way/788462100,no,motorway,LineString,"{""type"": ""LineString"", ""coordinates"": [[77.5143975, 12.8942484], [77.5142432, 12.8940837]]}"
way/788462101,no,motorway,LineString,"{""type"": ""LineString"", ""coordinates"": [[77.5134762, 12.8932876], [77.5129746, 12.8927252], [77.5127515, 12.8924697], [77.5123774, 12.8919884], [77.5117716, 12.8911436], [77.5111906, 12.8902908], [77.5106528, 12.889553], [77.5102817, 12.8891186], [77.5099202, 12.8887575], [77.5095776, 12.8884283], [77.5089, 12.887879], [77.5080897, 12.8873605], [77.5075083, 12.8870609], [77.5069379, 12.8867987], [77.5061282, 12.8863895], [77.5056116, 12.8861405], [77.5030047, 12.8848432], [77.5018724, 12.8842002]]}"
way/789173205,no,motorway,LineString,"{""type"": ""LineString"", ""coordinates"": [[77.4764439, 12.8955951], [77.4771601, 12.8950042], [77.47751, 12.8947155], [77.4786484, 12.8937471], [77.4802384, 12.892399], [77.4807213, 12.8919906], [77.4817302, 12.8911375], [77.4829507, 12.8901185], [77.4832178, 12.8899031], [77.4835253, 12.8896189], [77.4837569, 12.8893903], [77.4842211, 12.8889204], [77.4850988, 12.8880279], [77.4856268, 12.8874997], [77.486396, 12.8867233], [77.4869299, 12.886208], [77.4873023, 12.8858682], [77.4876084, 12.8856161], [77.4880297, 12.8852855], [77.4898037, 12.883854], [77.491065, 12.8828687], [77.4924228, 12.8817539], [77.4932641, 12.8810864], [77.4933532, 12.8810157], [77.4934864, 12.8809111], [77.4936926, 12.8807472], [77.4938633, 12.8805629], [77.4941063, 12.8803103], [77.4943614, 12.880045], [77.4947084, 12.8795769]]}"
way/789173207,no,motorway,LineString,"{""type"": ""LineString"", ""coordinates"": [[77.4761261, 12.895866], [77.4764439, 12.8955951]]}"
way/789173208,no,motorway,LineString,"{""type"": ""LineString"", ""coordinates"": [[77.4763267, 12.895473], [77.4759534, 12.8957889]]}"
way/789173209,no,motorway,LineString,"{""type"": ""LineString"", ""coordinates"": [[77.4759534, 12.8957889], [77.475803, 12.8959208], [77.4756386, 12.8960638], [77.4754885, 12.8961944], [77.4753569, 12.8963089], [77.4752655, 12.8963884], [77.4751946, 12.8964501], [77.4743094, 12.8971913], [77.4734886, 12.8979], [77.4730059, 12.8983507]]}"
way/794634829,yes,secondary,LineString,"{""type"": ""LineString"", ""coordinates"": [[77.6442773, 12.9120995], [77.6441956, 12.9121257], [77.6440762, 12.9121343], [77.6426889, 12.9121681], [77.6420474, 12.9121815], [77.6417476, 12.9121878], [77.6417111, 12.9121886], [77.6407358, 12.912216], [77.639998, 12.9122368], [77.639937, 12.9122374], [77.6384457, 12.9122627]]}"
way/794634830,yes,tertiary,LineString,"{""type"": ""LineString"", ""coordinates"": [[77.6376123, 12.9123223], [77.6367826, 12.912354], [77.636186, 12.91237], [77.63578, 12.9123808], [77.6353181, 12.912393], [77.6352259, 12.9123954], [77.6351411, 12.9123984], [77.6351305, 12.9123981], [77.6340643, 12.9124265], [77.6329377, 12.9124492], [77.6328921, 12.9124485]]}"
way/794634837,yes,secondary,LineString,"{""type"": ""LineString"", ""coordinates"": [[77.6517212, 12.9154667], [77.651714, 12.9156752], [77.6517126, 12.915712], [77.6517079, 12.9158503]]}"
way/794634838,yes,secondary,LineString,"{""type"": ""LineString"", ""coordinates"": [[77.6518499, 12.9125057], [77.6518489, 12.9125414]]}"
way/794634839,yes,secondary,LineString,"{""type"": ""LineString"", ""coordinates"": [[77.651791, 12.9158511], [77.651795, 12.9157109], [77.6518023, 12.915472], [77.6517675, 12.9154157]]}"
way/794634840,yes,tertiary,LineString,"{""type"": ""LineString"", ""coordinates"": [[77.6518944, 12.9119916], [77.6518949, 12.9118601], [77.651901, 12.9114635], [77.6518706, 12.9113647]]}"
way/794634842,yes,tertiary,LineString,"{""type"": ""LineString"", ""coordinates"": [[77.6518706, 12.9113647], [77.6518399, 12.911459], [77.6518333, 12.9117477], [77.6518311, 12.9118376], [77.65183, 12.9118587], [77.6518279, 12.911987]]}"
way/794950291,yes,residential,LineString,"{""type"": ""LineString"", ""coordinates"": [[77.6201169, 13.0018577], [77.6194536, 13.0021659]]}"
way/796561970,yes,residential,LineString,"{""type"": ""LineString"", ""coordinates"": [[77.6917898, 12.955764], [77.6918007, 12.9557022], [77.6919332, 12.9549501]]}"
way/796856950,yes,tertiary,LineString,"{""type"": ""LineString"", ""coordinates"": [[77.699332, 12.9499449], [77.699409, 12.950331], [77.6994644, 12.9506085], [77.6994958, 12.9508803], [77.6994983, 12.9509018], [77.6995038, 12.950949], [77.6995179, 12.9511148], [77.6995253, 12.9512682], [77.6995315, 12.9513485], [77.6995335, 12.9513626], [77.699559, 12.9515466], [77.6996276, 12.951797], [77.6996503, 12.9518786], [77.6996804, 12.9519942], [77.6997604, 12.9523208], [77.6998274, 12.9526312], [77.6998622, 12.9527661], [77.6999644, 12.953139], [77.7000434, 12.9534383]]}"
way/796870672,yes,residential,LineString,"{""type"": ""LineString"", ""coordinates"": [[77.6950043, 12.9703503], [77.694783, 12.9704092], [77.6947194, 12.9704261], [77.6944568, 12.970496], [77.6940082, 12.9706153]]}"
way/796875588,yes,secondary,LineString,"{""type"": ""LineString"", ""coordinates"": [[77.6825451, 12.968867], [77.6825251, 12.9690533], [77.6824949, 12.9693199], [77.6824768, 12.9693851], [77.6824586, 12.9694503], [77.6824097, 12.9696026], [77.6822887, 12.9698102], [77.6820199, 12.9702942], [77.6819943, 12.9703454], [77.6819143, 12.970477], [77.6818371, 12.9706551], [77.6817983, 12.970928], [77.6817958, 12.9710167], [77.6817908, 12.9712081], [77.6817883, 12.9714724], [77.6817866, 12.9716301], [77.68173, 12.9716871]]}"
way/796942088,yes,residential,LineString,"{""type"": ""LineString"", ""coordinates"": [[77.6196261, 12.8681166], [77.6199309, 12.8680579], [77.6199467, 12.8681453], [77.6200402, 12.8686043], [77.6201301, 12.869024]]}"
way/796942115,yes,residential,LineString,"{""type"": ""LineString"", ""coordinates"": [[77.619355, 12.8681637], [77.6190329, 12.8682107]]}"
way/797393851,yes,residential,LineString,"{""type"": ""LineString"", ""coordinates"": [[77.6854651, 12.9888128], [77.685388, 12.9885429]]}"
way/797393874,yes,residential,LineString,"{""type"": ""LineString"", ""coordinates"": [[77.6959385, 12.9885383], [77.6972876, 12.9884174]]}"
way/797817910,yes,residential,LineString,"{""type"": ""LineString"", ""coordinates"": [[77.6933299, 12.9913582], [77.6929933, 12.9905942]]}"
way/797817914,yes,residential,LineString,"{""type"": ""LineString"", ""coordinates"": [[77.7003501, 12.9908468], [77.6999916, 12.9909148], [77.699557, 12.9910298], [77.699029, 12.9911291]]}"
way/797817922,yes,residential,LineString,"{""type"": ""LineString"", ""coordinates"": [[77.7013745, 12.9918709], [77.7012722, 12.9919027], [77.7007976, 12.9920606]]}"
way/797817923,yes,residential,LineString,"{""type"": ""LineString"", ""coordinates"": [[77.7012468, 12.9922051], [77.7009167, 12.9923241]]}"
way/797817924,yes,residential,LineString,"{""type"": ""LineString"", ""coordinates"": [[77.7013442, 12.9924432], [77.7010267, 12.9925647]]}"
way/797913946,yes,residential,LineString,"{""type"": ""LineString"", ""coordinates"": [[77.681683, 12.9767374], [77.682036, 12.9766113]]}"
way/797913948,yes,residential,LineString,"{""type"": ""LineString"", ""coordinates"": [[77.6824652, 12.9759553], [77.6818548, 12.9761778]]}"
way/797913949,yes,residential,LineString,"{""type"": ""LineString"", ""coordinates"": [[77.6827862, 12.976358], [77.6826427, 12.9760982]]}"
way/797913951,yes,residential,LineString,"{""type"": ""LineString"", ""coordinates"": [[77.682311, 12.9757783], [77.6817728, 12.9759739]]}"
way/797941994,yes,residential,LineString,"{""type"": ""LineString"", ""coordinates"": [[77.6823139, 12.9762119], [77.6824661, 12.9765161]]}"
way/797942000,yes,residential,LineString,"{""type"": ""LineString"", ""coordinates"": [[77.6928593, 12.9702356], [77.6930969, 12.9710096], [77.6931911, 12.9713586], [77.6932281, 12.9717297]]}"
way/797942002,yes,residential,LineString,"{""type"": ""LineString"", ""coordinates"": [[77.6936696, 12.9718882], [77.6942532, 12.9718795]]}"
way/797942011,yes,residential,LineString,"{""type"": ""LineString"", ""coordinates"": [[77.6939743, 12.974061], [77.6936857, 12.9741174]]}"
way/798213638,yes,residential,LineString,"{""type"": ""LineString"", ""coordinates"": [[77.6628943, 12.9026535], [77.663193, 12.9017953]]}"
way/799331604,yes,living_street,LineString,"{""type"": ""LineString"", ""coordinates"": [[77.6828661, 12.975495], [77.6828067, 12.9754269], [77.6827527, 12.97541], [77.6827356, 12.9754047], [77.6826538, 12.9753759], [77.6825875, 12.9753572], [77.6825197, 12.975338], [77.6824567, 12.975338], [77.682395, 12.9753472], [77.6820658, 12.9754059], [77.6818964, 12.9754566]]}"
way/799587589,yes,residential,LineString,"{""type"": ""LineString"", ""coordinates"": [[77.5752061, 12.9122674], [77.5755788, 12.9121829]]}"
way/799587590,yes,residential,LineString,"{""type"": ""LineString"", ""coordinates"": [[77.5751967, 12.9120438], [77.5755336, 12.9119738]]}"
way/799709626,yes,primary,LineString,"{""type"": ""LineString"", ""coordinates"": [[77.66158, 12.9667808], [77.6615466, 12.9668437], [77.6614748, 12.966959], [77.661318, 12.9671986], [77.660707, 12.9680987], [77.6605507, 12.9683451], [77.6604008, 12.9685711], [77.660293, 12.9687562], [77.6602343, 12.9688626], [77.6594658, 12.9700122]]}"
way/799753880,yes,residential,LineString,"{""type"": ""LineString"", ""coordinates"": [[77.6909968, 12.9191568], [77.6910078, 12.9195919], [77.6901904, 12.9196118], [77.6899255, 12.9196239], [77.6892826, 12.9196484], [77.6892717, 12.9192009]]}"
way/799753881,yes,residential,LineString,"{""type"": ""LineString"", ""coordinates"": [[77.6890549, 12.9183916], [77.6890509, 12.9179798], [77.6890254, 12.9172569], [77.6894478, 12.9172365], [77.6895127, 12.9172318]]}"
way/799753883,yes,residential,LineString,"{""type"": ""LineString"", ""coordinates"": [[77.6890549, 12.9183916], [77.6890817, 12.9192057], [77.6890776, 12.9196133], [77.6890763, 12.9197367]]}"
way/799753884,yes,residential,LineString,"{""type"": ""LineString"", ""coordinates"": [[77.6894532, 12.9169027], [77.6894634, 12.9169943], [77.6894185, 12.9170368], [77.6895127, 12.9172318], [77.6895152, 12.9173784], [77.6899212, 12.9173674], [77.6903244, 12.9173566], [77.6903138, 12.916984], [77.6897036, 12.9170006], [77.6894634, 12.9169943]]}"
way/799753887,yes,residential,LineString,"{""type"": ""LineString"", ""coordinates"": [[77.6919708, 12.9179462], [77.6916731, 12.9179558], [77.6915181, 12.9179608], [77.6913852, 12.9179651], [77.6911711, 12.917972], [77.6910051, 12.9179774], [77.6908374, 12.9179799], [77.6906915, 12.9179875], [77.6905621, 12.9179917], [77.6903204, 12.9179951], [77.6901142, 12.9180059], [77.6899428, 12.9180113]]}"
way/799753889,yes,residential,LineString,"{""type"": ""LineString"", ""coordinates"": [[77.6915846, 12.9191418], [77.6915829, 12.9189876], [77.6915628, 12.9182112], [77.6915748, 12.9181942], [77.6915923, 12.918185], [77.6919739, 12.9181746]]}"
way/799753891,yes,residential,LineString,"{""type"": ""LineString"", ""coordinates"": [[77.6902324, 12.9184282], [77.6902458, 12.918768], [77.6902646, 12.9187968], [77.6902994, 12.9188072], [77.6907172, 12.9187976]]}"
way/799753892,yes,residential,LineString,"{""type"": ""LineString"", ""coordinates"": [[77.6907368, 12.9191634], [77.6907255, 12.9189528], [77.6907172, 12.9187976], [77.6906991, 12.9183916], [77.6906776, 12.9183654], [77.6906428, 12.9183563], [77.6902887, 12.9183733], [77.6902485, 12.9183916], [77.6902324, 12.9184282]]}"
way/800240390,yes,residential,LineString,"{""type"": ""LineString"", ""coordinates"": [[77.6054289, 12.9150498], [77.6056664, 12.9150732]]}"
way/800240391,yes,residential,LineString,"{""type"": ""LineString"", ""coordinates"": [[77.6054802, 12.9144197], [77.6054289, 12.9150498], [77.6054076, 12.9153859]]}"
way/800240395,yes,residential,LineString,"{""type"": ""LineString"", ""coordinates"": [[77.6053163, 12.9112073], [77.6059571, 12.9112624]]}"
way/800251269,yes,residential,LineString,"{""type"": ""LineString"", ""coordinates"": [[77.7014431, 12.9926614], [77.7011391, 12.9927784]]}"
way/800283729,yes,residential,LineString,"{""type"": ""LineString"", ""coordinates"": [[77.6813324, 12.9765695], [77.6819209, 12.9763476]]}"
way/800283742,yes,residential,LineString,"{""type"": ""LineString"", ""coordinates"": [[77.6814031, 12.9762089], [77.6818097, 12.9760648]]}"
way/800283743,yes,residential,LineString,"{""type"": ""LineString"", ""coordinates"": [[77.6812732, 12.9759689], [77.681707, 12.9758141]]}"
way/824818261,yes,secondary,LineString,"{""type"": ""LineString"", ""coordinates"": [[77.5991951, 12.9766715], [77.5993341, 12.9767004]]}"
way/833133153,yes,service,LineString,"{""type"": ""LineString"", ""coordinates"": [[77.5572881, 13.0177135], [77.5571919, 13.0175538], [77.5570403, 13.0173021], [77.5569585, 13.0171493], [77.5568882, 13.0170179], [77.5567354, 13.0168034], [77.5565212, 13.0165464]]}"
way/835026121,yes,footway,LineString,"{""type"": ""LineString"", ""coordinates"": [[77.5955702, 12.973994], [77.5955658, 12.9739914], [77.595714, 12.9738188], [77.595722, 12.9738263]]}"
way/839092204,yes,primary,LineString,"{""type"": ""LineString"", ""coordinates"": [[77.6394662, 12.9240289], [77.6391844, 12.9241332]]}"
way/839092205,yes,primary,LineString,"{""type"": ""LineString"", ""coordinates"": [[77.6399269, 12.9238482], [77.6394662, 12.9240289]]}"
way/839092206,yes,primary,LineString,"{""type"": ""LineString"", ""coordinates"": [[77.6391957, 12.9242078], [77.6394635, 12.9241012]]}"
way/839092207,yes,primary,LineString,"{""type"": ""LineString"", ""coordinates"": [[77.6353253, 12.9251496], [77.636068, 12.9252565], [77.636376, 12.9253009]]}"
way/842592053,yes,trunk,LineString,"{""type"": ""LineString"", ""coordinates"": [[77.5901565, 13.0420902], [77.5901025, 13.0418976], [77.5897167, 13.0405701], [77.5896791, 13.0404264], [77.589648, 13.0402672], [77.5895471, 13.0396022]]}"
way/865340983,yes,residential,LineString,"{""type"": ""LineString"", ""coordinates"": [[77.6237542, 13.0016555], [77.6237682, 13.0016519], [77.6239144, 13.0016009], [77.6240272, 13.0015615]]}"
way/880294796,yes,residential,LineString,"{""type"": ""LineString"", ""coordinates"": [[77.6239589, 13.0022093], [77.6239803, 13.0022013], [77.624908, 13.0018536], [77.6254824, 13.0016383]]}"
way/886153772,yes,primary,LineString,"{""type"": ""LineString"", ""coordinates"": [[77.6009818, 12.9167707], [77.6018886, 12.9167565], [77.6046272, 12.9167301], [77.6055093, 12.9166985], [77.6068966, 12.916649], [77.608769, 12.9166269], [77.6106789, 12.9165901], [77.6118255, 12.9165832], [77.6139489, 12.9165024], [77.6142033, 12.9164926], [77.6150652, 12.9164387], [77.6155799, 12.9164012], [77.6161169, 12.9163313], [77.616666, 12.9162711], [77.6171045, 12.9162816], [77.6175646, 12.9163121], [77.6189793, 12.9163339], [77.6193191, 12.9163443], [77.6195352, 12.9163779], [77.6197582, 12.9164634], [77.6200749, 12.9165965]]}"
way/889600850,yes,residential,LineString,"{""type"": ""LineString"", ""coordinates"": [[77.5881929, 12.8790035], [77.5879927, 12.8793987], [77.5879906, 12.8794306], [77.5880036, 12.8794561], [77.5883021, 12.879609], [77.5883348, 12.879626], [77.5883391, 12.8796536], [77.5881688, 12.8800128], [77.5881361, 12.8800817]]}"
way/891226804,yes,tertiary,LineString,"{""type"": ""LineString"", ""coordinates"": [[77.451514, 12.9167371], [77.4514317, 12.9169557], [77.4512246, 12.9175058], [77.45103, 12.9181371], [77.4509535, 12.9183853], [77.4509155, 12.9185085], [77.4508055, 12.9189416], [77.4507848, 12.9190234], [77.4506246, 12.9196767], [77.4505774, 12.9199532], [77.4504886, 12.9206852], [77.4503023, 12.9228796], [77.4502504, 12.9237048]]}"
way/904925415,yes,footway,LineString,"{""type"": ""LineString"", ""coordinates"": [[77.6657346, 12.9206452], [77.6657214, 12.9206455], [77.6655682, 12.9206487], [77.6654642, 12.9206216], [77.6653495, 12.9205538], [77.6652832, 12.9204758], [77.6652312, 12.9203561]]}"
way/916909920,yes,secondary,LineString,"{""type"": ""LineString"", ""coordinates"": [[77.6442772, 12.9121964], [77.6444776, 12.9121874], [77.644524, 12.9121847], [77.6445878, 12.912181], [77.6446647, 12.9121747]]}"
way/964981235,yes,primary,LineString,"{""type"": ""LineString"", ""coordinates"": [[77.5935026, 13.0816407], [77.5932582, 13.0817689], [77.5931293, 13.0818745]]}"
way/967445593,yes,secondary,LineString,"{""type"": ""LineString"", ""coordinates"": [[77.587484, 13.099086], [77.5875303, 13.099101], [77.588261, 13.0994378], [77.5883285, 13.0994689], [77.5884878, 13.0995913], [77.5886547, 13.0997196], [77.588764, 13.0998229], [77.5888117, 13.099868]]}"
way/967445596,yes,tertiary_link,LineString,"{""type"": ""LineString"", ""coordinates"": [[77.5937267, 13.0866217], [77.593697, 13.0866786], [77.5936794, 13.0867074], [77.5936675, 13.0867269], [77.5936356, 13.0867582], [77.5935643, 13.0867983], [77.5924389, 13.0869112]]}"
way/968863373,yes,residential,LineString,"{""type"": ""LineString"", ""coordinates"": [[77.6239426, 13.0021643], [77.6239253, 13.0021702], [77.6237464, 13.002231], [77.6235511, 13.002308], [77.6235763, 13.0023835], [77.6236159, 13.002504], [77.6236614, 13.0026381], [77.6236786, 13.0026893], [77.6235047, 13.0027613], [77.6233661, 13.0028076], [77.6232589, 13.002849]]}"
way/968863374,yes,residential,LineString,"{""type"": ""LineString"", ""coordinates"": [[77.6235511, 13.002308], [77.6234066, 13.002372], [77.6232767, 13.0024247], [77.6231552, 13.0024775]]}"
way/970723189,yes,primary,LineString,"{""type"": ""LineString"", ""coordinates"": [[77.5930389, 13.0822721], [77.5930747, 13.0824985], [77.5931353, 13.0826926], [77.5935259, 13.0838977]]}"
way/970723190,yes,primary,LineString,"{""type"": ""LineString"", ""coordinates"": [[77.5938331, 13.0866235], [77.5936535, 13.0849762], [77.5936158, 13.0840653], [77.5935787, 13.0838718]]}"
way/976064949,no,motorway,LineString,"{""type"": ""LineString"", ""coordinates"": [[77.4696695, 12.9406685], [77.4695717, 12.9388708], [77.4695524, 12.9381088], [77.4695792, 12.9365986]]}"
way/976064951,no,motorway,LineString,"{""type"": ""LineString"", ""coordinates"": [[77.469404, 12.9365993], [77.4694008, 12.937499], [77.4693937, 12.9381111], [77.4694038, 12.938854], [77.4694326, 12.9395102], [77.469497, 12.9406608]]}"
way/976066152,no,motorway,LineString,"{""type"": ""LineString"", ""coordinates"": [[77.630179, 12.8662277], [77.629937, 12.8661526], [77.6292301, 12.8659226]]}"
way/976066154,no,motorway,LineString,"{""type"": ""LineString"", ""coordinates"": [[77.6291288, 12.8660587], [77.6301651, 12.8663907]]}"
way/983867711,yes,residential,LineString,"{""type"": ""LineString"", ""coordinates"": [[77.6086535, 12.913471], [77.6086467, 12.9138562]]}"
way/985855113,yes,footway,LineString,"{""type"": ""LineString"", ""coordinates"": [[77.611287, 12.9158794], [77.6112709, 12.9153431], [77.6112548, 12.9148049], [77.611629, 12.9147282], [77.6120326, 12.9146454], [77.6121265, 12.9158507], [77.6116678, 12.9158664], [77.611287, 12.9158794]]}"
way/987157787,yes,footway,LineString,"{""type"": ""LineString"", ""coordinates"": [[77.6036398, 12.9151996], [77.6036698, 12.9147702], [77.6036922, 12.91445], [77.6041325, 12.9144727], [77.6045532, 12.9144944], [77.60452, 12.9148303], [77.6044781, 12.9152552], [77.6040482, 12.9152267], [77.6036398, 12.9151996]]}"
way/994105452,yes,residential,LineString,"{""type"": ""LineString"", ""coordinates"": [[77.5850368, 13.0937281], [77.5843406, 13.0938891], [77.583427, 13.0941079]]}"
way/995099712,yes,residential,LineString,"{""type"": ""LineString"", ""coordinates"": [[77.5721781, 13.0316637], [77.5723972, 13.0314327], [77.572516, 13.0313075]]}"
way/1006770040,yes,footway,LineString,"{""type"": ""LineString"", ""coordinates"": [[77.6389382, 12.9782735], [77.6389389, 12.9782406]]}"
way/1008073695,yes,primary,LineString,"{""type"": ""LineString"", ""coordinates"": [[77.5494392, 13.0024647], [77.5495217, 13.0019829], [77.5495502, 13.0018164], [77.5497114, 13.0007354]]}"
way/1009948920,yes,tertiary,LineString,"{""type"": ""LineString"", ""coordinates"": [[77.6997277, 12.9502152], [77.6996563, 12.9498393], [77.6996436, 12.9497809], [77.6995503, 12.9492259], [77.6994879, 12.9489111], [77.6994206, 12.9485821], [77.6993549, 12.9483545], [77.6991944, 12.9477789], [77.6991371, 12.9475957], [77.6990432, 12.9472951], [77.6989886, 12.9471203], [77.6989558, 12.9470154], [77.6987981, 12.9465851], [77.6987407, 12.9464283], [77.6987174, 12.9463647], [77.6986924, 12.9462964], [77.698649, 12.946178], [77.6985868, 12.9460639]]}"
way/1012024470,yes,primary,LineString,"{""type"": ""LineString"", ""coordinates"": [[77.6405203, 12.9841222], [77.6405953, 12.9841506], [77.6424483, 12.9848087], [77.6424652, 12.9848148]]}"
way/1012333179,yes,primary,LineString,"{""type"": ""LineString"", ""coordinates"": [[77.6451284, 12.9857249], [77.6450326, 12.9856986]]}"
way/1012972750,yes,trunk,LineString,"{""type"": ""LineString"", ""coordinates"": [[77.5407668, 13.0324369], [77.5402684, 13.0296877], [77.5402163, 13.0294164], [77.5401527, 13.0291115], [77.5401238, 13.0290636], [77.5400778, 13.0289633], [77.5400076, 13.0288103]]}"
way/1013938677,yes,primary,LineString,"{""type"": ""LineString"", ""coordinates"": [[77.6460767, 12.9861955], [77.6473372, 12.9867022], [77.6476784, 12.9868526], [77.6477123, 12.9868676], [77.6480173, 12.987002], [77.648069, 12.9870248], [77.6482912, 12.987122]]}"
way/1014989467,yes,primary,LineString,"{""type"": ""LineString"", ""coordinates"": [[77.6466108, 12.9863121], [77.6461721, 12.9861354], [77.6456255, 12.9859163], [77.6452204, 12.9857557], [77.6451284, 12.9857249]]}"
way/1014989468,yes,primary,LineString,"{""type"": ""LineString"", ""coordinates"": [[77.6479585, 12.9868774], [77.6477488, 12.9867847], [77.6473792, 12.9866252]]}"
way/1017095485,no,residential,LineString,"{""type"": ""LineString"", ""coordinates"": [[77.6935427, 12.968896], [77.694116, 12.9687831]]}"
way/1031526547,yes,primary_link,LineString,"{""type"": ""LineString"", ""coordinates"": [[77.6149477, 12.9298694], [77.6152165, 12.9297548], [77.6155949, 12.9296113]]}"
way/1033968684,yes,footway,LineString,"{""type"": ""LineString"", ""coordinates"": [[77.6904441, 12.9344585], [77.6901694, 12.9347323]]}"
way/1034859481,yes,footway,LineString,"{""type"": ""LineString"", ""coordinates"": [[77.5893936, 13.0360924], [77.5889529, 13.0362687]]}"
way/1039008729,no,unclassified,LineString,"{""type"": ""LineString"", ""coordinates"": [[77.5988597, 12.9821412], [77.5988785, 12.982235], [77.598884, 12.9822829], [77.5988758, 12.9824059], [77.5988373, 12.9826409], [77.5986324, 12.9830677], [77.5983021, 12.9834881], [77.5982266, 12.9835591], [77.598082, 12.9836828], [77.5979942, 12.9837483], [77.5977813, 12.9839058], [77.5977237, 12.9839484]]}"
way/1039668730,yes,steps,LineString,"{""type"": ""LineString"", ""coordinates"": [[77.5973564, 12.9940641], [77.5975749, 12.9939846]]}"
way/1039668731,yes,footway,LineString,"{""type"": ""LineString"", ""coordinates"": [[77.5973564, 12.9940641], [77.5974327, 12.9942633]]}"
way/1046601300,yes,residential,LineString,"{""type"": ""LineString"", ""coordinates"": [[77.7231515, 12.9378421], [77.723161, 12.9377807], [77.7231197, 12.9374853], [77.723133, 12.937425], [77.7231734, 12.9373595], [77.7231736, 12.9372839], [77.7231441, 12.9372161]]}"
way/1050178231,yes,primary,LineString,"{""type"": ""LineString"", ""coordinates"": [[77.5960768, 12.9456735], [77.5963944, 12.9454756], [77.5965862, 12.9453401]]}"
way/1052609697,yes,tertiary,LineString,"{""type"": ""LineString"", ""coordinates"": [[77.6071575, 12.9963472], [77.6077186, 12.9960059], [77.6078376, 12.9959332], [77.6079605, 12.9958592], [77.6080709, 12.9957921], [77.608321, 12.995635], [77.6083662, 12.9956061], [77.6084329, 12.9955661]]}"
way/1053530945,yes,residential,LineString,"{""type"": ""LineString"", ""coordinates"": [[77.6630699, 12.9089474], [77.6630366, 12.9090315], [77.6629755, 12.9091004], [77.6628878, 12.9091341], [77.6627986, 12.9091649], [77.6625554, 12.9092491]]}"
way/1053530946,yes,residential,LineString,"{""type"": ""LineString"", ""coordinates"": [[77.6630699, 12.9089474], [77.6630733, 12.9088242], [77.6630363, 12.9087357], [77.6629213, 12.9086426], [77.6628274, 12.9086154], [77.6627274, 12.9086403], [77.6626261, 12.9087059], [77.6625656, 12.9087691], [77.6624929, 12.9089121]]}"
way/1055153847,no,residential,LineString,"{""type"": ""LineString"", ""coordinates"": [[77.5803204, 13.0973799], [77.5800951, 13.0976153]]}"
way/1055257250,yes,residential,LineString,"{""type"": ""LineString"", ""coordinates"": [[77.5644522, 13.0995864], [77.5638545, 13.0997569]]}"
way/1055330325,yes,secondary,LineString,"{""type"": ""LineString"", ""coordinates"": [[77.6381278, 12.9123391], [77.6381902, 12.9123377], [77.6384478, 12.9123321], [77.6399378, 12.9122942], [77.6399989, 12.9122925], [77.640736, 12.9122717], [77.6417098, 12.9122443], [77.6417219, 12.912244], [77.6417455, 12.9122436], [77.6420472, 12.9122384], [77.6441984, 12.9122042], [77.6442772, 12.9121964]]}"
way/1055599191,yes,trunk,LineString,"{""type"": ""LineString"", ""coordinates"": [[77.5412785, 13.0282778], [77.5413619, 13.0282294], [77.5414586, 13.0281734], [77.5414959, 13.0281519], [77.5415254, 13.0281337], [77.5416331, 13.0280758], [77.5417154, 13.0280309], [77.5419061, 13.0279269], [77.542066, 13.0278346], [77.5424639, 13.0276269], [77.5429225, 13.0273673], [77.5429966, 13.0273238], [77.5433549, 13.0271132], [77.5435414, 13.0270022], [77.543901, 13.0267882], [77.5441183, 13.0266639], [77.5443205, 13.0265475], [77.5443688, 13.02652], [77.5445056, 13.0264419], [77.5447919, 13.0262783], [77.545034, 13.0261409], [77.5450986, 13.0261054], [77.5452612, 13.0260109], [77.5457533, 13.0257327], [77.5467087, 13.025192], [77.5471692, 13.0249313], [77.5475117, 13.0247374], [77.547572, 13.0247066], [77.5477353, 13.0246136], [77.5478201, 13.0245653], [77.5479328, 13.0245012], [77.5480082, 13.0244568], [77.548086, 13.0244128], [77.5482645, 13.0243119], [77.5484302, 13.0242183]]}"
way/1055621395,yes,primary,LineString,"{""type"": ""LineString"", ""coordinates"": [[77.668285, 12.9963391], [77.6678787, 12.9960576], [77.6678088, 12.9960283], [77.6676311, 12.9959538], [77.6669233, 12.9956488], [77.6666407, 12.9955271], [77.6665118, 12.9954756], [77.666474, 12.9954605], [77.6662312, 12.9953636], [77.6661531, 12.9953338], [77.6659211, 12.9952548], [77.6655085, 12.9950988], [77.6652648, 12.9949897], [77.6650051, 12.9948894], [77.6649578, 12.9948703]]}"
way/1055883831,yes,tertiary,LineString,"{""type"": ""LineString"", ""coordinates"": [[77.6983293, 12.9461908], [77.6983236, 12.9462643], [77.6986056, 12.9470494], [77.6988256, 12.9477091], [77.6988788, 12.9478758]]}"
way/1056563200,yes,tertiary,LineString,"{""type"": ""LineString"", ""coordinates"": [[77.6099001, 12.965037], [77.6087772, 12.9665551], [77.6087653, 12.9665727], [77.6087179, 12.966655]]}"
way/1057129502,yes,tertiary,LineString,"{""type"": ""LineString"", ""coordinates"": [[77.5718279, 13.0283255], [77.5714577, 13.0284], [77.5714125, 13.0283982], [77.571337, 13.0283926]]}"
way/1062957897,yes,residential,LineString,"{""type"": ""LineString"", ""coordinates"": [[77.7972795, 12.8640244], [77.7970496, 12.8634566]]}"
way/1062957898,yes,residential,LineString,"{""type"": ""LineString"", ""coordinates"": [[77.7959026, 12.8629984], [77.795681, 12.8630821], [77.795558, 12.8631285], [77.7955744, 12.8632057], [77.7955466, 12.863251], [77.7946188, 12.8635841]]}"
way/1063243215,yes,secondary,LineString,"{""type"": ""LineString"", ""coordinates"": [[77.5788309, 13.0998569], [77.5786887, 13.0998234]]}"
way/1063243217,yes,secondary,LineString,"{""type"": ""LineString"", ""coordinates"": [[77.5751513, 13.0989521], [77.5749343, 13.0989004]]}"
way/1063243218,yes,secondary,LineString,"{""type"": ""LineString"", ""coordinates"": [[77.574872, 13.098967], [77.5751395, 13.0990184]]}"
way/1065147868,yes,unclassified,LineString,"{""type"": ""LineString"", ""coordinates"": [[77.7041692, 12.9831739], [77.7039385, 12.9832501], [77.7031971, 12.98351], [77.7031665, 12.9835232], [77.7031396, 12.9835426], [77.7031177, 12.9835672], [77.7031041, 12.9835908], [77.703095, 12.9836164], [77.7030909, 12.9836432], [77.7032492, 12.9844232], [77.7032478, 12.9844547], [77.7032396, 12.9844852], [77.703225, 12.9845133], [77.7032045, 12.984538], [77.7031791, 12.9845579], [77.7031499, 12.9845721], [77.7027208, 12.9846603], [77.7021762, 12.9847723], [77.70203, 12.9848023], [77.7014548, 12.9849206], [77.7012938, 12.9849537]]}"
way/1065147869,yes,unclassified,LineString,"{""type"": ""LineString"", ""coordinates"": [[77.7007398, 12.9826886], [77.7007572, 12.9827549], [77.7008532, 12.9827327]]}"
way/1065147874,yes,unclassified,LineString,"{""type"": ""LineString"", ""coordinates"": [[77.7012938, 12.9849537], [77.7012254, 12.984609], [77.7011226, 12.9840809], [77.7009468, 12.9832046], [77.7008532, 12.9827327], [77.700836, 12.9826605], [77.7007398, 12.9826886], [77.7006469, 12.9827162], [77.6992052, 12.9830717], [77.6988128, 12.9831373], [77.6983103, 12.9832985], [77.6979587, 12.9833565], [77.6979518, 12.9833333], [77.6976728, 12.9825727], [77.6975369, 12.9822648], [77.697347, 12.9817507], [77.6973295, 12.981663], [77.6971002, 12.9806203], [77.6970672, 12.9805011]]}"
way/1065147875,yes,unclassified,LineString,"{""type"": ""LineString"", ""coordinates"": [[77.6979238, 12.9834728], [77.6980021, 12.9834538], [77.6984272, 12.9833503], [77.6988456, 12.9832179], [77.6992312, 12.9831541], [77.7006598, 12.9827787], [77.7007572, 12.9827549]]}"
way/1065293811,yes,tertiary,LineString,"{""type"": ""LineString"", ""coordinates"": [[77.6947151, 12.9798663], [77.6948061, 12.9799213], [77.6949482, 12.9803896], [77.6949863, 12.9805647], [77.6950615, 12.980898], [77.6950763, 12.9809741], [77.6950912, 12.9810346], [77.6952366, 12.9816261], [77.6954247, 12.9820059], [77.6954597, 12.9820766], [77.6955422, 12.9822432], [77.6955941, 12.9823477], [77.6956401, 12.9825944], [77.6957185, 12.9831271], [77.6957404, 12.98381], [77.695792, 12.9839573], [77.6958898, 12.9840229]]}"
way/1065293812,yes,tertiary,LineString,"{""type"": ""LineString"", ""coordinates"": [[77.6958898, 12.9840229], [77.6958634, 12.9839592], [77.6958246, 12.9838648], [77.6958129, 12.983788], [77.6957737, 12.9831223], [77.6956947, 12.9825858], [77.6956472, 12.9823309], [77.695592, 12.9822198], [77.695289, 12.9816079], [77.6951302, 12.980962], [77.6951145, 12.9808861], [77.6950417, 12.9805594], [77.6950021, 12.9803775], [77.6948462, 12.9798293], [77.6947781, 12.9797623]]}"
way/1066721258,yes,footway,LineString,"{""type"": ""LineString"", ""coordinates"": [[77.690494, 12.9343119], [77.6905583, 12.9341243], [77.6905981, 12.9341314], [77.6906237, 12.9341316]]}"
way/1066721259,yes,steps,LineString,"{""type"": ""LineString"", ""coordinates"": [[77.6904286, 12.9344464], [77.6904655, 12.934303]]}"
way/1066721261,yes,steps,LineString,"{""type"": ""LineString"", ""coordinates"": [[77.6901694, 12.9347323], [77.6902806, 12.934846]]}"
way/1066721265,yes,steps,LineString,"{""type"": ""LineString"", ""coordinates"": [[77.6904441, 12.9344585], [77.6904805, 12.9343077]]}"
way/1066721266,yes,footway,LineString,"{""type"": ""LineString"", ""coordinates"": [[77.6904286, 12.9344464], [77.6904441, 12.9344585], [77.6904574, 12.9344688]]}"
way/1066870622,yes,tertiary,LineString,"{""type"": ""LineString"", ""coordinates"": [[77.6014528, 12.9656415], [77.6014699, 12.9657208], [77.6015572, 12.9659846], [77.6015788, 12.9661084], [77.6015771, 12.9662108], [77.6015492, 12.9662618], [77.6015137, 12.9663193], [77.6013692, 12.9665533], [77.6011473, 12.9668687], [77.6010456, 12.9670151], [77.600826, 12.9673367]]}"
way/1066870623,yes,tertiary,LineString,"{""type"": ""LineString"", ""coordinates"": [[77.600826, 12.9673367], [77.6007837, 12.9673892], [77.6005085, 12.9677556], [77.6004574, 12.9678322], [77.6004227, 12.9678779], [77.600396, 12.9679127], [77.6003351, 12.968]]}"
way/1067058412,no,footway,LineString,"{""type"": ""LineString"", ""coordinates"": [[77.6534702, 12.9896169], [77.65348, 12.9896228], [77.653565, 12.9896653], [77.6537759, 12.9897665], [77.6545554, 12.9901178]]}"
way/1067504393,yes,tertiary,LineString,"{""type"": ""LineString"", ""coordinates"": [[77.664237, 12.8558658], [77.6641156, 12.8557636], [77.664065, 12.8557025]]}"
way/1068852040,yes,steps,LineString,"{""type"": ""LineString"", ""coordinates"": [[77.5543733, 13.009997], [77.5543709, 13.0101247]]}"
way/1068852046,yes,footway,LineString,"{""type"": ""LineString"", ""coordinates"": [[77.5534972, 12.9972964], [77.553471, 12.9972737], [77.5534283, 12.9972367], [77.5530646, 12.9969748]]}"
way/1072664290,yes,primary,LineString,"{""type"": ""LineString"", ""coordinates"": [[77.7134051, 12.9559459], [77.7133019, 12.9559463], [77.7128967, 12.9559769]]}"
way/1072664291,yes,primary,LineString,"{""type"": ""LineString"", ""coordinates"": [[77.717315, 12.9557329], [77.7171814, 12.9557324], [77.717095, 12.9557321], [77.7170386, 12.9557319], [77.7169499, 12.9557328], [77.7167194, 12.955739], [77.7165191, 12.9557428], [77.7165076, 12.9557416]]}"
way/1072664294,yes,primary,LineString,"{""type"": ""LineString"", ""coordinates"": [[77.7164989, 12.9558317], [77.7165208, 12.9558303], [77.7167256, 12.9558184], [77.7168628, 12.9558116], [77.7169914, 12.9558052], [77.71704, 12.9558047]]}"
way/1073384217,yes,trunk,LineString,"{""type"": ""LineString"", ""coordinates"": [[77.6229259, 12.9173954], [77.623148, 12.9174482], [77.623628, 12.9175615], [77.6243834, 12.9176822]]}"
way/1074759893,no,secondary,LineString,"{""type"": ""LineString"", ""coordinates"": [[77.6747857, 12.895718], [77.6747673, 12.8956662], [77.6743597, 12.8945169], [77.6741095, 12.8938112], [77.6738845, 12.8931766], [77.673825, 12.8930089], [77.6737934, 12.8929199], [77.6737831, 12.8928908], [77.6737572, 12.8927379], [77.6737366, 12.8926167], [77.6737046, 12.8924281], [77.6736694, 12.8922204], [77.6736552, 12.8921367], [77.673637, 12.892029], [77.6734666, 12.8910452], [77.6734364, 12.8908429], [77.6734144, 12.8907152], [77.6733906, 12.8905971], [77.67326, 12.8899486], [77.6732203, 12.8897513], [77.6731568, 12.889436], [77.6730557, 12.8889337], [77.672994, 12.8886273], [77.6729848, 12.8885816], [77.6729696, 12.8885061], [77.6729556, 12.8884439], [77.6728249, 12.8878616], [77.6727974, 12.8877389], [77.6727252, 12.8874174], [77.6727176, 12.8873838], [77.6726411, 12.8870435], [77.6726178, 12.8869397], [77.6725727, 12.8867393]]}"
way/1074759894,yes,secondary,LineString,"{""type"": ""LineString"", ""coordinates"": [[77.6725727, 12.8867393], [77.6724875, 12.8863586], [77.6724606, 12.8861882], [77.6724024, 12.8858192], [77.6723945, 12.8856994], [77.6723806, 12.8855396], [77.6723634, 12.8852115], [77.6723593, 12.8851847], [77.6723434, 12.8849205], [77.6723266, 12.8846403], [77.6723167, 12.8844754], [77.6722551, 12.883825], [77.6722564, 12.8837006], [77.672255, 12.8834477], [77.6722491, 12.88335], [77.6722508, 12.8832091], [77.672252, 12.8831034], [77.6722534, 12.882987], [77.6722548, 12.8828681], [77.6722566, 12.8827126], [77.67226, 12.8821839], [77.6722688, 12.8816727], [77.6722703, 12.8815433], [77.6722569, 12.8813323], [77.6722392, 12.881038], [77.6722193, 12.8808287], [77.6722117, 12.8807486], [77.6721875, 12.8804937], [77.6721783, 12.8803968], [77.672147, 12.8800669], [77.6720841, 12.8795539], [77.6720701, 12.8794399], [77.6720465, 12.8793181], [77.6720311, 12.8792384], [77.6719367, 12.878751], [77.6718939, 12.8785301], [77.671783, 12.8779573], [77.6717617, 12.8778474], [77.6716988, 12.8775475], [77.6716493, 12.877267], [77.67161, 12.8770677], [77.6715555, 12.8767844], [77.6715036, 12.8765308], [77.6714869, 12.8764494], [77.671461, 12.8762954], [77.6713585, 12.875765]]}"
way/1075569410,yes,motorway,LineString,"{""type"": ""LineString"", ""coordinates"": [[77.4730303, 12.9928159], [77.4729582, 12.9924769], [77.4729156, 12.9922629], [77.4727357, 12.9913966]]}"
way/1075569411,no,motorway,LineString,"{""type"": ""LineString"", ""coordinates"": [[77.4761613, 13.0159999], [77.4761498, 13.015655], [77.4760985, 13.0148456], [77.4760225, 13.0141266], [77.4759431, 13.0135472], [77.4758387, 13.0127787], [77.4757303, 13.0122125], [77.4756491, 13.01181], [77.4753421, 13.0103584], [77.4750312, 13.0089852], [77.4747768, 13.0077818], [77.4746779, 13.0071972], [77.4746346, 13.0069102], [77.4745576, 13.0061375], [77.4744294, 13.0040415], [77.4743798, 13.0031832], [77.4743186, 13.0021197], [77.4742014, 13.0003433], [77.4741485, 12.999437], [77.4740538, 12.9982352], [77.4740333, 12.9979865], [77.4739988, 12.9976759], [77.4739719, 12.9974998], [77.4738436, 12.9968103]]}"
way/1075569412,no,motorway,LineString,"{""type"": ""LineString"", ""coordinates"": [[77.4736777, 12.9968295], [77.4738021, 12.9975368], [77.4738299, 12.9977465], [77.47386, 12.9980095], [77.4738824, 12.9982606], [77.474028, 13.0003773], [77.4742128, 13.0031678], [77.4742587, 13.0040471], [77.4743901, 13.0061378], [77.474466, 13.0069442], [77.4745054, 13.0072015], [77.474611, 13.007817], [77.4748598, 13.0089691], [77.4751834, 13.0104218], [77.4754826, 13.0118618], [77.4755544, 13.0122425], [77.4756592, 13.0128266], [77.4757317, 13.0132591], [77.4757603, 13.0134553], [77.4758397, 13.014136], [77.4759096, 13.0148394], [77.475962, 13.0156464], [77.4759813, 13.0160042]]}"
way/1075569413,yes,motorway,LineString,"{""type"": ""LineString"", ""coordinates"": [[77.4721181, 12.9892832], [77.47236, 12.9904781], [77.4724563, 12.9909378], [77.4725339, 12.991309], [77.4726552, 12.9918888], [77.4728666, 12.9928555], [77.4728983, 12.9930131], [77.4729707, 12.9933729], [77.473037, 12.9937065], [77.4732105, 12.9945699], [77.4736777, 12.9968295]]}"
way/1075729179,yes,footway,LineString,"{""type"": ""LineString"", ""coordinates"": [[77.7239915, 12.9370249], [77.7237884, 12.9370592], [77.7236265, 12.9370866], [77.7234182, 12.9371217], [77.723172, 12.9371633], [77.7230544, 12.9371799]]}"
way/1075729183,yes,footway,LineString,"{""type"": ""LineString"", ""coordinates"": [[77.723172, 12.9371633], [77.7232001, 12.9372508]]}"
way/1076255039,yes,trunk,LineString,"{""type"": ""LineString"", ""coordinates"": [[77.6653385, 12.85493], [77.6664764, 12.8534777], [77.6665596, 12.8533726], [77.6682838, 12.8511933], [77.6692801, 12.8499882], [77.6695379, 12.8496514], [77.6702687, 12.8486965], [77.6704311, 12.848493], [77.6708831, 12.8479569], [77.670974, 12.8478489], [77.6715296, 12.8471892], [77.6718137, 12.8468518], [77.6718476, 12.8468173], [77.6720232, 12.8466119], [77.6724429, 12.8460028], [77.6741274, 12.8438403], [77.6748997, 12.8428377], [77.6753682, 12.8423608], [77.6755715, 12.8421246], [77.6762197, 12.8411676], [77.6763185, 12.8410134], [77.6763953, 12.8408935]]}"
way/1076261408,yes,residential,LineString,"{""type"": ""LineString"", ""coordinates"": [[77.7221056, 12.9372717], [77.7221987, 12.9373526], [77.7222475, 12.93736], [77.7224984, 12.9373094], [77.7230544, 12.9371799], [77.7231441, 12.9372161]]}"
way/1076261434,yes,footway,LineString,"{""type"": ""LineString"", ""coordinates"": [[77.7253428, 12.9385567], [77.7254065, 12.938555], [77.7254432, 12.9386027], [77.7254982, 12.9386205], [77.725544, 12.9386092]]}"
way/1076261435,yes,footway,LineString,"{""type"": ""LineString"", ""coordinates"": [[77.7254065, 12.938555], [77.7254004, 12.9384984], [77.7254432, 12.9384507], [77.7254982, 12.9383882], [77.7255318, 12.9383196], [77.7255318, 12.938266], [77.7254921, 12.9381886], [77.7254401, 12.9381498], [77.7254187, 12.9381111], [77.7254126, 12.9380575], [77.7254309, 12.937989], [77.7254247, 12.937869]]}"
way/1076405802,yes,secondary,LineString,"{""type"": ""LineString"", ""coordinates"": [[77.5645956, 12.9820912], [77.5639413, 12.9821847], [77.5638198, 12.9822117], [77.563644, 12.9822902]]}"
way/1076405804,yes,secondary,LineString,"{""type"": ""LineString"", ""coordinates"": [[77.563644, 12.9822902], [77.5635986, 12.9823117], [77.5635418, 12.9823295], [77.5634919, 12.9823422], [77.5629222, 12.9824399], [77.5628534, 12.9824528], [77.5628294, 12.9824565]]}"
way/1076405813,yes,primary,LineString,"{""type"": ""LineString"", ""coordinates"": [[77.5703523, 12.9815387], [77.5701556, 12.9818708], [77.5700993, 12.9819463], [77.570034, 12.9820104], [77.5699467, 12.9820902]]}"
way/1076405814,yes,primary,LineString,"{""type"": ""LineString"", ""coordinates"": [[77.5708053, 12.980378], [77.5707712, 12.9804397], [77.5706982, 12.9805622], [77.5706665, 12.980637], [77.5706401, 12.9807094], [77.5706198, 12.9807748], [77.5706073, 12.9808449], [77.5706045, 12.9809064], [77.5706028, 12.9810048], [77.5705971, 12.9810746], [77.5705851, 12.9811431], [77.5705602, 12.9812044]]}"
way/1076405815,yes,primary,LineString,"{""type"": ""LineString"", ""coordinates"": [[77.569244, 12.9827595], [77.5693938, 12.9827225], [77.56949, 12.9826723], [77.5696294, 12.9825604], [77.569839, 12.9823787], [77.5699014, 12.9823035], [77.5700117, 12.9821492], [77.5700616, 12.9821039], [77.5701104, 12.9820705], [77.5701546, 12.9820472], [77.5702007, 12.9820251]]}"
way/1077744662,no,steps,LineString,"{""type"": ""LineString"", ""coordinates"": [[77.5657776, 13.0188844], [77.5659809, 13.0188581]]}"
way/1077744663,no,footway,LineString,"{""type"": ""LineString"", ""coordinates"": [[77.5653947, 13.0189727], [77.5657776, 13.0188844]]}"
way/1079068561,yes,primary,LineString,"{""type"": ""LineString"", ""coordinates"": [[77.5931376, 13.0823571], [77.5931329, 13.0822706], [77.5931562, 13.0820912]]}"
way/1079068562,yes,primary,LineString,"{""type"": ""LineString"", ""coordinates"": [[77.5889231, 13.1000049], [77.5888926, 13.1000294], [77.588217, 13.1005723], [77.5881007, 13.1006676], [77.5877782, 13.100932], [77.5873299, 13.1012994], [77.5865054, 13.1019656], [77.5863843, 13.1020634], [77.5862805, 13.1021379]]}"
way/1079068563,yes,primary,LineString,"{""type"": ""LineString"", ""coordinates"": [[77.5863594, 13.1022085], [77.5864568, 13.102127], [77.5867258, 13.1019176], [77.5874118, 13.1013772], [77.5877627, 13.1011033], [77.5883151, 13.100691], [77.5885226, 13.100521], [77.5890252, 13.1001092]]}"
way/1080795068,yes,tertiary,LineString,"{""type"": ""LineString"", ""coordinates"": [[77.5927038, 12.9361174], [77.5926684, 12.9362493], [77.5925277, 12.9384912]]}"
way/1080795069,yes,tertiary,LineString,"{""type"": ""LineString"", ""coordinates"": [[77.5925572, 12.9385122], [77.5927233, 12.9362526], [77.5927038, 12.9361174]]}"
way/1080795070,yes,tertiary,LineString,"{""type"": ""LineString"", ""coordinates"": [[77.5927868, 12.9409024], [77.5927798, 12.9408585], [77.5925681, 12.9406304], [77.5925434, 12.9405791], [77.5925258, 12.9405425], [77.5925081, 12.9404983], [77.5925203, 12.9399175], [77.5925295, 12.9395206], [77.5925435, 12.9389145], [77.5925482, 12.9387128], [77.5925549, 12.9385379], [77.5925572, 12.9385122]]}"
way/1080795071,yes,tertiary,LineString,"{""type"": ""LineString"", ""coordinates"": [[77.5925277, 12.9384912], [77.5925281, 12.9385169], [77.5925206, 12.938712], [77.5924927, 12.9399169], [77.5924803, 12.9405031], [77.5925004, 12.9405531], [77.5925447, 12.9406453], [77.5927449, 12.9408885], [77.5927868, 12.9409024]]}"
way/1082722309,yes,footway,LineString,"{""type"": ""LineString"", ""coordinates"": [[77.5841008, 12.9504177], [77.5839518, 12.9504644]]}"
way/1082722310,yes,footway,LineString,"{""type"": ""LineString"", ""coordinates"": [[77.5841015, 12.9503977], [77.5841088, 12.9503789], [77.5841218, 12.9503634], [77.5841392, 12.9503526], [77.5841592, 12.9503479], [77.5841797, 12.9503495], [77.5841986, 12.9503575], [77.5842139, 12.9503708], [77.5842241, 12.9503883], [77.5842281, 12.9504088], [77.5842249, 12.9504295], [77.5842149, 12.950448], [77.5841991, 12.9504621], [77.5841794, 12.9504705], [77.584158, 12.950472], [77.5841373, 12.9504665], [77.5841196, 12.9504546], [77.584107, 12.9504377], [77.5841008, 12.9504177], [77.5841015, 12.9503977]]}"
way/1082722311,no,footway,LineString,"{""type"": ""LineString"", ""coordinates"": [[77.5829751, 12.9499439], [77.5830117, 12.9499344], [77.5831509, 12.9498976]]}"
way/1082722313,no,footway,LineString,"{""type"": ""LineString"", ""coordinates"": [[77.5827537, 12.9494288], [77.5828576, 12.9498603]]}"
way/1083263216,yes,primary,LineString,"{""type"": ""LineString"", ""coordinates"": [[77.5845022, 13.0145645], [77.5847529, 13.0145623], [77.5849408, 13.0145607], [77.5852689, 13.0145579], [77.585278, 13.0145578], [77.5854593, 13.0145375], [77.5858376, 13.0144891], [77.5864063, 13.014406], [77.5865594, 13.0143768], [77.5868589, 13.0143041], [77.5869686, 13.0142607], [77.5872122, 13.0141603]]}"
way/1084458390,yes,tertiary,LineString,"{""type"": ""LineString"", ""coordinates"": [[77.7387643, 12.9875579], [77.7387021, 12.9875324], [77.7386377, 12.9874884], [77.7385756, 12.9874465], [77.7385261, 12.9874235], [77.7383673, 12.9874026], [77.7380648, 12.9873943], [77.7373179, 12.9874069], [77.7372503, 12.9874288], [77.7372322, 12.9874361], [77.7371485, 12.9874674], [77.7371414, 12.9875318]]}"
way/1084569693,yes,footway,LineString,"{""type"": ""LineString"", ""coordinates"": [[77.5841342, 13.0129161], [77.5841475, 13.0142062], [77.5841885, 13.0142887], [77.5843123, 13.0144216], [77.5844273, 13.0144753], [77.5852808, 13.0144397], [77.5865175, 13.0142851], [77.5870584, 13.0141298], [77.5876334, 13.0138357], [77.5880065, 13.0135756], [77.5881051, 13.0134561], [77.589011, 13.0122551], [77.5893911, 13.0117083], [77.5895078, 13.0115367], [77.5913641, 13.0087162], [77.5916855, 13.0082227], [77.5918385, 13.0079892], [77.5919902, 13.0077578], [77.5923779, 13.0071414], [77.5928795, 13.0063262], [77.5929371, 13.0061895], [77.5929938, 13.006055], [77.5931847, 13.0055129], [77.5933428, 13.0049756], [77.5934984, 13.0044907], [77.5935204, 13.0044223], [77.5941965, 13.0020815], [77.5944158, 13.0013221], [77.5944747, 13.0011182], [77.5953242, 12.9984048], [77.5956971, 12.9971487], [77.595716, 12.9970343], [77.5958639, 12.9960185], [77.5959892, 12.9950433]]}"
way/1085142956,yes,trunk,LineString,"{""type"": ""LineString"", ""coordinates"": [[77.7003042, 12.9534482], [77.7000543, 12.9524376]]}"
way/1085994693,yes,footway,LineString,"{""type"": ""LineString"", ""coordinates"": [[77.6392516, 12.9782794], [77.6392529, 12.9782479], [77.6392532, 12.9782029]]}"
way/1086038071,yes,footway,LineString,"{""type"": ""LineString"", ""coordinates"": [[77.7115395, 12.9725058], [77.7115818, 12.9724173], [77.7115981, 12.9723745]]}"
way/1086212782,yes,primary,LineString,"{""type"": ""LineString"", ""coordinates"": [[77.6681586, 12.9582104], [77.6686817, 12.9581584], [77.6687657, 12.9581535], [77.6704821, 12.9580537], [77.6716662, 12.9579476], [77.6717391, 12.9579391], [77.6722191, 12.9578916], [77.6724417, 12.957858], [77.6730517, 12.9577352], [77.6743253, 12.9572222], [77.6743949, 12.9571889], [77.6753215, 12.9567464], [77.6758942, 12.9564816], [77.6777333, 12.9556024], [77.6777898, 12.9555752], [77.6778488, 12.9555455], [77.6797301, 12.9546555], [77.6797891, 12.9546335], [77.6799376, 12.9545845]]}"
way/1086212784,yes,primary,LineString,"{""type"": ""LineString"", ""coordinates"": [[77.6652217, 12.9586392], [77.6659137, 12.9584852], [77.6660816, 12.958453]]}"
way/1086240288,yes,trunk,LineString,"{""type"": ""LineString"", ""coordinates"": [[77.7012244, 12.9596219], [77.7012724, 12.9599701], [77.7012808, 12.9600388], [77.7012871, 12.9600779], [77.7013137, 12.9602438]]}"
way/1086240289,yes,trunk,LineString,"{""type"": ""LineString"", ""coordinates"": [[77.7021721, 12.967009], [77.7021829, 12.9669762], [77.7022221, 12.9667348], [77.7022413, 12.9665093], [77.702243, 12.9662449], [77.7022052, 12.9657474], [77.7021537, 12.9651486], [77.7021137, 12.9647664], [77.702084, 12.9645394], [77.7020788, 12.964504], [77.7019095, 12.9633313], [77.7018447, 12.9629086], [77.7017132, 12.9620871], [77.7015292, 12.9607614], [77.7015213, 12.9607044], [77.7015077, 12.9606063], [77.7014179, 12.9599597], [77.7014054, 12.9598805], [77.7013992, 12.9598046]]}"
way/1087427269,yes,unclassified,LineString,"{""type"": ""LineString"", ""coordinates"": [[77.7014429, 12.9859267], [77.701471, 12.9861262], [77.7015583, 12.9863384], [77.7020638, 12.987656], [77.7021298, 12.9877723], [77.7021913, 12.9878259], [77.7022974, 12.98785], [77.7028846, 12.9877479], [77.7029831, 12.9877443], [77.7030854, 12.9877663], [77.7031749, 12.9878063], [77.7032311, 12.9878718], [77.7032976, 12.9879618], [77.7033781, 12.9880062], [77.7037616, 12.987942], [77.7041991, 12.9878689], [77.7045017, 12.9878183], [77.7045387, 12.9878033], [77.704573, 12.9877832], [77.7046037, 12.9877581], [77.7046258, 12.9877344], [77.7046446, 12.9877081], [77.70466, 12.9876797], [77.7047057, 12.9859924], [77.7047034, 12.9859024], [77.7046776, 12.9848891], [77.7046734, 12.9847226]]}"
way/1087559307,yes,footway,LineString,"{""type"": ""LineString"", ""coordinates"": [[77.7116702, 12.9721839], [77.7116736, 12.9721747], [77.7117497, 12.9719717], [77.7119077, 12.9715503], [77.7120045, 12.9712948], [77.7121116, 12.9710122], [77.7121366, 12.9709461], [77.7122146, 12.970762], [77.712305, 12.9705487], [77.7124344, 12.9702431], [77.7126289, 12.9697674], [77.7127133, 12.9695634], [77.7127654, 12.9694467], [77.7128938, 12.9691591], [77.7129198, 12.9691008], [77.7129918, 12.9689379]]}"
way/1087940509,yes,footway,LineString,"{""type"": ""LineString"", ""coordinates"": [[77.6073237, 12.9721439], [77.6072878, 12.9721458], [77.6072641, 12.9721573], [77.6072333, 12.9721806], [77.6072054, 12.9722148], [77.6071902, 12.972243], [77.6071753, 12.972305], [77.6071751, 12.9723453], [77.6071809, 12.9723853], [77.6072729, 12.9727038], [77.6074453, 12.9732166], [77.6075669, 12.9735607], [77.607574, 12.9735841], [77.6077937, 12.9742772], [77.6078039, 12.9743156], [77.6079097, 12.9747035], [77.6079822, 12.9749197], [77.6079879, 12.9749368]]}"
way/1088817472,yes,service,LineString,"{""type"": ""LineString"", ""coordinates"": [[77.6915948, 12.9776446], [77.6915707, 12.9776661], [77.691607, 12.9779923], [77.6915578, 12.978072], [77.6915859, 12.9782714], [77.6908489, 12.9783885], [77.690746, 12.9777886], [77.6911306, 12.9775547], [77.6914023, 12.9773857], [77.6915707, 12.9776661]]}"
way/1089703479,yes,residential,LineString,"{""type"": ""LineString"", ""coordinates"": [[77.7215316, 12.9589375], [77.72153, 12.9588727], [77.7214982, 12.9575453]]}"
way/1089723788,yes,trunk,LineString,"{""type"": ""LineString"", ""coordinates"": [[77.6791245, 13.0004114], [77.6796302, 13.000427]]}"
way/1090000450,yes,tertiary,LineString,"{""type"": ""LineString"", ""coordinates"": [[77.6974744, 12.9749177], [77.6973717, 12.9748792], [77.697348, 12.9749193], [77.6972344, 12.9751075], [77.6969652, 12.9755534], [77.6966977, 12.9759436], [77.6966654, 12.9759907]]}"
way/1090570629,yes,trunk,LineString,"{""type"": ""LineString"", ""coordinates"": [[77.6243834, 12.9176822], [77.6247366, 12.9177084]]}"
way/1090912381,yes,secondary_link,LineString,"{""type"": ""LineString"", ""coordinates"": [[77.5864568, 13.102127], [77.5863843, 13.1020634]]}"
way/1091198028,yes,unclassified,LineString,"{""type"": ""LineString"", ""coordinates"": [[77.5912356, 12.9770696], [77.5912334, 12.9770173], [77.5910844, 12.9767619], [77.5910854, 12.9767005], [77.5910961, 12.9766629], [77.5911299, 12.9765709], [77.5911943, 12.976369], [77.5913501, 12.9761287], [77.59138, 12.976048]]}"
way/1091198029,yes,unclassified,LineString,"{""type"": ""LineString"", ""coordinates"": [[77.5913262, 12.9760864], [77.59138, 12.976048], [77.5914232, 12.9760113], [77.5914632, 12.9759713]]}"
way/1091198030,yes,unclassified,LineString,"{""type"": ""LineString"", ""coordinates"": [[77.5903795, 12.9759249], [77.5905432, 12.9762093], [77.5907812, 12.97655], [77.5909209, 12.9766962], [77.5910245, 12.9768108], [77.5911887, 12.9770474], [77.5912356, 12.9770696]]}"
way/1091238152,no,tertiary,LineString,"{""type"": ""LineString"", ""coordinates"": [[77.7011976, 12.9680057], [77.7010632, 12.9679881], [77.7006937, 12.9679376], [77.7002987, 12.9678836], [77.6998191, 12.967818], [77.6994158, 12.9677628], [77.6979568, 12.9675633], [77.6978928, 12.9675545], [77.6964636, 12.9673432], [77.6960144, 12.9674528], [77.6951045, 12.9676794], [77.6943994, 12.967784], [77.6933285, 12.967969]]}"
way/1091646564,yes,footway,LineString,"{""type"": ""LineString"", ""coordinates"": [[77.6017255, 12.9764258], [77.601771, 12.9764183], [77.6018227, 12.9764096]]}"
way/1092013937,yes,residential,LineString,"{""type"": ""LineString"", ""coordinates"": [[77.6648493, 12.9008655], [77.6647955, 12.9005928]]}"
way/1092668720,yes,residential,LineString,"{""type"": ""LineString"", ""coordinates"": [[77.6079252, 12.9671235], [77.6078859, 12.9670686], [77.6077659, 12.9668986], [77.6075479, 12.9665466], [77.6075267, 12.9664807], [77.6075167, 12.9663907]]}"
way/1093290437,yes,tertiary,LineString,"{""type"": ""LineString"", ""coordinates"": [[77.6139808, 12.966487], [77.6140176, 12.9663638], [77.6140269, 12.9662746]]}"
way/1093290439,yes,tertiary,LineString,"{""type"": ""LineString"", ""coordinates"": [[77.6140269, 12.9662746], [77.6139738, 12.9663708], [77.6139532, 12.9664228], [77.6139217, 12.9665022]]}"
way/1093558611,yes,primary,LineString,"{""type"": ""LineString"", ""coordinates"": [[77.5711205, 12.9801453], [77.5711594, 12.9801384], [77.5711946, 12.9801209], [77.5712231, 12.9800941]]}"
way/1093609904,yes,footway,LineString,"{""type"": ""LineString"", ""coordinates"": [[77.5885409, 12.9903485], [77.588551, 12.990302], [77.5886046, 12.9900852], [77.5886215, 12.9899417], [77.5886684, 12.9893215], [77.5887499, 12.9882389], [77.5887823, 12.9878419], [77.5888535, 12.9872447], [77.5888506, 12.987103], [77.5888049, 12.9870151], [77.5888016, 12.98701], [77.5887348, 12.9869791], [77.5886862, 12.9869761], [77.5886315, 12.9869919]]}"
way/1093609905,yes,footway,LineString,"{""type"": ""LineString"", ""coordinates"": [[77.5888245, 12.987006], [77.5888923, 12.9870014], [77.588947, 12.9869977]]}"
way/1093609918,yes,footway,LineString,"{""type"": ""LineString"", ""coordinates"": [[77.5926632, 12.9795368], [77.5926496, 12.9795265], [77.5925675, 12.9794826], [77.5923453, 12.97925], [77.5921448, 12.9790455], [77.5921083, 12.9789345], [77.5910425, 12.9778344], [77.5910096, 12.9777972]]}"
way/1093609919,yes,footway,LineString,"{""type"": ""LineString"", ""coordinates"": [[77.5913779, 12.9772614], [77.5912905, 12.9773615], [77.5912574, 12.9773899], [77.59103, 12.9775848], [77.5909663, 12.9776356], [77.5909496, 12.9776542]]}"
way/1093609922,yes,footway,LineString,"{""type"": ""LineString"", ""coordinates"": [[77.5884851, 12.9843977], [77.5885239, 12.9840159], [77.5886943, 12.9831153], [77.5886729, 12.982268], [77.5886714, 12.9822086], [77.5886514, 12.9818734], [77.5886436, 12.9816967], [77.5887069, 12.9816323], [77.588758, 12.9816006], [77.5887911, 12.9816019], [77.5894371, 12.982663], [77.5894243, 12.9827118]]}"
way/1093609924,yes,footway,LineString,"{""type"": ""LineString"", ""coordinates"": [[77.5990899, 12.9767601], [77.5991642, 12.9767765], [77.5992107, 12.9767916]]}"
way/1093609926,yes,footway,LineString,"{""type"": ""LineString"", ""coordinates"": [[77.5991799, 12.9764356], [77.5991167, 12.9764894], [77.5990331, 12.9765605], [77.5989203, 12.9766565]]}"
way/1093616893,yes,footway,LineString,"{""type"": ""LineString"", ""coordinates"": [[77.5993603, 12.9764466], [77.5992827, 12.976422]]}"
way/1094036272,yes,tertiary,LineString,"{""type"": ""LineString"", ""coordinates"": [[77.6146897, 12.9636219], [77.6147483, 12.9634174], [77.6147616, 12.963304], [77.6147663, 12.9632616], [77.6147834, 12.9630964], [77.6147892, 12.9629962], [77.6147932, 12.9629407], [77.6148068, 12.9624064], [77.6148098, 12.9620589], [77.6148168, 12.9618685], [77.614764, 12.9615353]]}"
way/1095078579,yes,primary,LineString,"{""type"": ""LineString"", ""coordinates"": [[77.5903675, 12.9514776], [77.5902751, 12.9515762], [77.5902112, 12.9516184], [77.5901524, 12.9516583], [77.5890741, 12.9520272], [77.5879727, 12.9524079], [77.5870892, 12.9527346], [77.5869753, 12.9527836], [77.5867691, 12.9529519], [77.5861387, 12.953491], [77.5856844, 12.9538602], [77.58557, 12.9539165]]}"
way/1095078580,yes,primary,LineString,"{""type"": ""LineString"", ""coordinates"": [[77.590239, 12.9517139], [77.5902939, 12.9517067], [77.5904359, 12.9516864]]}"
way/1095078581,yes,primary,LineString,"{""type"": ""LineString"", ""coordinates"": [[77.58557, 12.9539165], [77.5853924, 12.9539768], [77.5852842, 12.9540118], [77.5852681, 12.9540175], [77.585073, 12.9540965]]}"
way/1095078582,yes,primary,LineString,"{""type"": ""LineString"", ""coordinates"": [[77.5854347, 12.9542788], [77.585454, 12.9542115], [77.5854936, 12.9541215], [77.5855532, 12.9540683], [77.585581, 12.9540427], [77.5857023, 12.9539378]]}"
way/1095078937,yes,service,LineString,"{""type"": ""LineString"", ""coordinates"": [[77.5585286, 13.0182176], [77.5585121, 13.0181764], [77.558505, 13.0181649], [77.5586123, 13.0181097], [77.55876, 13.0181051]]}"
way/1095078938,yes,service,LineString,"{""type"": ""LineString"", ""coordinates"": [[77.558505, 13.0181649], [77.5583658, 13.0182545]]}"
way/1095888136,yes,service,LineString,"{""type"": ""LineString"", ""coordinates"": [[77.7288209, 12.9948341], [77.729027, 12.9948999], [77.7290793, 12.9949166], [77.7291666, 12.9950482], [77.7292119, 12.9950572], [77.729393, 12.9950931], [77.7294371, 12.9951018], [77.7295663, 12.9950346], [77.7297116, 12.9950563], [77.7299855, 12.9950937], [77.7301838, 12.9951208], [77.7302024, 12.9951614], [77.7302318, 12.9952254], [77.7305674, 12.9952813], [77.7306718, 12.9950285], [77.7308508, 12.9945951], [77.7307827, 12.9944565]]}"
way/1095905555,yes,footway,LineString,"{""type"": ""LineString"", ""coordinates"": [[77.5937396, 12.9768626], [77.5937538, 12.9768493], [77.5940354, 12.9765913], [77.5944548, 12.9762131], [77.5944972, 12.9761748]]}"
way/1096873564,yes,trunk,LineString,"{""type"": ""LineString"", ""coordinates"": [[77.6740546, 12.8435662], [77.6727572, 12.8452589]]}"
way/1097727353,yes,footway,LineString,"{""type"": ""LineString"", ""coordinates"": [[77.7321674, 12.9563832], [77.7322578, 12.956399], [77.7325878, 12.9564582], [77.732734, 12.9564781], [77.7328945, 12.956505], [77.7333807, 12.9565704], [77.7347946, 12.9568071], [77.7350977, 12.9568579], [77.7359316, 12.9570039], [77.7360274, 12.9570254], [77.7362773, 12.95707], [77.7363576, 12.9570811], [77.7367256, 12.9571331], [77.7368661, 12.957151], [77.7371193, 12.9571424], [77.7373889, 12.9571374], [77.7376829, 12.9571299], [77.7379486, 12.9571299], [77.7382221, 12.9571216], [77.7385472, 12.9571116], [77.7388313, 12.9571084]]}"
way/1097973828,yes,trunk,LineString,"{""type"": ""LineString"", ""coordinates"": [[77.7104166, 12.8019289], [77.7101844, 12.8019343], [77.7096441, 12.8019473], [77.7094588, 12.8019438], [77.7086212, 12.8019143]]}"
way/1098997028,yes,residential,LineString,"{""type"": ""LineString"", ""coordinates"": [[77.6258769, 13.0063149], [77.62553, 13.0054792]]}"
way/1098997029,yes,residential,LineString,"{""type"": ""LineString"", ""coordinates"": [[77.6262275, 13.0052276], [77.6261445, 13.0049859]]}"
way/1098997031,yes,residential,LineString,"{""type"": ""LineString"", ""coordinates"": [[77.6265839, 13.0050935], [77.6264883, 13.0048575]]}"
way/1099882751,yes,footway,LineString,"{""type"": ""LineString"", ""coordinates"": [[77.6125404, 12.9345705], [77.6125539, 12.9345449], [77.6125972, 12.9344635], [77.6126112, 12.9344372]]}"
way/1100616693,yes,residential,LineString,"{""type"": ""LineString"", ""coordinates"": [[77.6095917, 12.9139639], [77.6095857, 12.9143809], [77.6095744, 12.9152201], [77.6095737, 12.9156074]]}"
way/1101271053,yes,primary_link,LineString,"{""type"": ""LineString"", ""coordinates"": [[77.619601, 12.972367], [77.6195953, 12.9723546], [77.6195759, 12.9723072]]}"
way/1101394768,yes,footway,LineString,"{""type"": ""LineString"", ""coordinates"": [[77.5531161, 12.9972439], [77.5530969, 12.9972338], [77.5530755, 12.9972301], [77.5530539, 12.9972334], [77.5530346, 12.9972432], [77.5530195, 12.9972585], [77.5530102, 12.9972777], [77.5530077, 12.9972988], [77.5530126, 12.9973203], [77.5530245, 12.9973391], [77.5530421, 12.9973529], [77.5530634, 12.9973602], [77.553086, 12.9973603], [77.5531074, 12.997353], [77.5531251, 12.9973393], [77.5531371, 12.9973206], [77.553142, 12.9972999], [77.5531399, 12.9972788], [77.5531309, 12.9972594], [77.5531161, 12.9972439]]}"
way/1101394769,yes,footway,LineString,"{""type"": ""LineString"", ""coordinates"": [[77.553142, 12.9972999], [77.5533846, 12.9972997], [77.5534283, 12.9972367]]}"
way/1101394772,yes,footway,LineString,"{""type"": ""LineString"", ""coordinates"": [[77.553086, 12.9973603], [77.5530842, 12.9975727]]}"
way/1101394773,yes,footway,LineString,"{""type"": ""LineString"", ""coordinates"": [[77.5530755, 12.9972301], [77.5530646, 12.9969748], [77.552826, 12.9968222]]}"
way/1101411283,no,service,LineString,"{""type"": ""LineString"", ""coordinates"": [[77.5509099, 12.9986142], [77.5506826, 12.9985655]]}"
way/1102284512,yes,footway,LineString,"{""type"": ""LineString"", ""coordinates"": [[77.5882218, 12.9843001], [77.5882971, 12.9843282], [77.5883965, 12.9843652], [77.5884757, 12.9843948]]}"
way/1102559554,yes,service,LineString,"{""type"": ""LineString"", ""coordinates"": [[77.6993314, 12.9715102], [77.6992223, 12.9712993], [77.6991975, 12.9711543]]}"
way/1102562196,yes,residential,LineString,"{""type"": ""LineString"", ""coordinates"": [[77.6992156, 12.9703341], [77.6993299, 12.9703056], [77.6997791, 12.9701867]]}"
way/1102819034,yes,footway,LineString,"{""type"": ""LineString"", ""coordinates"": [[77.5801773, 12.9323073], [77.5802162, 12.9323084], [77.5803997, 12.9323129]]}"
way/1102841641,yes,footway,LineString,"{""type"": ""LineString"", ""coordinates"": [[77.6058255, 12.936575], [77.6058297, 12.9366141], [77.6058306, 12.9366221]]}"
way/1102846417,yes,primary,LineString,"{""type"": ""LineString"", ""coordinates"": [[77.6594069, 12.9701061], [77.6590973, 12.9705719], [77.6588266, 12.9710187], [77.658781, 12.9710956]]}"
way/1102857791,yes,service,LineString,"{""type"": ""LineString"", ""coordinates"": [[77.6925138, 12.9849949], [77.6924533, 12.985006]]}"
way/1102857801,yes,residential,LineString,"{""type"": ""LineString"", ""coordinates"": [[77.681707, 12.9758141], [77.6820094, 12.9757044]]}"
way/1103105504,yes,residential,LineString,"{""type"": ""LineString"", ""coordinates"": [[77.5723972, 13.0314327], [77.5718912, 13.030968]]}"
way/1103706350,yes,footway,LineString,"{""type"": ""LineString"", ""coordinates"": [[77.5893022, 12.9768241], [77.5893168, 12.976832], [77.5903084, 12.9773653], [77.5905713, 12.9775139], [77.5906218, 12.9775188], [77.5907159, 12.9775424], [77.5908398, 12.9775393], [77.5908787, 12.977535], [77.5911568, 12.9772986], [77.591172, 12.9772684], [77.5911819, 12.9772196]]}"
way/1104615436,yes,footway,LineString,"{""type"": ""LineString"", ""coordinates"": [[77.5531755, 12.9031679], [77.5527378, 12.9019807], [77.5527245, 12.9019446], [77.5524032, 12.9018944], [77.551982, 12.901921], [77.5516427, 12.9020155]]}"
way/1104615437,yes,footway,LineString,"{""type"": ""LineString"", ""coordinates"": [[77.5528352, 12.9034186], [77.5531537, 12.903184], [77.5531755, 12.9031679]]}"
way/1104615438,yes,footway,LineString,"{""type"": ""LineString"", ""coordinates"": [[77.5491658, 12.9039566], [77.5491427, 12.9041215], [77.549967, 12.9039708], [77.550264, 12.9040491], [77.5517688, 12.9036467], [77.5521649, 12.9035604], [77.5528352, 12.9034186]]}"
way/1104615439,yes,footway,LineString,"{""type"": ""LineString"", ""coordinates"": [[77.549174, 12.9038985], [77.5491658, 12.9039566]]}"
way/1104620661,yes,footway,LineString,"{""type"": ""LineString"", ""coordinates"": [[77.5848783, 12.9502406], [77.584823, 12.9501721], [77.5847506, 12.9501727], [77.5845838, 12.9502076]]}"
way/1105437335,yes,secondary,LineString,"{""type"": ""LineString"", ""coordinates"": [[77.6447712, 12.9151], [77.6447685, 12.9150343], [77.6446686, 12.9136013]]}"
way/1105437336,yes,secondary,LineString,"{""type"": ""LineString"", ""coordinates"": [[77.6447737, 12.9151585], [77.6447712, 12.9151]]}"
way/1105681083,yes,trunk,LineString,"{""type"": ""LineString"", ""coordinates"": [[77.7013137, 12.9602438], [77.7013775, 12.9606256], [77.7014731, 12.9612689], [77.701571, 12.9618988], [77.7016775, 12.9626351], [77.7018772, 12.9639554], [77.7020124, 12.964897], [77.7020429, 12.965189], [77.7021051, 12.9660562], [77.7021151, 12.9662472], [77.7021127, 12.9663781], [77.7021116, 12.9664384], [77.7020852, 12.9666602], [77.7020713, 12.9667337], [77.7020328, 12.9669365], [77.7020248, 12.9669743]]}"
way/1105715131,yes,primary,LineString,"{""type"": ""LineString"", ""coordinates"": [[77.6787894, 12.9136036], [77.6789939, 12.9135144], [77.6791541, 12.9134397], [77.679384, 12.9133266], [77.6801651, 12.9129024], [77.6802197, 12.9128723], [77.680436, 12.9127608], [77.6806252, 12.912664], [77.6808723, 12.9125339], [77.6812482, 12.9123437], [77.6815677, 12.9121848], [77.6819693, 12.9119738], [77.6824189, 12.9117383], [77.6826399, 12.9116286], [77.6832147, 12.9113331], [77.6834558, 12.9112274], [77.6836307, 12.9111568], [77.6836675, 12.9111422], [77.6837023, 12.9111295]]}"
way/1105715132,yes,primary,LineString,"{""type"": ""LineString"", ""coordinates"": [[77.6735456, 12.9168461], [77.6735802, 12.9167735], [77.673603, 12.9166567], [77.6736321, 12.916542]]}"
way/1105763532,yes,tertiary,LineString,"{""type"": ""LineString"", ""coordinates"": [[77.6323646, 12.9010551], [77.6315629, 12.9023952], [77.6315455, 12.9024165], [77.6314579, 12.9025719], [77.6314177, 12.9026317], [77.6312305, 12.9029949], [77.6310858, 12.9032838], [77.6307058, 12.9038842], [77.6298545, 12.9052106], [77.6297195, 12.9054356], [77.6294856, 12.9058256], [77.6292424, 12.9062311], [77.6291947, 12.9063106], [77.6290839, 12.9064884], [77.6290594, 12.9065278], [77.6287515, 12.9070222]]}"
way/1106057238,yes,footway,LineString,"{""type"": ""LineString"", ""coordinates"": [[77.6027897, 12.9754893], [77.6028006, 12.9755231], [77.602806, 12.9755396]]}"
way/1106086489,no,footway,LineString,"{""type"": ""LineString"", ""coordinates"": [[77.5905875, 12.9869834], [77.5906014, 12.9869999], [77.5909004, 12.9873402], [77.5912743, 12.9877446], [77.5916189, 12.9881528], [77.5916518, 12.9881925], [77.5917045, 12.9882562], [77.5917645, 12.988341], [77.5919785, 12.9885768], [77.5921857, 12.9888085], [77.5922989, 12.9889337], [77.5928492, 12.9895017]]}"
way/1106086490,no,footway,LineString,"{""type"": ""LineString"", ""coordinates"": [[77.5887697, 12.990355], [77.5889287, 12.9903285], [77.5891819, 12.9902977], [77.58928, 12.990287], [77.5897132, 12.9903183], [77.5904399, 12.9903706], [77.5905504, 12.9903768], [77.5909022, 12.9903966], [77.5910055, 12.9904025], [77.5911817, 12.9903993], [77.5916099, 12.9903917], [77.5918365, 12.9903679], [77.5926918, 12.9896968]]}"
way/1106086491,no,footway,LineString,"{""type"": ""LineString"", ""coordinates"": [[77.5887308, 12.990527], [77.5887712, 12.9904941], [77.5887957, 12.9904797], [77.5888162, 12.9904676], [77.5888473, 12.9904552], [77.5888649, 12.9904482], [77.5890363, 12.9904007], [77.5891081, 12.9904145], [77.5892716, 12.9903979], [77.5893656, 12.9903583], [77.5900041, 12.9904159], [77.5904232, 12.9904462], [77.5905467, 12.9904548], [77.5910021, 12.9904827], [77.5910275, 12.9904815], [77.5915989, 12.9904636]]}"
way/1106086496,no,footway,LineString,"{""type"": ""LineString"", ""coordinates"": [[77.5885706, 12.9903084], [77.5886327, 12.9903282], [77.5887251, 12.9903551]]}"
way/1106086497,no,footway,LineString,"{""type"": ""LineString"", ""coordinates"": [[77.5927019, 12.9897085], [77.5927267, 12.9897374], [77.5927543, 12.9897695]]}"
way/1106086498,yes,footway,LineString,"{""type"": ""LineString"", ""coordinates"": [[77.5926918, 12.9896968], [77.5927051, 12.9896799], [77.5927201, 12.9896403], [77.59271, 12.9896006], [77.5926008, 12.9894316], [77.5923266, 12.9891114], [77.5920123, 12.9887575]]}"
way/1106086499,no,footway,LineString,"{""type"": ""LineString"", ""coordinates"": [[77.5927203, 12.9895932], [77.5927696, 12.9895576], [77.5928214, 12.9895199]]}"
way/1106110231,yes,secondary,LineString,"{""type"": ""LineString"", ""coordinates"": [[77.5993341, 12.9767004], [77.599499, 12.9767041], [77.5996016, 12.9767004]]}"
way/1106330401,yes,footway,LineString,"{""type"": ""LineString"", ""coordinates"": [[77.594437, 12.9818657], [77.5944356, 12.9818624], [77.5943578, 12.9817524], [77.5942756, 12.9816475], [77.594197, 12.9815465], [77.5939837, 12.9813133], [77.5935854, 12.9809073], [77.5934301, 12.9807356], [77.5932615, 12.9806048]]}"
way/1108491680,yes,tertiary,LineString,"{""type"": ""LineString"", ""coordinates"": [[77.6653207, 12.920419], [77.665265, 12.9204542], [77.6652481, 12.9204919], [77.6652441, 12.9205434], [77.6652613, 12.9205727], [77.6653098, 12.9206436]]}"
way/1108965758,yes,secondary,LineString,"{""type"": ""LineString"", ""coordinates"": [[77.6518944, 12.9119916], [77.6518279, 12.911987]]}"
way/1108965759,yes,secondary,LineString,"{""type"": ""LineString"", ""coordinates"": [[77.6506473, 12.9119548], [77.6505818, 12.9119536]]}"
way/1108977433,no,footway,LineString,"{""type"": ""LineString"", ""coordinates"": [[77.5676658, 13.0632935], [77.567626, 13.0633414], [77.5660609, 13.0639039], [77.565971, 13.0642502], [77.5657017, 13.064455], [77.5656284, 13.0644918], [77.5653487, 13.0653723], [77.5652736, 13.0654324], [77.5649893, 13.0656101], [77.564874, 13.0657877], [77.56419, 13.067149], [77.5637977, 13.0681292], [77.5636107, 13.0685965], [77.5634792, 13.0687454], [77.5633049, 13.0688185], [77.5626963, 13.0688514]]}"
way/1108977434,no,footway,LineString,"{""type"": ""LineString"", ""coordinates"": [[77.5606675, 13.0686593], [77.5606366, 13.068609]]}"
way/1108986783,yes,motorway,LineString,"{""type"": ""LineString"", ""coordinates"": [[77.4693828, 13.0580672], [77.4718231, 13.0573738], [77.4735333, 13.0568871]]}"
way/1108986784,yes,motorway,LineString,"{""type"": ""LineString"", ""coordinates"": [[77.4735333, 13.0568871], [77.4737987, 13.0568135]]}"
way/1108986785,yes,motorway,LineString,"{""type"": ""LineString"", ""coordinates"": [[77.4734978, 13.0567759], [77.4709295, 13.0574766], [77.4693311, 13.0579321]]}"
way/1108986786,yes,motorway,LineString,"{""type"": ""LineString"", ""coordinates"": [[77.4737558, 13.056703], [77.4734978, 13.0567759]]}"
way/1109199533,yes,primary,LineString,"{""type"": ""LineString"", ""coordinates"": [[77.6250273, 13.0112629], [77.625174, 13.011467], [77.6252365, 13.0115658], [77.6254495, 13.0118807], [77.6255645, 13.0120389]]}"
way/1109199534,yes,primary,LineString,"{""type"": ""LineString"", ""coordinates"": [[77.624802, 13.0110349], [77.6250273, 13.0112629]]}"
way/1109199535,yes,primary,LineString,"{""type"": ""LineString"", ""coordinates"": [[77.6255925, 13.0119621], [77.6254256, 13.0116833], [77.6252909, 13.0114675], [77.624919, 13.0110758]]}"
way/1109912029,yes,secondary,LineString,"{""type"": ""LineString"", ""coordinates"": [[77.599352, 12.9766163], [77.5992296, 12.9765722]]}"
way/1109914955,yes,primary,LineString,"{""type"": ""LineString"", ""coordinates"": [[77.5935607, 12.9594547], [77.5931953, 12.9584317]]}"
way/1109914956,yes,primary,LineString,"{""type"": ""LineString"", ""coordinates"": [[77.5931118, 12.9584906], [77.593499, 12.9594724]]}"
way/1109914957,yes,primary,LineString,"{""type"": ""LineString"", ""coordinates"": [[77.593499, 12.9594724], [77.5935019, 12.959548], [77.593651, 12.9599876]]}"
way/1109914958,yes,primary,LineString,"{""type"": ""LineString"", ""coordinates"": [[77.5946375, 12.962185], [77.5944706, 12.9617401], [77.5943177, 12.9613427], [77.5941145, 12.9608146]]}"
way/1109938618,yes,trunk,LineString,"{""type"": ""LineString"", ""coordinates"": [[77.6654482, 12.9209153], [77.6655585, 12.9209342]]}"
way/1109938622,yes,trunk,LineString,"{""type"": ""LineString"", ""coordinates"": [[77.6655585, 12.9209342], [77.6659924, 12.9211461]]}"
way/1109939060,yes,primary,LineString,"{""type"": ""LineString"", ""coordinates"": [[77.6653098, 12.9206436], [77.6653726, 12.9206256], [77.6654081, 12.9206], [77.6654255, 12.9205875], [77.6655365, 12.9205145]]}"
way/1109939744,yes,primary,LineString,"{""type"": ""LineString"", ""coordinates"": [[77.6687125, 12.9188802], [77.6685027, 12.9189662], [77.6681842, 12.9191415], [77.668113, 12.9191808], [77.6680194, 12.9192325], [77.6678101, 12.9193461], [77.6676429, 12.9194283]]}"
way/1109939748,no,tertiary,LineString,"{""type"": ""LineString"", ""coordinates"": [[77.6688366, 12.9188322], [77.6688004, 12.9187531], [77.6687395, 12.9186198], [77.6686049, 12.9183161], [77.6685522, 12.9182753]]}"
way/1109941402,yes,secondary,LineString,"{""type"": ""LineString"", ""coordinates"": [[77.6534224, 12.8700544], [77.65358, 12.8701932], [77.6536296, 12.8702363]]}"
way/1109941403,yes,secondary,LineString,"{""type"": ""LineString"", ""coordinates"": [[77.6536449, 12.8701234], [77.6536152, 12.8700969], [77.6535236, 12.8700093], [77.6534843, 12.8699717]]}"
way/1109941406,yes,trunk,LineString,"{""type"": ""LineString"", ""coordinates"": [[77.6533683, 12.8699906], [77.6533971, 12.8699545]]}"
way/1109942649,yes,trunk,LineString,"{""type"": ""LineString"", ""coordinates"": [[77.6532965, 12.8698264], [77.6532651, 12.8698659]]}"
way/1109942784,yes,trunk,LineString,"{""type"": ""LineString"", ""coordinates"": [[77.6533866, 12.8697175], [77.6533581, 12.8697535], [77.6533274, 12.8697924]]}"
way/1109947890,yes,tertiary,LineString,"{""type"": ""LineString"", ""coordinates"": [[77.6417231, 12.9633753], [77.6416762, 12.9633626]]}"
way/1109948890,yes,trunk,LineString,"{""type"": ""LineString"", ""coordinates"": [[77.6233051, 12.9173496], [77.6231607, 12.9173238], [77.6229515, 12.9172887]]}"
way/1109950809,yes,trunk,LineString,"{""type"": ""LineString"", ""coordinates"": [[77.5484019, 13.0240518], [77.5475969, 13.0245168], [77.5455454, 13.0256856], [77.5445697, 13.0262461], [77.5444337, 13.0263242], [77.5443639, 13.0263643], [77.5442836, 13.0264104], [77.544224, 13.0264446]]}"
way/1109952143,yes,residential,LineString,"{""type"": ""LineString"", ""coordinates"": [[77.6104942, 12.9167437], [77.610588, 12.9171281]]}"
way/1109968033,yes,trunk,LineString,"{""type"": ""LineString"", ""coordinates"": [[77.6202961, 12.9212099], [77.620374, 12.9210808]]}"
way/1110162265,yes,trunk,LineString,"{""type"": ""LineString"", ""coordinates"": [[77.5676217, 13.0143258], [77.5677608, 13.0143453], [77.5680793, 13.014366], [77.5685165, 13.0143945], [77.56991, 13.0144851], [77.5699371, 13.0144871], [77.571349, 13.0145926], [77.5717912, 13.0146256], [77.5721798, 13.0146546], [77.5723464, 13.0146671]]}"
way/1110162267,yes,trunk,LineString,"{""type"": ""LineString"", ""coordinates"": [[77.5727575, 13.0146158], [77.5724754, 13.014598]]}"
way/1110164312,yes,primary,LineString,"{""type"": ""LineString"", ""coordinates"": [[77.6155949, 12.9296113], [77.6160012, 12.9294716], [77.6161925, 12.9294086], [77.6175203, 12.9289096], [77.6176734, 12.9288504], [77.618962, 12.9283525]]}"
way/1110164314,yes,primary,LineString,"{""type"": ""LineString"", ""coordinates"": [[77.6209204, 12.9275971], [77.6210315, 12.9275608]]}"
way/1110164315,yes,primary,LineString,"{""type"": ""LineString"", ""coordinates"": [[77.6208789, 12.9275058], [77.6207545, 12.9275576], [77.620616, 12.9276081], [77.6193863, 12.9281077], [77.6182675, 12.9285287], [77.6174874, 12.9288204], [77.6160208, 12.9293703], [77.6159128, 12.9294046], [77.6155636, 12.9295234], [77.6153767, 12.929553], [77.6151658, 12.9295715]]}"
way/1110164316,yes,primary,LineString,"{""type"": ""LineString"", ""coordinates"": [[77.6209908, 12.9274643], [77.6208789, 12.9275058]]}"
way/1110164625,yes,tertiary,LineString,"{""type"": ""LineString"", ""coordinates"": [[77.6639499, 12.8557501], [77.6640456, 12.8558345], [77.6641794, 12.8559642]]}"
way/1110164833,yes,trunk,LineString,"{""type"": ""LineString"", ""coordinates"": [[77.6643089, 12.8559319], [77.6642473, 12.8560168]]}"
way/1110164834,yes,tertiary,LineString,"{""type"": ""LineString"", ""coordinates"": [[77.6644388, 12.856053], [77.6643089, 12.8559319]]}"
way/1110164836,yes,tertiary,LineString,"{""type"": ""LineString"", ""coordinates"": [[77.6643089, 12.8559319], [77.664237, 12.8558658]]}"
way/1110164921,yes,primary,LineString,"{""type"": ""LineString"", ""coordinates"": [[77.5676923, 12.9823764], [77.5678595, 12.9824434], [77.5678893, 12.9824553], [77.5679332, 12.9824729], [77.5679836, 12.982493], [77.5681295, 12.9825477]]}"
way/1110165782,yes,primary,LineString,"{""type"": ""LineString"", ""coordinates"": [[77.6736321, 12.916542], [77.6736569, 12.9164287], [77.6736981, 12.916323], [77.6737834, 12.9161629], [77.6738308, 12.9160932]]}"
way/1110166138,yes,secondary,LineString,"{""type"": ""LineString"", ""coordinates"": [[77.6446647, 12.9121747], [77.6446635, 12.9120626]]}"
way/1110166139,yes,secondary,LineString,"{""type"": ""LineString"", ""coordinates"": [[77.6447995, 12.9121029], [77.6447555, 12.9120923], [77.6447092, 12.9120744], [77.6446635, 12.9120626]]}"
way/1110166140,yes,secondary,LineString,"{""type"": ""LineString"", ""coordinates"": [[77.6446635, 12.9120626], [77.6446599, 12.9119319], [77.644659, 12.9118959], [77.6446589, 12.9118121]]}"
way/1110166329,yes,secondary,LineString,"{""type"": ""LineString"", ""coordinates"": [[77.606804, 12.9663248], [77.6068243, 12.9662393]]}"
way/1110169851,yes,primary,LineString,"{""type"": ""LineString"", ""coordinates"": [[77.6380163, 12.9610835], [77.6385681, 12.9610338], [77.6385893, 12.9610322]]}"
way/1110178940,yes,primary,LineString,"{""type"": ""LineString"", ""coordinates"": [[77.5957465, 12.9832483], [77.5958611, 12.9831919]]}"
way/1110192331,yes,primary,LineString,"{""type"": ""LineString"", ""coordinates"": [[77.6066354, 12.9778142], [77.6065448, 12.9778453]]}"
way/1110272734,yes,primary,LineString,"{""type"": ""LineString"", ""coordinates"": [[77.5490538, 13.0039022], [77.5490408, 13.0039785], [77.5490376, 13.0039974], [77.5489753, 13.0043624], [77.548906, 13.0047664]]}"
way/1110272735,yes,primary,LineString,"{""type"": ""LineString"", ""coordinates"": [[77.54926, 13.0025803], [77.5490908, 13.0036653], [77.5490712, 13.0037857], [77.5490673, 13.0038103], [77.5490538, 13.0039022]]}"
way/1110272737,yes,primary,LineString,"{""type"": ""LineString"", ""coordinates"": [[77.5490445, 13.0048304], [77.5490739, 13.0046462], [77.5491272, 13.0043124], [77.5491513, 13.0041628], [77.549157, 13.0041275], [77.5491659, 13.0040722], [77.5491747, 13.0040173], [77.5491919, 13.0039099]]}"
way/1110272740,yes,primary,LineString,"{""type"": ""LineString"", ""coordinates"": [[77.5491919, 13.0039099], [77.5492064, 13.0038259], [77.5494392, 13.0024647]]}"
way/1110572450,yes,residential,LineString,"{""type"": ""LineString"", ""coordinates"": [[77.6960106, 12.9789012], [77.6961912, 12.9792818]]}"
way/1110961418,yes,residential,LineString,"{""type"": ""LineString"", ""coordinates"": [[77.6637241, 12.9014469], [77.663844, 12.901295], [77.6639808, 12.9012009], [77.6641138, 12.9011313], [77.6643136, 12.9010777], [77.6646449, 12.9010085]]}"
way/1111108765,yes,footway,LineString,"{""type"": ""LineString"", ""coordinates"": [[77.5524764, 12.9973012], [77.5530077, 12.9972988]]}"
way/1111489567,yes,residential,LineString,"{""type"": ""LineString"", ""coordinates"": [[77.6016001, 13.0588211], [77.6016971, 13.0593679]]}"
way/1111976179,yes,primary,LineString,"{""type"": ""LineString"", ""coordinates"": [[77.6121383, 13.0015844], [77.6121483, 13.0014533], [77.6121403, 13.0014037], [77.6121074, 13.0013168], [77.6120199, 13.0012047], [77.6119215, 13.0010959], [77.6118464, 13.0010386], [77.6116831, 13.0009088]]}"
way/1112419799,yes,primary,LineString,"{""type"": ""LineString"", ""coordinates"": [[77.6176168, 12.9729209], [77.6177167, 12.9728991], [77.6181066, 12.9728024], [77.6182998, 12.9727625], [77.6185196, 12.972717], [77.6186836, 12.9726831], [77.6188957, 12.972653], [77.619186, 12.9726314]]}"
way/1112419802,yes,primary,LineString,"{""type"": ""LineString"", ""coordinates"": [[77.6190993, 12.9725084], [77.6190417, 12.9725179], [77.6189529, 12.9725319], [77.6184657, 12.9726283], [77.6184006, 12.9726425], [77.6179758, 12.9727357], [77.6176086, 12.9728192], [77.6175959, 12.9728221]]}"
way/1112430291,yes,primary,LineString,"{""type"": ""LineString"", ""coordinates"": [[77.7454671, 12.9567523], [77.7453892, 12.9564919], [77.745303, 12.9563787], [77.7452136, 12.9563037], [77.7451076, 12.9562546], [77.7449828, 12.9562063], [77.7448962, 12.95612], [77.7448036, 12.9559567], [77.7444957, 12.9552794], [77.7444603, 12.9551359], [77.7444485, 12.9549793], [77.7444449, 12.9546649], [77.7444092, 12.9542966], [77.7444221, 12.9538232]]}"
way/1112913602,yes,footway,LineString,"{""type"": ""LineString"", ""coordinates"": [[77.5902637, 13.0926446], [77.5902185, 13.0926081], [77.5901386, 13.0925436], [77.5900098, 13.0924566], [77.5899838, 13.0924448], [77.5898581, 13.0923878], [77.5895359, 13.092321], [77.5892055, 13.0923088], [77.5885903, 13.0923068], [77.5881435, 13.0923189], [77.5878504, 13.0923088], [77.5875595, 13.0922926], [77.586963, 13.0922036], [77.586512, 13.0921671], [77.5861109, 13.0921469], [77.585795, 13.0921874], [77.5854978, 13.0922157], [77.5851195, 13.0922238], [77.5847808, 13.0922278], [77.5844212, 13.0922521], [77.5842259, 13.092244], [77.5840804, 13.0921914], [77.5839993, 13.0921003], [77.5838788, 13.0918007], [77.5837562, 13.091491], [77.5837936, 13.0914141], [77.5838684, 13.0913554], [77.5839681, 13.091325], [77.5840679, 13.0912886], [77.5842924, 13.0911995], [77.5843651, 13.0911651], [77.5844628, 13.0911206], [77.5844815, 13.0910801], [77.584494, 13.0909161], [77.5845251, 13.0907967], [77.5846436, 13.0907218], [77.5847537, 13.0906651], [77.5850717, 13.0905436], [77.58545, 13.0903959], [77.5858386, 13.0902521], [77.5861213, 13.0901469], [77.5865369, 13.0900295], [77.5868466, 13.0899242], [77.587069, 13.0898493], [77.5871708, 13.0897623], [77.5872581, 13.0896023], [77.5873163, 13.0895234], [77.5874244, 13.0894586], [77.5877777, 13.0892805], [77.5881497, 13.0891307], [77.5885633, 13.0889829], [77.5886651, 13.0888959], [77.588767, 13.0887703], [77.5888634, 13.0886809]]}"
way/1112913603,yes,footway,LineString,"{""type"": ""LineString"", ""coordinates"": [[77.5885633, 13.0889829], [77.5886588, 13.0892648], [77.5887751, 13.0898276], [77.5889148, 13.0902545], [77.5890582, 13.0906511], [77.589225, 13.0910591], [77.5893374, 13.0912891], [77.5896516, 13.0914973], [77.5901636, 13.0918032], [77.5902808, 13.0918768], [77.5905126, 13.0920223], [77.5907337, 13.0922263], [77.5909663, 13.0924303], [77.5910501, 13.0925287]]}"
way/1113090752,yes,primary,LineString,"{""type"": ""LineString"", ""coordinates"": [[77.6260273, 12.9643028], [77.6262148, 12.9639302]]}"
way/1113090753,yes,primary,LineString,"{""type"": ""LineString"", ""coordinates"": [[77.620781, 12.9668785], [77.6210343, 12.9669876], [77.6216913, 12.9672705], [77.6218955, 12.9672763], [77.6224096, 12.9672279], [77.6227375, 12.9671701], [77.6228664, 12.967128], [77.6231177, 12.9670458], [77.6248275, 12.9663105], [77.6250413, 12.9662057], [77.6251516, 12.9660858], [77.6251746, 12.9660477], [77.6252145, 12.9659714], [77.6252741, 12.9658343], [77.6252955, 12.9657909], [77.6256971, 12.9649586], [77.6259151, 12.9645255], [77.6260273, 12.9643028]]}"
way/1116188349,yes,living_street,LineString,"{""type"": ""LineString"", ""coordinates"": [[77.5812366, 13.0941179], [77.5812122, 13.0940722], [77.5810387, 13.0937472], [77.580984, 13.0936413]]}"
way/1119761785,no,motorway,LineString,"{""type"": ""LineString"", ""coordinates"": [[77.4759813, 13.0160042], [77.4759839, 13.0160673]]}"
way/1119761787,no,motorway,LineString,"{""type"": ""LineString"", ""coordinates"": [[77.4761632, 13.0160582], [77.4761613, 13.0159999]]}"
way/1124681986,yes,footway,LineString,"{""type"": ""LineString"", ""coordinates"": [[77.7469461, 12.9597328], [77.7467713, 12.9594044], [77.7467321, 12.9593272], [77.7466627, 12.9591984], [77.7466259, 12.9591301], [77.7465126, 12.9589197], [77.7465002, 12.9588967], [77.7463269, 12.9585637], [77.7463193, 12.9585489], [77.746308, 12.9585263], [77.7462052, 12.9583018], [77.7459423, 12.957751], [77.7457795, 12.9573956], [77.7457709, 12.9573497], [77.7457453, 12.9572137], [77.7457554, 12.9570033]]}"
way/1125197787,yes,residential,LineString,"{""type"": ""LineString"", ""coordinates"": [[77.6479065, 12.9810328], [77.6478874, 12.9810565], [77.6478036, 12.9811694], [77.6476603, 12.9813787]]}"
way/1125197788,no,residential,LineString,"{""type"": ""LineString"", ""coordinates"": [[77.6476603, 12.9813787], [77.6476492, 12.9813803]]}"
way/1125366530,yes,primary,LineString,"{""type"": ""LineString"", ""coordinates"": [[77.6424652, 12.9848148], [77.6431664, 12.9850895], [77.6441129, 12.9854658]]}"
way/1125366531,yes,primary,LineString,"{""type"": ""LineString"", ""coordinates"": [[77.6441129, 12.9854658], [77.6445764, 12.9856307]]}"
way/1125688072,yes,tertiary,LineString,"{""type"": ""LineString"", ""coordinates"": [[77.643366, 12.9908183], [77.6431906, 12.9895513], [77.6429328, 12.9876262]]}"
way/1126139631,yes,tertiary,LineString,"{""type"": ""LineString"", ""coordinates"": [[77.6014142, 12.9654422], [77.601427, 12.9654999], [77.6014528, 12.9656415]]}"
way/1126139632,yes,tertiary,LineString,"{""type"": ""LineString"", ""coordinates"": [[77.6014873, 12.965451], [77.601478, 12.9655059], [77.6014528, 12.9656415]]}"
way/1127829750,yes,footway,LineString,"{""type"": ""LineString"", ""coordinates"": [[77.5405018, 12.8573294], [77.5406011, 12.8575602]]}"
way/1131314006,yes,footway,LineString,"{""type"": ""LineString"", ""coordinates"": [[77.5890663, 13.0376152], [77.5890953, 13.0380475], [77.5890759, 13.0383194], [77.5891108, 13.0385846], [77.5891177, 13.0386029], [77.5891583, 13.0387101], [77.5891974, 13.0389724], [77.5892604, 13.0393393], [77.5893132, 13.0397073], [77.5894407, 13.0404948], [77.5895814, 13.0411519], [77.5896062, 13.0412561], [77.5896098, 13.0412678], [77.5900019, 13.0412263]]}"
way/1131314008,no,footway,LineString,"{""type"": ""LineString"", ""coordinates"": [[77.5900799, 13.0431793], [77.5900776, 13.0431947], [77.5902615, 13.0432546], [77.5903425, 13.043322], [77.5904194, 13.0434073], [77.5904745, 13.0436199], [77.5905197, 13.0437551], [77.5906013, 13.0445412], [77.5906305, 13.0448715], [77.5907269, 13.0454238], [77.5908703, 13.0458252], [77.5910992, 13.0462157]]}"
way/1135596501,yes,residential,LineString,"{""type"": ""LineString"", ""coordinates"": [[77.6809479, 12.9735282], [77.6810175, 12.9737342], [77.681079, 12.9739348], [77.6811709, 12.9742123], [77.6812328, 12.9744131]]}"
way/1135874167,yes,primary,LineString,"{""type"": ""LineString"", ""coordinates"": [[77.6677224, 12.9582481], [77.6681586, 12.9582104]]}"
way/1135874168,yes,primary,LineString,"{""type"": ""LineString"", ""coordinates"": [[77.6665525, 12.9583581], [77.6667728, 12.9583196], [77.6670678, 12.9582807], [77.6673649, 12.9582625], [77.6677224, 12.9582481]]}"
way/1135874169,yes,primary,LineString,"{""type"": ""LineString"", ""coordinates"": [[77.6660816, 12.958453], [77.6665525, 12.9583581]]}"
way/1135874170,yes,primary,LineString,"{""type"": ""LineString"", ""coordinates"": [[77.6649991, 12.9586715], [77.6652217, 12.9586392]]}"
way/1135874171,yes,primary,LineString,"{""type"": ""LineString"", ""coordinates"": [[77.679764, 12.9545691], [77.67778, 12.9554795], [77.6752862, 12.9566763], [77.6747942, 12.9569149], [77.6744147, 12.9570933], [77.674375, 12.957112], [77.6743168, 12.9571394], [77.6741554, 12.9572041], [77.673005, 12.9576649], [77.67244, 12.9577928], [77.6722029, 12.9578241], [77.6717341, 12.9578695], [77.6714966, 12.957893], [77.6704752, 12.9579867], [77.6687621, 12.9580817], [77.6686765, 12.9580864], [77.6681225, 12.958135]]}"
way/1135874172,yes,primary,LineString,"{""type"": ""LineString"", ""coordinates"": [[77.6665368, 12.9582817], [77.6660656, 12.9583754]]}"
way/1135874173,yes,primary,LineString,"{""type"": ""LineString"", ""coordinates"": [[77.6677034, 12.9581497], [77.667646, 12.9581535], [77.6673579, 12.9581725], [77.6670645, 12.9581982], [77.6667638, 12.9582395], [77.6665368, 12.9582817]]}"
way/1135874174,yes,primary,LineString,"{""type"": ""LineString"", ""coordinates"": [[77.6660656, 12.9583754], [77.6659, 12.9584116], [77.6651761, 12.958562]]}"
way/1138296881,yes,residential,LineString,"{""type"": ""LineString"", ""coordinates"": [[77.5927163, 13.0673899], [77.592913, 13.0673843]]}"
way/1138309529,yes,primary,LineString,"{""type"": ""LineString"", ""coordinates"": [[77.7443963, 12.9567889], [77.744577, 12.9567404], [77.7447564, 12.956736], [77.7449066, 12.9567703], [77.7449964, 12.9568021], [77.7451468, 12.9568812], [77.7452184, 12.9569078], [77.7452693, 12.9569119], [77.7453055, 12.9569067], [77.745386, 12.956899]]}"
way/1144281258,yes,footway,LineString,"{""type"": ""LineString"", ""coordinates"": [[77.7141403, 12.9776765], [77.7136424, 12.9777376], [77.7136053, 12.9777429], [77.7126841, 12.9778603], [77.7119664, 12.9779492], [77.7118193, 12.9779675], [77.7116425, 12.9779894], [77.7113608, 12.9780212], [77.7107946, 12.978085], [77.7104902, 12.9781155], [77.7104802, 12.9781165], [77.7101775, 12.9780779], [77.7098734, 12.978012], [77.7098513, 12.9779934], [77.7098293, 12.9779548], [77.7098377, 12.9778913], [77.7098426, 12.9778646]]}"
way/1146865108,yes,tertiary,LineString,"{""type"": ""LineString"", ""coordinates"": [[77.6718437, 12.923947], [77.6723186, 12.9241671], [77.6725215, 12.924258], [77.6725735, 12.9242813], [77.6733563, 12.924632], [77.6735691, 12.9247313], [77.6737762, 12.9248083], [77.6739221, 12.9248771], [77.6739601, 12.924895], [77.67407, 12.9249361], [77.6741048, 12.9249513], [77.6741253, 12.9249602], [77.674197, 12.9250023], [77.6742914, 12.9250576], [77.6743581, 12.9250912], [77.6749232, 12.9253754], [77.6749374, 12.9253825], [77.6749982, 12.9254131], [77.6750417, 12.9254339], [77.6751163, 12.9254724], [77.6751589, 12.9254938], [77.675494, 12.9256623], [77.6756131, 12.9257222], [77.6756473, 12.9257394], [77.6762307, 12.926016], [77.6766913, 12.9262559], [77.6770867, 12.9264522], [77.6772285, 12.9265226], [77.6772395, 12.9265281], [77.6778292, 12.926801], [77.6782316, 12.9269852], [77.6786799, 12.927183], [77.6788566, 12.9272748], [77.679162, 12.9274286], [77.6794085, 12.927551], [77.6796389, 12.9276646], [77.6798286, 12.9277585], [77.6801668, 12.9279114], [77.6805607, 12.9280911], [77.6807613, 12.9281876], [77.6807965, 12.9282045], [77.6810748, 12.9283385], [77.6811802, 12.9283907], [77.6813696, 12.928484], [77.6814204, 12.928509], [77.6817525, 12.9286646], [77.6818626, 12.9287175], [77.6820163, 12.9287915], [77.6830124, 12.9292707], [77.6831321, 12.9293346], [77.6833942, 12.9294558], [77.6836211, 12.9295669], [77.6836557, 12.9295833], [77.6841514, 12.9298006], [77.6842918, 12.9298628]]}"
way/1148178254,yes,primary_link,LineString,"{""type"": ""LineString"", ""coordinates"": [[77.6018732, 12.9372107], [77.6019625, 12.9371984], [77.6022742, 12.9371545], [77.6024426, 12.9371336], [77.6025953, 12.9371145], [77.6030287, 12.9370602], [77.603242, 12.9370335], [77.6034406, 12.9369965], [77.6035974, 12.9368984]]}"
way/1148178256,yes,primary_link,LineString,"{""type"": ""LineString"", ""coordinates"": [[77.6010931, 12.9371117], [77.6006841, 12.9371596], [77.6003656, 12.9372069], [77.5999788, 12.9373059], [77.5998638, 12.9373414], [77.599739, 12.9373895], [77.5996512, 12.9374086], [77.5995938, 12.9374349], [77.5994704, 12.9374976], [77.5993635, 12.9375536], [77.599337, 12.9375674], [77.5990648, 12.9377138], [77.5989836, 12.9377865], [77.5989515, 12.9379413]]}"
way/1148178257,yes,primary_link,LineString,"{""type"": ""LineString"", ""coordinates"": [[77.6016078, 12.9372509], [77.6018732, 12.9372107]]}"
way/1148188625,yes,trunk_link,LineString,"{""type"": ""LineString"", ""coordinates"": [[77.5967584, 13.09109], [77.5969789, 13.0910322]]}"
way/1148396689,yes,secondary,LineString,"{""type"": ""LineString"", ""coordinates"": [[77.5530595, 12.9982855], [77.553091, 12.9981788]]}"
way/1148396690,yes,secondary,LineString,"{""type"": ""LineString"", ""coordinates"": [[77.553005, 12.9984802], [77.5530431, 12.9983441]]}"
way/1148406432,yes,secondary,LineString,"{""type"": ""LineString"", ""coordinates"": [[77.5880801, 12.9843612], [77.588015, 12.9842509], [77.5879861, 12.984192], [77.5874699, 12.9830031], [77.5874075, 12.9828465], [77.587364, 12.9827495], [77.587234, 12.9824594], [77.5871755, 12.9823387], [77.587017, 12.982126], [77.5868178, 12.9818126], [77.5867906, 12.9817685], [77.5867463, 12.9817017], [77.5867273, 12.9816656], [77.5867182, 12.9816483], [77.5866993, 12.9816219], [77.5860247, 12.9805838], [77.585677, 12.9800321], [77.5854571, 12.9796833], [77.5854284, 12.9796376], [77.5852558, 12.9793559], [77.5851329, 12.9791675], [77.5851012, 12.9791186], [77.584998, 12.9789548], [77.5849544, 12.9788856], [77.5849294, 12.978846]]}"
way/1148408754,yes,secondary,LineString,"{""type"": ""LineString"", ""coordinates"": [[77.5933841, 12.948809], [77.5934976, 12.94886]]}"
way/1148408755,yes,secondary,LineString,"{""type"": ""LineString"", ""coordinates"": [[77.5935515, 12.9487911], [77.5934104, 12.9487312]]}"
way/1148408756,yes,primary,LineString,"{""type"": ""LineString"", ""coordinates"": [[77.5934104, 12.9487312], [77.5933841, 12.948809]]}"
way/1148408757,yes,primary,LineString,"{""type"": ""LineString"", ""coordinates"": [[77.5934976, 12.94886], [77.5935515, 12.9487911]]}"
way/1148421491,yes,secondary,LineString,"{""type"": ""LineString"", ""coordinates"": [[77.6195759, 12.9723072], [77.6195767, 12.9722787], [77.6195811, 12.9721166]]}"
way/1148450802,yes,trunk,LineString,"{""type"": ""LineString"", ""coordinates"": [[77.5371664, 13.0303891], [77.5371243, 13.0304111], [77.5367104, 13.0306268], [77.536195, 13.0309239], [77.5361224, 13.0309603], [77.5359536, 13.0310529], [77.5357163, 13.0311849], [77.5354963, 13.0313125], [77.5354357, 13.0313476], [77.535389, 13.0313706], [77.5343361, 13.0319873]]}"
way/1148450815,yes,tertiary,LineString,"{""type"": ""LineString"", ""coordinates"": [[77.6358556, 12.9613009], [77.6358557, 12.9613401], [77.6358609, 12.9613845]]}"
way/1148450816,yes,primary,LineString,"{""type"": ""LineString"", ""coordinates"": [[77.6359899, 12.9613474], [77.635971, 12.9613528], [77.6358609, 12.9613845]]}"
way/1148460323,yes,primary,LineString,"{""type"": ""LineString"", ""coordinates"": [[77.61503, 12.9295762], [77.6146285, 12.930167], [77.6141891, 12.9308594], [77.6140603, 12.9311081]]}"
way/1148473237,yes,trunk,LineString,"{""type"": ""LineString"", ""coordinates"": [[77.6643656, 12.8561456], [77.6644388, 12.856053]]}"
way/1148717038,yes,trunk,LineString,"{""type"": ""LineString"", ""coordinates"": [[77.620374, 12.9210808], [77.6205402, 12.9207826], [77.6206949, 12.9205049], [77.6207247, 12.9204515], [77.6207471, 12.9204171], [77.6208647, 12.9202307]]}"
way/1148793538,yes,primary,LineString,"{""type"": ""LineString"", ""coordinates"": [[77.6450841, 12.9858219], [77.645136, 12.9858416], [77.6460767, 12.9861955]]}"
way/1148793539,yes,primary,LineString,"{""type"": ""LineString"", ""coordinates"": [[77.6450326, 12.9856986], [77.6449874, 12.9856817], [77.644228, 12.9853975], [77.6440369, 12.9853266], [77.6431751, 12.984982], [77.6426242, 12.9847584], [77.6424589, 12.9846913], [77.6420527, 12.9845469], [77.6416065, 12.9843883], [77.6413407, 12.984291], [77.6407843, 12.984114], [77.6406191, 12.9840614]]}"
way/1148793541,yes,primary,LineString,"{""type"": ""LineString"", ""coordinates"": [[77.6449944, 12.9857882], [77.6450841, 12.9858219]]}"
way/1149812502,yes,primary,LineString,"{""type"": ""LineString"", ""coordinates"": [[77.592071, 12.9557668], [77.5920851, 12.9558039], [77.5921615, 12.9560201], [77.592167, 12.9560343]]}"
way/1150086781,yes,secondary,LineString,"{""type"": ""LineString"", ""coordinates"": [[77.6088257, 12.9250748], [77.6088886, 12.9250291]]}"
way/1150111107,yes,tertiary,LineString,"{""type"": ""LineString"", ""coordinates"": [[77.6196933, 13.00405], [77.6197385, 13.0040336], [77.619752, 13.0040287], [77.6201416, 13.0038713], [77.6201698, 13.0038595], [77.6207772, 13.0036047], [77.6213444, 13.0032814], [77.6218593, 13.0029929], [77.6221318, 13.0028233], [77.6221694, 13.0027997], [77.6225474, 13.002569], [77.6228903, 13.0023724], [77.6233184, 13.0020896], [77.6236887, 13.0018451], [77.6237572, 13.0017998], [77.6237987, 13.001772]]}"
way/1150666779,yes,footway,LineString,"{""type"": ""LineString"", ""coordinates"": [[77.6706174, 12.9229748], [77.6706936, 12.9230101], [77.6712698, 12.9232785], [77.6714408, 12.923351], [77.6715603, 12.9234068], [77.6717505, 12.9234957], [77.6718488, 12.9235373], [77.6719668, 12.9235873], [77.6725012, 12.9238135], [77.6735383, 12.9242763], [77.6738154, 12.9243926], [77.6740761, 12.924492], [77.6743147, 12.9245739]]}"
way/1150906117,yes,primary_link,LineString,"{""type"": ""LineString"", ""coordinates"": [[77.6018279, 12.9370057], [77.6015555, 12.9370495]]}"
way/1150906118,yes,primary_link,LineString,"{""type"": ""LineString"", ""coordinates"": [[77.6021861, 12.9369583], [77.6019814, 12.9369854], [77.6019259, 12.9369926], [77.6018279, 12.9370057]]}"
way/1151692614,yes,primary,LineString,"{""type"": ""LineString"", ""coordinates"": [[77.6067124, 12.964402], [77.6067274, 12.9647609]]}"
way/1151693391,yes,primary,LineString,"{""type"": ""LineString"", ""coordinates"": [[77.5905511, 12.954114], [77.5906193, 12.9541177], [77.5909071, 12.9540275], [77.5911501, 12.9539469], [77.5912066, 12.953895]]}"
way/1151693392,yes,primary,LineString,"{""type"": ""LineString"", ""coordinates"": [[77.591407, 12.9540442], [77.591551, 12.9544331]]}"
way/1151693393,yes,primary,LineString,"{""type"": ""LineString"", ""coordinates"": [[77.5916278, 12.9543607], [77.5915829, 12.9542429], [77.5914907, 12.9540014]]}"
way/1151693394,yes,primary,LineString,"{""type"": ""LineString"", ""coordinates"": [[77.5910327, 12.9530502], [77.5913069, 12.953776], [77.5913354, 12.9538564]]}"
way/1151693395,yes,primary,LineString,"{""type"": ""LineString"", ""coordinates"": [[77.591425, 12.9538291], [77.5913927, 12.9537447], [77.5911146, 12.9530167]]}"
way/1151709492,yes,primary,LineString,"{""type"": ""LineString"", ""coordinates"": [[77.5957037, 12.9458941], [77.596046, 12.9456927], [77.5960768, 12.9456735]]}"
way/1151907050,no,footway,LineString,"{""type"": ""LineString"", ""coordinates"": [[77.7218691, 12.9770989], [77.7230974, 12.9769789], [77.7231687, 12.976972], [77.7231799, 12.9769687]]}"
way/1152734441,yes,footway,LineString,"{""type"": ""LineString"", ""coordinates"": [[77.7008565, 12.9825913], [77.7009498, 12.9825601], [77.7009593, 12.9825991], [77.7009663, 12.9826279], [77.700984, 12.9826999], [77.7009878, 12.9827156], [77.7010815, 12.9831778], [77.7012642, 12.9840797], [77.7013666, 12.984585], [77.7014199, 12.9848609], [77.7030964, 12.9845238], [77.7031498, 12.9844984], [77.7031853, 12.9844691], [77.7030281, 12.9836363], [77.7030158, 12.9835737], [77.7030007, 12.9835071], [77.7030062, 12.9834844], [77.7044024, 12.9830327], [77.7044177, 12.9830926]]}"
way/1152734443,yes,cycleway,LineString,"{""type"": ""LineString"", ""coordinates"": [[77.6977263, 12.9825595], [77.6979658, 12.9832379], [77.6980065, 12.9833012], [77.6982912, 12.9832507], [77.6984335, 12.9832006], [77.6988226, 12.9830825], [77.6991454, 12.9830253], [77.6995793, 12.9829303], [77.7006361, 12.9826517], [77.7008241, 12.9826002], [77.7008565, 12.9825913]]}"
way/1152734446,yes,footway,LineString,"{""type"": ""LineString"", ""coordinates"": [[77.7014891, 12.9858076], [77.7013215, 12.9850205], [77.7014701, 12.9849934], [77.7020454, 12.9848751], [77.7021916, 12.9848451], [77.7027371, 12.9847377], [77.70308, 12.9846637], [77.703158, 12.9846423], [77.7032168, 12.9846024], [77.703277, 12.9845331], [77.7033125, 12.9844784], [77.7033166, 12.9844371], [77.7031552, 12.983623], [77.7031607, 12.9835817], [77.7031963, 12.983547], [77.7042319, 12.9832065]]}"
way/1152734447,yes,footway,LineString,"{""type"": ""LineString"", ""coordinates"": [[77.7046143, 12.9859131], [77.7046064, 12.9849694], [77.7046043, 12.9849014], [77.704602, 12.9848276], [77.7045922, 12.9844809], [77.7045569, 12.9832352], [77.704546, 12.9831726], [77.7045049, 12.9831393], [77.7043928, 12.9831539], [77.7042894, 12.9831877], [77.7042319, 12.9832065]]}"
way/1153935757,yes,primary,LineString,"{""type"": ""LineString"", ""coordinates"": [[77.5989716, 12.9380357], [77.5990586, 12.9379562]]}"
way/1154414876,yes,primary,LineString,"{""type"": ""LineString"", ""coordinates"": [[77.7162491, 12.9923043], [77.7162959, 12.9923158], [77.7164477, 12.992309], [77.7165238, 12.9923047], [77.7165763, 12.9923017], [77.716995, 12.992278], [77.7170873, 12.9922775], [77.7177108, 12.9922567]]}"
way/1154669358,no,residential,LineString,"{""type"": ""LineString"", ""coordinates"": [[77.5850703, 13.1016411], [77.5850879, 13.1015936], [77.5851709, 13.1013701], [77.5852049, 13.1013274], [77.5853719, 13.1011178], [77.585646, 13.1008891], [77.585685, 13.1008566]]}"
way/1154669359,yes,secondary,LineString,"{""type"": ""LineString"", ""coordinates"": [[77.5863843, 13.1020634], [77.5862752, 13.1019883], [77.5852809, 13.1017018], [77.5850703, 13.1016411]]}"
way/1154669360,yes,secondary,LineString,"{""type"": ""LineString"", ""coordinates"": [[77.585041, 13.1017265], [77.5861556, 13.1020685], [77.5861846, 13.1020774], [77.586204, 13.1020833], [77.5862805, 13.1021379]]}"
way/1155064209,yes,secondary,LineString,"{""type"": ""LineString"", ""coordinates"": [[77.5924278, 12.9534633], [77.5922544, 12.9535402]]}"
way/1155064210,yes,primary_link,LineString,"{""type"": ""LineString"", ""coordinates"": [[77.6012281, 12.9373044], [77.6014978, 12.9372664], [77.6015237, 12.9372628], [77.6016078, 12.9372509]]}"
way/1155064214,yes,primary,LineString,"{""type"": ""LineString"", ""coordinates"": [[77.633657, 12.9248811], [77.6339922, 12.9249363], [77.634089, 12.9249494], [77.6341867, 12.9249656], [77.6348395, 12.9250739]]}"
way/1155197950,yes,secondary,LineString,"{""type"": ""LineString"", ""coordinates"": [[77.7290379, 12.9842288], [77.7289924, 12.9841643], [77.72891, 12.9840479], [77.7288479, 12.9839549], [77.7285194, 12.9834113], [77.7284076, 12.9831857], [77.7281707, 12.9827076], [77.7281162, 12.9825993], [77.7279628, 12.9822532], [77.7278518, 12.982014], [77.7278264, 12.9819213], [77.7278095, 12.9818593]]}"
way/1155235342,yes,unclassified,LineString,"{""type"": ""LineString"", ""coordinates"": [[77.7007572, 12.9827549], [77.7008561, 12.9832227], [77.7010297, 12.9840442], [77.7011365, 12.9846241], [77.7012099, 12.9849729]]}"
way/1155963376,yes,trunk,LineString,"{""type"": ""LineString"", ""coordinates"": [[77.6261198, 12.9114595], [77.6251583, 12.913026], [77.6248109, 12.9135919], [77.6243627, 12.9142964], [77.6242019, 12.914595], [77.6240948, 12.9147868]]}"
way/1156278591,yes,tertiary,LineString,"{""type"": ""LineString"", ""coordinates"": [[77.582475, 13.0247771], [77.5823301, 13.0248358], [77.5812815, 13.0252694], [77.5812335, 13.0252943], [77.5811813, 13.0253484], [77.5810889, 13.0254849]]}"
way/1156278593,yes,tertiary,LineString,"{""type"": ""LineString"", ""coordinates"": [[77.5841518, 13.0232384], [77.5839946, 13.0233865], [77.5826955, 13.0246097], [77.582606, 13.0246913], [77.582475, 13.0247771]]}"
way/1157408378,yes,tertiary,LineString,"{""type"": ""LineString"", ""coordinates"": [[77.6958898, 12.9840229], [77.6977095, 12.9844047], [77.6977423, 12.9844466], [77.6977726, 12.9844918], [77.6977453, 12.9845936], [77.6974004, 12.9858796]]}"
way/1157408426,yes,service,LineString,"{""type"": ""LineString"", ""coordinates"": [[77.6964357, 12.9792145], [77.6962781, 12.9788164]]}"
way/1157601020,yes,tertiary,LineString,"{""type"": ""LineString"", ""coordinates"": [[77.7014829, 12.968065], [77.7014498, 12.9681244]]}"
way/1157601021,yes,tertiary,LineString,"{""type"": ""LineString"", ""coordinates"": [[77.7016021, 12.9680489], [77.7015531, 12.9680312], [77.7015103, 12.9680158]]}"
way/1157609914,yes,tertiary,LineString,"{""type"": ""LineString"", ""coordinates"": [[77.649786, 12.9239957], [77.6498668, 12.9236687], [77.6498888, 12.9234947], [77.6498669, 12.9231287], [77.6498416, 12.9230209], [77.6497847, 12.9227785], [77.6497457, 12.9226124], [77.6497307, 12.9225543], [77.6496931, 12.9219107], [77.6496671, 12.9217152], [77.6496109, 12.921478], [77.6495347, 12.9212279], [77.6494243, 12.9208292], [77.6493922, 12.9207019], [77.6493623, 12.9205271], [77.6493059, 12.9201426], [77.6492981, 12.9200826], [77.6492606, 12.9197956], [77.6492385, 12.9195152], [77.6492598, 12.918953], [77.6492559, 12.9187226], [77.6492554, 12.9186942], [77.6492458, 12.9185245], [77.6492446, 12.9185031], [77.6492397, 12.9184172], [77.6491762, 12.917292], [77.6491709, 12.9171944], [77.6491376, 12.9167876], [77.6491085, 12.9165222], [77.6490253, 12.9159534], [77.6489989, 12.9157728], [77.6490002, 12.9153421], [77.6489991, 12.9152042], [77.6489932, 12.914428]]}"
way/1157609915,yes,tertiary,LineString,"{""type"": ""LineString"", ""coordinates"": [[77.6489932, 12.914428], [77.6489928, 12.9143696]]}"
way/1158613863,yes,tertiary,LineString,"{""type"": ""LineString"", ""coordinates"": [[77.5913091, 13.0925756], [77.5913303, 13.0926407], [77.5913231, 13.0927081], [77.591248, 13.0928335], [77.5910817, 13.0930007], [77.5909315, 13.0929955], [77.5908028, 13.0929328], [77.5903215, 13.0926665], [77.5902637, 13.0926446], [77.5902048, 13.0926482], [77.5901416, 13.092665], [77.5901021, 13.0927028]]}"
way/1158613864,yes,tertiary,LineString,"{""type"": ""LineString"", ""coordinates"": [[77.589184, 13.0879829], [77.5890389, 13.08802], [77.5888128, 13.0880887], [77.5887777, 13.0881113]]}"
way/1158613866,yes,tertiary,LineString,"{""type"": ""LineString"", ""coordinates"": [[77.5913091, 13.0925756], [77.5913333, 13.0925238], [77.5912917, 13.0924293], [77.5912409, 13.0923468], [77.5911469, 13.0922313], [77.5908203, 13.0918756], [77.5904244, 13.0914525], [77.5901598, 13.0911555], [77.5900916, 13.0910789], [77.5900473, 13.0910142], [77.5900177, 13.0909708], [77.5899729, 13.0909075], [77.5899699, 13.0909033], [77.5899406, 13.0908433], [77.5897604, 13.0904217], [77.5894985, 13.089811], [77.5892135, 13.0892018], [77.589021, 13.0888056], [77.588935, 13.0886458], [77.58889, 13.0885621], [77.5887931, 13.0883548], [77.5887245, 13.0883041]]}"
way/1158613868,yes,tertiary,LineString,"{""type"": ""LineString"", ""coordinates"": [[77.5887214, 13.0881574], [77.5886972, 13.0881898], [77.5887102, 13.0882804], [77.5887245, 13.0883041]]}"
way/1158613869,yes,tertiary,LineString,"{""type"": ""LineString"", ""coordinates"": [[77.5887777, 13.0881113], [77.5887214, 13.0881574]]}"
way/1158656974,yes,primary,LineString,"{""type"": ""LineString"", ""coordinates"": [[77.5949282, 12.9871321], [77.5947489, 12.9873732], [77.5946458, 12.9875029], [77.5945411, 12.9876241], [77.5945199, 12.9876504], [77.5944939, 12.9876818], [77.5944879, 12.9876901], [77.5944481, 12.9877419], [77.5943054, 12.9879129], [77.5942768, 12.987948], [77.5942198, 12.988018], [77.5941062, 12.9881656], [77.5941026, 12.9881703], [77.5940291, 12.9882638], [77.5939734, 12.9883335], [77.5939449, 12.9883692], [77.593699, 12.9886923], [77.5936445, 12.9887644], [77.5935449, 12.98889], [77.5934027, 12.9890666], [77.5933419, 12.9891379], [77.593195, 12.9892925], [77.5931297, 12.9893509], [77.5929601, 12.9895202], [77.592954, 12.9895265], [77.5929386, 12.9895425], [77.5929355, 12.9895442], [77.5928227, 12.9896577]]}"
way/1158656975,yes,primary,LineString,"{""type"": ""LineString"", ""coordinates"": [[77.5949855, 12.987044], [77.5949282, 12.9871321]]}"
way/1158656976,yes,primary,LineString,"{""type"": ""LineString"", ""coordinates"": [[77.5950769, 12.9869053], [77.5949855, 12.987044]]}"
way/1159556608,yes,trunk,LineString,"{""type"": ""LineString"", ""coordinates"": [[77.5134382, 13.0426617], [77.5129775, 13.0428164], [77.5125751, 13.0429515], [77.5118938, 13.0431745], [77.5116682, 13.0432581], [77.5116395, 13.0432693], [77.5115076, 13.0433208], [77.5113607, 13.0433805], [77.5113276, 13.043394], [77.511124, 13.0434907], [77.5110994, 13.0435027], [77.5108397, 13.0436292], [77.5104209, 13.0438486], [77.5101856, 13.0439719], [77.5099327, 13.0441044], [77.5098904, 13.0441266], [77.5096814, 13.0442361], [77.5090668, 13.0445582], [77.5090048, 13.0445907], [77.5086966, 13.0447371], [77.5084388, 13.044852], [77.5081226, 13.0449696], [77.5078383, 13.0450637], [77.5077129, 13.0450988], [77.5073485, 13.0451875], [77.5072992, 13.0451995]]}"
way/1159556609,yes,trunk,LineString,"{""type"": ""LineString"", ""coordinates"": [[77.5134955, 13.0426425], [77.5134382, 13.0426617]]}"
way/1162838932,yes,secondary,LineString,"{""type"": ""LineString"", ""coordinates"": [[77.5648174, 12.9820601], [77.5645956, 12.9820912]]}"
way/1162867124,yes,primary,LineString,"{""type"": ""LineString"", ""coordinates"": [[77.5544601, 13.0126296], [77.5543536, 13.0124716], [77.5543301, 13.012442], [77.5542945, 13.0124187], [77.5542278, 13.0124074], [77.5541313, 13.012422]]}"
way/1162867125,yes,trunk,LineString,"{""type"": ""LineString"", ""coordinates"": [[77.5536176, 13.0177693], [77.5537435, 13.0172412], [77.553794, 13.0169446], [77.5538253, 13.0166951], [77.5538613, 13.0162882], [77.5538709, 13.0161467], [77.5538828, 13.0160489], [77.5539138, 13.0159637], [77.5539575, 13.0159], [77.5540122, 13.0158471]]}"
way/1164682940,yes,cycleway,LineString,"{""type"": ""LineString"", ""coordinates"": [[77.5798275, 13.100346], [77.5818628, 13.1009314], [77.583019, 13.1012625], [77.5830714, 13.1012775], [77.584029, 13.1015587], [77.5844458, 13.1016777], [77.585025, 13.101825], [77.5861132, 13.1021581], [77.5861077, 13.1021385], [77.5861846, 13.1020774]]}"
way/1164682941,yes,cycleway,LineString,"{""type"": ""LineString"", ""coordinates"": [[77.5794015, 13.100105], [77.5793785, 13.1001805], [77.5793987, 13.1002202], [77.5798275, 13.100346]]}"
way/1165661287,yes,tertiary,LineString,"{""type"": ""LineString"", ""coordinates"": [[77.6070364, 12.9136907], [77.6068908, 12.9136779], [77.6066876, 12.9136565], [77.6062417, 12.9136226], [77.6061983, 12.9136187], [77.606026, 12.9136054], [77.6058898, 12.9136143]]}"
way/1166301535,yes,secondary,LineString,"{""type"": ""LineString"", ""coordinates"": [[77.5531189, 12.9981284], [77.5534364, 12.9975543], [77.5535888, 12.9973201], [77.5537375, 12.9971003], [77.5538962, 12.9969158], [77.5542075, 12.9965987], [77.5543914, 12.9963827], [77.5545924, 12.9960644], [77.5549001, 12.9954297], [77.5551716, 12.9949102], [77.5553674, 12.9946096], [77.5555978, 12.9942352], [77.5558322, 12.9939158], [77.5561472, 12.9934513], [77.5562661, 12.993276], [77.55636, 12.9931192], [77.5569081, 12.9924383], [77.557457, 12.9916347], [77.5578786, 12.9910472], [77.5578963, 12.9910209]]}"
way/1166301536,yes,secondary,LineString,"{""type"": ""LineString"", ""coordinates"": [[77.5579312, 12.9909658], [77.5579566, 12.9909241], [77.558715, 12.9897085], [77.5591718, 12.9888999], [77.5595706, 12.9882826], [77.5596752, 12.9881012], [77.5597529, 12.98796], [77.5598017, 12.9878007], [77.5598442, 12.9876908], [77.5599193, 12.9874216], [77.5599783, 12.9872439], [77.5600259, 12.9870579], [77.5600851, 12.9868756], [77.5601398, 12.9865252], [77.5601431, 12.986504], [77.5601739, 12.9858399], [77.5602233, 12.9847766], [77.5602334, 12.9845594], [77.5602657, 12.9838925], [77.5602867, 12.9836958]]}"
way/1166301538,yes,secondary,LineString,"{""type"": ""LineString"", ""coordinates"": [[77.5601991, 12.9836177], [77.5601391, 12.9845714], [77.5600535, 12.9864877], [77.5599649, 12.9869852], [77.5596759, 12.9879385], [77.5591193, 12.9888702], [77.5582505, 12.9902986], [77.557888, 12.9908946], [77.5578473, 12.9909587]]}"
way/1166322819,yes,primary,LineString,"{""type"": ""LineString"", ""coordinates"": [[77.6138258, 12.9736838], [77.6137622, 12.9736992], [77.6136931, 12.9737172], [77.613627, 12.9737349], [77.6131239, 12.9738536]]}"
way/1166322824,yes,primary,LineString,"{""type"": ""LineString"", ""coordinates"": [[77.6126693, 12.9739603], [77.6126063, 12.9739766]]}"
way/1166327333,yes,primary_link,LineString,"{""type"": ""LineString"", ""coordinates"": [[77.6015555, 12.9370495], [77.6014838, 12.9370592], [77.6010931, 12.9371117]]}"
way/1166331473,yes,residential,LineString,"{""type"": ""LineString"", ""coordinates"": [[77.6181828, 13.003674], [77.6181946, 13.003701], [77.6183645, 13.0040894], [77.6185248, 13.004457], [77.6185459, 13.0045099], [77.6186756, 13.0048345], [77.6187877, 13.0051251], [77.6187942, 13.005142]]}"
way/1167253338,yes,tertiary,LineString,"{""type"": ""LineString"", ""coordinates"": [[77.6504031, 12.9243021], [77.6502913, 12.9243028]]}"
way/1167253340,yes,tertiary,LineString,"{""type"": ""LineString"", ""coordinates"": [[77.6530125, 12.9238475], [77.6518602, 12.9240761], [77.6517527, 12.9240974]]}"
way/1167253341,yes,secondary,LineString,"{""type"": ""LineString"", ""coordinates"": [[77.6517527, 12.9240974], [77.6517617, 12.9241483]]}"
way/1167293940,yes,trunk,LineString,"{""type"": ""LineString"", ""coordinates"": [[77.6214053, 12.9194475], [77.6214862, 12.9192766]]}"
way/1167293941,yes,primary,LineString,"{""type"": ""LineString"", ""coordinates"": [[77.6406191, 12.9840614], [77.6406446, 12.9835537], [77.6406552, 12.9833423], [77.6406569, 12.9833092], [77.6407004, 12.9824434], [77.6407028, 12.9824036], [77.6408269, 12.9803698], [77.6408488, 12.9799852], [77.6408871, 12.9790845], [77.6409104, 12.9785214], [77.6409112, 12.9785028], [77.640913, 12.9784242]]}"
way/1167293942,yes,secondary,LineString,"{""type"": ""LineString"", ""coordinates"": [[77.6409171, 12.9783397], [77.6408171, 12.9783368]]}"
way/1167298925,yes,primary,LineString,"{""type"": ""LineString"", ""coordinates"": [[77.6408171, 12.9783368], [77.6408126, 12.9784216]]}"
way/1167298926,yes,secondary,LineString,"{""type"": ""LineString"", ""coordinates"": [[77.6402082, 12.9784018], [77.6406122, 12.9784149], [77.6407099, 12.9784181], [77.6407226, 12.9784184], [77.6408126, 12.9784216]]}"
way/1167929342,yes,residential,LineString,"{""type"": ""LineString"", ""coordinates"": [[77.6133716, 12.9942203], [77.6123533, 12.9947961], [77.6121722, 12.9948916], [77.6120355, 12.9949712], [77.6118956, 12.9950528], [77.6117705, 12.9951257], [77.6114601, 12.9953013], [77.6112318, 12.9954303], [77.6110473, 12.9955346]]}"
way/1167944591,yes,secondary,LineString,"{""type"": ""LineString"", ""coordinates"": [[77.5601888, 12.9832826], [77.5601945, 12.983406], [77.5601991, 12.9836177]]}"
way/1177167585,yes,primary,LineString,"{""type"": ""LineString"", ""coordinates"": [[77.6628135, 12.9938818], [77.6625964, 12.9937949], [77.6624532, 12.9937376], [77.6622869, 12.9936521], [77.6618326, 12.9934398], [77.6610271, 12.9930334], [77.6603687, 12.992724], [77.6602101, 12.9926495]]}"
way/1178524870,yes,footway,LineString,"{""type"": ""LineString"", ""coordinates"": [[77.7115192, 12.9725196], [77.7117964, 12.972606]]}"
way/1182179245,yes,secondary,LineString,"{""type"": ""LineString"", ""coordinates"": [[77.6515237, 12.9226787], [77.651575, 12.9230786], [77.651615, 12.9233504], [77.6516294, 12.9234287], [77.6517361, 12.9240075], [77.6517439, 12.9240497], [77.6517527, 12.9240974]]}"
way/1182179246,yes,secondary,LineString,"{""type"": ""LineString"", ""coordinates"": [[77.6516868, 12.9180536], [77.6516548, 12.9189233]]}"
way/1182428264,yes,trunk,LineString,"{""type"": ""LineString"", ""coordinates"": [[77.6793464, 12.8360347], [77.6795428, 12.8355268], [77.6798011, 12.8348475], [77.6798228, 12.8347847], [77.6801761, 12.8337634], [77.6802724, 12.8335011], [77.6803813, 12.8331776], [77.6806351, 12.8323465], [77.6808739, 12.8315601], [77.6811051, 12.8308118], [77.68138, 12.8299458], [77.681572, 12.8292991], [77.6817303, 12.8288038], [77.6818984, 12.8283171], [77.6819603, 12.8281378], [77.6820827, 12.8278186], [77.6821532, 12.827645], [77.6822029, 12.8275227], [77.6824653, 12.8269575], [77.6827354, 12.8264569], [77.6830269, 12.8258928], [77.6831689, 12.8256592], [77.6832688, 12.8254949], [77.6834891, 12.8251678], [77.6838731, 12.8246476], [77.6841583, 12.824296], [77.6845455, 12.8238415], [77.6850335, 12.8233156], [77.6852629, 12.8230684], [77.6868974, 12.8213304], [77.6873333, 12.8208741], [77.6874805, 12.8207201]]}"
way/1182428265,yes,trunk,LineString,"{""type"": ""LineString"", ""coordinates"": [[77.6727572, 12.8452589], [77.6725374, 12.8455417], [77.672504, 12.8455863]]}"
way/1182428268,yes,motorway,LineString,"{""type"": ""LineString"", ""coordinates"": [[77.6706994, 12.848068], [77.6708427, 12.8477872], [77.6708722, 12.8476774], [77.6708802, 12.8475754], [77.6708722, 12.8475022], [77.6708534, 12.8473923], [77.6708158, 12.847306], [77.6707595, 12.8472119], [77.670679, 12.8471282], [77.6705637, 12.8470341], [77.6704484, 12.8469608], [77.6699184, 12.8466876]]}"
way/1182428270,yes,motorway_link,LineString,"{""type"": ""LineString"", ""coordinates"": [[77.6599087, 12.8579701], [77.6602637, 12.8579073], [77.6606303, 12.8578624], [77.6608518, 12.8578587], [77.6610299, 12.8578633], [77.661292, 12.857884], [77.6615997, 12.8579193], [77.6618837, 12.8579642], [77.6622617, 12.858045]]}"
way/1182461451,no,secondary,LineString,"{""type"": ""LineString"", ""coordinates"": [[77.6228709, 12.981943], [77.6227601, 12.9824866], [77.6226629, 12.9828746], [77.6224771, 12.9835805], [77.6224356, 12.9838445], [77.6223995, 12.9841518], [77.6223969, 12.9843369], [77.6223948, 12.9844872], [77.622394, 12.984542], [77.6224052, 12.9849262], [77.6224057, 12.9849446], [77.6224127, 12.9851927], [77.6224583, 12.9857144], [77.622465, 12.986233], [77.6224719, 12.9863598], [77.6225171, 12.9871884], [77.622517, 12.9872591], [77.6225141, 12.9873371]]}"
way/1182624196,yes,tertiary,LineString,"{""type"": ""LineString"", ""coordinates"": [[77.4507521, 12.9273929], [77.4510739, 12.9236156], [77.4511301, 12.9228683], [77.451286, 12.9207954], [77.4514051, 12.9200217], [77.4514379, 12.9198088], [77.4514825, 12.9195189], [77.4517065, 12.9187157], [77.451776, 12.9184782], [77.4519429, 12.917868], [77.4532834, 12.9136693], [77.4534106, 12.913271], [77.4535938, 12.912706], [77.4536683, 12.9124765], [77.4538108, 12.912037], [77.4542409, 12.9103733], [77.4542527, 12.9102967], [77.4543375, 12.9096857], [77.4543925, 12.9088848], [77.4544454, 12.9078158]]}"
way/1182624197,yes,tertiary,LineString,"{""type"": ""LineString"", ""coordinates"": [[77.4556343, 12.8997177], [77.4553254, 12.900472], [77.4550386, 12.9013489], [77.4549794, 12.9015382], [77.454682, 12.9024901], [77.4539694, 12.9049503], [77.4537749, 12.9056528], [77.4536798, 12.9063138], [77.4535489, 12.9094697], [77.4535328, 12.9096615], [77.4535043, 12.9098576], [77.4534864, 12.9099806]]}"
way/1182624226,yes,trunk,LineString,"{""type"": ""LineString"", ""coordinates"": [[77.4549448, 12.9037232], [77.4547749, 12.9043087], [77.4545841, 12.9048505], [77.4544171, 12.9055297], [77.4542951, 12.9063427]]}"
way/1182624227,yes,trunk,LineString,"{""type"": ""LineString"", ""coordinates"": [[77.4593072, 12.8947244], [77.4587377, 12.8955139]]}"
way/1182624229,yes,trunk,LineString,"{""type"": ""LineString"", ""coordinates"": [[77.4510497, 12.9192628], [77.4509765, 12.9196956], [77.450847, 12.9204616], [77.4508068, 12.9210635], [77.4507916, 12.9212176], [77.4507187, 12.922148], [77.4505547, 12.9237614], [77.4503124, 12.9270952], [77.4502925, 12.9273893]]}"
way/1182624233,yes,trunk,LineString,"{""type"": ""LineString"", ""coordinates"": [[77.450418, 12.9273602], [77.4504266, 12.9271012], [77.4506788, 12.9237707], [77.4508415, 12.9221551], [77.4509331, 12.9208156], [77.4509556, 12.9204872], [77.4511067, 12.9196821], [77.4511794, 12.9192948]]}"
way/1182624237,yes,tertiary,LineString,"{""type"": ""LineString"", ""coordinates"": [[77.449979, 12.9276558], [77.4500089, 12.9268013], [77.4502504, 12.9237048]]}"
way/1182624240,yes,trunk,LineString,"{""type"": ""LineString"", ""coordinates"": [[77.453886, 12.9104751], [77.4539429, 12.9102175], [77.4541239, 12.9096077], [77.4542158, 12.9093073], [77.4542762, 12.9089926], [77.4542842, 12.9088097]]}"
way/1182624272,yes,trunk,LineString,"{""type"": ""LineString"", ""coordinates"": [[77.4550644, 12.9037695], [77.4552016, 12.9032523], [77.4557955, 12.9012408]]}"
way/1182624273,yes,trunk,LineString,"{""type"": ""LineString"", ""coordinates"": [[77.4556267, 12.9012578], [77.4549448, 12.9037232]]}"
way/1182624274,yes,tertiary,LineString,"{""type"": ""LineString"", ""coordinates"": [[77.4552444, 12.9035449], [77.455848, 12.9014911], [77.4559731, 12.9011561]]}"
way/1182624275,yes,tertiary,LineString,"{""type"": ""LineString"", ""coordinates"": [[77.4545362, 12.9063657], [77.4546329, 12.9056428], [77.4547731, 12.9050466], [77.4550204, 12.9042676], [77.4550453, 12.9041891], [77.4551766, 12.9037753], [77.4552241, 12.903614]]}"
way/1182624276,yes,tertiary,LineString,"{""type"": ""LineString"", ""coordinates"": [[77.4552241, 12.903614], [77.4552444, 12.9035449]]}"
way/1182624277,yes,tertiary,LineString,"{""type"": ""LineString"", ""coordinates"": [[77.4559731, 12.9011561], [77.4561331, 12.9007032], [77.4565432, 12.8996678], [77.4569098, 12.8990542], [77.4569607, 12.898969], [77.4571979, 12.898588], [77.4572463, 12.8985102], [77.4573347, 12.8983472], [77.4574402, 12.8981526]]}"
way/1182962327,yes,path,LineString,"{""type"": ""LineString"", ""coordinates"": [[77.560234, 13.111607], [77.5601152, 13.1108863], [77.5599564, 13.1101267], [77.5598263, 13.1094409], [77.5600439, 13.1093432], [77.5602393, 13.1092554], [77.5611111, 13.1089853], [77.5614919, 13.1089122], [77.5619164, 13.1089312]]}"
way/1183627482,yes,residential,LineString,"{""type"": ""LineString"", ""coordinates"": [[77.6279989, 12.8834336], [77.6280453, 12.8839561]]}"
way/1183633195,yes,secondary,LineString,"{""type"": ""LineString"", ""coordinates"": [[77.5528928, 13.00031], [77.5528574, 13.0001111], [77.5527424, 12.9996066], [77.5527303, 12.9994798], [77.5527611, 12.9991963], [77.5529438, 12.998648]]}"
way/1183908633,yes,residential,LineString,"{""type"": ""LineString"", ""coordinates"": [[77.6404614, 13.0813303], [77.639923, 13.0815728], [77.6391535, 13.0819337], [77.6387762, 13.0821107], [77.6386401, 13.0821745], [77.6386122, 13.0821798], [77.6385839, 13.082178], [77.638557, 13.0821693], [77.6385336, 13.0821546], [77.6385148, 13.0821347], [77.6385016, 13.0821109], [77.6384943, 13.0817474], [77.6384968, 13.0817143], [77.6385047, 13.081682], [77.6385208, 13.0816456], [77.6385438, 13.0816129], [77.639049, 13.0809506], [77.6391122, 13.0808708], [77.6393133, 13.080731], [77.6393309, 13.0807067], [77.6394567, 13.0805337], [77.6394696, 13.0805169], [77.6394866, 13.080504], [77.6395065, 13.0804959], [77.6395305, 13.0804932], [77.6395543, 13.0804975], [77.6395923, 13.0805243], [77.6396124, 13.080536], [77.6396347, 13.0805428], [77.639658, 13.0805442], [77.6396835, 13.0805395], [77.6397069, 13.0805285]]}"
way/1184154152,yes,trunk,LineString,"{""type"": ""LineString"", ""coordinates"": [[77.5417462, 13.0375644], [77.5417542, 13.0376067], [77.5418551, 13.038067], [77.5418629, 13.0381121]]}"
way/1184390881,yes,primary,LineString,"{""type"": ""LineString"", ""coordinates"": [[77.5854023, 13.103004], [77.5861424, 13.1023925], [77.5862862, 13.1022736], [77.5863594, 13.1022085]]}"
way/1184438044,yes,primary,LineString,"{""type"": ""LineString"", ""coordinates"": [[77.7177108, 12.9922567], [77.7177376, 12.9922563], [77.7177925, 12.9922532], [77.7179886, 12.9922584], [77.7183634, 12.9922682], [77.718465, 12.9922709], [77.7187352, 12.9922816], [77.7187801, 12.9922829], [77.7192791, 12.9922619], [77.7194694, 12.9922462], [77.7195498, 12.9922324], [77.7196345, 12.9922102], [77.719738, 12.9921688], [77.7197627, 12.9921544], [77.7198019, 12.9921316], [77.7202955, 12.9918442], [77.7207526, 12.991557], [77.7207813, 12.9915398], [77.7210285, 12.9913868], [77.7211317, 12.9913243], [77.7212397, 12.9912564], [77.721641, 12.9910302], [77.7217364, 12.990985], [77.7218375, 12.9909372], [77.7219823, 12.9908683], [77.7220996, 12.9908318], [77.7222108, 12.9907972], [77.7226123, 12.9906823], [77.7227944, 12.9906342], [77.7228789, 12.9906093], [77.7229177, 12.9905978]]}"
way/1184442659,yes,tertiary,LineString,"{""type"": ""LineString"", ""coordinates"": [[77.7314669, 12.9969695], [77.7320259, 12.9970704], [77.7333312, 12.9972943], [77.7340008, 12.9974092], [77.7355126, 12.9976964], [77.7366638, 12.9979121]]}"
way/1184576212,no,residential,LineString,"{""type"": ""LineString"", ""coordinates"": [[77.6014941, 13.0579808], [77.6012085, 13.0581913]]}"
way/1184579363,yes,service,LineString,"{""type"": ""LineString"", ""coordinates"": [[77.5842985, 13.0977019], [77.5842509, 13.0977235], [77.5842141, 13.0977396], [77.5838658, 13.0978953], [77.5837965, 13.0979008], [77.5835605, 13.0973694], [77.5837434, 13.0972678], [77.5840024, 13.0971676], [77.5840104, 13.0971646], [77.5840541, 13.0971474]]}"
way/1184579946,no,service,LineString,"{""type"": ""LineString"", ""coordinates"": [[77.5820963, 13.0977584], [77.5823767, 13.0980331]]}"
way/1184671466,yes,residential,LineString,"{""type"": ""LineString"", ""coordinates"": [[77.6254824, 13.0016383], [77.6257096, 13.0021895]]}"
way/1184933503,yes,residential,LineString,"{""type"": ""LineString"", ""coordinates"": [[77.564368, 13.0993054], [77.5637659, 13.0994757]]}"
way/1184944062,yes,residential,LineString,"{""type"": ""LineString"", ""coordinates"": [[77.5824407, 13.0956386], [77.5827769, 13.0954847]]}"
way/1184983909,yes,trunk,LineString,"{""type"": ""LineString"", ""coordinates"": [[77.4969568, 13.048897], [77.4970046, 13.0489138], [77.4970239, 13.048921], [77.4970477, 13.0489251], [77.4970809, 13.0489223], [77.4973827, 13.0488258], [77.4990393, 13.04823], [77.4998282, 13.0479413], [77.5004483, 13.0477199], [77.5008978, 13.0475595], [77.5011864, 13.0474565], [77.5033806, 13.0466733], [77.5047837, 13.0461724], [77.5052013, 13.0460356], [77.5056249, 13.0459131], [77.5060654, 13.0457904], [77.5072484, 13.0454607], [77.5072855, 13.0454503], [77.5073814, 13.04542], [77.507912, 13.045269], [77.5083496, 13.0451157], [77.5087179, 13.0449666], [77.5091048, 13.044783], [77.5104554, 13.0440651], [77.5110617, 13.0437585], [77.511467, 13.0435656], [77.5117137, 13.0434695], [77.5117368, 13.0434605], [77.5120128, 13.0433646], [77.5129714, 13.0430432], [77.5130488, 13.0430177], [77.5135475, 13.042848]]}"
way/1184983910,yes,trunk,LineString,"{""type"": ""LineString"", ""coordinates"": [[77.5135475, 13.042848], [77.5136046, 13.0428286]]}"
way/1185446570,yes,footway,LineString,"{""type"": ""LineString"", ""coordinates"": [[77.5908607, 12.9775525], [77.5908934, 12.9775918], [77.5909182, 12.9776216], [77.590938, 12.9776453]]}"
way/1185509247,yes,primary,LineString,"{""type"": ""LineString"", ""coordinates"": [[77.6738308, 12.9160932], [77.6739132, 12.9159655], [77.6740868, 12.915745], [77.6741714, 12.9156557], [77.6742434, 12.9155867], [77.6743442, 12.9155018], [77.6744743, 12.9154124], [77.6746192, 12.9153188], [77.6750304, 12.9150629], [77.6752197, 12.9149451], [77.6753621, 12.9148597], [77.6756018, 12.9147116], [77.6756747, 12.9146673], [77.6758101, 12.9145848], [77.6758677, 12.9145497], [77.676042, 12.9144719], [77.6760796, 12.9144566], [77.6761713, 12.9144303], [77.6762426, 12.9144092], [77.6763104, 12.9143876], [77.6765272, 12.9143218], [77.6768272, 12.9142478]]}"
way/1185899940,yes,tertiary,LineString,"{""type"": ""LineString"", ""coordinates"": [[77.5586696, 13.099388], [77.5588557, 13.0992921], [77.559019, 13.099208], [77.5593926, 13.0990436], [77.559752, 13.0988854], [77.5602686, 13.0986787], [77.5603602, 13.0986421], [77.5604663, 13.0986016], [77.5610057, 13.0983953], [77.5612835, 13.0982891], [77.5613701, 13.098256], [77.561626, 13.0981683], [77.5620384, 13.098027], [77.5622163, 13.0979661], [77.5622498, 13.0979546], [77.5623123, 13.0979392], [77.5624061, 13.0979141], [77.5628035, 13.0978077], [77.5628376, 13.0977986], [77.562898, 13.097763], [77.5629502, 13.097671]]}"
way/1188322157,yes,residential,LineString,"{""type"": ""LineString"", ""coordinates"": [[77.6929884, 12.9720681], [77.6925123, 12.9721269], [77.6915976, 12.9722524], [77.6914029, 12.9722814]]}"
way/1188322173,yes,trunk,LineString,"{""type"": ""LineString"", ""coordinates"": [[77.6987075, 12.9728336], [77.6984356, 12.9732931]]}"
way/1188322174,yes,trunk,LineString,"{""type"": ""LineString"", ""coordinates"": [[77.6984356, 12.9732931], [77.6974744, 12.9749177], [77.6973993, 12.9750546], [77.6973056, 12.9752096], [77.6970527, 12.9756585], [77.6969318, 12.975834], [77.6963668, 12.9767005]]}"
way/1188322178,yes,trunk,LineString,"{""type"": ""LineString"", ""coordinates"": [[77.6976897, 12.9747865], [77.6980287, 12.9741971], [77.6984995, 12.9733869]]}"
way/1188322179,yes,trunk,LineString,"{""type"": ""LineString"", ""coordinates"": [[77.6984995, 12.9733869], [77.6986342, 12.973155], [77.6990113, 12.9725323]]}"
way/1188681303,yes,trunk,LineString,"{""type"": ""LineString"", ""coordinates"": [[77.449783, 12.9340269], [77.4494707, 12.9371864], [77.4493964, 12.9382792], [77.4494209, 12.9393704]]}"
way/1189660613,yes,trunk,LineString,"{""type"": ""LineString"", ""coordinates"": [[77.4543615, 12.9683838], [77.4543201, 12.9687855], [77.4543024, 12.9689452], [77.4542031, 12.9698439], [77.4539519, 12.9721177], [77.4538932, 12.9725001], [77.4535728, 12.9741226], [77.4532826, 12.9751395], [77.4523235, 12.9784837], [77.4518716, 12.9800591]]}"
way/1189660614,yes,trunk,LineString,"{""type"": ""LineString"", ""coordinates"": [[77.4519855, 12.9800842], [77.4526248, 12.9778571], [77.4536794, 12.974144], [77.454006, 12.9724756], [77.4540726, 12.972053], [77.4541791, 12.9711112], [77.4543184, 12.9698546], [77.4544411, 12.9689488], [77.4544622, 12.968793], [77.454511, 12.9684043]]}"
way/1189660617,yes,trunk,LineString,"{""type"": ""LineString"", ""coordinates"": [[77.4496078, 12.9890722], [77.4501295, 12.9867115], [77.4503252, 12.9858848]]}"
way/1190419784,yes,primary,LineString,"{""type"": ""LineString"", ""coordinates"": [[77.6650831, 12.9950111], [77.6658616, 12.9953986], [77.6661282, 12.9956013], [77.6662045, 12.9956481], [77.6671065, 12.9960222], [77.6675635, 12.9962255]]}"
way/1190419785,yes,primary,LineString,"{""type"": ""LineString"", ""coordinates"": [[77.663366, 12.9942378], [77.6635086, 12.9942926], [77.6641998, 12.994608], [77.6650831, 12.9950111]]}"
way/1190601921,yes,residential,LineString,"{""type"": ""LineString"", ""coordinates"": [[77.601728, 13.055788], [77.6015343, 13.055159]]}"
way/1190618299,yes,primary,LineString,"{""type"": ""LineString"", ""coordinates"": [[77.5697047, 12.9823142], [77.5696522, 12.9823327], [77.5695997, 12.9823475], [77.5691654, 12.9824298]]}"
way/1190618300,yes,primary,LineString,"{""type"": ""LineString"", ""coordinates"": [[77.5691654, 12.9824298], [77.5688826, 12.982484]]}"
way/1190618301,yes,primary,LineString,"{""type"": ""LineString"", ""coordinates"": [[77.5689938, 12.9829108], [77.5691153, 12.9829261], [77.5692181, 12.9829297], [77.5693033, 12.9829236]]}"
way/1190618302,yes,primary,LineString,"{""type"": ""LineString"", ""coordinates"": [[77.5693033, 12.9829236], [77.569548, 12.9828552], [77.5696537, 12.9827912]]}"
way/1190621346,yes,primary,LineString,"{""type"": ""LineString"", ""coordinates"": [[77.5705602, 12.9812044], [77.5703523, 12.9815387]]}"
way/1190621347,yes,primary,LineString,"{""type"": ""LineString"", ""coordinates"": [[77.5706323, 12.9812849], [77.5706618, 12.9812138], [77.5706831, 12.9811335], [77.5706921, 12.9810508], [77.570687, 12.9809694], [77.5706855, 12.980879], [77.5706899, 12.9808014], [77.5707042, 12.9807305], [77.5707331, 12.9806644]]}"
way/1190621348,yes,primary,LineString,"{""type"": ""LineString"", ""coordinates"": [[77.5704467, 12.9816216], [77.5705006, 12.981537], [77.5706323, 12.9812849]]}"
way/1190693749,yes,,LineString,"{""type"": ""LineString"", ""coordinates"": [[77.5691323, 12.9799058], [77.5691379, 12.9799176], [77.5692078, 12.9800495]]}"
way/1190693750,yes,,LineString,"{""type"": ""LineString"", ""coordinates"": [[77.5691589, 12.9802009], [77.5691044, 12.9801424], [77.5690503, 12.980075], [77.5689799, 12.9799846], [77.5689463, 12.9799391]]}"
way/1190781763,yes,,LineString,"{""type"": ""LineString"", ""coordinates"": [[77.5681027, 12.9776017], [77.5679934, 12.9770144], [77.5678943, 12.9764755], [77.5678509, 12.9762212], [77.5678353, 12.9761152], [77.5678251, 12.9760086], [77.5678211, 12.9759215], [77.5678227, 12.9757566]]}"
way/1190781764,yes,,LineString,"{""type"": ""LineString"", ""coordinates"": [[77.5679499, 12.9757231], [77.5681962, 12.976768], [77.5682469, 12.9769682], [77.5683715, 12.9774969], [77.5683838, 12.9775491]]}"
way/1190791503,yes,,LineString,"{""type"": ""LineString"", ""coordinates"": [[77.5687816, 12.977517], [77.5690419, 12.9786126], [77.5692042, 12.9792949], [77.5692499, 12.9794815], [77.5692922, 12.9796361], [77.5693442, 12.9798013]]}"
way/1190870618,yes,,LineString,"{""type"": ""LineString"", ""coordinates"": [[77.5693963, 12.9797916], [77.5693637, 12.9796835], [77.5693295, 12.9795641], [77.5693052, 12.9794568], [77.5692728, 12.9792993], [77.5689934, 12.9777099], [77.5689694, 12.9775732], [77.5689534, 12.9774767]]}"
way/1190870619,yes,,LineString,"{""type"": ""LineString"", ""coordinates"": [[77.5690667, 12.9774499], [77.5691075, 12.9776914], [77.5693763, 12.9792825], [77.5694603, 12.9797797]]}"
way/1191257892,yes,,LineString,"{""type"": ""LineString"", ""coordinates"": [[77.5695559, 12.9798231], [77.5695689, 12.9798748], [77.5695894, 12.9799517], [77.569628, 12.9800836], [77.5696695, 12.9802051], [77.5697092, 12.9803043], [77.5697568, 12.9804132], [77.5698224, 12.9805474], [77.5698746, 12.9806426]]}"
way/1191446962,yes,tertiary,LineString,"{""type"": ""LineString"", ""coordinates"": [[77.6394096, 13.0831455], [77.6394431, 13.0830897], [77.6394658, 13.083058], [77.6394811, 13.0830367], [77.6395145, 13.0829967], [77.6395506, 13.0829589], [77.6417268, 13.0819662], [77.6417831, 13.0819412]]}"
way/1191446965,yes,residential,LineString,"{""type"": ""LineString"", ""coordinates"": [[77.6418589, 13.0819067], [77.6418434, 13.0818577]]}"
way/1191446966,yes,residential,LineString,"{""type"": ""LineString"", ""coordinates"": [[77.6418434, 13.0818577], [77.641758, 13.0818932]]}"
way/1191658934,yes,,LineString,"{""type"": ""LineString"", ""coordinates"": [[77.5688258, 12.9755787], [77.568841, 12.9756575], [77.5688735, 12.9758317], [77.5690156, 12.9766649], [77.5691376, 12.9773807]]}"
way/1191899747,yes,,LineString,"{""type"": ""LineString"", ""coordinates"": [[77.5682805, 12.9799957], [77.5682876, 12.9800238], [77.5683421, 12.9802403], [77.5684007, 12.9804568], [77.5684636, 12.9806624], [77.5685308, 12.98086], [77.5685164, 12.9808652], [77.5686355, 12.9811694]]}"
way/1191902624,yes,,LineString,"{""type"": ""LineString"", ""coordinates"": [[77.5674909, 12.9756751], [77.5675277, 12.9758796], [77.5676877, 12.9767454], [77.5678073, 12.9773877], [77.5678446, 12.977594]]}"
way/1192092560,yes,,LineString,"{""type"": ""LineString"", ""coordinates"": [[77.5677534, 12.9776114], [77.567713, 12.9773868], [77.5676003, 12.9767601], [77.5675971, 12.976742], [77.5675555, 12.9764834], [77.5675229, 12.9762521], [77.5674763, 12.9758858], [77.5674727, 12.9758534]]}"
way/1192251697,yes,residential,LineString,"{""type"": ""LineString"", ""coordinates"": [[77.693229, 12.9720541], [77.6929884, 12.9720681]]}"
way/1192368529,yes,residential,LineString,"{""type"": ""LineString"", ""coordinates"": [[77.584108, 13.101357], [77.5841245, 13.1013249], [77.584171, 13.1012309], [77.5842476, 13.1010922], [77.5843303, 13.1009569], [77.5844188, 13.1008251], [77.5845131, 13.1006971], [77.5846194, 13.1005656], [77.5846593, 13.1005206], [77.5847317, 13.1004389], [77.5848499, 13.1003173], [77.5849736, 13.1002012], [77.5851026, 13.1000906], [77.5852367, 13.0999859]]}"
way/1192368530,yes,secondary,LineString,"{""type"": ""LineString"", ""coordinates"": [[77.5840565, 13.1014553], [77.5844736, 13.1015702], [77.585041, 13.1017265]]}"
way/1192368531,yes,secondary,LineString,"{""type"": ""LineString"", ""coordinates"": [[77.5850703, 13.1016411], [77.584108, 13.101357]]}"
way/1192378662,yes,secondary,LineString,"{""type"": ""LineString"", ""coordinates"": [[77.64682, 12.9745763], [77.6467932, 12.9750038], [77.6467377, 12.9758272], [77.6466492, 12.9773446], [77.6466319, 12.9777293], [77.6466261, 12.9778688], [77.6466033, 12.9783784], [77.6465988, 12.9784796], [77.6465982, 12.9784873], [77.6465944, 12.9785359]]}"
way/1192458484,no,residential,LineString,"{""type"": ""LineString"", ""coordinates"": [[77.6448988, 13.0553065], [77.6443164, 13.0553099], [77.6440665, 13.055408], [77.6438735, 13.0554152], [77.6435717, 13.0552992], [77.6435412, 13.0552977], [77.6431346, 13.0552835], [77.6425771, 13.0552544], [77.6422179, 13.0552183], [77.6421087, 13.0551861], [77.6418448, 13.0551743], [77.641688, 13.0551698], [77.641334, 13.0551789], [77.6409726, 13.0551881], [77.6408926, 13.0551902], [77.6405059, 13.0552001], [77.6400095, 13.0552128], [77.6395979, 13.0552234], [77.6392426, 13.0552325], [77.6391259, 13.0552355], [77.638755, 13.055245], [77.6384085, 13.0552538], [77.6380915, 13.0552568]]}"
way/1192623582,yes,tertiary,LineString,"{""type"": ""LineString"", ""coordinates"": [[77.5898023, 13.0935024], [77.5901011, 13.0927591], [77.5901054, 13.0927488], [77.5901078, 13.0927362], [77.5901076, 13.0927225], [77.5901056, 13.0927122], [77.5901021, 13.0927028]]}"
way/1192623583,yes,secondary,LineString,"{""type"": ""LineString"", ""coordinates"": [[77.587484, 13.099086], [77.587559, 13.0988172]]}"
way/1192794479,yes,residential,LineString,"{""type"": ""LineString"", ""coordinates"": [[77.6025456, 13.059679], [77.6025444, 13.0602532]]}"
way/1192910831,yes,service,LineString,"{""type"": ""LineString"", ""coordinates"": [[77.5918853, 13.0709632], [77.5919499, 13.0709417], [77.5919955, 13.0709197], [77.5925049, 13.0707575], [77.5925221, 13.0707565], [77.5926097, 13.0707516], [77.5926402, 13.0707499]]}"
way/1192910832,yes,service,LineString,"{""type"": ""LineString"", ""coordinates"": [[77.5922849, 13.0699942], [77.5922581, 13.0703308], [77.5922526, 13.0703992], [77.5924391, 13.0705325], [77.5925049, 13.0707575]]}"
way/1192910834,yes,service,LineString,"{""type"": ""LineString"", ""coordinates"": [[77.5926956, 13.0700168], [77.5926605, 13.0700149], [77.5925829, 13.0700106], [77.5922849, 13.0699942], [77.5921854, 13.0699887], [77.5919911, 13.069976]]}"
way/1194673414,yes,primary,LineString,"{""type"": ""LineString"", ""coordinates"": [[77.6491095, 12.9598235], [77.6492076, 12.9598088], [77.6493933, 12.9597812]]}"
way/1194673415,yes,primary,LineString,"{""type"": ""LineString"", ""coordinates"": [[77.6491139, 12.9597348], [77.6490664, 12.9597401]]}"
way/1194673416,yes,primary,LineString,"{""type"": ""LineString"", ""coordinates"": [[77.6490664, 12.9597401], [77.6490101, 12.9597464], [77.6489326, 12.9597548], [77.6484794, 12.9598052], [77.648376, 12.9598167], [77.647712, 12.959899], [77.647508, 12.9599192], [77.6469981, 12.9599767], [77.6460198, 12.9600918], [77.6459264, 12.9601006], [77.6456051, 12.9601341], [77.6455901, 12.9601357], [77.6453353, 12.9601702], [77.6450009, 12.9602078], [77.6446928, 12.9602461], [77.6442193, 12.9602973], [77.644171, 12.9603026], [77.6437126, 12.9603533], [77.643669, 12.9603582], [77.6432835, 12.9604011], [77.643155, 12.9604154], [77.6429729, 12.9604298], [77.6427688, 12.9604459], [77.642685, 12.9604548]]}"
way/1194673417,yes,primary,LineString,"{""type"": ""LineString"", ""coordinates"": [[77.6490236, 12.959836], [77.6491095, 12.9598235]]}"
way/1196120461,yes,tertiary,LineString,"{""type"": ""LineString"", ""coordinates"": [[77.6493033, 12.9092442], [77.6493264, 12.9089654], [77.649349, 12.9087347]]}"
way/1196120462,yes,tertiary,LineString,"{""type"": ""LineString"", ""coordinates"": [[77.6492732, 12.9095694], [77.6493033, 12.9092442]]}"
way/1196120463,yes,tertiary,LineString,"{""type"": ""LineString"", ""coordinates"": [[77.6492503, 12.9098682], [77.6492732, 12.9095694]]}"
way/1196120464,yes,tertiary,LineString,"{""type"": ""LineString"", ""coordinates"": [[77.6492291, 12.910138], [77.6492503, 12.9098682]]}"
way/1196120465,yes,tertiary,LineString,"{""type"": ""LineString"", ""coordinates"": [[77.6492139, 12.9103395], [77.6492291, 12.910138]]}"
way/1196120466,yes,tertiary,LineString,"{""type"": ""LineString"", ""coordinates"": [[77.649201, 12.9104429], [77.6492139, 12.9103395]]}"
way/1196120467,yes,tertiary,LineString,"{""type"": ""LineString"", ""coordinates"": [[77.6491658, 12.9107557], [77.6491687, 12.9107303], [77.649201, 12.9104429]]}"
way/1196120468,yes,tertiary,LineString,"{""type"": ""LineString"", ""coordinates"": [[77.649151, 12.9109926], [77.6491658, 12.9107557]]}"
way/1196120469,yes,tertiary,LineString,"{""type"": ""LineString"", ""coordinates"": [[77.6491257, 12.9113051], [77.649151, 12.9109926]]}"
way/1196120470,yes,tertiary,LineString,"{""type"": ""LineString"", ""coordinates"": [[77.6490502, 12.9118644], [77.6490535, 12.9118437], [77.6490545, 12.911834], [77.6490604, 12.9117901], [77.6491257, 12.9113051]]}"
way/1196120471,yes,tertiary,LineString,"{""type"": ""LineString"", ""coordinates"": [[77.6489902, 12.9140309], [77.648981, 12.9132391]]}"
way/1196120472,yes,tertiary,LineString,"{""type"": ""LineString"", ""coordinates"": [[77.648981, 12.9132391], [77.6489953, 12.9124885]]}"
way/1196120473,yes,tertiary,LineString,"{""type"": ""LineString"", ""coordinates"": [[77.6489953, 12.9124885], [77.6490297, 12.9120294], [77.6490322, 12.9119961], [77.6490427, 12.9119116]]}"
way/1196120474,yes,tertiary,LineString,"{""type"": ""LineString"", ""coordinates"": [[77.649349, 12.9087347], [77.6492858, 12.9083935]]}"
way/1196120475,yes,tertiary,LineString,"{""type"": ""LineString"", ""coordinates"": [[77.6492858, 12.9083935], [77.6491445, 12.9076732]]}"
way/1196120476,yes,tertiary,LineString,"{""type"": ""LineString"", ""coordinates"": [[77.6491445, 12.9076732], [77.6491167, 12.9074685]]}"
way/1196120477,yes,tertiary,LineString,"{""type"": ""LineString"", ""coordinates"": [[77.6491167, 12.9074685], [77.6490716, 12.9070899]]}"
way/1196120478,yes,tertiary,LineString,"{""type"": ""LineString"", ""coordinates"": [[77.6490716, 12.9070899], [77.6490505, 12.9066657]]}"
way/1196120479,yes,tertiary,LineString,"{""type"": ""LineString"", ""coordinates"": [[77.6490505, 12.9066657], [77.6490422, 12.9064867]]}"
way/1196120480,yes,tertiary,LineString,"{""type"": ""LineString"", ""coordinates"": [[77.6490422, 12.9064867], [77.6490277, 12.9061713]]}"
way/1196120481,yes,tertiary,LineString,"{""type"": ""LineString"", ""coordinates"": [[77.6490277, 12.9061713], [77.6490024, 12.9057146]]}"
way/1196120482,yes,tertiary,LineString,"{""type"": ""LineString"", ""coordinates"": [[77.6490024, 12.9057146], [77.6489707, 12.9053194]]}"
way/1196120483,yes,tertiary,LineString,"{""type"": ""LineString"", ""coordinates"": [[77.6489707, 12.9053194], [77.6489549, 12.9051429]]}"
way/1196120484,yes,tertiary,LineString,"{""type"": ""LineString"", ""coordinates"": [[77.6489549, 12.9051429], [77.6489281, 12.9046634], [77.6488697, 12.9040454], [77.6488488, 12.9038797], [77.6488375, 12.9037899], [77.6487992, 12.9035457]]}"
way/1196120505,yes,secondary,LineString,"{""type"": ""LineString"", ""coordinates"": [[77.6489842, 12.9119108], [77.6489485, 12.9119103], [77.6488798, 12.9119093], [77.6482418, 12.9118943], [77.6478689, 12.9118855], [77.6477532, 12.9118814], [77.6476694, 12.9118855], [77.6475412, 12.9118885], [77.647312, 12.9119029], [77.6472379, 12.9119104]]}"
way/1196120506,yes,secondary,LineString,"{""type"": ""LineString"", ""coordinates"": [[77.6472379, 12.9119104], [77.6470401, 12.9119303]]}"
way/1196120507,yes,secondary,LineString,"{""type"": ""LineString"", ""coordinates"": [[77.6470401, 12.9119303], [77.6460944, 12.9120416]]}"
way/1196120508,yes,secondary,LineString,"{""type"": ""LineString"", ""coordinates"": [[77.6460944, 12.9120416], [77.6457243, 12.9120716], [77.6454068, 12.9120989]]}"
way/1196120509,yes,secondary,LineString,"{""type"": ""LineString"", ""coordinates"": [[77.6450403, 12.9219262], [77.6450422, 12.9218716], [77.6450438, 12.9218005], [77.6450459, 12.9217025], [77.6450479, 12.9216111]]}"
way/1196120510,yes,secondary,LineString,"{""type"": ""LineString"", ""coordinates"": [[77.6450479, 12.9216111], [77.6450387, 12.9209373]]}"
way/1196120511,yes,secondary,LineString,"{""type"": ""LineString"", ""coordinates"": [[77.6450387, 12.9209373], [77.6449981, 12.9196036]]}"
way/1196120512,yes,secondary,LineString,"{""type"": ""LineString"", ""coordinates"": [[77.6449981, 12.9196036], [77.64499, 12.9194663], [77.6449892, 12.9194524], [77.6449686, 12.9190966]]}"
way/1196120513,yes,secondary,LineString,"{""type"": ""LineString"", ""coordinates"": [[77.6449686, 12.9190966], [77.6449634, 12.9189862]]}"
way/1196120514,yes,secondary,LineString,"{""type"": ""LineString"", ""coordinates"": [[77.6449634, 12.9189862], [77.6449581, 12.9188949]]}"
way/1196120515,yes,secondary,LineString,"{""type"": ""LineString"", ""coordinates"": [[77.6449581, 12.9188949], [77.6448784, 12.9175191], [77.64487, 12.9173746], [77.6448675, 12.9173309], [77.6448585, 12.9171778]]}"
way/1196120516,yes,secondary,LineString,"{""type"": ""LineString"", ""coordinates"": [[77.6448585, 12.9171778], [77.6448464, 12.9168971], [77.6448192, 12.9162628], [77.6448133, 12.9161255], [77.6447978, 12.9157649], [77.644793, 12.9156481]]}"
way/1196120517,yes,secondary,LineString,"{""type"": ""LineString"", ""coordinates"": [[77.644793, 12.9156481], [77.6447897, 12.915548], [77.6447826, 12.9153751], [77.6447785, 12.9152783], [77.6447749, 12.9151886]]}"
way/1196120518,yes,secondary,LineString,"{""type"": ""LineString"", ""coordinates"": [[77.6447749, 12.9151886], [77.6447737, 12.9151585]]}"
way/1196120519,yes,secondary,LineString,"{""type"": ""LineString"", ""coordinates"": [[77.6518279, 12.911987], [77.6518244, 12.9122121], [77.6518218, 12.91244], [77.6518499, 12.9125057]]}"
way/1196120542,yes,secondary,LineString,"{""type"": ""LineString"", ""coordinates"": [[77.6518279, 12.911987], [77.6517626, 12.9119852], [77.6506473, 12.9119548]]}"
way/1196514116,yes,trunk,LineString,"{""type"": ""LineString"", ""coordinates"": [[77.6255442, 12.9126289], [77.6258542, 12.9121277], [77.6261085, 12.9117167], [77.6262768, 12.9114446], [77.6268087, 12.9105848]]}"
way/1196514117,yes,trunk,LineString,"{""type"": ""LineString"", ""coordinates"": [[77.6273567, 12.9096992], [77.6274519, 12.909603], [77.6281657, 12.9084947], [77.6282524, 12.908353], [77.6285309, 12.9078976], [77.6289105, 12.9072616], [77.6289241, 12.9072388], [77.628929, 12.9072305]]}"
way/1196514118,yes,trunk,LineString,"{""type"": ""LineString"", ""coordinates"": [[77.628929, 12.9072305], [77.6289631, 12.9071733]]}"
way/1196514119,yes,trunk,LineString,"{""type"": ""LineString"", ""coordinates"": [[77.6289631, 12.9071733], [77.6295779, 12.9061646], [77.6299033, 12.9056308], [77.6302568, 12.905054], [77.6303976, 12.9048243], [77.6304618, 12.9047195]]}"
way/1196514120,yes,trunk,LineString,"{""type"": ""LineString"", ""coordinates"": [[77.6304618, 12.9047195], [77.6312416, 12.9034083], [77.6313583, 12.9032182], [77.6316607, 12.9027259]]}"
way/1196514121,yes,trunk,LineString,"{""type"": ""LineString"", ""coordinates"": [[77.6316607, 12.9027259], [77.6340858, 12.8987625]]}"
way/1196514122,yes,trunk,LineString,"{""type"": ""LineString"", ""coordinates"": [[77.6340858, 12.8987625], [77.6344663, 12.8981609], [77.6352355, 12.8969046], [77.6354819, 12.8965116], [77.6356414, 12.8962473], [77.6358012, 12.8959959], [77.6363039, 12.8951838], [77.6367425, 12.8944658], [77.6367854, 12.8943956]]}"
way/1196514123,yes,trunk,LineString,"{""type"": ""LineString"", ""coordinates"": [[77.6367854, 12.8943956], [77.6369222, 12.8941721], [77.6380165, 12.8923845]]}"
way/1196514124,yes,trunk,LineString,"{""type"": ""LineString"", ""coordinates"": [[77.6380165, 12.8923845], [77.6384824, 12.8916277], [77.6399474, 12.8892466], [77.6399708, 12.8892085]]}"
way/1196514125,yes,trunk,LineString,"{""type"": ""LineString"", ""coordinates"": [[77.6399708, 12.8892085], [77.6400041, 12.8891559]]}"
way/1196514128,yes,secondary,LineString,"{""type"": ""LineString"", ""coordinates"": [[77.6018644, 12.9766374], [77.6019835, 12.9766328], [77.6022281, 12.9765629], [77.603634, 12.9762352], [77.6042861, 12.9760796], [77.6054449, 12.9758014], [77.6074434, 12.9753116]]}"
way/1196699448,yes,residential,LineString,"{""type"": ""LineString"", ""coordinates"": [[77.5882455, 12.8788996], [77.5881929, 12.8790035]]}"
way/1199408745,yes,unclassified,LineString,"{""type"": ""LineString"", ""coordinates"": [[77.6978709, 12.9833756], [77.6977437, 12.9834024], [77.6958246, 12.9838648]]}"
way/1199408746,yes,unclassified,LineString,"{""type"": ""LineString"", ""coordinates"": [[77.6975906, 12.9825959], [77.6977184, 12.9830066], [77.6978481, 12.9833172], [77.6978709, 12.9833756], [77.6978926, 12.9834188], [77.6979238, 12.9834728]]}"
way/1199674749,yes,primary,LineString,"{""type"": ""LineString"", ""coordinates"": [[77.6356968, 12.9615088], [77.6357898, 12.9614881], [77.6358104, 12.9614836], [77.6358762, 12.9614689]]}"
way/1200850298,yes,secondary,LineString,"{""type"": ""LineString"", ""coordinates"": [[77.6516548, 12.9189233], [77.6516519, 12.9190278], [77.6516422, 12.9193736]]}"
way/1200861124,yes,secondary,LineString,"{""type"": ""LineString"", ""coordinates"": [[77.5931562, 13.0820912], [77.5932711, 13.0826324], [77.5934272, 13.0831577], [77.5935253, 13.0834291], [77.5944398, 13.0857068], [77.5946983, 13.0863741], [77.59475, 13.0864986], [77.5952538, 13.0876633], [77.5959181, 13.0892551], [77.5961253, 13.089761], [77.5962458, 13.090074], [77.5963528, 13.09043], [77.5964506, 13.0908046], [77.596542, 13.0912525], [77.5967081, 13.0923395], [77.5967391, 13.0925426], [77.5968184, 13.0930153]]}"
way/1200861125,yes,primary,LineString,"{""type"": ""LineString"", ""coordinates"": [[77.5931562, 13.0820912], [77.5932253, 13.0819707], [77.5933118, 13.0819143], [77.593391, 13.0818799]]}"
way/1200861126,yes,primary,LineString,"{""type"": ""LineString"", ""coordinates"": [[77.5930981, 13.0819092], [77.593083, 13.0819607], [77.5930485, 13.0821133], [77.5930389, 13.0821556], [77.5930389, 13.0822721]]}"
way/1201026024,yes,residential,LineString,"{""type"": ""LineString"", ""coordinates"": [[77.6407293, 12.9685421], [77.6406602, 12.9696492], [77.6406309, 12.9701195], [77.6406283, 12.9701607]]}"
way/1201851696,yes,residential,LineString,"{""type"": ""LineString"", ""coordinates"": [[77.6082968, 12.9138271], [77.608317, 12.9134675]]}"
way/1201889260,yes,residential,LineString,"{""type"": ""LineString"", ""coordinates"": [[77.6890755, 12.9694883], [77.6891247, 12.9697123], [77.6891482, 12.9698128], [77.6891644, 12.9699164], [77.689173, 12.9699869], [77.6891783, 12.9701147], [77.689176, 12.9702409]]}"
way/1202767309,yes,primary,LineString,"{""type"": ""LineString"", ""coordinates"": [[77.7498862, 12.96962], [77.7499176, 12.9698296]]}"
way/1202767853,yes,primary,LineString,"{""type"": ""LineString"", ""coordinates"": [[77.6358762, 12.9614689], [77.6359898, 12.9614394]]}"
way/1203119801,no,motorway,LineString,"{""type"": ""LineString"", ""coordinates"": [[77.4751402, 13.0438311], [77.4751604, 13.0440303], [77.4752316, 13.0449443], [77.4756994, 13.0479271], [77.4760029, 13.0498534], [77.4762132, 13.0510372], [77.4763267, 13.0516564], [77.4763769, 13.0519177], [77.4764651, 13.0525089], [77.4765435, 13.052943], [77.4766204, 13.0534782], [77.4766797, 13.053848], [77.4767231, 13.0541185], [77.4767346, 13.0541908]]}"
way/1203468965,yes,tertiary,LineString,"{""type"": ""LineString"", ""coordinates"": [[77.6542801, 12.9593333], [77.6542665, 12.9592684], [77.654258, 12.959225], [77.6541188, 12.958665], [77.6539827, 12.9581334], [77.6538285, 12.9575314], [77.653711, 12.9570861], [77.6536509, 12.9568829], [77.6535737, 12.9566018], [77.6534926, 12.956273], [77.6534455, 12.9561259], [77.6533927, 12.9560147]]}"
way/1203492808,yes,trunk,LineString,"{""type"": ""LineString"", ""coordinates"": [[77.6680325, 12.9219032], [77.6678812, 12.9218265]]}"
way/1203500610,yes,primary,LineString,"{""type"": ""LineString"", ""coordinates"": [[77.5884028, 12.8527921], [77.5885087, 12.8536467], [77.5885201, 12.8537244], [77.5885664, 12.8541446], [77.5885678, 12.8541575], [77.5885705, 12.8541817], [77.5886068, 12.8545522], [77.5886889, 12.8551932], [77.5887019, 12.8552916], [77.5887327, 12.8555389], [77.5888309, 12.8564271], [77.5888763, 12.8568373], [77.5888793, 12.8568781], [77.5889231, 12.8574712]]}"
way/1203508693,yes,trunk,LineString,"{""type"": ""LineString"", ""coordinates"": [[77.6400041, 12.8891559], [77.6407674, 12.8879144], [77.6430457, 12.8842087]]}"
way/1203516880,yes,trunk,LineString,"{""type"": ""LineString"", ""coordinates"": [[77.6922958, 12.9835935], [77.6928132, 12.9827889], [77.6930477, 12.9824291], [77.693056, 12.982416], [77.6934824, 12.9817435], [77.693507, 12.9817047]]}"
way/1203517291,yes,trunk,LineString,"{""type"": ""LineString"", ""coordinates"": [[77.6713614, 12.8470848], [77.6711534, 12.8473598], [77.6709221, 12.8476656]]}"
way/1203519105,yes,trunk,LineString,"{""type"": ""LineString"", ""coordinates"": [[77.6103635, 13.0428674], [77.6096085, 13.0430737], [77.6084334, 13.0433694], [77.6078589, 13.0434709], [77.6072042, 13.0435763]]}"
way/1203519106,yes,trunk,LineString,"{""type"": ""LineString"", ""coordinates"": [[77.5988051, 13.0433203], [77.5974366, 13.0422789], [77.5972255, 13.0421366], [77.5970605, 13.0420457], [77.5968865, 13.0419657], [77.5967389, 13.0419115], [77.5965921, 13.041879], [77.5964411, 13.0418655], [77.5962265, 13.0418613], [77.5944588, 13.041896], [77.5942685, 13.0419086], [77.5941146, 13.0419218], [77.5938775, 13.041947]]}"
way/1203520127,yes,trunk,LineString,"{""type"": ""LineString"", ""coordinates"": [[77.59429, 13.0420129], [77.5945382, 13.0419966], [77.5962744, 13.0419472], [77.5965017, 13.0419577], [77.5966792, 13.041994], [77.5968687, 13.042066], [77.5970433, 13.0421433], [77.5972085, 13.0422409], [77.5986002, 13.0432947]]}"
way/1203521294,yes,trunk,LineString,"{""type"": ""LineString"", ""coordinates"": [[77.6770402, 12.8399821], [77.6774815, 12.8394132], [77.6775956, 12.8392659]]}"
way/1203530533,yes,trunk,LineString,"{""type"": ""LineString"", ""coordinates"": [[77.6977263, 12.943783], [77.6975061, 12.9432083], [77.6974505, 12.94307], [77.6973929, 12.9429462], [77.6973299, 12.9428175], [77.6968518, 12.9420164], [77.6967801, 12.9418963], [77.6966095, 12.9416167], [77.6964809, 12.9413486]]}"
way/1203530534,yes,trunk,LineString,"{""type"": ""LineString"", ""coordinates"": [[77.696342, 12.9413926], [77.6967186, 12.9420199], [77.6967598, 12.9420906], [77.6971235, 12.9427148], [77.6972426, 12.9429227], [77.6973575, 12.9431597], [77.6974798, 12.9434401], [77.6976307, 12.9438616], [77.6979027, 12.9446434], [77.6979945, 12.944896], [77.6982555, 12.9456419], [77.6983099, 12.9457975]]}"
way/1203530535,yes,trunk,LineString,"{""type"": ""LineString"", ""coordinates"": [[77.6983099, 12.9457975], [77.6983397, 12.9458825], [77.6984464, 12.9461947]]}"
way/1203530536,yes,trunk,LineString,"{""type"": ""LineString"", ""coordinates"": [[77.6984248, 12.9458008], [77.698388, 12.9456991], [77.698351, 12.945597], [77.6977455, 12.9438331], [77.6977263, 12.943783]]}"
way/1203530537,yes,trunk,LineString,"{""type"": ""LineString"", ""coordinates"": [[77.6985278, 12.9460851], [77.6984248, 12.9458008]]}"
way/1203851289,yes,trunk,LineString,"{""type"": ""LineString"", ""coordinates"": [[77.6355416, 12.9161318], [77.6354011, 12.9161603], [77.6349622, 12.916221], [77.6324797, 12.9164688], [77.632431, 12.9164748], [77.6323671, 12.9164827]]}"
way/1203853407,yes,trunk,LineString,"{""type"": ""LineString"", ""coordinates"": [[77.6633501, 13.0014908], [77.6633368, 13.0017603]]}"
way/1203853877,yes,trunk,LineString,"{""type"": ""LineString"", ""coordinates"": [[77.6625474, 13.0083456], [77.6624841, 13.0092989], [77.6623923, 13.0105105]]}"
way/1203856418,yes,trunk,LineString,"{""type"": ""LineString"", ""coordinates"": [[77.5831793, 13.0444626], [77.5825226, 13.0448755], [77.5823229, 13.045013], [77.5821696, 13.0451246], [77.5811674, 13.0459822], [77.5809243, 13.046176], [77.5808848, 13.0462078], [77.5807269, 13.046335], [77.5805131, 13.0464977], [77.5799964, 13.0468862], [77.5797308, 13.0470844], [77.5795431, 13.0472124], [77.5793768, 13.0473117], [77.5792158, 13.0473879], [77.5788322, 13.0475003], [77.5786536, 13.0475331]]}"
way/1204193915,yes,tertiary,LineString,"{""type"": ""LineString"", ""coordinates"": [[77.6872096, 12.9321266], [77.6875719, 12.9324406], [77.6877433, 12.9325686], [77.6878307, 12.9326486], [77.6879274, 12.9327372], [77.6880379, 12.9328384], [77.6890881, 12.9338006], [77.6893485, 12.9340431], [77.689734, 12.9343997], [77.6899196, 12.9345719], [77.6900462, 12.9346893], [77.6903776, 12.9350372]]}"
way/1204922865,no,footway,LineString,"{""type"": ""LineString"", ""coordinates"": [[77.6260172, 13.0046048], [77.6260693, 13.0047674]]}"
way/1205163708,yes,primary,LineString,"{""type"": ""LineString"", ""coordinates"": [[77.7491206, 12.9660999], [77.7488829, 12.9653385], [77.7487461, 12.9649234], [77.7487207, 12.9648457], [77.7485423, 12.9642729], [77.7485026, 12.9641454], [77.7484104, 12.9638656], [77.7483579, 12.9637028], [77.7482963, 12.9635187], [77.7482531, 12.9633307], [77.7481912, 12.9631523]]}"
way/1205171802,yes,secondary,LineString,"{""type"": ""LineString"", ""coordinates"": [[77.5942264, 12.9724596], [77.5947499, 12.9730838], [77.5950407, 12.9734403], [77.5952234, 12.9736066], [77.5953723, 12.97373], [77.5955829, 12.9739024], [77.5957765, 12.9740673], [77.5960011, 12.9742529], [77.5964587, 12.97463], [77.5965846, 12.9747349], [77.5968399, 12.9749417], [77.5969428, 12.9750203], [77.5971254, 12.9751441], [77.5975408, 12.9754341], [77.5979363, 12.9757174], [77.5980923, 12.9758326], [77.5982399, 12.97594], [77.5987263, 12.9762974]]}"
way/1206400801,yes,secondary,LineString,"{""type"": ""LineString"", ""coordinates"": [[77.6445927, 12.9106023], [77.6445791, 12.9102368], [77.6445789, 12.9102293], [77.6445494, 12.9097482]]}"
way/1206400802,yes,secondary,LineString,"{""type"": ""LineString"", ""coordinates"": [[77.6446686, 12.9136013], [77.6447104, 12.9135094], [77.6447027, 12.9133573], [77.6446775, 12.9128809], [77.6446606, 12.9123909], [77.6446596, 12.9123675], [77.6446563, 12.912291], [77.6446647, 12.9121747]]}"
way/1206400803,yes,secondary,LineString,"{""type"": ""LineString"", ""coordinates"": [[77.6453207, 12.9120748], [77.6448611, 12.9120996], [77.6447995, 12.9121029]]}"
way/1207541335,yes,service,LineString,"{""type"": ""LineString"", ""coordinates"": [[77.5959031, 12.9440006], [77.5959697, 12.9441159]]}"
way/1208112302,yes,trunk,LineString,"{""type"": ""LineString"", ""coordinates"": [[77.6218568, 12.918616], [77.6215952, 12.9189684], [77.6212875, 12.9193784]]}"
way/1208112303,yes,trunk,LineString,"{""type"": ""LineString"", ""coordinates"": [[77.6214862, 12.9192766], [77.6219355, 12.9186638]]}"
way/1209953453,yes,primary,LineString,"{""type"": ""LineString"", ""coordinates"": [[77.6586786, 12.9714306], [77.6587402, 12.9713306], [77.6588604, 12.971136]]}"
way/1210269308,yes,tertiary,LineString,"{""type"": ""LineString"", ""coordinates"": [[77.5933506, 13.0672594], [77.5933677, 13.0670899], [77.5934449, 13.0661352], [77.5934781, 13.0653592], [77.5935003, 13.064531], [77.5935204, 13.0639442], [77.5935239, 13.0638424], [77.5935378, 13.0633684], [77.5935405, 13.063275], [77.5935443, 13.0631454], [77.5935852, 13.0625019], [77.5935913, 13.0622745], [77.5936783, 13.0608727], [77.593697, 13.0604328], [77.5936968, 13.0603988], [77.5936945, 13.0600203], [77.593685, 13.0593574], [77.5936852, 13.0592293], [77.5936809, 13.0584588], [77.5936782, 13.0583269], [77.5936702, 13.0580656], [77.5936584, 13.0577049], [77.5936561, 13.0576349], [77.5936559, 13.0576256], [77.5936508, 13.0573537], [77.5936461, 13.0570994]]}"
way/1210471206,yes,service,LineString,"{""type"": ""LineString"", ""coordinates"": [[77.6044757, 12.9717094], [77.6044175, 12.9716975], [77.6043722, 12.9716911], [77.6043414, 12.9716912], [77.604393, 12.9715599], [77.6044182, 12.9715696], [77.6044572, 12.971587], [77.6045183, 12.9716054]]}"
way/1210471208,yes,service,LineString,"{""type"": ""LineString"", ""coordinates"": [[77.6042079, 12.9714841], [77.604336, 12.9715265], [77.6043993, 12.9715383], [77.6044266, 12.9715473], [77.6044678, 12.9715614], [77.6045285, 12.9715805]]}"
way/1210690120,yes,residential,LineString,"{""type"": ""LineString"", ""coordinates"": [[77.624301, 13.007323], [77.6240207, 13.0074312]]}"
way/1210690128,yes,residential,LineString,"{""type"": ""LineString"", ""coordinates"": [[77.6247074, 13.0072698], [77.6245333, 13.0068254]]}"
way/1210714635,yes,service,LineString,"{""type"": ""LineString"", ""coordinates"": [[77.6232292, 13.0073224], [77.623255, 13.0073686], [77.6233711, 13.0076672], [77.6233811, 13.0077043], [77.6233549, 13.0077383], [77.6233136, 13.0077296], [77.6232754, 13.0077136], [77.6228983, 13.0078466]]}"
way/1211484800,yes,trunk,LineString,"{""type"": ""LineString"", ""coordinates"": [[77.7016021, 12.9680489], [77.701542, 12.9681628], [77.701339, 12.9685056], [77.7009667, 12.9691119], [77.7008094, 12.9693681], [77.6999326, 12.9707958], [77.6990133, 12.9723167], [77.6987075, 12.9728336]]}"
way/1211742305,yes,residential,LineString,"{""type"": ""LineString"", ""coordinates"": [[77.6104644, 12.9166229], [77.6104851, 12.9167066], [77.6104942, 12.9167437]]}"
way/1212051314,yes,primary,LineString,"{""type"": ""LineString"", ""coordinates"": [[77.656471, 12.9592439], [77.6558346, 12.959274], [77.6556511, 12.959281], [77.6555641, 12.9592843], [77.6553328, 12.9592874], [77.6551771, 12.9592936], [77.6548812, 12.9593057], [77.6543745, 12.9593266], [77.6543509, 12.9593283], [77.6542801, 12.9593333], [77.6542214, 12.9593375], [77.6540722, 12.9593481], [77.6536342, 12.9593688], [77.6535506, 12.9593733], [77.6532352, 12.9593906], [77.6528217, 12.9594158], [77.6526068, 12.9594278], [77.6523619, 12.9594415], [77.6514618, 12.9594908], [77.6508434, 12.959534], [77.650385, 12.9595823], [77.6497946, 12.9596568]]}"
way/1212554489,yes,tertiary,LineString,"{""type"": ""LineString"", ""coordinates"": [[77.6697577, 12.9262056], [77.6697364, 12.9272535]]}"
way/1212554490,yes,tertiary,LineString,"{""type"": ""LineString"", ""coordinates"": [[77.669684, 12.9251794], [77.6697269, 12.925271], [77.6697477, 12.9253279], [77.6697605, 12.9253847], [77.6697638, 12.9254801], [77.6697595, 12.9259919], [77.6697577, 12.9262056]]}"
way/1213789172,yes,footway,LineString,"{""type"": ""LineString"", ""coordinates"": [[77.6407686, 12.9782703], [77.6407255, 12.97827], [77.6392529, 12.9782479], [77.6389389, 12.9782406], [77.6388589, 12.9782381], [77.638813, 12.9782366], [77.6383199, 12.9782205], [77.6375506, 12.9781923], [77.6367791, 12.9781628], [77.6367581, 12.9781632], [77.6367499, 12.9781641]]}"
way/1213789175,yes,footway,LineString,"{""type"": ""LineString"", ""coordinates"": [[77.6409736, 12.9790371], [77.640974, 12.9790262], [77.6409927, 12.9785043], [77.6409933, 12.9784863]]}"
way/1213789176,yes,footway,LineString,"{""type"": ""LineString"", ""coordinates"": [[77.6409709, 12.9791188], [77.6409703, 12.979141], [77.6409622, 12.9794278], [77.6409253, 12.979946]]}"
way/1213789182,yes,footway,LineString,"{""type"": ""LineString"", ""coordinates"": [[77.6406591, 12.9800231], [77.6406608, 12.9799791], [77.6406632, 12.9799277]]}"
way/1213789184,yes,footway,LineString,"{""type"": ""LineString"", ""coordinates"": [[77.6409201, 12.9800387], [77.6409005, 12.9803716], [77.6408289, 12.9815876], [77.6407806, 12.982408]]}"
way/1213822203,yes,secondary,LineString,"{""type"": ""LineString"", ""coordinates"": [[77.6517675, 12.9154157], [77.6517212, 12.9154667]]}"
way/1213822204,yes,secondary,LineString,"{""type"": ""LineString"", ""coordinates"": [[77.6516978, 12.9161432], [77.651737, 12.9162058]]}"
way/1213892740,yes,trunk,LineString,"{""type"": ""LineString"", ""coordinates"": [[77.553303, 13.0190504], [77.5535869, 13.0178943], [77.5536176, 13.0177693]]}"
way/1215208978,yes,secondary,LineString,"{""type"": ""LineString"", ""coordinates"": [[77.6468627, 12.9750091], [77.6468926, 12.9745859], [77.6469076, 12.9743818], [77.6469168, 12.9741886], [77.6469208, 12.974131], [77.6469223, 12.9741094], [77.646927, 12.9740407], [77.6469312, 12.9739865], [77.6469537, 12.9735203], [77.6469751, 12.9731923], [77.6469758, 12.9731827], [77.6469801, 12.9731216]]}"
way/1215278274,yes,tertiary,LineString,"{""type"": ""LineString"", ""coordinates"": [[77.632462, 12.9124069], [77.6324149, 12.9124067]]}"
way/1215278281,yes,tertiary,LineString,"{""type"": ""LineString"", ""coordinates"": [[77.6328921, 12.9124485], [77.632839, 12.9124082], [77.6325384, 12.9124071], [77.6325121, 12.912407], [77.632462, 12.9124069]]}"
way/1215354174,yes,trunk,LineString,"{""type"": ""LineString"", ""coordinates"": [[77.6786437, 12.9270879], [77.6795192, 12.927507]]}"
way/1215354175,yes,trunk,LineString,"{""type"": ""LineString"", ""coordinates"": [[77.6796103, 12.927337], [77.6787585, 12.9269214]]}"
way/1216896011,yes,residential,LineString,"{""type"": ""LineString"", ""coordinates"": [[77.6066876, 12.9136565], [77.6067237, 12.9132772], [77.6067598, 12.9128581], [77.6068015, 12.9124327]]}"
way/1217527840,yes,footway,LineString,"{""type"": ""LineString"", ""coordinates"": [[77.5921802, 12.9794657], [77.5917838, 12.9790601], [77.5916876, 12.9789318], [77.5915203, 12.9787569], [77.5914137, 12.978641], [77.5911137, 12.978358]]}"
way/1217527841,yes,footway,LineString,"{""type"": ""LineString"", ""coordinates"": [[77.5911137, 12.978358], [77.5910248, 12.978252], [77.590937, 12.9781526], [77.5907677, 12.9780294], [77.5907511, 12.97801], [77.5907219, 12.9779795], [77.5906895, 12.9779747], [77.5905444, 12.9780876]]}"
way/1217769137,yes,footway,LineString,"{""type"": ""LineString"", ""coordinates"": [[77.6016909, 12.9764328], [77.6017255, 12.9764258]]}"
way/1217769138,yes,footway,LineString,"{""type"": ""LineString"", ""coordinates"": [[77.6018227, 12.9764096], [77.6018398, 12.9764074]]}"
way/1217769144,yes,footway,LineString,"{""type"": ""LineString"", ""coordinates"": [[77.6026255, 12.9756029], [77.6026606, 12.9755943], [77.6027587, 12.9755702], [77.6028116, 12.9755578], [77.6030726, 12.9754946], [77.6033736, 12.9754217], [77.6035744, 12.9753733], [77.6040842, 12.9752503], [77.6041028, 12.9752459]]}"
way/1217769146,yes,footway,LineString,"{""type"": ""LineString"", ""coordinates"": [[77.6042475, 12.9759087], [77.6029723, 12.9761971], [77.6026731, 12.9762633], [77.6026127, 12.9762766], [77.6025873, 12.9762814]]}"
way/1217769149,yes,footway,LineString,"{""type"": ""LineString"", ""coordinates"": [[77.6026858, 12.9753813], [77.6026913, 12.9754003], [77.6026972, 12.9754106], [77.602709, 12.97543], [77.6027251, 12.9754445], [77.6027432, 12.9754591], [77.6027833, 12.9754722], [77.6028006, 12.9754682], [77.6030762, 12.9754028], [77.6034127, 12.975317], [77.604064, 12.9751674], [77.6041024, 12.9751563], [77.6041168, 12.9751529]]}"
way/1218229439,yes,tertiary,LineString,"{""type"": ""LineString"", ""coordinates"": [[77.6634292, 12.9555481], [77.6633675, 12.9556869], [77.6631442, 12.9563803], [77.6630409, 12.9567012], [77.6630327, 12.9567268], [77.6630181, 12.9568762]]}"
way/1218927985,yes,tertiary,LineString,"{""type"": ""LineString"", ""coordinates"": [[77.5926107, 12.9319971], [77.5926237, 12.9322783], [77.5926301, 12.9325666], [77.5926526, 12.9334562], [77.5926814, 12.9337259], [77.5926873, 12.9339617], [77.592702, 12.9342492], [77.5927055, 12.9344263], [77.5927061, 12.9345093], [77.5927107, 12.9346892], [77.5927172, 12.9349123], [77.5927239, 12.9352953], [77.5927279, 12.9357488], [77.5927038, 12.9361174]]}"
way/1219030816,yes,secondary,LineString,"{""type"": ""LineString"", ""coordinates"": [[77.6097886, 12.9347623], [77.6097357, 12.9346906]]}"
way/1219030817,yes,secondary,LineString,"{""type"": ""LineString"", ""coordinates"": [[77.6097197, 12.9346732], [77.6097312, 12.9346337], [77.609727, 12.9346156], [77.6097198, 12.9345826], [77.6097317, 12.934356]]}"
way/1219039458,yes,pedestrian,LineString,"{""type"": ""LineString"", ""coordinates"": [[77.5946183, 12.9401047], [77.5948949, 12.940081]]}"
way/1220087185,yes,footway,LineString,"{""type"": ""LineString"", ""coordinates"": [[77.5912333, 13.0705281], [77.5916933, 13.0704044], [77.5917464, 13.0703901], [77.5918101, 13.0703783], [77.5921199, 13.0705495], [77.5924391, 13.0705325]]}"
way/1220087186,yes,service,LineString,"{""type"": ""LineString"", ""coordinates"": [[77.5919499, 13.0709417], [77.591824, 13.0705336]]}"
way/1220087187,yes,service,LineString,"{""type"": ""LineString"", ""coordinates"": [[77.5919955, 13.0709197], [77.5918637, 13.070522]]}"
way/1220180597,yes,primary,LineString,"{""type"": ""LineString"", ""coordinates"": [[77.588254, 12.8507462], [77.5882555, 12.8508239], [77.5883299, 12.8518576], [77.5883511, 12.8522006], [77.5884028, 12.8527921]]}"
way/1220180599,yes,primary,LineString,"{""type"": ""LineString"", ""coordinates"": [[77.5882412, 12.8506049], [77.588254, 12.8507462]]}"
way/1220180601,yes,primary,LineString,"{""type"": ""LineString"", ""coordinates"": [[77.5882405, 12.8505349], [77.5882412, 12.8506049]]}"
way/1220180627,yes,primary,LineString,"{""type"": ""LineString"", ""coordinates"": [[77.5882511, 12.8496909], [77.5882499, 12.8498129], [77.5882495, 12.8498529], [77.588245, 12.850297], [77.5882423, 12.8503712], [77.5882405, 12.8505349]]}"
way/1220184258,yes,primary,LineString,"{""type"": ""LineString"", ""coordinates"": [[77.5882302, 12.8478464], [77.5882359, 12.8479887], [77.58824, 12.8487392], [77.5882406, 12.8488571], [77.5882407, 12.8488679], [77.5882413, 12.8489814], [77.5882454, 12.8492372], [77.5882457, 12.8492782], [77.5882459, 12.8492987], [77.5882464, 12.8493359], [77.5882511, 12.8496909]]}"
way/1220262053,yes,footway,LineString,"{""type"": ""LineString"", ""coordinates"": [[77.6124826, 12.9337996], [77.6129344, 12.9329696], [77.6133703, 12.9322573], [77.6134092, 12.9321562], [77.613416, 12.9321012]]}"
way/1220424437,yes,residential,LineString,"{""type"": ""LineString"", ""coordinates"": [[77.6190329, 12.8682107], [77.6188704, 12.8674175]]}"
way/1220424438,yes,residential,LineString,"{""type"": ""LineString"", ""coordinates"": [[77.6190329, 12.8682107], [77.6187951, 12.8682135]]}"
way/1220424439,yes,residential,LineString,"{""type"": ""LineString"", ""coordinates"": [[77.619241, 12.8673626], [77.619355, 12.8681637]]}"
way/1220424440,yes,residential,LineString,"{""type"": ""LineString"", ""coordinates"": [[77.6196261, 12.8681166], [77.619355, 12.8681637]]}"
way/1221908338,yes,residential,LineString,"{""type"": ""LineString"", ""coordinates"": [[77.7054932, 12.9076472], [77.7053885, 12.9076815], [77.7042351, 12.9080608]]}"
way/1221908339,yes,residential,LineString,"{""type"": ""LineString"", ""coordinates"": [[77.7042351, 12.9080608], [77.703958, 12.9081506], [77.7037072, 12.9082328]]}"
way/1222155539,yes,service,LineString,"{""type"": ""LineString"", ""coordinates"": [[77.6187942, 13.005142], [77.6188452, 13.0052744]]}"
way/1222198037,yes,service,LineString,"{""type"": ""LineString"", ""coordinates"": [[77.7373907, 12.9706974], [77.7374382, 12.9708148], [77.7373513, 12.9708793]]}"
way/1226405411,yes,service,LineString,"{""type"": ""LineString"", ""coordinates"": [[77.4980072, 12.9234528], [77.4982949, 12.9237206], [77.4984099, 12.9238277], [77.4986426, 12.9240543], [77.4986901, 12.9241005], [77.4989751, 12.9243755], [77.4990653, 12.9244766]]}"
way/1227562844,yes,secondary,LineString,"{""type"": ""LineString"", ""coordinates"": [[77.6079337, 12.9750849], [77.6078044, 12.9751124], [77.6074118, 12.9752081]]}"
way/1227743923,yes,residential,LineString,"{""type"": ""LineString"", ""coordinates"": [[77.6570375, 12.956781], [77.657044, 12.9566495]]}"
way/1227939960,yes,residential,LineString,"{""type"": ""LineString"", ""coordinates"": [[77.6545584, 12.9204588], [77.6544595, 12.9197639], [77.6544202, 12.919313], [77.6542886, 12.9181752], [77.6542546, 12.9181397], [77.6541989, 12.9181209]]}"
way/1227940029,yes,residential,LineString,"{""type"": ""LineString"", ""coordinates"": [[77.651791, 12.9158511], [77.6518913, 12.9158531], [77.652225, 12.915864], [77.6525847, 12.9158757], [77.6527049, 12.9158795], [77.6541207, 12.9159245]]}"
way/1227940030,yes,secondary,LineString,"{""type"": ""LineString"", ""coordinates"": [[77.651737, 12.9162058], [77.6517823, 12.9161425], [77.6517866, 12.9159969], [77.651791, 12.9158511]]}"
way/1227940031,yes,tertiary,LineString,"{""type"": ""LineString"", ""coordinates"": [[77.6517079, 12.9158503], [77.651791, 12.9158511]]}"
way/1227940032,yes,secondary,LineString,"{""type"": ""LineString"", ""coordinates"": [[77.6517079, 12.9158503], [77.6516978, 12.9161432]]}"
way/1227950100,yes,tertiary,LineString,"{""type"": ""LineString"", ""coordinates"": [[77.5712916, 13.0284799], [77.5713861, 13.0284678], [77.5714598, 13.0284563], [77.5718337, 13.0283855], [77.5719489, 13.0283354]]}"
way/1229015674,yes,residential,LineString,"{""type"": ""LineString"", ""coordinates"": [[77.5906057, 13.0983442], [77.5905665, 13.0983058], [77.5902082, 13.0979557], [77.5897276, 13.0975963], [77.5891869, 13.0972535], [77.5889123, 13.0971259]]}"
way/1229232117,no,tertiary,LineString,"{""type"": ""LineString"", ""coordinates"": [[77.6010393, 13.0566477], [77.6008961, 13.0566851], [77.6007219, 13.0567287], [77.6003115, 13.0568413]]}"
way/1229252518,yes,residential,LineString,"{""type"": ""LineString"", ""coordinates"": [[77.597644, 13.0635601], [77.5977549, 13.0635323], [77.5978378, 13.0635303], [77.5979147, 13.0635222], [77.5980511, 13.0635054], [77.5982814, 13.0634696]]}"
way/1229632662,yes,residential,LineString,"{""type"": ""LineString"", ""coordinates"": [[77.6818964, 12.9754566], [77.6816056, 12.9755546]]}"
way/1230829566,yes,residential,LineString,"{""type"": ""LineString"", ""coordinates"": [[77.5863225, 13.0927963], [77.5862902, 13.092798], [77.5861448, 13.0928059], [77.5859382, 13.0928154], [77.5859144, 13.0928316], [77.585914, 13.0928721], [77.5859696, 13.0933434], [77.5859787, 13.0933787], [77.5860035, 13.0934041], [77.5860401, 13.09341], [77.5861992, 13.0934041], [77.5862991, 13.0934004], [77.5864254, 13.0933957], [77.5864542, 13.0933878], [77.5864773, 13.0933762], [77.5864961, 13.0933516], [77.5864776, 13.0928291], [77.5864651, 13.0928063], [77.5864271, 13.0927928], [77.5863708, 13.0927934], [77.5863225, 13.0927963]]}"
way/1231870408,yes,footway,LineString,"{""type"": ""LineString"", ""coordinates"": [[77.5976585, 12.9712369], [77.5977321, 12.9712751], [77.5978052, 12.9713156]]}"
way/1232642395,yes,secondary,LineString,"{""type"": ""LineString"", ""coordinates"": [[77.5973808, 12.9806694], [77.5973697, 12.9806945]]}"
way/1233493584,yes,footway,LineString,"{""type"": ""LineString"", ""coordinates"": [[77.580868, 13.1003901], [77.5789207, 13.0998089]]}"
way/1233493585,yes,footway,LineString,"{""type"": ""LineString"", ""coordinates"": [[77.5788456, 13.0997841], [77.5772857, 13.0993385], [77.5772269, 13.0993217], [77.5772081, 13.0993112], [77.5772997, 13.0990272]]}"
way/1233493587,yes,footway,LineString,"{""type"": ""LineString"", ""coordinates"": [[77.5809706, 13.1004179], [77.5809422, 13.1004098], [77.580868, 13.1003901]]}"
way/1233493588,yes,footway,LineString,"{""type"": ""LineString"", ""coordinates"": [[77.5813408, 13.1005222], [77.5809706, 13.1004179]]}"
way/1233493589,yes,footway,LineString,"{""type"": ""LineString"", ""coordinates"": [[77.5814295, 13.1005471], [77.5813825, 13.1005339], [77.5813408, 13.1005222]]}"
way/1233493590,yes,footway,LineString,"{""type"": ""LineString"", ""coordinates"": [[77.5827163, 13.1009098], [77.5814295, 13.1005471]]}"
way/1233493591,yes,footway,LineString,"{""type"": ""LineString"", ""coordinates"": [[77.5828081, 13.1009356], [77.5827714, 13.1009253], [77.5827163, 13.1009098]]}"
way/1233493592,yes,footway,LineString,"{""type"": ""LineString"", ""coordinates"": [[77.5831806, 13.1010403], [77.583156, 13.1010336], [77.5828081, 13.1009356]]}"
way/1233493595,yes,footway,LineString,"{""type"": ""LineString"", ""coordinates"": [[77.5849182, 13.099238], [77.5843924, 13.0994902], [77.5839391, 13.0998559], [77.5837527, 13.1000714], [77.5835529, 13.1003719], [77.5832854, 13.1010701]]}"
way/1233493604,yes,footway,LineString,"{""type"": ""LineString"", ""coordinates"": [[77.5843516, 13.0979556], [77.5842509, 13.0977235], [77.5840104, 13.0971646], [77.5839765, 13.0970861], [77.5839633, 13.0970554]]}"
way/1233493607,yes,footway,LineString,"{""type"": ""LineString"", ""coordinates"": [[77.5838983, 13.0966446], [77.5840385, 13.0969637], [77.5843721, 13.097723], [77.5844576, 13.0979177]]}"
way/1233493610,yes,footway,LineString,"{""type"": ""LineString"", ""coordinates"": [[77.5849636, 13.0990691], [77.5854217, 13.0989004]]}"
way/1233493615,yes,footway,LineString,"{""type"": ""LineString"", ""coordinates"": [[77.5867883, 13.0988756], [77.5868297, 13.0988827]]}"
way/1233493616,yes,footway,LineString,"{""type"": ""LineString"", ""coordinates"": [[77.5854606, 13.09889], [77.5856953, 13.0988567], [77.5859937, 13.0988331], [77.5867883, 13.0988756]]}"
way/1233493619,yes,footway,LineString,"{""type"": ""LineString"", ""coordinates"": [[77.5844803, 13.0979693], [77.584764, 13.0986149], [77.5848534, 13.0988183], [77.5849636, 13.0990691], [77.5849738, 13.0990924]]}"
way/1233493622,yes,tertiary,LineString,"{""type"": ""LineString"", ""coordinates"": [[77.5831758, 13.1010963], [77.5832029, 13.1010491], [77.5833308, 13.1007408], [77.5835145, 13.1002847], [77.5837162, 13.1000019], [77.583872, 13.099812], [77.5842945, 13.0994788], [77.5845326, 13.0993334], [77.5848814, 13.0991534], [77.5849309, 13.0991361]]}"
way/1233493631,yes,footway,LineString,"{""type"": ""LineString"", ""coordinates"": [[77.5861956, 13.1021824], [77.5861077, 13.1021385], [77.5850292, 13.1017988], [77.5849778, 13.1017845], [77.5844588, 13.1016408], [77.5840137, 13.1015197], [77.5839666, 13.1015024], [77.583094, 13.1012449], [77.5830232, 13.1012228], [77.5830112, 13.1012185], [77.5822943, 13.1010152], [77.5793785, 13.1001805], [77.5792044, 13.1001289], [77.5789348, 13.1000813], [77.5788195, 13.1000538], [77.5783005, 13.0999023], [77.577209, 13.0995966], [77.5767126, 13.0994575]]}"
way/1233497390,yes,footway,LineString,"{""type"": ""LineString"", ""coordinates"": [[77.5823411, 13.093476], [77.5823607, 13.0934693], [77.5824233, 13.0934478], [77.5824737, 13.0934306], [77.582486, 13.0934264]]}"
way/1233497391,yes,footway,LineString,"{""type"": ""LineString"", ""coordinates"": [[77.5810061, 13.0942046], [77.5806601, 13.0944331]]}"
way/1233497392,yes,footway,LineString,"{""type"": ""LineString"", ""coordinates"": [[77.5810497, 13.0941758], [77.5810231, 13.0941934], [77.5810061, 13.0942046]]}"
way/1233497394,yes,footway,LineString,"{""type"": ""LineString"", ""coordinates"": [[77.5806601, 13.0944331], [77.5806376, 13.0944535], [77.5806145, 13.0944743]]}"
way/1233497395,yes,footway,LineString,"{""type"": ""LineString"", ""coordinates"": [[77.5813991, 13.0939577], [77.5813798, 13.0939664], [77.5813702, 13.0939707]]}"
way/1233497396,yes,footway,LineString,"{""type"": ""LineString"", ""coordinates"": [[77.5822942, 13.0933605], [77.5823411, 13.093476], [77.5823566, 13.0935142], [77.582183, 13.0935839], [77.5817035, 13.0937977], [77.5815988, 13.0938527], [77.5813991, 13.0939577]]}"
way/1233497407,yes,footway,LineString,"{""type"": ""LineString"", ""coordinates"": [[77.5813702, 13.0939707], [77.5812122, 13.0940722], [77.5810497, 13.0941758]]}"
way/1233497408,yes,footway,LineString,"{""type"": ""LineString"", ""coordinates"": [[77.5795437, 13.0955173], [77.5795658, 13.0954968], [77.580127, 13.0949785], [77.5806621, 13.0945683]]}"
way/1233497410,yes,footway,LineString,"{""type"": ""LineString"", ""coordinates"": [[77.5807171, 13.0945298], [77.5811584, 13.0942352], [77.5814353, 13.0940713], [77.5819657, 13.0937911]]}"
way/1233497411,yes,footway,LineString,"{""type"": ""LineString"", ""coordinates"": [[77.5806621, 13.0945683], [77.5806929, 13.0945468], [77.5807171, 13.0945298]]}"
way/1233497412,yes,footway,LineString,"{""type"": ""LineString"", ""coordinates"": [[77.5820012, 13.0937683], [77.5824106, 13.0936073], [77.5824509, 13.0935919], [77.5824814, 13.0935803], [77.5825295, 13.0935628], [77.5825126, 13.0935097], [77.582486, 13.0934264]]}"
way/1233497413,yes,footway,LineString,"{""type"": ""LineString"", ""coordinates"": [[77.5819657, 13.0937911], [77.581991, 13.0937749], [77.5820012, 13.0937683]]}"
way/1233497414,yes,footway,LineString,"{""type"": ""LineString"", ""coordinates"": [[77.5773792, 13.098774], [77.5775903, 13.0982316], [77.5777057, 13.0979952], [77.5781053, 13.0973049]]}"
way/1233497415,yes,footway,LineString,"{""type"": ""LineString"", ""coordinates"": [[77.5788443, 13.0961025], [77.5785707, 13.0964513], [77.5784252, 13.0966341], [77.578029, 13.097239], [77.5779272, 13.0974147], [77.5777385, 13.0977365], [77.5776215, 13.0979502]]}"
way/1233498693,yes,footway,LineString,"{""type"": ""LineString"", ""coordinates"": [[77.5889721, 13.0956048], [77.5889867, 13.0956098]]}"
way/1233498694,yes,footway,LineString,"{""type"": ""LineString"", ""coordinates"": [[77.5888161, 13.095552], [77.5888305, 13.0955568]]}"
way/1233498695,yes,footway,LineString,"{""type"": ""LineString"", ""coordinates"": [[77.5888305, 13.0955568], [77.5888679, 13.095571], [77.5889399, 13.0955939], [77.5889721, 13.0956048]]}"
way/1233498696,yes,footway,LineString,"{""type"": ""LineString"", ""coordinates"": [[77.5898025, 13.0936082], [77.5898231, 13.0936156]]}"
way/1233498697,yes,footway,LineString,"{""type"": ""LineString"", ""coordinates"": [[77.5884299, 13.0969373], [77.5885937, 13.0965469], [77.5889811, 13.0956231], [77.5889867, 13.0956098], [77.5890904, 13.0953626], [77.5892606, 13.0949568], [77.5898231, 13.0936156], [77.5901833, 13.0927566], [77.5907841, 13.0929969], [77.5908378, 13.0930505], [77.590874, 13.0931628], [77.5909249, 13.0932856], [77.5909872, 13.0932691]]}"
way/1233498698,yes,footway,LineString,"{""type"": ""LineString"", ""coordinates"": [[77.5896387, 13.093549], [77.5896636, 13.0935586]]}"
way/1233498699,yes,footway,LineString,"{""type"": ""LineString"", ""coordinates"": [[77.5873962, 13.0990091], [77.5882696, 13.0968826], [77.5888161, 13.095552], [77.5890912, 13.0948822], [77.5894692, 13.0939617], [77.5896387, 13.093549], [77.5896801, 13.0934482]]}"
way/1233498701,yes,footway,LineString,"{""type"": ""LineString"", ""coordinates"": [[77.5896636, 13.0935586], [77.5896841, 13.0935659], [77.5897642, 13.0935945], [77.5898025, 13.0936082]]}"
way/1233786389,yes,trunk,LineString,"{""type"": ""LineString"", ""coordinates"": [[77.5932674, 13.0573653], [77.5932989, 13.0574176], [77.5933065, 13.057582], [77.5933497, 13.0582825], [77.5933577, 13.0590519], [77.5933591, 13.0603388], [77.5933215, 13.0611788], [77.5932933, 13.0618934], [77.5932075, 13.0635617], [77.5931793, 13.0639875], [77.5931592, 13.0651332], [77.5931431, 13.0654781], [77.5931217, 13.0659733], [77.5930788, 13.0665507], [77.5930112, 13.0671237], [77.593, 13.0672464], [77.5929567, 13.0677865], [77.5929211, 13.068185], [77.5928427, 13.0693176], [77.5927716, 13.070185], [77.5927207, 13.0710707], [77.5926577, 13.0721249], [77.5926451, 13.0723187], [77.5926, 13.0730146], [77.5925834, 13.0732341], [77.5925688, 13.0734579]]}"
way/1234220598,yes,path,LineString,"{""type"": ""LineString"", ""coordinates"": [[77.560234, 13.111607], [77.5600704, 13.1118533], [77.5599202, 13.1119369], [77.5596949, 13.1120152], [77.5595339, 13.1120988], [77.5594213, 13.1122033], [77.5594052, 13.1124489], [77.5594481, 13.1127258], [77.5597405, 13.1131255], [77.5599167, 13.1133276]]}"
way/1234220599,yes,path,LineString,"{""type"": ""LineString"", ""coordinates"": [[77.5599167, 13.1133276], [77.5599733, 13.1133924]]}"
way/1234301118,yes,footway,LineString,"{""type"": ""LineString"", ""coordinates"": [[77.5825295, 13.0935628], [77.5827122, 13.0939891], [77.5835047, 13.0957202], [77.5836944, 13.0961532], [77.5838983, 13.0966446]]}"
way/1234301119,yes,footway,LineString,"{""type"": ""LineString"", ""coordinates"": [[77.5824509, 13.0935919], [77.5831228, 13.0951246], [77.5839633, 13.0970554]]}"
way/1234788247,yes,secondary,LineString,"{""type"": ""LineString"", ""coordinates"": [[77.6516305, 12.9197921], [77.6516252, 12.9199817], [77.6516244, 12.9200111]]}"
way/1235866757,yes,footway,LineString,"{""type"": ""LineString"", ""coordinates"": [[77.6265109, 13.0005093], [77.6262911, 13.0003514], [77.62608, 13.0002033], [77.6257829, 13.00003], [77.6256485, 12.9999413], [77.6255778, 12.9998936], [77.6254257, 12.9997859], [77.6253865, 12.9997576], [77.6251814, 12.9996094], [77.625168, 12.9996002], [77.6251057, 12.9995577], [77.625006, 12.9994561], [77.6248212, 12.999268], [77.6244473, 12.9988975], [77.624149, 12.9985993], [77.6239161, 12.9983655], [77.6238342, 12.9982694], [77.6237341, 12.9981363], [77.6235827, 12.998019], [77.6234116, 12.9979071], [77.623275, 12.9978517], [77.6231375, 12.997824], [77.6229647, 12.9978073], [77.6228585, 12.997859], [77.622704, 12.9980754], [77.6226482, 12.9981219], [77.62249, 12.9982422], [77.6222919, 12.9983884], [77.6216959, 12.9988879], [77.6212319, 12.9992541], [77.6208007, 12.9996373], [77.620483, 12.9999107]]}"
way/1237819634,yes,footway,LineString,"{""type"": ""LineString"", ""coordinates"": [[77.6409681, 12.9782825], [77.6410214, 12.9782845], [77.6415398, 12.9783042]]}"
way/1237819643,yes,footway,LineString,"{""type"": ""LineString"", ""coordinates"": [[77.6457691, 12.9784435], [77.6465462, 12.9784837], [77.6465621, 12.9784848]]}"
way/1237823895,yes,footway,LineString,"{""type"": ""LineString"", ""coordinates"": [[77.6410214, 12.9782845], [77.6410209, 12.9782974]]}"
way/1238262202,yes,tertiary,LineString,"{""type"": ""LineString"", ""coordinates"": [[77.6000388, 12.9142067], [77.6000883, 12.9142091], [77.6004854, 12.9142456], [77.6005668, 12.9142531], [77.6008754, 12.9142822], [77.6009323, 12.9142852], [77.6011256, 12.9142985], [77.6012184, 12.9143049], [77.601477, 12.9143057], [77.6017844, 12.9143066], [77.6020664, 12.9143074], [77.6023542, 12.9143065], [77.6027405, 12.9143071]]}"
way/1238368501,no,footway,LineString,"{""type"": ""LineString"", ""coordinates"": [[77.723265, 12.9769541], [77.7232785, 12.976953], [77.7239375, 12.9769009], [77.7241164, 12.9768895], [77.7242062, 12.9769342], [77.7246421, 12.9769009]]}"
way/1238377144,yes,secondary,LineString,"{""type"": ""LineString"", ""coordinates"": [[77.5897256, 13.0934708], [77.5898023, 13.0935024]]}"
way/1238377145,yes,tertiary,LineString,"{""type"": ""LineString"", ""coordinates"": [[77.5901021, 13.0927028], [77.5900756, 13.0927071], [77.5900596, 13.0927171], [77.5900499, 13.0927308], [77.5899401, 13.0929747], [77.5897256, 13.0934708]]}"
way/1238755120,yes,unclassified,LineString,"{""type"": ""LineString"", ""coordinates"": [[77.6958634, 12.9839592], [77.6977882, 12.9835059], [77.6979238, 12.9834728]]}"
way/1238755124,no,footway,LineString,"{""type"": ""LineString"", ""coordinates"": [[77.6909761, 12.985977], [77.6922941, 12.9838941], [77.6929198, 12.9828981], [77.692945, 12.982888]]}"
way/1238755129,yes,service,LineString,"{""type"": ""LineString"", ""coordinates"": [[77.6969881, 12.9802758], [77.6969103, 12.9798671]]}"
way/1238821104,yes,service,LineString,"{""type"": ""LineString"", ""coordinates"": [[77.5924578, 12.95445], [77.5926262, 12.9548723]]}"
way/1238821105,yes,service,LineString,"{""type"": ""LineString"", ""coordinates"": [[77.5924154, 12.9536956], [77.5923901, 12.9536353], [77.5924278, 12.9534633]]}"
way/1238821106,yes,service,LineString,"{""type"": ""LineString"", ""coordinates"": [[77.5923041, 12.953736], [77.5924278, 12.9534633]]}"
way/1238821107,yes,service,LineString,"{""type"": ""LineString"", ""coordinates"": [[77.5922544, 12.9535402], [77.5922006, 12.9537736]]}"
way/1239003788,yes,trunk,LineString,"{""type"": ""LineString"", ""coordinates"": [[77.6872247, 12.9317906], [77.6870883, 12.9316617], [77.6859061, 12.9305942]]}"
way/1239003789,yes,trunk,LineString,"{""type"": ""LineString"", ""coordinates"": [[77.6858116, 12.930757], [77.6862527, 12.9311544], [77.6864838, 12.9313583], [77.686987, 12.9317954]]}"
way/1239003798,yes,trunk,LineString,"{""type"": ""LineString"", ""coordinates"": [[77.6859061, 12.9305942], [77.6857689, 12.9304804], [77.6854791, 12.9302495], [77.6853281, 12.9301464], [77.6850634, 12.9299741], [77.6849048, 12.9298784], [77.6845781, 12.9297067], [77.6844011, 12.9296237]]}"
way/1239003799,yes,trunk,LineString,"{""type"": ""LineString"", ""coordinates"": [[77.6843262, 12.9297729], [77.6844937, 12.9298535], [77.6846554, 12.9299371], [77.6848208, 12.9300291], [77.6849769, 12.9301226], [77.6852379, 12.9302977], [77.685388, 12.9304048], [77.6856706, 12.9306355], [77.6858116, 12.930757]]}"
way/1239805415,yes,primary,LineString,"{""type"": ""LineString"", ""coordinates"": [[77.683565, 13.0003214], [77.6832245, 13.0003072], [77.6831311, 13.0003033], [77.6829057, 13.0003129], [77.6826655, 13.0003091], [77.6824389, 13.0003113], [77.6824113, 13.0003126], [77.6821524, 13.0003222], [77.6817034, 13.0003496]]}"
way/1240374873,yes,trunk,LineString,"{""type"": ""LineString"", ""coordinates"": [[77.6648463, 12.9208114], [77.6649445, 12.9208265], [77.6650507, 12.9208412], [77.6651733, 12.9208528], [77.6652688, 12.9208738], [77.6653164, 12.9208872], [77.6654482, 12.9209153]]}"
way/1241308581,yes,tertiary,LineString,"{""type"": ""LineString"", ""coordinates"": [[77.6515431, 12.919701], [77.6515213, 12.9197003], [77.6506033, 12.9196997], [77.6504072, 12.9196813], [77.6503153, 12.9196697], [77.6500457, 12.9196356], [77.6492385, 12.9195152]]}"
way/1242193217,yes,footway,LineString,"{""type"": ""LineString"", ""coordinates"": [[77.6058133, 12.936441], [77.6058143, 12.9364502], [77.6058203, 12.9365038]]}"
way/1242193219,yes,footway,LineString,"{""type"": ""LineString"", ""coordinates"": [[77.6060525, 12.9365988], [77.6060325, 12.9364179]]}"
way/1242700331,down,construction,LineString,"{""type"": ""LineString"", ""coordinates"": [[77.6133431, 13.0459331], [77.6132939, 13.0459371], [77.6132772, 13.0459402], [77.6132627, 13.0459488], [77.6132522, 13.0459621], [77.6132473, 13.0459782], [77.6132885, 13.0464009]]}"
way/1242723502,yes,residential,LineString,"{""type"": ""LineString"", ""coordinates"": [[77.6911081, 12.9220924], [77.6911676, 12.9234479]]}"
way/1242723503,yes,residential,LineString,"{""type"": ""LineString"", ""coordinates"": [[77.6905019, 12.9221147], [77.690555, 12.923696]]}"
way/1242723504,yes,residential,LineString,"{""type"": ""LineString"", ""coordinates"": [[77.6899331, 12.922108], [77.6899353, 12.9221691], [77.6900044, 12.9238534]]}"
way/1242723505,yes,residential,LineString,"{""type"": ""LineString"", ""coordinates"": [[77.6894071, 12.9221331], [77.6894093, 12.9221914], [77.6894818, 12.9241053]]}"
way/1246086239,yes,footway,LineString,"{""type"": ""LineString"", ""coordinates"": [[77.6237743, 13.0018458], [77.6237925, 13.0018516], [77.6238097, 13.0018929], [77.6239253, 13.0021702], [77.6241892, 13.0028237], [77.6243835, 13.0032978], [77.6245524, 13.0036887], [77.6247138, 13.004088], [77.6247701, 13.0042494], [77.6248986, 13.0046146], [77.6250315, 13.0050873], [77.6251955, 13.0055927], [77.6252579, 13.0057596], [77.6253344, 13.0059607], [77.6255199, 13.0064505]]}"
way/1246090098,yes,footway,LineString,"{""type"": ""LineString"", ""coordinates"": [[77.6237743, 13.0018458], [77.6235096, 13.0020107], [77.6231975, 13.0022254], [77.6229494, 13.0023771], [77.6222289, 13.0028131], [77.6221538, 13.0028592], [77.6218788, 13.0030281], [77.6217062, 13.0031341], [77.6213765, 13.0033225], [77.6213667, 13.0033281], [77.6213513, 13.0033369], [77.6213242, 13.0033524], [77.620803, 13.0036441], [77.620202, 13.0038777], [77.6201559, 13.0038986], [77.6197572, 13.0040795]]}"
way/1246090099,yes,footway,LineString,"{""type"": ""LineString"", ""coordinates"": [[77.6197572, 13.0040795], [77.6197145, 13.0040944], [77.6196438, 13.0041191], [77.6196116, 13.0041304]]}"
way/1246426788,yes,primary,LineString,"{""type"": ""LineString"", ""coordinates"": [[77.6391844, 12.9241332], [77.638604, 12.9243521], [77.6384252, 12.9244592], [77.638424, 12.9244599], [77.6383216, 12.9245212], [77.6381526, 12.9246321], [77.6379823, 12.9247557], [77.6379409, 12.9247783], [77.6378675, 12.9248185], [77.6377633, 12.9248756], [77.6377274, 12.9248952], [77.6375786, 12.924974], [77.6373698, 12.9250709]]}"
way/1246426789,yes,primary,LineString,"{""type"": ""LineString"", ""coordinates"": [[77.6373952, 12.925166], [77.6377334, 12.9249877], [77.6380222, 12.9248118], [77.6382135, 12.9246913], [77.6383732, 12.9245866], [77.6386112, 12.9244338], [77.6389482, 12.924298], [77.6391957, 12.9242078]]}"
way/1247739226,yes,primary,LineString,"{""type"": ""LineString"", ""coordinates"": [[77.5891293, 12.8585764], [77.5891107, 12.8584838], [77.5890487, 12.85817], [77.5890217, 12.857785], [77.5889952, 12.8575482], [77.5889879, 12.8574663]]}"
way/1248126485,yes,primary,LineString,"{""type"": ""LineString"", ""coordinates"": [[77.5889231, 12.8574712], [77.588926, 12.8575518], [77.5889421, 12.8577851], [77.5889643, 12.8581909], [77.5890296, 12.8585045], [77.589048, 12.8585922]]}"
way/1248126486,yes,primary,LineString,"{""type"": ""LineString"", ""coordinates"": [[77.5884656, 12.8417445], [77.5884161, 12.8420753], [77.5883477, 12.842393], [77.5882789, 12.84265], [77.5882399, 12.8427777], [77.5881574, 12.8431666], [77.588143, 12.8432361], [77.5881033, 12.8435927], [77.5880824, 12.843867], [77.5880823, 12.843899], [77.5880823, 12.8439064], [77.5880821, 12.8440132], [77.5880957, 12.8451831], [77.5880981, 12.8452213], [77.588102, 12.8452822], [77.5881246, 12.845824], [77.5881581, 12.846165], [77.5881705, 12.8463585], [77.5882302, 12.8478464]]}"
way/1248258454,yes,trunk,LineString,"{""type"": ""LineString"", ""coordinates"": [[77.5568102, 13.0170903], [77.5565212, 13.0165464]]}"
way/1249434050,yes,primary,LineString,"{""type"": ""LineString"", ""coordinates"": [[77.5892519, 12.9769382], [77.5897142, 12.9771807], [77.590013, 12.9773381], [77.5901573, 12.9774136], [77.5903391, 12.9775082], [77.590487, 12.9775854], [77.5905328, 12.9776128], [77.5906434, 12.9777094], [77.590681, 12.9777693], [77.5907101, 12.9778101], [77.5907355, 12.9778457]]}"
way/1250177159,yes,footway,LineString,"{""type"": ""LineString"", ""coordinates"": [[77.5407187, 12.8575117], [77.5408075, 12.8574439], [77.5408833, 12.8573987], [77.540731, 12.8570682], [77.5406887, 12.8569791], [77.5406553, 12.8568933], [77.540632, 12.856825], [77.5406132, 12.8567597], [77.5405903, 12.856686]]}"
way/1252533779,yes,footway,LineString,"{""type"": ""LineString"", ""coordinates"": [[77.5527843, 13.0099438], [77.5527749, 13.0096341]]}"
way/1252736689,yes,tertiary,LineString,"{""type"": ""LineString"", ""coordinates"": [[77.642025, 13.0849329], [77.6420439, 13.0848275], [77.6421934, 13.0845437], [77.6422034, 13.0845246], [77.6424716, 13.0841376], [77.6425378, 13.0840421], [77.6425489, 13.0840068], [77.6426195, 13.083781], [77.6426253, 13.083668], [77.6426191, 13.0836502], [77.6425483, 13.0834455], [77.6421937, 13.0826411], [77.6419189, 13.0820382], [77.6418589, 13.0819067]]}"
way/1253845333,yes,footway,LineString,"{""type"": ""LineString"", ""coordinates"": [[77.5926097, 13.0707516], [77.5926605, 13.0700149], [77.592667, 13.0699207], [77.5926766, 13.0697819], [77.5926867, 13.0696356]]}"
way/1253845506,no,secondary,LineString,"{""type"": ""LineString"", ""coordinates"": [[77.5862814, 13.0703055], [77.5866143, 13.0705745]]}"
way/1253845514,yes,service,LineString,"{""type"": ""LineString"", ""coordinates"": [[77.5789715, 13.0703941], [77.5790039, 13.0705293], [77.579022, 13.0706057]]}"
way/1255160639,no,footway,LineString,"{""type"": ""LineString"", ""coordinates"": [[77.588551, 12.990302], [77.5885706, 12.9903084]]}"
way/1255160640,no,footway,LineString,"{""type"": ""LineString"", ""coordinates"": [[77.5887251, 12.9903551], [77.5887697, 12.990355]]}"
way/1255160641,yes,footway,LineString,"{""type"": ""LineString"", ""coordinates"": [[77.5857888, 12.9904743], [77.5857265, 12.9909565], [77.5857549, 12.9910028], [77.5858308, 12.9910207], [77.586227, 12.9909431], [77.586626, 12.990877], [77.5866421, 12.9908755], [77.5866672, 12.9908732], [77.5866814, 12.9908719], [77.5869267, 12.9908235], [77.5873681, 12.9907514], [77.5878163, 12.9906792], [77.5879544, 12.9906432], [77.5880633, 12.9906046], [77.5883781, 12.9904986], [77.588416, 12.9904858], [77.5884737, 12.9904647], [77.5884931, 12.9904476], [77.5885096, 12.9904279], [77.5885245, 12.9904032], [77.588535, 12.9903765], [77.5885409, 12.9903485]]}"
way/1255229374,automatic,service,LineString,"{""type"": ""LineString"", ""coordinates"": [[77.4996148, 12.9240887], [77.4998765, 12.9243696], [77.4998924, 12.9243866], [77.4999094, 12.9244011], [77.4999208, 12.9244111], [77.4999451, 12.9244257], [77.4999806, 12.9244222], [77.5000133, 12.9244132], [77.5000464, 12.9243869], [77.5003918, 12.9240731], [77.5005124, 12.9239561], [77.5005689, 12.9239019], [77.5008221, 12.9236589], [77.5009179, 12.9235723], [77.5010439, 12.9234632], [77.5011626, 12.9233796]]}"
way/1255316357,yes,tertiary,LineString,"{""type"": ""LineString"", ""coordinates"": [[77.4490892, 12.9393215], [77.4490926, 12.9395993], [77.4490997, 12.9398769], [77.449126, 12.9404163], [77.4491769, 12.9410489], [77.4493191, 12.9422513], [77.4494666, 12.9431741], [77.4496569, 12.9440974], [77.4498516, 12.9452685], [77.4498535, 12.9455447], [77.4498895, 12.9460887], [77.4498254, 12.9467996], [77.4498128, 12.9470771], [77.4498214, 12.9474992], [77.449822, 12.9475308], [77.449824, 12.9475519], [77.449941, 12.9484124], [77.4499513, 12.9484889], [77.4499683, 12.9486149], [77.4499811, 12.9487097], [77.4502494, 12.9496299], [77.4505903, 12.950847], [77.450758, 12.9514255], [77.4510934, 12.9525109], [77.451754, 12.9547382], [77.4521552, 12.9557868], [77.452861, 12.9575223], [77.4533037, 12.9589127], [77.4533122, 12.9589476], [77.4535861, 12.9600749], [77.4536618, 12.9607488], [77.4538846, 12.9621431], [77.4539792, 12.9633135]]}"
way/1255316358,yes,tertiary,LineString,"{""type"": ""LineString"", ""coordinates"": [[77.4499803, 12.9369578], [77.4499963, 12.9363134], [77.450053, 12.935847], [77.4502284, 12.9340378], [77.450264, 12.9336421], [77.4502826, 12.9332178], [77.4501451, 12.9323626]]}"
way/1255894052,yes,footway,LineString,"{""type"": ""LineString"", ""coordinates"": [[77.5892042, 12.984307], [77.5892002, 12.9843002], [77.589006, 12.9843915], [77.5890097, 12.9844008]]}"
way/1256466006,yes,trunk,LineString,"{""type"": ""LineString"", ""coordinates"": [[77.4502732, 12.9856234], [77.4502502, 12.9857042], [77.4502086, 12.9858577]]}"
way/1257457068,limited,footway,LineString,"{""type"": ""LineString"", ""coordinates"": [[77.5579593, 13.0182771], [77.5579739, 13.0182638], [77.5579889, 13.0182292], [77.5582888, 13.0177462], [77.5583695, 13.0176092], [77.5586515, 13.0170788], [77.5587011, 13.0169988], [77.5595411, 13.0154563], [77.5599743, 13.0146966], [77.5601793, 13.0143579], [77.5604235, 13.0139189], [77.5605193, 13.0137394], [77.5605753, 13.013642], [77.5609018, 13.0130703], [77.5614785, 13.0120371], [77.5616739, 13.0117066], [77.5617197, 13.0115925]]}"
way/1259465079,yes,primary,LineString,"{""type"": ""LineString"", ""coordinates"": [[77.5944681, 12.9621574], [77.5945085, 12.9623393]]}"
way/1259470800,yes,secondary,LineString,"{""type"": ""LineString"", ""coordinates"": [[77.5766246, 13.0993983], [77.5768824, 13.0994742], [77.5770824, 13.099536]]}"
way/1259470801,yes,secondary,LineString,"{""type"": ""LineString"", ""coordinates"": [[77.577149, 13.099343], [77.5770824, 13.099536]]}"
way/1259470802,yes,secondary,LineString,"{""type"": ""LineString"", ""coordinates"": [[77.5766743, 13.0992087], [77.5766428, 13.0993211], [77.5766246, 13.0993983]]}"
way/1259587207,yes,primary_link,LineString,"{""type"": ""LineString"", ""coordinates"": [[77.6649991, 12.9586715], [77.6651405, 12.9587], [77.6653239, 12.9586881], [77.66608, 12.9585275], [77.6661179, 12.9585195], [77.6662339, 12.9584948], [77.6662959, 12.9584823]]}"
way/1259588605,yes,primary,LineString,"{""type"": ""LineString"", ""coordinates"": [[77.6681225, 12.958135], [77.6677034, 12.9581497]]}"
way/1259589332,yes,primary,LineString,"{""type"": ""LineString"", ""coordinates"": [[77.5933841, 12.948809], [77.5933165, 12.9490798]]}"
way/1259593804,yes,primary,LineString,"{""type"": ""LineString"", ""coordinates"": [[77.6894965, 12.955443], [77.6895674, 12.9554586], [77.6907237, 12.9556629], [77.6915576, 12.9557988], [77.6915927, 12.9558043], [77.6917328, 12.955826], [77.6917798, 12.9558328], [77.6918759, 12.9558481], [77.6930909, 12.9560629], [77.6937895, 12.9562167], [77.6940745, 12.9562551], [77.6944879, 12.95631], [77.6948978, 12.9563968], [77.6963813, 12.9566544]]}"
way/1259593805,yes,primary,LineString,"{""type"": ""LineString"", ""coordinates"": [[77.6936535, 12.9561028], [77.6927477, 12.9559355], [77.6922524, 12.9558415], [77.6919012, 12.9557817], [77.6918874, 12.9557795], [77.6917898, 12.955764], [77.6917451, 12.9557568], [77.6916028, 12.9557333], [77.6915096, 12.9557161], [77.6911759, 12.9556555], [77.6909883, 12.9556227], [77.6907429, 12.9555812], [77.6896081, 12.9553619], [77.6895876, 12.9553573], [77.6895119, 12.9553374]]}"
way/1259660749,yes,primary,LineString,"{""type"": ""LineString"", ""coordinates"": [[77.61384, 12.9315208], [77.6137504, 12.9316887]]}"
way/1259761694,yes,primary,LineString,"{""type"": ""LineString"", ""coordinates"": [[77.5711031, 12.9798845], [77.5710712, 12.9798903]]}"
way/1259763894,yes,trunk_link,LineString,"{""type"": ""LineString"", ""coordinates"": [[77.5658279, 13.0142009], [77.5660003, 13.0141972], [77.5662077, 13.0142056], [77.5676217, 13.0143258]]}"
way/1259763895,yes,trunk,LineString,"{""type"": ""LineString"", ""coordinates"": [[77.5587301, 13.0182515], [77.5590569, 13.0180601]]}"
way/1259763896,yes,primary,LineString,"{""type"": ""LineString"", ""coordinates"": [[77.55377, 13.0131211], [77.5537887, 13.0131704], [77.5538218, 13.0132449], [77.5538412, 13.0132887], [77.5538842, 13.0134222], [77.5539026, 13.0134857]]}"
way/1259770236,yes,trunk,LineString,"{""type"": ""LineString"", ""coordinates"": [[77.5902694, 13.0430588], [77.5906466, 13.0430244]]}"
way/1261359822,yes,primary,LineString,"{""type"": ""LineString"", ""coordinates"": [[77.6649578, 12.9948703], [77.6648398, 12.9948212], [77.6645137, 12.9946854], [77.6643182, 12.9945936], [77.6640375, 12.9944609], [77.6635092, 12.9942131], [77.6628135, 12.9938818]]}"
way/1263537976,yes,footway,LineString,"{""type"": ""LineString"", ""coordinates"": [[77.6115616, 12.9355366], [77.6114132, 12.9358276], [77.6113196, 12.9360114], [77.6111287, 12.9363859], [77.6108905, 12.936831], [77.6108269, 12.9369399], [77.6107392, 12.93709], [77.6106845, 12.9371837], [77.6105144, 12.9375047], [77.610421, 12.9376808], [77.6100688, 12.9383354], [77.6097966, 12.9388066], [77.6097706, 12.9388511], [77.6096158, 12.939165], [77.6095406, 12.9393185], [77.6094152, 12.9395759], [77.6094691, 12.939598]]}"
way/1263537991,yes,footway,LineString,"{""type"": ""LineString"", ""coordinates"": [[77.5877267, 12.9756879], [77.5877401, 12.9757019], [77.5877053, 12.9757336]]}"
way/1263537992,yes,footway,LineString,"{""type"": ""LineString"", ""coordinates"": [[77.5877267, 12.9756879], [77.5876364, 12.9757755]]}"
way/1263618595,yes,footway,LineString,"{""type"": ""LineString"", ""coordinates"": [[77.6543657, 12.9595152], [77.6543595, 12.9594374], [77.6543509, 12.9593283], [77.6543485, 12.9592986]]}"
way/1263618596,yes,footway,LineString,"{""type"": ""LineString"", ""coordinates"": [[77.6543478, 12.9592613], [77.6543485, 12.9592986]]}"
way/1263618598,no,footway,LineString,"{""type"": ""LineString"", ""coordinates"": [[77.6540784, 12.9595293], [77.6540768, 12.9594507], [77.6540722, 12.9593481], [77.6540708, 12.9593025]]}"
way/1263618599,no,footway,LineString,"{""type"": ""LineString"", ""coordinates"": [[77.6540708, 12.9593025], [77.6540692, 12.9592877]]}"
way/1263623939,yes,trunk,LineString,"{""type"": ""LineString"", ""coordinates"": [[77.5724063, 13.0146715], [77.5724617, 13.0146756]]}"
way/1265789605,yes,service,LineString,"{""type"": ""LineString"", ""coordinates"": [[77.5545823, 13.0130098], [77.5545617, 13.0130096], [77.5545073, 13.013009], [77.5544258, 13.0130096]]}"
way/1267185546,yes,footway,LineString,"{""type"": ""LineString"", ""coordinates"": [[77.5884757, 12.9843948], [77.5884851, 12.9843977]]}"
way/1267711029,yes,footway,LineString,"{""type"": ""LineString"", ""coordinates"": [[77.6950014, 12.9903806], [77.6949744, 12.9904517], [77.6949236, 12.9905854], [77.6949766, 12.9906305], [77.6952749, 12.9907951], [77.6954184, 12.9908134], [77.6954473, 12.990814], [77.6954754, 12.9908199], [77.6954981, 12.990829], [77.695519, 12.9908415], [77.6957678, 12.991161], [77.6959522, 12.9913956], [77.6961688, 12.9916772], [77.6961917, 12.9916957], [77.6962191, 12.9917072], [77.6962408, 12.9917107], [77.6962628, 12.9917095], [77.6962841, 12.991704], [77.6964658, 12.991623], [77.6964875, 12.9916101], [77.6965041, 12.9915914], [77.6965141, 12.9915687], [77.6965165, 12.9915423], [77.6965101, 12.9915166], [77.6964954, 12.9914942], [77.6963512, 12.9912558], [77.6963438, 12.9912385], [77.6963445, 12.9912198], [77.6963512, 12.9912055], [77.6963626, 12.9911943], [77.6963773, 12.9911878], [77.696437, 12.9911597], [77.6964598, 12.991138], [77.6964772, 12.991112], [77.6964882, 12.9910845], [77.6964932, 12.9910553], [77.696492, 12.9910258], [77.6964531, 12.9907376], [77.6964511, 12.9905266], [77.6964645, 12.9902489], [77.6964638, 12.9902279], [77.696458, 12.9902076], [77.6964476, 12.9901892], [77.696433, 12.9901737], [77.6964121, 12.9901606], [77.6963883, 12.9901534], [77.6963635, 12.9901527], [77.6963393, 12.9901585], [77.6963177, 12.9901705], [77.6959046, 12.9903116], [77.6957081, 12.9903586], [77.6954245, 12.9904044], [77.6951194, 12.9904488], [77.6949744, 12.9904517]]}"
way/1268355363,yes,primary,LineString,"{""type"": ""LineString"", ""coordinates"": [[77.6487035, 12.9598722], [77.6489796, 12.9598409], [77.6490236, 12.959836]]}"
way/1268369257,no,footway,LineString,"{""type"": ""LineString"", ""coordinates"": [[77.6604753, 12.9593494], [77.6605061, 12.9591089]]}"
way/1268945168,yes,service,LineString,"{""type"": ""LineString"", ""coordinates"": [[77.6924533, 12.985006], [77.6923293, 12.98405]]}"
way/1268945172,yes,service,LineString,"{""type"": ""LineString"", ""coordinates"": [[77.6911712, 12.9858383], [77.6912267, 12.9858265], [77.6912799, 12.9858068], [77.6913294, 12.9857796], [77.6913612, 12.9857567], [77.6913904, 12.9857306]]}"
way/1268945175,yes,service,LineString,"{""type"": ""LineString"", ""coordinates"": [[77.692126, 12.9855085], [77.6923594, 12.9855065], [77.6924171, 12.9854935], [77.6925954, 12.9854333], [77.6932968, 12.985023], [77.693309, 12.9849926], [77.693313, 12.9849601], [77.6933083, 12.9849277], [77.6932955, 12.9848975], [77.6932799, 12.9848764], [77.6932602, 12.9848588], [77.6932374, 12.9848454], [77.6932122, 12.9848368], [77.6926224, 12.9849703], [77.6925138, 12.9849949]]}"
way/1268945176,yes,service,LineString,"{""type"": ""LineString"", ""coordinates"": [[77.6925138, 12.9849949], [77.6924171, 12.9854935]]}"
way/1268945177,yes,service,LineString,"{""type"": ""LineString"", ""coordinates"": [[77.6911127, 12.9859287], [77.6911886, 12.9862344], [77.6912108, 12.9862561], [77.6912371, 12.9862729], [77.6912664, 12.9862841], [77.6912977, 12.9862892], [77.6913295, 12.9862879], [77.6913603, 12.9862801], [77.6923554, 12.9858901], [77.6923795, 12.9858765], [77.6923998, 12.9858579], [77.692415, 12.9858352], [77.6924246, 12.9858091], [77.6924276, 12.9857816], [77.6924238, 12.9857542], [77.6923594, 12.9855065]]}"
way/1268945178,yes,service,LineString,"{""type"": ""LineString"", ""coordinates"": [[77.6915953, 12.9851834], [77.6919269, 12.9850955], [77.6919479, 12.985088], [77.6919648, 12.9850737], [77.6919752, 12.9850544], [77.6919779, 12.985036], [77.6919747, 12.9850178], [77.6919659, 12.9850014], [77.6919524, 12.9849884], [77.6917873, 12.9848869]]}"
way/1268945179,yes,service,LineString,"{""type"": ""LineString"", ""coordinates"": [[77.6911127, 12.9859287], [77.6920799, 12.9855512], [77.6921055, 12.9855324], [77.692126, 12.9855085], [77.6921413, 12.9854778], [77.6921482, 12.9854444], [77.692169, 12.9852314], [77.6921803, 12.9852038], [77.6921964, 12.9851785], [77.6922208, 12.9851526], [77.6922501, 12.9851321], [77.6923701, 12.9850877], [77.6923962, 12.9850783], [77.6924191, 12.9850629], [77.6924344, 12.9850464], [77.692446, 12.9850271], [77.6924533, 12.985006]]}"
way/1268945181,yes,service,LineString,"{""type"": ""LineString"", ""coordinates"": [[77.6923293, 12.98405], [77.6923193, 12.9839564], [77.6922941, 12.9838941], [77.6922458, 12.9838607]]}"
way/1270618152,yes,residential,LineString,"{""type"": ""LineString"", ""coordinates"": [[77.6739302, 12.901456], [77.6739873, 12.9021362]]}"
way/1270817634,no,tertiary,LineString,"{""type"": ""LineString"", ""coordinates"": [[77.5602774, 12.907368], [77.5601321, 12.9072574], [77.55988, 12.9070387], [77.5596428, 12.9068357], [77.5594259, 12.9066602]]}"
way/1270829233,yes,primary,LineString,"{""type"": ""LineString"", ""coordinates"": [[77.6479585, 12.9868774], [77.6480173, 12.987002]]}"
way/1271765831,yes,primary,LineString,"{""type"": ""LineString"", ""coordinates"": [[77.6287288, 12.9241909], [77.628792, 12.9242826]]}"
way/1271765832,yes,primary,LineString,"{""type"": ""LineString"", ""coordinates"": [[77.6288623, 12.9241419], [77.6287288, 12.9241909]]}"
way/1272659401,no,footway,LineString,"{""type"": ""LineString"", ""coordinates"": [[77.5897084, 12.9860374], [77.5904877, 12.9868764], [77.5905233, 12.9869196]]}"
way/1272659402,no,footway,LineString,"{""type"": ""LineString"", ""coordinates"": [[77.5905233, 12.9869196], [77.5905548, 12.9869497], [77.5905875, 12.9869834]]}"
way/1272848376,yes,footway,LineString,"{""type"": ""LineString"", ""coordinates"": [[77.6020026, 12.9767137], [77.6019979, 12.9766963]]}"
way/1273326103,no,motorway,LineString,"{""type"": ""LineString"", ""coordinates"": [[77.5314494, 12.9154648], [77.5313772, 12.9147197], [77.5313082, 12.9142142], [77.5312483, 12.9138761], [77.5311864, 12.9136146], [77.5310542, 12.9131119], [77.5309769, 12.9128746], [77.5307155, 12.9122191], [77.5304966, 12.911758], [77.530008, 12.9109305], [77.5291668, 12.9095329], [77.5286816, 12.9087064]]}"
way/1273326104,no,motorway,LineString,"{""type"": ""LineString"", ""coordinates"": [[77.5314583, 12.9155634], [77.5314494, 12.9154648]]}"
way/1273326105,no,motorway,LineString,"{""type"": ""LineString"", ""coordinates"": [[77.5281096, 12.9080233], [77.5290664, 12.9095962], [77.5299121, 12.9109831], [77.5299781, 12.9110953], [77.5300893, 12.9112845], [77.5301854, 12.911448], [77.5302686, 12.9115895], [77.5303322, 12.9116977], [77.5303746, 12.9117698], [77.5303958, 12.9118059], [77.5306331, 12.9122811], [77.5308768, 12.9129045], [77.5309538, 12.9131365], [77.5310865, 12.9136359], [77.5311478, 12.9138938], [77.5312078, 12.9142309], [77.5312766, 12.9147406], [77.531341, 12.9154723]]}"
way/1273326106,no,motorway,LineString,"{""type"": ""LineString"", ""coordinates"": [[77.531341, 12.9154723], [77.531352, 12.9155722]]}"
way/1273397588,no,motorway,LineString,"{""type"": ""LineString"", ""coordinates"": [[77.5136198, 12.8935843], [77.5142121, 12.8942003]]}"
way/1273397589,no,motorway,LineString,"{""type"": ""LineString"", ""coordinates"": [[77.5134064, 12.8933543], [77.5136198, 12.8935843]]}"
way/1273397590,no,motorway,LineString,"{""type"": ""LineString"", ""coordinates"": [[77.5136879, 12.8935147], [77.5134762, 12.8932876]]}"
way/1273397591,no,motorway,LineString,"{""type"": ""LineString"", ""coordinates"": [[77.5142432, 12.8940837], [77.5136879, 12.8935147]]}"
way/1274420123,yes,footway,LineString,"{""type"": ""LineString"", ""coordinates"": [[77.6237565, 13.0017547], [77.6237485, 13.0017765], [77.6233165, 13.0020836], [77.6228857, 13.0023541], [77.6225228, 13.0025223], [77.6221079, 13.0027781], [77.6218314, 13.0029443], [77.621318, 13.0032292], [77.6207552, 13.0035545], [77.6201366, 13.0038618], [77.619734, 13.0040225]]}"
way/1274420124,yes,footway,LineString,"{""type"": ""LineString"", ""coordinates"": [[77.6224967, 12.9983333], [77.6227566, 12.9990229], [77.6230379, 12.9997182], [77.6232403, 13.0002492], [77.6234504, 13.0007976], [77.623587, 13.0011539], [77.6236939, 13.0014543], [77.6237682, 13.0016519], [77.6238421, 13.0018388], [77.6238564, 13.0018763], [77.6239803, 13.0022013], [77.6242192, 13.002808], [77.6244064, 13.0032892], [77.6245745, 13.0036799], [77.6247476, 13.0040743], [77.624804, 13.0042382], [77.6249212, 13.004609], [77.6250636, 13.0050784], [77.6252167, 13.0055862], [77.6252726, 13.0057553], [77.6253534, 13.0059543], [77.6255507, 13.0064388]]}"
way/1274420126,yes,footway,LineString,"{""type"": ""LineString"", ""coordinates"": [[77.6208239, 12.9996888], [77.6212417, 12.9992779], [77.6217107, 12.9989135], [77.622336, 12.9984357], [77.6224433, 12.9983625]]}"
way/1274448798,yes,footway,LineString,"{""type"": ""LineString"", ""coordinates"": [[77.6255778, 12.9998936], [77.6255306, 12.9999488], [77.6254942, 12.9999839], [77.6254549, 13.0000231]]}"
way/1274448799,yes,footway,LineString,"{""type"": ""LineString"", ""coordinates"": [[77.6245145, 12.9992037], [77.6248019, 12.9994909], [77.6248881, 12.9995628], [77.6249754, 12.999634], [77.6250416, 12.9996896], [77.6252552, 12.9998751], [77.6254549, 13.0000231], [77.6255381, 13.0001032]]}"
way/1274448800,yes,footway,LineString,"{""type"": ""LineString"", ""coordinates"": [[77.625006, 12.9994561], [77.6249591, 12.9994993], [77.624915, 12.9995408], [77.6248881, 12.9995628]]}"
way/1274865559,yes,secondary,LineString,"{""type"": ""LineString"", ""coordinates"": [[77.553192, 13.0013428], [77.5531273, 13.0010584], [77.5528928, 13.00031]]}"
way/1274865560,yes,residential,LineString,"{""type"": ""LineString"", ""coordinates"": [[77.553192, 13.0013428], [77.5531233, 13.0013579]]}"
way/1274865561,yes,secondary,LineString,"{""type"": ""LineString"", ""coordinates"": [[77.5532745, 13.0018927], [77.5532363, 13.0015741]]}"
way/1275205741,yes,tertiary,LineString,"{""type"": ""LineString"", ""coordinates"": [[77.592938, 13.0732388], [77.5929458, 13.0730977], [77.5930117, 13.0719015], [77.5930239, 13.071729], [77.5930442, 13.0714884], [77.5930606, 13.071218], [77.5930816, 13.0708773], [77.5931822, 13.0692473], [77.593337, 13.0674552], [77.5933506, 13.0672594]]}"
way/1275209613,yes,secondary,LineString,"{""type"": ""LineString"", ""coordinates"": [[77.5533104, 13.0023711], [77.5532745, 13.0018927]]}"
way/1275210940,yes,secondary,LineString,"{""type"": ""LineString"", ""coordinates"": [[77.5532363, 13.0015741], [77.553192, 13.0013428]]}"
way/1275217898,yes,trunk,LineString,"{""type"": ""LineString"", ""coordinates"": [[77.5932246, 13.0554887], [77.593201, 13.0560498], [77.5932028, 13.0561224], [77.5932065, 13.0562696], [77.5932107, 13.0564384], [77.5932112, 13.05646], [77.5932121, 13.0564973], [77.5932136, 13.0565549], [77.5932196, 13.056797], [77.5932314, 13.0571097], [77.5932328, 13.0571397], [77.5932346, 13.0571783], [77.5932674, 13.0573653]]}"
way/1275222888,yes,tertiary,LineString,"{""type"": ""LineString"", ""coordinates"": [[77.6884104, 12.9920173], [77.688395, 12.9919717], [77.6883541, 12.9919284], [77.6882008, 12.9917532], [77.6879618, 12.9915182], [77.6879278, 12.9914914], [77.6877622, 12.9914076], [77.6876063, 12.9913297]]}"
way/1275264637,yes,residential,LineString,"{""type"": ""LineString"", ""coordinates"": [[77.6893154, 12.9691027], [77.6889483, 12.9691576], [77.6890501, 12.9694219], [77.6890755, 12.9694883]]}"
way/1275550946,yes,primary,LineString,"{""type"": ""LineString"", ""coordinates"": [[77.7495909, 12.9677058], [77.7495389, 12.967494], [77.7492074, 12.9663497], [77.7491206, 12.9660999]]}"
way/1276833544,yes,footway,LineString,"{""type"": ""LineString"", ""coordinates"": [[77.5947062, 12.981707], [77.5946852, 12.9816817], [77.5945649, 12.9815511], [77.5938827, 12.9808415]]}"
way/1276833550,yes,footway,LineString,"{""type"": ""LineString"", ""coordinates"": [[77.5938827, 12.9808415], [77.5938469, 12.9808053], [77.5937932, 12.9807507]]}"
way/1276833551,yes,footway,LineString,"{""type"": ""LineString"", ""coordinates"": [[77.5937932, 12.9807507], [77.5932371, 12.9801716], [77.5931002, 12.9800135]]}"
way/1276833552,yes,footway,LineString,"{""type"": ""LineString"", ""coordinates"": [[77.5927352, 12.9796241], [77.5927036, 12.9795858], [77.5926632, 12.9795368]]}"
way/1276833557,yes,footway,LineString,"{""type"": ""LineString"", ""coordinates"": [[77.5908787, 12.977535], [77.5908607, 12.9775525]]}"
way/1276833558,yes,footway,LineString,"{""type"": ""LineString"", ""coordinates"": [[77.590938, 12.9776453], [77.5909496, 12.9776542], [77.590999, 12.9777117], [77.5910096, 12.9777972]]}"
way/1276833559,yes,footway,LineString,"{""type"": ""LineString"", ""coordinates"": [[77.5924261, 12.9797612], [77.5924223, 12.9797426], [77.5921802, 12.9794657]]}"
way/1276833560,yes,footway,LineString,"{""type"": ""LineString"", ""coordinates"": [[77.5924951, 12.9798367], [77.5924676, 12.9798058], [77.5924261, 12.9797612]]}"
way/1278087122,yes,residential,LineString,"{""type"": ""LineString"", ""coordinates"": [[77.5507811, 12.9961395], [77.5514076, 12.9962513]]}"
way/1278098619,yes,primary,LineString,"{""type"": ""LineString"", ""coordinates"": [[77.6653207, 12.920419], [77.6651699, 12.9204555], [77.6648998, 12.9205222]]}"
way/1278379129,yes,primary,LineString,"{""type"": ""LineString"", ""coordinates"": [[77.6120815, 13.0015373], [77.6120675, 13.0019426]]}"
way/1278409469,yes,steps,LineString,"{""type"": ""LineString"", ""coordinates"": [[77.5538426, 13.0140308], [77.5538408, 13.0141397]]}"
way/1278409934,yes,footway,LineString,"{""type"": ""LineString"", ""coordinates"": [[77.6171436, 12.972692], [77.6171539, 12.9726903], [77.6171845, 12.9728615], [77.6172187, 12.9730573], [77.6172229, 12.9730809], [77.617237, 12.9731545], [77.6172538, 12.9731516]]}"
way/1278548486,yes,primary,LineString,"{""type"": ""LineString"", ""coordinates"": [[77.5745601, 12.9748416], [77.5745927, 12.9750639], [77.5746583, 12.9754617], [77.5746613, 12.9754811], [77.5746741, 12.9755625]]}"
way/1278555476,yes,primary,LineString,"{""type"": ""LineString"", ""coordinates"": [[77.6139262, 12.973658], [77.6138258, 12.9736838]]}"
way/1278555478,yes,trunk_link,LineString,"{""type"": ""LineString"", ""coordinates"": [[77.5840257, 13.016605], [77.5841444, 13.0163712], [77.5841434, 13.014909], [77.5841434, 13.01489]]}"
way/1278555480,yes,trunk,LineString,"{""type"": ""LineString"", ""coordinates"": [[77.5895471, 13.0396022], [77.589516, 13.0393318]]}"
way/1279028555,yes,trunk_link,LineString,"{""type"": ""LineString"", ""coordinates"": [[77.7001894, 12.9525391], [77.7001422, 12.9525037], [77.7000543, 12.9524376]]}"
way/1279028556,yes,tertiary,LineString,"{""type"": ""LineString"", ""coordinates"": [[77.7014596, 12.9568724], [77.7014133, 12.9568463], [77.7013822, 12.9568312], [77.7013533, 12.9568165], [77.7013388, 12.9568012], [77.7013253, 12.9567714], [77.7013153, 12.956753], [77.701301, 12.9567203]]}"
way/1279028557,yes,tertiary,LineString,"{""type"": ""LineString"", ""coordinates"": [[77.7009431, 12.956748], [77.7009381, 12.956789], [77.7009352, 12.9568025], [77.7009229, 12.9568437], [77.7009285, 12.9569154]]}"
way/1280465899,yes,tertiary,LineString,"{""type"": ""LineString"", ""coordinates"": [[77.7009571, 12.9570708], [77.7009719, 12.95709], [77.7009887, 12.9571174], [77.7009988, 12.9571412], [77.7010187, 12.9571838]]}"
way/1280763064,yes,primary,LineString,"{""type"": ""LineString"", ""coordinates"": [[77.6389179, 12.96091], [77.638811, 12.9609211], [77.6387598, 12.9609253], [77.6386657, 12.960933]]}"
way/1280763065,yes,primary,LineString,"{""type"": ""LineString"", ""coordinates"": [[77.6386808, 12.9610213], [77.6387697, 12.9610128], [77.638925, 12.9609979]]}"
way/1280819726,yes,tertiary,LineString,"{""type"": ""LineString"", ""coordinates"": [[77.6624857, 13.008097], [77.6623971, 13.0093149]]}"
way/1281894245,yes,primary,LineString,"{""type"": ""LineString"", ""coordinates"": [[77.5538612, 13.0125784], [77.5537516, 13.0125956], [77.553622, 13.012616], [77.553567, 13.0126123], [77.5535192, 13.0126123]]}"
way/1282004847,yes,tertiary,LineString,"{""type"": ""LineString"", ""coordinates"": [[77.7015103, 12.9680158], [77.7014096, 12.9680203], [77.7013922, 12.9680229], [77.7012381, 12.9679974], [77.7011976, 12.9680057]]}"
way/1282004848,yes,tertiary,LineString,"{""type"": ""LineString"", ""coordinates"": [[77.7011976, 12.9680057], [77.7012331, 12.9680318], [77.7013803, 12.9680515], [77.7013989, 12.9680574], [77.7014129, 12.9680614], [77.7014368, 12.9680904], [77.7014498, 12.9681244]]}"
way/1282004850,yes,tertiary,LineString,"{""type"": ""LineString"", ""coordinates"": [[77.7015103, 12.9680158], [77.7014829, 12.968065]]}"
way/1282004851,yes,tertiary,LineString,"{""type"": ""LineString"", ""coordinates"": [[77.7007407, 12.9693234], [77.7003537, 12.9699472], [77.6997126, 12.9709711], [77.699533, 12.9711711], [77.6993314, 12.9715102], [77.6992988, 12.9715585], [77.6990348, 12.9720192], [77.6988751, 12.9722592]]}"
way/1282117294,yes,footway,LineString,"{""type"": ""LineString"", ""coordinates"": [[77.5715428, 13.0085659], [77.5715948, 13.0085909], [77.5716274, 13.0086069], [77.5716644, 13.0086238]]}"
way/1282117302,yes,footway,LineString,"{""type"": ""LineString"", ""coordinates"": [[77.571107, 13.0085762], [77.5711065, 13.0085519]]}"
way/1282709211,yes,trunk,LineString,"{""type"": ""LineString"", ""coordinates"": [[77.7008715, 12.8040889], [77.7005164, 12.8044983]]}"
way/1282709212,yes,trunk,LineString,"{""type"": ""LineString"", ""coordinates"": [[77.7005164, 12.8044983], [77.7004185, 12.8046157]]}"
way/1282718938,yes,trunk,LineString,"{""type"": ""LineString"", ""coordinates"": [[77.7006045, 12.8045912], [77.7007567, 12.8044244], [77.7009629, 12.8041767]]}"
way/1282718939,yes,trunk,LineString,"{""type"": ""LineString"", ""coordinates"": [[77.7005269, 12.8046872], [77.7006045, 12.8045912]]}"
way/1284192701,yes,service,LineString,"{""type"": ""LineString"", ""coordinates"": [[77.5916927, 13.0701961], [77.5917269, 13.070313], [77.5917464, 13.0703901], [77.5918853, 13.0709632]]}"
way/1284192702,yes,service,LineString,"{""type"": ""LineString"", ""coordinates"": [[77.5919911, 13.069976], [77.5917732, 13.0700656], [77.5917579, 13.0700747], [77.5917463, 13.0700816], [77.5917238, 13.070103], [77.5917068, 13.0701288], [77.5916953, 13.0701616], [77.5916927, 13.0701961]]}"
way/1285910120,yes,primary,LineString,"{""type"": ""LineString"", ""coordinates"": [[77.6374258, 12.9829593], [77.6374382, 12.9829621], [77.6374961, 12.9829838]]}"
way/1285910121,yes,primary,LineString,"{""type"": ""LineString"", ""coordinates"": [[77.6373708, 12.9829422], [77.6374258, 12.9829593]]}"
way/1286770492,yes,primary,LineString,"{""type"": ""LineString"", ""coordinates"": [[77.7454375, 12.9569186], [77.7455955, 12.957103], [77.7456606, 12.9573458], [77.7456575, 12.9573931], [77.7458366, 12.9578391], [77.7458676, 12.9579163], [77.7460833, 12.9583619], [77.7462063, 12.958615], [77.7463383, 12.9588428], [77.746409, 12.9589647], [77.7464489, 12.9590348], [77.7466084, 12.959315], [77.746728, 12.9595313], [77.7469009, 12.959844], [77.746952, 12.9599364], [77.7472076, 12.9604379], [77.7475044, 12.96102], [77.7476049, 12.9612313]]}"
way/1286770493,yes,primary,LineString,"{""type"": ""LineString"", ""coordinates"": [[77.7481912, 12.9631523], [77.748085, 12.9628164], [77.7479624, 12.9624202], [77.7478548, 12.9621007], [77.7477708, 12.9618421], [77.7477407, 12.96169], [77.7477258, 12.9615791], [77.7477109, 12.9614349]]}"
way/1286770494,yes,primary,LineString,"{""type"": ""LineString"", ""coordinates"": [[77.7476049, 12.9612313], [77.7476326, 12.9613488]]}"
way/1286770495,yes,primary,LineString,"{""type"": ""LineString"", ""coordinates"": [[77.7477027, 12.9613551], [77.7476739, 12.9612011]]}"
way/1287083892,yes,motorway,LineString,"{""type"": ""LineString"", ""coordinates"": [[77.5302656, 12.8568834], [77.5295542, 12.857089], [77.5286776, 12.8573646], [77.5278419, 12.8576483]]}"
way/1287083893,no,motorway,LineString,"{""type"": ""LineString"", ""coordinates"": [[77.5311805, 12.8566023], [77.5304758, 12.8568188]]}"
way/1287083899,no,motorway,LineString,"{""type"": ""LineString"", ""coordinates"": [[77.522168, 12.8598555], [77.521945, 12.8599483]]}"
way/1287083900,no,motorway,LineString,"{""type"": ""LineString"", ""coordinates"": [[77.523005, 12.8595154], [77.5223929, 12.859758]]}"
way/1287153187,yes,motorway_link,LineString,"{""type"": ""LineString"", ""coordinates"": [[77.4766939, 13.0562751], [77.4768112, 13.0562148], [77.4772744, 13.0559636]]}"
way/1287173589,no,motorway,LineString,"{""type"": ""LineString"", ""coordinates"": [[77.4753639, 13.0427836], [77.4753714, 13.0426637], [77.4753984, 13.0423937], [77.4754344, 13.0421342], [77.4754499, 13.0420232], [77.4756356, 13.0405084]]}"
way/1287173590,no,motorway,LineString,"{""type"": ""LineString"", ""coordinates"": [[77.4758088, 13.0380771], [77.4754328, 13.0404695]]}"
way/1287173591,no,motorway,LineString,"{""type"": ""LineString"", ""coordinates"": [[77.4768984, 13.0539922], [77.4768778, 13.0538593], [77.4767554, 13.0529195], [77.4766623, 13.0524657], [77.4765598, 13.0517773], [77.4760686, 13.0490077], [77.4755448, 13.0456275], [77.4754409, 13.0449122], [77.4753842, 13.043819]]}"
way/1287173593,no,motorway_link,LineString,"{""type"": ""LineString"", ""coordinates"": [[77.4769463, 13.0544122], [77.4768984, 13.0539922]]}"
way/1287173594,yes,motorway_link,LineString,"{""type"": ""LineString"", ""coordinates"": [[77.4771283, 13.0555082], [77.4769463, 13.0544122]]}"
way/1287173599,yes,motorway_link,LineString,"{""type"": ""LineString"", ""coordinates"": [[77.4765158, 13.0563393], [77.4766939, 13.0562751]]}"
way/1287173600,yes,motorway_link,LineString,"{""type"": ""LineString"", ""coordinates"": [[77.4739461, 13.0569048], [77.4743574, 13.0569461], [77.4744641, 13.0569264], [77.4750171, 13.0567726], [77.4751761, 13.0567428], [77.4753234, 13.0567248], [77.4754447, 13.0567212], [77.475578, 13.0567247], [77.4757286, 13.0567491], [77.4759017, 13.0567844]]}"
way/1287270747,no,motorway,LineString,"{""type"": ""LineString"", ""coordinates"": [[77.4754328, 13.0404695], [77.4751116, 13.0419911], [77.4750906, 13.0420947], [77.4750379, 13.042355], [77.475028, 13.0426532], [77.4750263, 13.0427542]]}"
way/1287284827,no,motorway,LineString,"{""type"": ""LineString"", ""coordinates"": [[77.4738436, 12.9968103], [77.4733794, 12.9945476], [77.4733464, 12.9943839], [77.4731245, 12.9932846]]}"
way/1287284828,yes,motorway,LineString,"{""type"": ""LineString"", ""coordinates"": [[77.4731245, 12.9932846], [77.4730303, 12.9928159]]}"
way/1287284834,yes,motorway,LineString,"{""type"": ""LineString"", ""coordinates"": [[77.4725869, 12.9907004], [77.4722834, 12.989236]]}"
way/1287284835,yes,motorway,LineString,"{""type"": ""LineString"", ""coordinates"": [[77.4727357, 12.9913966], [77.4727249, 12.991336], [77.4725869, 12.9907004]]}"
way/1287334736,no,motorway,LineString,"{""type"": ""LineString"", ""coordinates"": [[77.4714803, 12.9622469], [77.4714858, 12.9609014], [77.4714926, 12.9600956], [77.4714993, 12.9597618], [77.4714997, 12.9590653], [77.471507, 12.9571088], [77.4714814, 12.9567697], [77.471459, 12.9563804], [77.4714065, 12.9557969], [77.4713266, 12.9550386], [77.4711211, 12.9531214], [77.471036, 12.952389], [77.4709513, 12.9515918], [77.4708574, 12.9507322], [77.4707421, 12.9497739], [77.4706091, 12.9489226], [77.4705129, 12.9483384], [77.470304, 12.9472378], [77.4701993, 12.94665], [77.4700896, 12.9460848]]}"
way/1287334768,no,motorway,LineString,"{""type"": ""LineString"", ""coordinates"": [[77.4695362, 12.9413124], [77.4696131, 12.9426802], [77.4696643, 12.9436266], [77.4696963, 12.9442046], [77.4697247, 12.9446873], [77.4697782, 12.945142], [77.4698246, 12.9455039], [77.4698719, 12.9458585]]}"
way/1287334769,no,motorway,LineString,"{""type"": ""LineString"", ""coordinates"": [[77.4698719, 12.9458585], [77.4699009, 12.9460459]]}"
way/1287334770,no,motorway,LineString,"{""type"": ""LineString"", ""coordinates"": [[77.4700565, 12.9458957], [77.4700044, 12.9455669], [77.4699622, 12.9452726], [77.4699167, 12.9448137], [77.469886, 12.9443722], [77.469834, 12.943596], [77.4697035, 12.9412817]]}"
way/1287334771,no,motorway,LineString,"{""type"": ""LineString"", ""coordinates"": [[77.4700896, 12.9460848], [77.4700565, 12.9458957]]}"
way/1287354766,yes,motorway,LineString,"{""type"": ""LineString"", ""coordinates"": [[77.4690087, 12.9066698], [77.4691479, 12.9063347]]}"
way/1287354771,yes,motorway,LineString,"{""type"": ""LineString"", ""coordinates"": [[77.4696685, 12.9049292], [77.4699716, 12.9041206]]}"
way/1287354772,yes,motorway,LineString,"{""type"": ""LineString"", ""coordinates"": [[77.4695869, 12.9051675], [77.4696614, 12.90495], [77.4696685, 12.9049292]]}"
way/1287354776,yes,motorway,LineString,"{""type"": ""LineString"", ""coordinates"": [[77.4712647, 12.9006064], [77.4710559, 12.9009348], [77.4707763, 12.9014959], [77.4706262, 12.9018352], [77.4704876, 12.9021828], [77.4701869, 12.9029796]]}"
way/1287354779,no,motorway,LineString,"{""type"": ""LineString"", ""coordinates"": [[77.4721107, 12.8993305], [77.471886, 12.8996503], [77.4716811, 12.8999411], [77.4712647, 12.9006064]]}"
way/1287354780,no,motorway,LineString,"{""type"": ""LineString"", ""coordinates"": [[77.4730059, 12.8983507], [77.4725319, 12.8988239], [77.4721107, 12.8993305]]}"
way/1287442220,yes,service,LineString,"{""type"": ""LineString"", ""coordinates"": [[77.7147269, 12.9701084], [77.7146926, 12.9699991]]}"
way/1287465037,yes,motorway,LineString,"{""type"": ""LineString"", ""coordinates"": [[77.5311999, 12.9366966], [77.5312701, 12.9370604], [77.5313747, 12.9374052], [77.5316963, 12.9380701], [77.5317446, 12.938188]]}"
way/1287465038,yes,motorway,LineString,"{""type"": ""LineString"", ""coordinates"": [[77.5317446, 12.938188], [77.531879, 12.9385164]]}"
way/1287589807,no,motorway,LineString,"{""type"": ""LineString"", ""coordinates"": [[77.5251956, 12.9037952], [77.5256054, 12.9042028], [77.5259445, 12.9045978], [77.5263105, 12.9050884], [77.5270636, 12.9062839], [77.5275051, 12.9070063], [77.5275557, 12.9070913], [77.5278798, 12.9076358]]}"
way/1287589808,no,motorway,LineString,"{""type"": ""LineString"", ""coordinates"": [[77.5250925, 12.9036926], [77.5251956, 12.9037952]]}"
way/1287763853,yes,motorway_link,LineString,"{""type"": ""LineString"", ""coordinates"": [[77.6634011, 12.8575059], [77.6635606, 12.8574493], [77.6636881, 12.8574426]]}"
way/1287763854,yes,motorway_link,LineString,"{""type"": ""LineString"", ""coordinates"": [[77.6641208, 12.8569229], [77.6641567, 12.8567909], [77.6641623, 12.8567707], [77.6642451, 12.8564684]]}"
way/1287942496,no,motorway,LineString,"{""type"": ""LineString"", ""coordinates"": [[77.5999384, 12.8536639], [77.6005786, 12.8536891], [77.6032126, 12.8537927], [77.6033658, 12.8537998], [77.6038001, 12.85382], [77.6041107, 12.8538384], [77.6043735, 12.8538654], [77.6046574, 12.8539022], [77.6050857, 12.8539744], [77.6053327, 12.8540281], [77.6058815, 12.8541746]]}"
way/1287942497,no,motorway,LineString,"{""type"": ""LineString"", ""coordinates"": [[77.6058815, 12.8541746], [77.6060008, 12.8542084]]}"
way/1287942498,no,motorway,LineString,"{""type"": ""LineString"", ""coordinates"": [[77.6059275, 12.8540153], [77.6054478, 12.8538868], [77.6050283, 12.853794], [77.604746, 12.8537474], [77.604429, 12.8537025], [77.6041576, 12.8536724], [77.6037835, 12.8536486], [77.6031394, 12.8536189], [77.6018858, 12.8535729], [77.5999401, 12.8535016]]}"
way/1287942499,no,motorway,LineString,"{""type"": ""LineString"", ""coordinates"": [[77.6060536, 12.8540528], [77.6059275, 12.8540153]]}"
way/1287942500,no,motorway,LineString,"{""type"": ""LineString"", ""coordinates"": [[77.6291255, 12.8658805], [77.6283174, 12.8655616], [77.6276847, 12.8652814], [77.627247, 12.8650563], [77.626719, 12.8647754], [77.6261762, 12.8644499], [77.6255556, 12.8640596], [77.6231986, 12.86258], [77.6223114, 12.8620166], [77.621297, 12.8613823], [77.6210551, 12.8612214], [77.6208569, 12.8610867], [77.6205012, 12.8608227]]}"
way/1287942514,no,motorway,LineString,"{""type"": ""LineString"", ""coordinates"": [[77.5928087, 12.8518217], [77.5924205, 12.8514525]]}"
way/1287942536,yes,motorway,LineString,"{""type"": ""LineString"", ""coordinates"": [[77.5825351, 12.8505045], [77.5837423, 12.8504246], [77.5839283, 12.8504143], [77.5846185, 12.850376], [77.5858465, 12.8502999], [77.5879355, 12.8501703]]}"
way/1288228783,no,motorway,LineString,"{""type"": ""LineString"", ""coordinates"": [[77.5380653, 12.8544989], [77.5347757, 12.8555198], [77.5342892, 12.8556678], [77.5328668, 12.8561007], [77.5324572, 12.8562269]]}"
way/1288228784,no,motorway,LineString,"{""type"": ""LineString"", ""coordinates"": [[77.5304995, 12.8569946], [77.5308222, 12.8568942], [77.5331589, 12.856185]]}"
way/1288228798,no,motorway,LineString,"{""type"": ""LineString"", ""coordinates"": [[77.5420999, 12.8533343], [77.5406748, 12.8537318], [77.5399317, 12.8539373], [77.5395112, 12.8540551], [77.5392831, 12.8541186], [77.538723, 12.8542948], [77.5381389, 12.8544761]]}"
way/1288228799,no,motorway,LineString,"{""type"": ""LineString"", ""coordinates"": [[77.5381389, 12.8544761], [77.5380653, 12.8544989]]}"
way/1288228800,no,motorway,LineString,"{""type"": ""LineString"", ""coordinates"": [[77.5381966, 12.8546322], [77.5391077, 12.8543482], [77.5398403, 12.8541365], [77.5408813, 12.8538494], [77.5409536, 12.8538294], [77.541026, 12.8538094], [77.5412385, 12.8537546], [77.5414159, 12.8537019], [77.54157, 12.8536593], [77.5417722, 12.8536031], [77.5419427, 12.8535563]]}"
way/1288228801,no,motorway,LineString,"{""type"": ""LineString"", ""coordinates"": [[77.538115, 12.8546581], [77.5381966, 12.8546322]]}"
way/1288228804,no,motorway,LineString,"{""type"": ""LineString"", ""coordinates"": [[77.5324572, 12.8562269], [77.5323005, 12.8562705], [77.5320824, 12.8563311], [77.5314399, 12.8565247], [77.5311805, 12.8566023]]}"
way/1288228810,no,motorway,LineString,"{""type"": ""LineString"", ""coordinates"": [[77.5331589, 12.856185], [77.5344197, 12.8558023], [77.5369223, 12.855033], [77.538115, 12.8546581]]}"
way/1288228811,yes,motorway,LineString,"{""type"": ""LineString"", ""coordinates"": [[77.5279435, 12.857791], [77.5287111, 12.8575254], [77.5294849, 12.8572879], [77.5302995, 12.8570569]]}"
way/1288228816,no,motorway,LineString,"{""type"": ""LineString"", ""coordinates"": [[77.5303618, 12.8570375], [77.5304995, 12.8569946]]}"
way/1288228817,no,motorway,LineString,"{""type"": ""LineString"", ""coordinates"": [[77.5302995, 12.8570569], [77.5303618, 12.8570375]]}"
way/1288228818,no,motorway,LineString,"{""type"": ""LineString"", ""coordinates"": [[77.5303348, 12.8568621], [77.5302656, 12.8568834]]}"
way/1288228819,no,motorway,LineString,"{""type"": ""LineString"", ""coordinates"": [[77.5304758, 12.8568188], [77.5303348, 12.8568621]]}"
way/1288228859,no,motorway,LineString,"{""type"": ""LineString"", ""coordinates"": [[77.5182303, 12.8615502], [77.5177266, 12.8617486], [77.5176619, 12.8617739], [77.5170757, 12.8620026], [77.5149492, 12.8628323], [77.514782, 12.8628975], [77.5137826, 12.8632904], [77.5134831, 12.8634125], [77.5132174, 12.8635208], [77.5129553, 12.8636276], [77.5127232, 12.8637218], [77.5124911, 12.8638159], [77.5122947, 12.8638956], [77.5121172, 12.8639676], [77.5119771, 12.8640244], [77.5118657, 12.8640696], [77.5117857, 12.8641021], [77.5113223, 12.8642866]]}"
way/1288228860,no,motorway,LineString,"{""type"": ""LineString"", ""coordinates"": [[77.504255, 12.8686912], [77.5040792, 12.868811]]}"
way/1288228861,no,motorway,LineString,"{""type"": ""LineString"", ""coordinates"": [[77.5043591, 12.8688228], [77.5052198, 12.8682381], [77.5060458, 12.8676833], [77.5075088, 12.8666976], [77.5081632, 12.8662438], [77.5085323, 12.8659953], [77.508913, 12.8657446], [77.5095333, 12.8653599], [77.5100717, 12.8650522], [77.5105064, 12.8648385], [77.5110522, 12.8645833], [77.5112565, 12.8645013], [77.5129942, 12.8638038], [77.5140045, 12.8633967], [77.5151892, 12.8629235], [77.5177836, 12.8619241], [77.5186564, 12.8615756], [77.5194278, 12.8612423], [77.5208434, 12.8606348], [77.5221365, 12.8600797]]}"
way/1288228862,no,motorway,LineString,"{""type"": ""LineString"", ""coordinates"": [[77.504172, 12.8689499], [77.5043591, 12.8688228]]}"
way/1288228863,no,motorway,LineString,"{""type"": ""LineString"", ""coordinates"": [[77.5113223, 12.8642866], [77.5110758, 12.864388], [77.5104766, 12.8646677], [77.5099972, 12.8648999], [77.5094503, 12.8652084], [77.5090531, 12.8654537], [77.5088357, 12.865588], [77.5084151, 12.8658642], [77.5080772, 12.866091], [77.5071428, 12.8667349], [77.5066638, 12.8670558], [77.5059834, 12.8675199], [77.505125, 12.8680966], [77.504255, 12.8686912]]}"
way/1288228864,no,motorway,LineString,"{""type"": ""LineString"", ""coordinates"": [[77.521945, 12.8599483], [77.5217418, 12.8600374], [77.5199025, 12.8608441], [77.5196067, 12.8609699], [77.5191897, 12.8611472], [77.5187079, 12.861359], [77.5182303, 12.8615502]]}"
way/1288300142,no,motorway,LineString,"{""type"": ""LineString"", ""coordinates"": [[77.5040792, 12.868811], [77.5033801, 12.8692836], [77.5019749, 12.8702441], [77.5007356, 12.8710739], [77.4994449, 12.8719513], [77.4992524, 12.8720887], [77.4985341, 12.8725788], [77.4982343, 12.8728069], [77.4978207, 12.873162], [77.4976683, 12.8733252], [77.4975074, 12.8734922], [77.4973721, 12.8736505], [77.4971695, 12.8739006], [77.4969619, 12.8741905], [77.4967868, 12.8744985], [77.4966763, 12.8746977], [77.4965614, 12.8748894]]}"
way/1288300143,no,motorway,LineString,"{""type"": ""LineString"", ""coordinates"": [[77.4965614, 12.8748894], [77.4965548, 12.8749047], [77.4964866, 12.875062]]}"
way/1288300144,no,motorway,LineString,"{""type"": ""LineString"", ""coordinates"": [[77.4967336, 12.8749864], [77.4968456, 12.8747415], [77.4970935, 12.87429], [77.4972669, 12.8740277], [77.4974652, 12.8737827], [77.4976048, 12.8736104], [77.4978282, 12.8733884], [77.4981595, 12.8730864], [77.4983921, 12.8728918], [77.4988039, 12.8725943], [77.4994462, 12.8721681], [77.5007584, 12.8712826], [77.5021022, 12.870356], [77.5035253, 12.8693909], [77.504172, 12.8689499]]}"
way/1288300145,no,motorway,LineString,"{""type"": ""LineString"", ""coordinates"": [[77.4966732, 12.8751213], [77.4967336, 12.8749864]]}"
way/1288300157,no,motorway,LineString,"{""type"": ""LineString"", ""coordinates"": [[77.4964866, 12.875062], [77.4960889, 12.8759985]]}"
way/1288300161,no,motorway,LineString,"{""type"": ""LineString"", ""coordinates"": [[77.4960889, 12.8759985], [77.4954198, 12.8776261], [77.4953551, 12.8777659]]}"
way/1288300168,no,motorway,LineString,"{""type"": ""LineString"", ""coordinates"": [[77.4953551, 12.8777659], [77.4950478, 12.8784697], [77.4949903, 12.8785881], [77.4948956, 12.8787831], [77.4946681, 12.8792256]]}"
way/1288300180,no,motorway,LineString,"{""type"": ""LineString"", ""coordinates"": [[77.495236, 12.8785048], [77.4955922, 12.8776877], [77.4958692, 12.8770335]]}"
way/1288300181,no,motorway,LineString,"{""type"": ""LineString"", ""coordinates"": [[77.4947084, 12.8795769], [77.494854, 12.8793293], [77.49494, 12.879183], [77.495073, 12.8789098], [77.495236, 12.8785048]]}"
way/1288300184,no,motorway,LineString,"{""type"": ""LineString"", ""coordinates"": [[77.4952525, 12.8792828], [77.4953156, 12.8793409], [77.4955891, 12.8796251]]}"
way/1288300185,no,motorway,LineString,"{""type"": ""LineString"", ""coordinates"": [[77.4955891, 12.8796251], [77.4959749, 12.8800004], [77.4963491, 12.8803362], [77.4966783, 12.8806293], [77.4977025, 12.8814218]]}"
way/1288300188,no,motorway,LineString,"{""type"": ""LineString"", ""coordinates"": [[77.4962712, 12.8760774], [77.4966732, 12.8751213]]}"
way/1288354879,no,motorway,LineString,"{""type"": ""LineString"", ""coordinates"": [[77.4995488, 12.8826754], [77.4990081, 12.8822853], [77.4988125, 12.8821327], [77.4985649, 12.8819397], [77.4985269, 12.88191]]}"
way/1288354880,no,motorway,LineString,"{""type"": ""LineString"", ""coordinates"": [[77.5001927, 12.8831372], [77.4999835, 12.8829837], [77.4995488, 12.8826754]]}"
way/1288354883,no,motorway,LineString,"{""type"": ""LineString"", ""coordinates"": [[77.5017868, 12.8842609], [77.5029373, 12.884939], [77.5054251, 12.8861796]]}"
way/1288354884,no,motorway,LineString,"{""type"": ""LineString"", ""coordinates"": [[77.5054251, 12.8861796], [77.5060588, 12.8864882]]}"
way/1288941813,yes,trunk,LineString,"{""type"": ""LineString"", ""coordinates"": [[77.6663131, 12.9958066], [77.6672598, 12.9961815]]}"
way/1288941814,yes,trunk,LineString,"{""type"": ""LineString"", ""coordinates"": [[77.6646758, 12.9965802], [77.6647997, 12.9963786], [77.6648912, 12.9962296], [77.6650166, 12.9960603], [77.6651425, 12.99594], [77.6652783, 12.9958475], [77.6654265, 12.9957717], [77.6655804, 12.9957244], [77.6657332, 12.9957002], [77.6658877, 12.9957005], [77.6660772, 12.9957328], [77.6663131, 12.9958066]]}"
way/1289252169,yes,trunk,LineString,"{""type"": ""LineString"", ""coordinates"": [[77.6659924, 12.9211461], [77.6662615, 12.9212738]]}"
way/1289254985,yes,trunk,LineString,"{""type"": ""LineString"", ""coordinates"": [[77.6753544, 12.9252815], [77.6743673, 12.9247796]]}"
way/1289254986,yes,trunk,LineString,"{""type"": ""LineString"", ""coordinates"": [[77.674278, 12.9249455], [77.6747506, 12.9251913], [77.6752903, 12.9254641]]}"
way/1290478526,yes,trunk,LineString,"{""type"": ""LineString"", ""coordinates"": [[77.5402557, 13.0286709], [77.540158, 13.028726], [77.5401238, 13.0287463], [77.5400076, 13.0288103]]}"
way/1290478527,yes,trunk,LineString,"{""type"": ""LineString"", ""coordinates"": [[77.5413453, 13.0280618], [77.5407106, 13.0284156], [77.5402557, 13.0286709]]}"
way/1290479888,yes,primary,LineString,"{""type"": ""LineString"", ""coordinates"": [[77.618962, 12.9283525], [77.6195392, 12.9281294], [77.6203089, 12.927832], [77.620768, 12.9276546], [77.6207932, 12.9276451], [77.6208265, 12.9276325]]}"
way/1293002225,yes,residential,LineString,"{""type"": ""LineString"", ""coordinates"": [[77.5554526, 12.9986334], [77.555419, 12.9987306]]}"
way/1294961988,yes,pedestrian,LineString,"{""type"": ""LineString"", ""coordinates"": [[77.5808783, 12.9483473], [77.5813768, 12.9484466], [77.5817986, 12.9485531]]}"
way/1294961989,yes,pedestrian,LineString,"{""type"": ""LineString"", ""coordinates"": [[77.5817986, 12.9485531], [77.5818436, 12.9485645]]}"
way/1294961990,yes,footway,LineString,"{""type"": ""LineString"", ""coordinates"": [[77.5817898, 12.9482786], [77.581813, 12.9482669], [77.5820943, 12.9480656], [77.5823716, 12.9478823], [77.5827986, 12.9476236], [77.5831169, 12.9474499], [77.5833253, 12.9473681], [77.5835784, 12.9472861], [77.5836854, 12.9472663], [77.5839514, 12.9472447], [77.5845023, 12.9472656], [77.5846837, 12.9472734], [77.5848713, 12.947302], [77.5852703, 12.9473536]]}"
way/1294961991,yes,footway,LineString,"{""type"": ""LineString"", ""coordinates"": [[77.5817362, 12.9483056], [77.5817898, 12.9482786]]}"
way/1294961997,no,footway,LineString,"{""type"": ""LineString"", ""coordinates"": [[77.5827658, 12.9499193], [77.5827888, 12.9498897], [77.5828206, 12.9498692], [77.5828576, 12.9498603], [77.582889, 12.9498624], [77.5829187, 12.9498729], [77.5829441, 12.9498911], [77.5829634, 12.9499154], [77.5829751, 12.9499439], [77.582978, 12.9499759], [77.5829713, 12.9500074], [77.5829555, 12.9500356], [77.582932, 12.9500581], [77.5829122, 12.9500704], [77.5828652, 12.9500792], [77.5828277, 12.9500728]]}"
way/1294961998,no,footway,LineString,"{""type"": ""LineString"", ""coordinates"": [[77.5827474, 12.9502674], [77.5825937, 12.9503088]]}"
way/1294961999,no,steps,LineString,"{""type"": ""LineString"", ""coordinates"": [[77.5827924, 12.9502553], [77.5827474, 12.9502674]]}"
way/1295587520,yes,footway,LineString,"{""type"": ""LineString"", ""coordinates"": [[77.7477935, 12.9613552], [77.7477388, 12.9611786], [77.7476687, 12.9610193], [77.7473448, 12.9604377], [77.7471581, 12.9601151], [77.747041, 12.9599127], [77.7469461, 12.9597328]]}"
way/1295696496,yes,footway,LineString,"{""type"": ""LineString"", ""coordinates"": [[77.5786745, 13.0066652], [77.5786337, 13.0066413], [77.5785606, 13.0066347], [77.5770327, 13.0074133], [77.5763552, 13.0077702], [77.5761214, 13.0078428], [77.5758287, 13.0078894], [77.5755143, 13.0078765], [77.5750456, 13.0078112], [77.5740068, 13.0076622], [77.5737452, 13.0076542], [77.5734376, 13.0076726], [77.5732243, 13.0077227], [77.5728528, 13.0078275], [77.5724915, 13.0079878], [77.5722996, 13.0081115], [77.571864, 13.0084598], [77.5717805, 13.0085372], [77.5717278, 13.0085844]]}"
way/1295696504,yes,footway,LineString,"{""type"": ""LineString"", ""coordinates"": [[77.5632357, 13.0089826], [77.5632963, 13.0089793], [77.5644913, 13.0089145], [77.5646879, 13.0089038], [77.5649011, 13.0088923], [77.56508, 13.0088826], [77.5652705, 13.0088721], [77.5655063, 13.0088594], [77.5657772, 13.0088448], [77.5666597, 13.0087967], [77.5669488, 13.0087812], [77.5670464, 13.0087757], [77.5673857, 13.0087575], [77.5675214, 13.0087501], [77.5677735, 13.0087365], [77.5681422, 13.0087163], [77.5686055, 13.0086915], [77.5688978, 13.0086746], [77.5689537, 13.0086713]]}"
way/1295696505,no,footway,LineString,"{""type"": ""LineString"", ""coordinates"": [[77.5632749, 13.0088969], [77.5632968, 13.0088958], [77.5645103, 13.0088332], [77.5646842, 13.0088231], [77.5648985, 13.0088115], [77.5650762, 13.0088018], [77.5652679, 13.0087914], [77.5653218, 13.0087886], [77.5655063, 13.008779], [77.5657759, 13.0087643], [77.5666615, 13.0087161], [77.5669463, 13.0087005], [77.5670448, 13.008695], [77.5673824, 13.0086768], [77.5675183, 13.0086694], [77.5677691, 13.0086558], [77.5681425, 13.0086356], [77.5686668, 13.0085965]]}"
way/1295696539,yes,footway,LineString,"{""type"": ""LineString"", ""coordinates"": [[77.5544889, 13.0082272], [77.5545513, 13.0082239], [77.5551039, 13.0081723], [77.5553224, 13.0081513], [77.555609, 13.0081239], [77.5558927, 13.0080965], [77.5561867, 13.0080684], [77.5565164, 13.0080363], [77.5568291, 13.0080067], [77.5571589, 13.0079752], [77.5574047, 13.0079513], [77.5576292, 13.0079349]]}"
way/1297328828,yes,secondary,LineString,"{""type"": ""LineString"", ""coordinates"": [[77.6087582, 12.9258025], [77.6087379, 12.925616], [77.6087437, 12.9254508], [77.60875, 12.9252731], [77.6087855, 12.9251802], [77.6088257, 12.9250748]]}"
way/1297328829,yes,secondary,LineString,"{""type"": ""LineString"", ""coordinates"": [[77.609717, 12.934302], [77.6097198, 12.9342753]]}"
way/1297356984,yes,residential,LineString,"{""type"": ""LineString"", ""coordinates"": [[77.5735808, 13.0692198], [77.5736776, 13.0694899], [77.5737565, 13.06971], [77.5737816, 13.0697801]]}"
way/1297586919,yes,secondary,LineString,"{""type"": ""LineString"", ""coordinates"": [[77.5544938, 13.0120289], [77.5544982, 13.0117078], [77.5544985, 13.0116833], [77.5544848, 13.0102188], [77.554489, 13.0099984], [77.5544899, 13.0099338], [77.5544896, 13.0097573]]}"
way/1297586925,yes,secondary,LineString,"{""type"": ""LineString"", ""coordinates"": [[77.5542752, 13.0066132], [77.5543208, 13.0068836], [77.5543287, 13.0071572]]}"
way/1297586952,yes,footway,LineString,"{""type"": ""LineString"", ""coordinates"": [[77.5537031, 13.004468], [77.553762, 13.0046937], [77.5539441, 13.0053595], [77.5540269, 13.0056834], [77.5540502, 13.0057755], [77.5541367, 13.0061145], [77.5541545, 13.0061983], [77.5542011, 13.0064182], [77.5542431, 13.0066172]]}"
way/1297586953,yes,footway,LineString,"{""type"": ""LineString"", ""coordinates"": [[77.5500453, 13.0039327], [77.5501068, 13.0039395], [77.5503659, 13.0039667], [77.5506362, 13.0039946], [77.5506658, 13.0039976], [77.550994, 13.0040315], [77.5513685, 13.0040701], [77.5516256, 13.0040967], [77.5517814, 13.0041128], [77.5519433, 13.0041295], [77.5522536, 13.0041615], [77.5524662, 13.0041834], [77.5526421, 13.0042016], [77.5528982, 13.004228], [77.5532597, 13.0042653], [77.5536399, 13.0043046]]}"
way/1297586955,yes,tertiary,LineString,"{""type"": ""LineString"", ""coordinates"": [[77.5503272, 13.0017081], [77.5502707, 13.0021054], [77.550226, 13.002419], [77.5501431, 13.0030019], [77.5500267, 13.0037774], [77.5500211, 13.0038081]]}"
way/1298706709,yes,motorway_link,LineString,"{""type"": ""LineString"", ""coordinates"": [[77.662303, 12.8579781], [77.6619014, 12.857868], [77.661625, 12.857819], [77.6612782, 12.8577683], [77.6610344, 12.8577524]]}"
way/1298940002,no,motorway,LineString,"{""type"": ""LineString"", ""coordinates"": [[77.4958692, 12.8770335], [77.4962712, 12.8760774]]}"
way/1298940003,no,motorway,LineString,"{""type"": ""LineString"", ""coordinates"": [[77.4985269, 12.88191], [77.4983257, 12.8817531], [77.4981056, 12.8815814], [77.4968379, 12.8804557]]}"
way/1298944071,yes,primary,LineString,"{""type"": ""LineString"", ""coordinates"": [[77.6348395, 12.9250739], [77.6353253, 12.9251496]]}"
way/1298944072,yes,primary,LineString,"{""type"": ""LineString"", ""coordinates"": [[77.6350856, 12.9249774], [77.634244, 12.9248491], [77.6342272, 12.9248465], [77.6342055, 12.9248432], [77.6340832, 12.9248246]]}"
way/1298944073,yes,primary,LineString,"{""type"": ""LineString"", ""coordinates"": [[77.6087634, 12.9666654], [77.6087179, 12.966655]]}"
way/1298979615,yes,primary,LineString,"{""type"": ""LineString"", ""coordinates"": [[77.6040149, 12.9368446], [77.6042462, 12.9368137], [77.6047696, 12.9367299]]}"
way/1299917512,yes,primary,LineString,"{""type"": ""LineString"", ""coordinates"": [[77.6227173, 12.9181046], [77.6229179, 12.9176988], [77.6233245, 12.9168819], [77.6234745, 12.9163879], [77.6237162, 12.9159263], [77.6240067, 12.9153976], [77.6242747, 12.9149255]]}"
way/1299917514,yes,primary,LineString,"{""type"": ""LineString"", ""coordinates"": [[77.6200749, 12.9165965], [77.6201341, 12.9166326], [77.6202517, 12.9167296], [77.6204042, 12.9168642], [77.6204835, 12.916928], [77.6206226, 12.9170452], [77.6208466, 12.9172983], [77.6210992, 12.9176249], [77.6211722, 12.917718], [77.6212926, 12.9179259], [77.6213126, 12.9179939], [77.6213308, 12.9181035], [77.6213522, 12.9182871], [77.6213565, 12.9185985], [77.6213899, 12.9187356], [77.6213794, 12.9188054]]}"
way/1299917517,yes,primary_link,LineString,"{""type"": ""LineString"", ""coordinates"": [[77.6227173, 12.9181046], [77.6230079, 12.9178623], [77.6231691, 12.9177667], [77.6233348, 12.9176909], [77.6234801, 12.9176674], [77.6238075, 12.9176687], [77.6240038, 12.9176961], [77.6241964, 12.9177295], [77.624417, 12.9177654], [77.624649, 12.9177909], [77.6248781, 12.9178158], [77.6251117, 12.9178157], [77.6253276, 12.9178256], [77.6257399, 12.9178017]]}"
way/1299932382,yes,primary_link,LineString,"{""type"": ""LineString"", ""coordinates"": [[77.6205048, 12.9170258], [77.6208167, 12.9173425], [77.6211109, 12.9177408], [77.6212219, 12.9179414], [77.6212438, 12.9180073], [77.621269, 12.9181129], [77.6212902, 12.9182833], [77.6212908, 12.9186135], [77.6213223, 12.9187527], [77.6213794, 12.9188054]]}"
way/1301131710,yes,footway,LineString,"{""type"": ""LineString"", ""coordinates"": [[77.6076591, 12.9743032], [77.6076561, 12.9742576], [77.6074866, 12.9736462], [77.6074751, 12.9736309], [77.607458, 12.9736161], [77.6074443, 12.9735811], [77.6074427, 12.973577], [77.6072778, 12.9730876], [77.607223, 12.9729429], [77.6070949, 12.9725643], [77.6070096, 12.9723015], [77.6069213, 12.9720795], [77.6068863, 12.9719699], [77.6068656, 12.9718899]]}"
way/1301808820,yes,primary_link,LineString,"{""type"": ""LineString"", ""coordinates"": [[77.6202167, 12.9168179], [77.6205048, 12.9170258]]}"
way/1301808822,yes,primary,LineString,"{""type"": ""LineString"", ""coordinates"": [[77.5878944, 12.9171478], [77.5881148, 12.9171394], [77.5882053, 12.917137]]}"
way/1301947704,yes,primary,LineString,"{""type"": ""LineString"", ""coordinates"": [[77.5902093, 12.9542271], [77.5905511, 12.954114]]}"
way/1301947705,yes,primary,LineString,"{""type"": ""LineString"", ""coordinates"": [[77.5905511, 12.954114], [77.5905994, 12.9540729], [77.5911267, 12.9538938], [77.5912066, 12.953895]]}"
way/1301947706,yes,secondary,LineString,"{""type"": ""LineString"", ""coordinates"": [[77.5922544, 12.9535402], [77.5919059, 12.9536635]]}"
way/1301947707,yes,secondary,LineString,"{""type"": ""LineString"", ""coordinates"": [[77.5919059, 12.9536635], [77.59186, 12.9536571], [77.5915805, 12.9537493], [77.5915457, 12.9537825]]}"
way/1301971612,yes,residential,LineString,"{""type"": ""LineString"", ""coordinates"": [[77.5969627, 12.944925], [77.5970029, 12.9449855]]}"
way/1302234789,yes,trunk,LineString,"{""type"": ""LineString"", ""coordinates"": [[77.6963668, 12.9767005], [77.695573, 12.9780153]]}"
way/1302234790,yes,trunk,LineString,"{""type"": ""LineString"", ""coordinates"": [[77.695739, 12.9780872], [77.6963956, 12.9769655], [77.6965209, 12.9767568]]}"
way/1302234791,yes,trunk,LineString,"{""type"": ""LineString"", ""coordinates"": [[77.6869837, 12.9916945], [77.6863519, 12.9925148]]}"
way/1302234792,yes,trunk,LineString,"{""type"": ""LineString"", ""coordinates"": [[77.6864893, 12.9926511], [77.6870875, 12.9918576]]}"
way/1302234793,yes,trunk,LineString,"{""type"": ""LineString"", ""coordinates"": [[77.6882588, 12.9902763], [77.6885773, 12.9898034], [77.6887217, 12.9895539], [77.6889727, 12.9891258]]}"
way/1302234794,yes,trunk,LineString,"{""type"": ""LineString"", ""coordinates"": [[77.6888008, 12.989069], [77.688428, 12.9897156], [77.6881617, 12.9901138]]}"
way/1302234798,yes,trunk,LineString,"{""type"": ""LineString"", ""coordinates"": [[77.6821993, 12.9988815], [77.6828366, 12.99783]]}"
way/1302234801,yes,trunk,LineString,"{""type"": ""LineString"", ""coordinates"": [[77.663444, 13.0014355], [77.6635066, 13.0003802]]}"
way/1302234802,yes,trunk,LineString,"{""type"": ""LineString"", ""coordinates"": [[77.6634018, 13.0003768], [77.6633547, 13.0014278]]}"
way/1302234805,yes,trunk_link,LineString,"{""type"": ""LineString"", ""coordinates"": [[77.6645819, 12.995004], [77.6647117, 12.9953246], [77.6647352, 12.9954031]]}"
way/1302237484,yes,trunk,LineString,"{""type"": ""LineString"", ""coordinates"": [[77.6815278, 12.9999836], [77.6821993, 12.9988815]]}"
way/1302990121,yes,footway,LineString,"{""type"": ""LineString"", ""coordinates"": [[77.64034, 12.9784634], [77.6403538, 12.9784752], [77.6404375, 12.9785465], [77.6405304, 12.9786346], [77.6406237, 12.9787333], [77.6407111, 12.9788371], [77.6407239, 12.978854], [77.640737, 12.9788715], [77.6407924, 12.9789455]]}"
way/1303657993,yes,secondary,LineString,"{""type"": ""LineString"", ""coordinates"": [[77.5493463, 13.0038951], [77.5491919, 13.0039099]]}"
way/1303657994,yes,secondary,LineString,"{""type"": ""LineString"", ""coordinates"": [[77.5491919, 13.0039099], [77.549336, 13.0039688]]}"
way/1303669680,yes,tertiary,LineString,"{""type"": ""LineString"", ""coordinates"": [[77.6930054, 12.9374229], [77.6931685, 12.9375803], [77.6932949, 12.9377101], [77.6937443, 12.9381218], [77.6937626, 12.9381386], [77.6940678, 12.9384313], [77.694478, 12.9387932], [77.6948457, 12.939224], [77.6949241, 12.9393289], [77.6949394, 12.939349], [77.6949624, 12.939379]]}"
way/1303669681,yes,tertiary,LineString,"{""type"": ""LineString"", ""coordinates"": [[77.6949624, 12.939379], [77.6950142, 12.9394477]]}"
way/1303673595,yes,tertiary,LineString,"{""type"": ""LineString"", ""coordinates"": [[77.6942357, 12.9776666], [77.6942523, 12.9775999], [77.6941425, 12.9764754], [77.6941065, 12.9763866]]}"
way/1303673596,yes,tertiary,LineString,"{""type"": ""LineString"", ""coordinates"": [[77.6941065, 12.9763866], [77.6940924, 12.9764806], [77.6942017, 12.9776013], [77.6942357, 12.9776666]]}"
way/1303675872,yes,tertiary,LineString,"{""type"": ""LineString"", ""coordinates"": [[77.6940082, 12.9706153], [77.6938305, 12.9699591], [77.6937244, 12.9695704], [77.6936624, 12.9693474], [77.6936335, 12.9692334], [77.6935796, 12.9690419], [77.6935427, 12.968896], [77.6934983, 12.9687385], [77.6934425, 12.9685118], [77.6934297, 12.9684636], [77.6933878, 12.968273], [77.6933285, 12.967969]]}"
way/1303738146,yes,tertiary,LineString,"{""type"": ""LineString"", ""coordinates"": [[77.6931342, 12.9824722], [77.6941424, 12.9808211], [77.6941605, 12.9807914], [77.6942413, 12.9806602], [77.6943993, 12.9804095]]}"
way/1303738147,yes,trunk,LineString,"{""type"": ""LineString"", ""coordinates"": [[77.6941972, 12.980272], [77.693946, 12.9806782], [77.6933241, 12.9816707]]}"
way/1303738148,yes,tertiary,LineString,"{""type"": ""LineString"", ""coordinates"": [[77.6943993, 12.9804095], [77.6944557, 12.9803082], [77.6946434, 12.9799886], [77.6947151, 12.9798663], [77.6947781, 12.9797623]]}"
way/1303738152,yes,tertiary,LineString,"{""type"": ""LineString"", ""coordinates"": [[77.6948414, 12.9796553], [77.6949366, 12.9795066], [77.6952539, 12.979011], [77.6953162, 12.9789137], [77.6954222, 12.9787484], [77.6955563, 12.9785321], [77.6956953, 12.9783186], [77.6958098, 12.978127]]}"
way/1303738153,yes,tertiary,LineString,"{""type"": ""LineString"", ""coordinates"": [[77.6954981, 12.9779683], [77.695054, 12.9787207], [77.6950064, 12.978804], [77.6946688, 12.9793573]]}"
way/1303738154,yes,tertiary,LineString,"{""type"": ""LineString"", ""coordinates"": [[77.6970913, 12.9760026], [77.6972165, 12.9757491], [77.6975001, 12.9753209], [77.6976474, 12.9750984], [77.697661, 12.9750745], [77.6978104, 12.974836]]}"
way/1303738159,yes,tertiary,LineString,"{""type"": ""LineString"", ""coordinates"": [[77.6842918, 12.9298628], [77.6843524, 12.9298911], [77.6845515, 12.9299885], [77.6850816, 12.9302775]]}"
way/1303738165,yes,tertiary,LineString,"{""type"": ""LineString"", ""coordinates"": [[77.6540601, 12.9236397], [77.6530125, 12.9238475]]}"
way/1303738170,yes,tertiary,LineString,"{""type"": ""LineString"", ""coordinates"": [[77.653988, 12.9239837], [77.6541463, 12.9239512], [77.6543122, 12.9239164], [77.6547855, 12.9238172], [77.6548653, 12.9237971], [77.6550419, 12.9237526], [77.65528, 12.9236926], [77.6554029, 12.9236617]]}"
way/1303738171,yes,tertiary,LineString,"{""type"": ""LineString"", ""coordinates"": [[77.6531036, 12.9241509], [77.6534688, 12.9240865], [77.653988, 12.9239837]]}"
way/1303740766,yes,motorway,LineString,"{""type"": ""LineString"", ""coordinates"": [[77.6275614, 12.9093186], [77.6284047, 12.9079368]]}"
way/1303740767,yes,motorway,LineString,"{""type"": ""LineString"", ""coordinates"": [[77.6283396, 12.9079036], [77.6275003, 12.9092817], [77.6274877, 12.9093025]]}"
way/1303740771,yes,motorway,LineString,"{""type"": ""LineString"", ""coordinates"": [[77.6683046, 12.8459533], [77.6698904, 12.8467491]]}"
way/1303740772,yes,motorway,LineString,"{""type"": ""LineString"", ""coordinates"": [[77.6699184, 12.8466876], [77.6688035, 12.8461128], [77.6683668, 12.8458877]]}"
way/1304109413,yes,motorway,LineString,"{""type"": ""LineString"", ""coordinates"": [[77.6557725, 12.8588346], [77.655576, 12.8589281], [77.6554773, 12.8589751], [77.6539221, 12.8597153]]}"
way/1304109414,yes,motorway,LineString,"{""type"": ""LineString"", ""coordinates"": [[77.6544712, 12.8596417], [77.6546082, 12.8595973], [77.6547249, 12.8595666], [77.6557559, 12.8594011], [77.6559333, 12.8593693], [77.6563883, 12.8592669], [77.6567464, 12.859148], [77.656804, 12.85912], [77.6570424, 12.8590043], [77.6572075, 12.8589242], [77.6573425, 12.8588586], [77.6575161, 12.8587399], [77.6578782, 12.8584411], [77.6579189, 12.8584131], [77.6579712, 12.8583934], [77.6589625, 12.8581735], [77.6589841, 12.8581687], [77.6595644, 12.8580465]]}"
way/1304109415,yes,motorway,LineString,"{""type"": ""LineString"", ""coordinates"": [[77.4703129, 12.903209], [77.4707321, 12.9021402], [77.470799, 12.9019718], [77.4709349, 12.9016561], [77.4711689, 12.9011653], [77.4714757, 12.900594], [77.4715688, 12.9004344], [77.4718683, 12.8999588], [77.4722421, 12.8994913]]}"
way/1304571179,yes,tertiary,LineString,"{""type"": ""LineString"", ""coordinates"": [[77.6358584, 12.9610108], [77.6358582, 12.9612389], [77.6358556, 12.9613009]]}"
way/1305272202,no,path,LineString,"{""type"": ""LineString"", ""coordinates"": [[77.5663685, 13.0169248], [77.5664444, 13.0170082], [77.5665716, 13.0170641], [77.5665947, 13.0170629]]}"
way/1305272203,no,path,LineString,"{""type"": ""LineString"", ""coordinates"": [[77.5665947, 13.0170629], [77.5676762, 13.0170082]]}"
way/1306888692,yes,steps,LineString,"{""type"": ""LineString"", ""coordinates"": [[77.6012005, 12.9635919], [77.6011787, 12.9635884]]}"
way/1306888693,yes,footway,LineString,"{""type"": ""LineString"", ""coordinates"": [[77.6011787, 12.9635884], [77.6011636, 12.963583]]}"
way/1307420430,yes,footway,LineString,"{""type"": ""LineString"", ""coordinates"": [[77.7116073, 12.97235], [77.711632, 12.9722849], [77.7116663, 12.9721942]]}"
way/1307429011,yes,secondary,LineString,"{""type"": ""LineString"", ""coordinates"": [[77.6469801, 12.9731216], [77.6469833, 12.9730753], [77.6470053, 12.972752], [77.6470086, 12.9727029], [77.6470589, 12.9724399], [77.647142, 12.9719978], [77.6471273, 12.9719193]]}"
way/1307429012,yes,secondary,LineString,"{""type"": ""LineString"", ""coordinates"": [[77.6474347, 12.9704436], [77.6473157, 12.970966], [77.6471273, 12.9719193]]}"
way/1307429026,no,footway,LineString,"{""type"": ""LineString"", ""coordinates"": [[77.6467583, 12.9745314], [77.6467806, 12.9741048]]}"
way/1307429034,yes,footway,LineString,"{""type"": ""LineString"", ""coordinates"": [[77.6469162, 12.974971], [77.6469687, 12.9741924], [77.6469729, 12.974111], [77.6469763, 12.9740465], [77.6469793, 12.9739885], [77.6470214, 12.9731848], [77.647023, 12.9731544]]}"
way/1307429075,yes,secondary,LineString,"{""type"": ""LineString"", ""coordinates"": [[77.6451556, 12.9852557], [77.6450999, 12.9855192], [77.6450923, 12.9855643], [77.6450326, 12.9856986]]}"
way/1308088241,yes,tertiary,LineString,"{""type"": ""LineString"", ""coordinates"": [[77.4539792, 12.9633135], [77.454028, 12.9643537], [77.4541233, 12.9656022], [77.454167, 12.9662575], [77.4541514, 12.9672772], [77.4541529, 12.967298], [77.454074, 12.968183], [77.45402, 12.9688372], [77.4539954, 12.96908], [77.4535831, 12.9722175], [77.4535417, 12.9725764], [77.453537, 12.9726176], [77.4532001, 12.974235], [77.4531792, 12.9743351], [77.4530933, 12.9746364], [77.4526398, 12.9761913], [77.4520094, 12.9783526], [77.4517428, 12.9792737]]}"
way/1308088243,yes,tertiary,LineString,"{""type"": ""LineString"", ""coordinates"": [[77.4498963, 12.9393497], [77.4498686, 12.9385233], [77.4499803, 12.9369578]]}"
way/1308088250,yes,tertiary,LineString,"{""type"": ""LineString"", ""coordinates"": [[77.4506468, 12.9300956], [77.4507005, 12.9293598], [77.4507353, 12.9287022], [77.4507521, 12.9273929]]}"
way/1308088261,yes,trunk,LineString,"{""type"": ""LineString"", ""coordinates"": [[77.4534389, 12.9116814], [77.4530211, 12.9129292], [77.451678, 12.9171987], [77.4515709, 12.9175492], [77.4512536, 12.9185871], [77.4511596, 12.9188948]]}"
way/1308088262,yes,trunk,LineString,"{""type"": ""LineString"", ""coordinates"": [[77.4537712, 12.9104483], [77.4537405, 12.910619], [77.4535208, 12.9114148], [77.4534389, 12.9116814]]}"
way/1308088263,yes,trunk,LineString,"{""type"": ""LineString"", ""coordinates"": [[77.4512866, 12.9189356], [77.4513805, 12.918615], [77.451664, 12.9177006], [77.4517506, 12.9173877], [77.4518661, 12.9169805], [77.452752, 12.9141828], [77.4535308, 12.9117241]]}"
way/1308088264,yes,trunk,LineString,"{""type"": ""LineString"", ""coordinates"": [[77.4535308, 12.9117241], [77.4536346, 12.9114402], [77.4537962, 12.91084], [77.453886, 12.9104751]]}"
way/1308088265,yes,trunk,LineString,"{""type"": ""LineString"", ""coordinates"": [[77.4524295, 12.9552579], [77.4523681, 12.955106], [77.4521118, 12.9542736], [77.4516989, 12.9529174], [77.4512642, 12.9514583], [77.4507768, 12.9499236], [77.4505621, 12.9490452], [77.4504136, 12.9484375], [77.4504094, 12.9484125], [77.4503975, 12.9483426], [77.4503105, 12.9478304]]}"
way/1308088266,yes,trunk,LineString,"{""type"": ""LineString"", ""coordinates"": [[77.4502925, 12.9273893], [77.4502897, 12.9275498], [77.4502872, 12.9276907], [77.4502565, 12.9291279], [77.4501273, 12.9306779]]}"
way/1308088268,yes,tertiary,LineString,"{""type"": ""LineString"", ""coordinates"": [[77.449979, 12.9276558], [77.4499118, 12.9291859], [77.449862, 12.9299478]]}"
way/1308088269,yes,trunk,LineString,"{""type"": ""LineString"", ""coordinates"": [[77.4541768, 12.9088109], [77.4541555, 12.9089818], [77.454098, 12.9092845], [77.4540229, 12.9095265], [77.4538213, 12.9102141], [77.4537712, 12.9104483]]}"
way/1308088270,yes,trunk,LineString,"{""type"": ""LineString"", ""coordinates"": [[77.4542951, 12.9063427], [77.4542546, 12.9069176], [77.4542188, 12.9078317]]}"
way/1308088271,yes,trunk,LineString,"{""type"": ""LineString"", ""coordinates"": [[77.4544057, 12.9063555], [77.4545553, 12.9054977], [77.4547265, 12.9048393], [77.454901, 12.9043085], [77.4550644, 12.9037695]]}"
way/1308088272,yes,trunk,LineString,"{""type"": ""LineString"", ""coordinates"": [[77.4543269, 12.9078324], [77.4543567, 12.9069287], [77.4544057, 12.9063555]]}"
way/1308088275,yes,trunk,LineString,"{""type"": ""LineString"", ""coordinates"": [[77.4542188, 12.9078317], [77.4541768, 12.9088109]]}"
way/1308088276,yes,trunk,LineString,"{""type"": ""LineString"", ""coordinates"": [[77.4542842, 12.9088097], [77.4543269, 12.9078324]]}"
way/1308088278,yes,tertiary,LineString,"{""type"": ""LineString"", ""coordinates"": [[77.4544454, 12.9078158], [77.4544922, 12.9068704], [77.4545362, 12.9063657]]}"
way/1308640144,yes,footway,LineString,"{""type"": ""LineString"", ""coordinates"": [[77.5947768, 12.981767], [77.5947062, 12.981707]]}"
way/1308640145,yes,footway,LineString,"{""type"": ""LineString"", ""coordinates"": [[77.5944372, 12.9819004], [77.5944485, 12.9818911], [77.5944554, 12.9818738], [77.59444, 12.9818721], [77.594437, 12.9818657]]}"
way/1308640158,yes,footway,LineString,"{""type"": ""LineString"", ""coordinates"": [[77.5885439, 12.9844897], [77.5884975, 12.9844664], [77.5884851, 12.9843977]]}"
way/1308640159,yes,footway,LineString,"{""type"": ""LineString"", ""coordinates"": [[77.5890097, 12.9844008], [77.5889926, 12.9844082], [77.5887049, 12.9845276], [77.5885852, 12.9845046], [77.5885439, 12.9844897]]}"
way/1308654687,yes,secondary,LineString,"{""type"": ""LineString"", ""coordinates"": [[77.6025429, 12.9763809], [77.6023269, 12.9764287], [77.602285, 12.976439], [77.6020105, 12.9765063], [77.6019565, 12.9765136], [77.6018634, 12.9765184], [77.6017987, 12.976518]]}"
way/1308654711,yes,footway,LineString,"{""type"": ""LineString"", ""coordinates"": [[77.5994399, 12.9764655], [77.5994348, 12.9764642], [77.5994283, 12.9764625]]}"
way/1308654712,yes,footway,LineString,"{""type"": ""LineString"", ""coordinates"": [[77.6026255, 12.9756029], [77.6026213, 12.9756569], [77.602586, 12.9759338], [77.6025771, 12.9761682], [77.6025698, 12.9762171], [77.602582, 12.9762463], [77.6026127, 12.9762766]]}"
way/1308654713,yes,secondary,LineString,"{""type"": ""LineString"", ""coordinates"": [[77.6043027, 12.9759656], [77.6025429, 12.9763809]]}"
way/1308725870,yes,primary,LineString,"{""type"": ""LineString"", ""coordinates"": [[77.5949443, 12.9673249], [77.594954, 12.9672894], [77.5949794, 12.9671425], [77.5949846, 12.9671125], [77.5949973, 12.9670391], [77.5950212, 12.9669008], [77.5950276, 12.9668735], [77.5950385, 12.9668338], [77.595081, 12.9666796]]}"
way/1310991830,no,footway,LineString,"{""type"": ""LineString"", ""coordinates"": [[77.5926918, 12.9896968], [77.5927019, 12.9897085]]}"
way/1310991831,no,footway,LineString,"{""type"": ""LineString"", ""coordinates"": [[77.5927604, 12.9897766], [77.5927543, 12.9897695]]}"
way/1310991832,no,footway,LineString,"{""type"": ""LineString"", ""coordinates"": [[77.59271, 12.9896006], [77.5927203, 12.9895932]]}"
way/1311039587,yes,footway,LineString,"{""type"": ""LineString"", ""coordinates"": [[77.5840987, 13.0149093], [77.5841434, 13.014909], [77.5842094, 13.0149086]]}"
way/1311039588,yes,footway,LineString,"{""type"": ""LineString"", ""coordinates"": [[77.5640161, 13.0150843], [77.5639907, 13.0150452], [77.5638795, 13.0151132], [77.5636923, 13.0152238], [77.5629182, 13.0156814], [77.5625035, 13.0159237], [77.5621408, 13.0161278], [77.5615266, 13.0164734], [77.5605333, 13.0170321], [77.5597024, 13.0175505], [77.5596393, 13.0175899], [77.5594257, 13.0177231], [77.5588555, 13.0180362], [77.5588757, 13.0180838]]}"
way/1311039591,limited,footway,LineString,"{""type"": ""LineString"", ""coordinates"": [[77.560024, 13.0142655], [77.559834, 13.0145984], [77.5598252, 13.0146139], [77.559813, 13.0146353], [77.5593915, 13.0153754], [77.5585431, 13.0168647], [77.5585246, 13.0168973], [77.5585153, 13.0169137], [77.5584981, 13.0169439], [77.5582837, 13.0173201], [77.5582735, 13.0173381], [77.5582643, 13.0173543], [77.5581912, 13.0174826], [77.5581807, 13.0175011], [77.5581681, 13.0175232], [77.557786, 13.018194], [77.5577885, 13.0181897], [77.5577396, 13.0182756], [77.5577189, 13.0183092]]}"
way/1311167130,yes,primary,LineString,"{""type"": ""LineString"", ""coordinates"": [[77.6445764, 12.9856307], [77.6449358, 12.9857661], [77.6449495, 12.9857713], [77.6449944, 12.9857882]]}"
way/1311241152,yes,residential,LineString,"{""type"": ""LineString"", ""coordinates"": [[77.6635455, 12.9016476], [77.6635331, 12.9024887], [77.6635153, 12.9027075]]}"
way/1311241153,yes,residential,LineString,"{""type"": ""LineString"", ""coordinates"": [[77.6637241, 12.9014469], [77.6635455, 12.9016476]]}"
way/1311251823,yes,primary,LineString,"{""type"": ""LineString"", ""coordinates"": [[77.5887571, 12.9675102], [77.5886393, 12.9674469], [77.5885052, 12.9673784], [77.5884173, 12.9673336]]}"
way/1311251824,yes,primary,LineString,"{""type"": ""LineString"", ""coordinates"": [[77.5893451, 12.9676363], [77.589093, 12.9675971], [77.588909, 12.9675547], [77.5888676, 12.9675463], [77.5887571, 12.9675102]]}"
way/1311457408,yes,secondary,LineString,"{""type"": ""LineString"", ""coordinates"": [[77.584108, 13.101357], [77.5831758, 13.1010963], [77.582753, 13.1009828]]}"
way/1311483274,yes,service,LineString,"{""type"": ""LineString"", ""coordinates"": [[77.5925674, 12.9385194], [77.5925729, 12.9385439], [77.5925867, 12.9385573], [77.5930337, 12.9389126], [77.5930805, 12.93895], [77.5931068, 12.938971], [77.5935431, 12.9393198], [77.5935893, 12.9393568], [77.5939012, 12.9396061], [77.5939193, 12.9396129], [77.5939384, 12.939615], [77.5947496, 12.9396994], [77.594816, 12.9397059]]}"
way/1311483276,yes,service,LineString,"{""type"": ""LineString"", ""coordinates"": [[77.5976244, 12.939928], [77.5975843, 12.9399222], [77.5975418, 12.9399149], [77.5969762, 12.9398599], [77.596611, 12.9398241], [77.5959315, 12.9397576], [77.5958582, 12.9397499]]}"
way/1311483278,yes,service,LineString,"{""type"": ""LineString"", ""coordinates"": [[77.5958582, 12.9397499], [77.5957663, 12.9397397]]}"
way/1311483280,yes,service,LineString,"{""type"": ""LineString"", ""coordinates"": [[77.596992, 12.9399266], [77.5975347, 12.9399624], [77.597576, 12.9399677], [77.5976158, 12.9399724]]}"
way/1311731066,yes,secondary,LineString,"{""type"": ""LineString"", ""coordinates"": [[77.5506617, 13.0040396], [77.5503598, 13.0040079], [77.5501454, 13.0039854], [77.5501008, 13.0039807], [77.5499958, 13.0039696]]}"
way/1311756193,yes,tertiary,LineString,"{""type"": ""LineString"", ""coordinates"": [[77.6430337, 12.9198785], [77.6431146, 12.9198251]]}"
way/1311812959,yes,primary,LineString,"{""type"": ""LineString"", ""coordinates"": [[77.6282817, 12.9244971], [77.6284461, 12.9244249], [77.6284733, 12.9244159], [77.628792, 12.9242826], [77.6289059, 12.9242381]]}"
way/1312014812,yes,primary,LineString,"{""type"": ""LineString"", ""coordinates"": [[77.5686447, 12.9827822], [77.5687759, 12.9827981], [77.5688911, 12.9828127], [77.5689883, 12.9828125]]}"
way/1312014813,yes,primary,LineString,"{""type"": ""LineString"", ""coordinates"": [[77.5689883, 12.9828125], [77.569244, 12.9827595]]}"
way/1312040398,yes,primary,LineString,"{""type"": ""LineString"", ""coordinates"": [[77.6969783, 12.9566745], [77.6963989, 12.9565668]]}"
way/1312040399,yes,primary,LineString,"{""type"": ""LineString"", ""coordinates"": [[77.6980651, 12.9568582], [77.6979087, 12.9568322], [77.6976052, 12.9567817], [77.6975642, 12.9567742], [77.6975189, 12.9567662], [77.697381, 12.9567436], [77.6969783, 12.9566745]]}"
way/1312040400,yes,primary,LineString,"{""type"": ""LineString"", ""coordinates"": [[77.6963813, 12.9566544], [77.6970263, 12.9567703]]}"
way/1312434979,yes,footway,LineString,"{""type"": ""LineString"", ""coordinates"": [[77.5992572, 12.9768067], [77.5993063, 12.9768207], [77.5993838, 12.9768495]]}"
way/1312434980,yes,footway,LineString,"{""type"": ""LineString"", ""coordinates"": [[77.5992107, 12.9767916], [77.5992572, 12.9768067]]}"
way/1312434983,yes,secondary,LineString,"{""type"": ""LineString"", ""coordinates"": [[77.5987263, 12.9762974], [77.5989941, 12.9765226], [77.5990331, 12.9765605], [77.5990607, 12.9765826], [77.5991326, 12.976644], [77.5991951, 12.9766715]]}"
way/1312442499,no,footway,LineString,"{""type"": ""LineString"", ""coordinates"": [[77.5916597, 12.9904578], [77.5918536, 12.9904335], [77.5927604, 12.9897766]]}"
way/1312442500,no,footway,LineString,"{""type"": ""LineString"", ""coordinates"": [[77.5915989, 12.9904636], [77.5916249, 12.9904619], [77.5916597, 12.9904578]]}"
way/1312800264,yes,primary,LineString,"{""type"": ""LineString"", ""coordinates"": [[77.6837023, 12.9111295], [77.6837857, 12.911094], [77.6839292, 12.9110381], [77.6843854, 12.9108646], [77.6845104, 12.910818]]}"
way/1312992486,yes,unclassified,LineString,"{""type"": ""LineString"", ""coordinates"": [[77.6970266, 12.9804448], [77.6969881, 12.9802758]]}"
way/1313221750,yes,residential,LineString,"{""type"": ""LineString"", ""coordinates"": [[77.6837969, 12.9915847], [77.6838053, 12.9918635], [77.6836783, 12.9918708]]}"
way/1313664728,yes,primary,LineString,"{""type"": ""LineString"", ""coordinates"": [[77.6139217, 12.9665022], [77.6138905, 12.9665105], [77.6137436, 12.9665495], [77.6135054, 12.9666119], [77.6131761, 12.9666944], [77.6130236, 12.9667296], [77.6129856, 12.9667388], [77.6129532, 12.9667466], [77.6123185, 12.9669], [77.6121034, 12.9669513], [77.6118743, 12.9670064], [77.6115498, 12.9670846], [77.6115269, 12.9670902], [77.6114224, 12.967114], [77.6112318, 12.9671397]]}"
way/1313717584,no,secondary,LineString,"{""type"": ""LineString"", ""coordinates"": [[77.6225141, 12.9873371], [77.62248, 12.9873882], [77.6224689, 12.987476], [77.6224471, 12.9875588], [77.62244, 12.9875734], [77.6223907, 12.9876049]]}"
way/1314299112,yes,trunk,LineString,"{""type"": ""LineString"", ""coordinates"": [[77.6965209, 12.9767568], [77.6970081, 12.9759766]]}"
way/1314299113,yes,trunk,LineString,"{""type"": ""LineString"", ""coordinates"": [[77.6933241, 12.9816707], [77.6930993, 12.9820642]]}"
way/1314299114,yes,trunk,LineString,"{""type"": ""LineString"", ""coordinates"": [[77.693507, 12.9817047], [77.69384, 12.9811796], [77.6938873, 12.9811049], [77.6940909, 12.9807759], [77.6943551, 12.9803763]]}"
way/1314299678,yes,trunk,LineString,"{""type"": ""LineString"", ""coordinates"": [[77.6863519, 12.9925148], [77.6859612, 12.9931398]]}"
way/1314325505,yes,primary,LineString,"{""type"": ""LineString"", ""coordinates"": [[77.5494019, 13.0018026], [77.5493777, 13.0018201], [77.5493647, 13.0018353], [77.5493546, 13.0018533], [77.54935, 13.0018767], [77.5492256, 13.002622], [77.5492089, 13.0026792]]}"
way/1314325507,yes,primary,LineString,"{""type"": ""LineString"", ""coordinates"": [[77.5491254, 13.004691], [77.5491428, 13.0045682]]}"
way/1314327952,yes,trunk,LineString,"{""type"": ""LineString"", ""coordinates"": [[77.5568646, 13.0171848], [77.5568102, 13.0170903]]}"
way/1314349460,yes,primary,LineString,"{""type"": ""LineString"", ""coordinates"": [[77.7047888, 12.9030201], [77.7046667, 12.9030785], [77.704624, 12.9030989]]}"
way/1314353339,yes,trunk,LineString,"{""type"": ""LineString"", ""coordinates"": [[77.7009629, 12.8041767], [77.7011385, 12.803984]]}"
way/1314353340,yes,trunk,LineString,"{""type"": ""LineString"", ""coordinates"": [[77.7081968, 12.8020243], [77.7086566, 12.8020461]]}"
way/1314353341,yes,trunk,LineString,"{""type"": ""LineString"", ""coordinates"": [[77.7086212, 12.8019143], [77.7081975, 12.8019222]]}"
way/1314353342,yes,trunk,LineString,"{""type"": ""LineString"", ""coordinates"": [[77.7010912, 12.8038516], [77.7008715, 12.8040889]]}"
way/1314361330,yes,primary,LineString,"{""type"": ""LineString"", ""coordinates"": [[77.6035974, 12.9368984], [77.6040149, 12.9368446]]}"
way/1314361331,yes,primary,LineString,"{""type"": ""LineString"", ""coordinates"": [[77.6034007, 12.9369237], [77.6035974, 12.9368984]]}"
way/1314361332,yes,primary,LineString,"{""type"": ""LineString"", ""coordinates"": [[77.603588, 12.9368301], [77.6034127, 12.9368552]]}"
way/1314544795,yes,primary,LineString,"{""type"": ""LineString"", ""coordinates"": [[77.593587, 12.9595636], [77.5935607, 12.9594547]]}"
way/1314544796,yes,primary,LineString,"{""type"": ""LineString"", ""coordinates"": [[77.5961311, 12.9634144], [77.5960118, 12.9632817], [77.5958287, 12.9631099], [77.5953959, 12.9627313], [77.5952428, 12.9625951], [77.5950828, 12.962471], [77.5950154, 12.9624251], [77.5947598, 12.9622637], [77.5946699, 12.9621874]]}"
way/1314600701,yes,trunk,LineString,"{""type"": ""LineString"", ""coordinates"": [[77.5852652, 13.0255172], [77.585173, 13.0251528]]}"
way/1314670271,yes,primary,LineString,"{""type"": ""LineString"", ""coordinates"": [[77.5973115, 12.9432169], [77.5973398, 12.9430233], [77.5974246, 12.9423788], [77.597477, 12.9417572], [77.5976671, 12.9401197], [77.5976838, 12.9400265], [77.5976962, 12.9399597], [77.597742, 12.9398042], [77.5980384, 12.9392723], [77.5984717, 12.9386095], [77.5986832, 12.9383152], [77.5989716, 12.9380357]]}"
way/1314793970,yes,primary,LineString,"{""type"": ""LineString"", ""coordinates"": [[77.6497946, 12.9596568], [77.6492467, 12.9597159]]}"
way/1315004651,no,residential,LineString,"{""type"": ""LineString"", ""coordinates"": [[77.6176706, 12.8694046], [77.616354, 12.8697495]]}"
way/1315015204,yes,footway,LineString,"{""type"": ""LineString"", ""coordinates"": [[77.5797226, 13.0709917], [77.5797061, 13.0710407], [77.5797039, 13.0710443], [77.5797007, 13.0710466], [77.5796962, 13.0710466], [77.579565, 13.0710251], [77.5795596, 13.0710252], [77.579555, 13.0710274], [77.5795531, 13.0710323], [77.579514, 13.0712154], [77.5795179, 13.0712261], [77.5795279, 13.071232], [77.5796599, 13.0712423], [77.5796778, 13.0712591], [77.5796811, 13.0712792], [77.5796298, 13.0715099]]}"
way/1315046746,yes,residential,LineString,"{""type"": ""LineString"", ""coordinates"": [[77.6125127, 12.910499], [77.6125266, 12.9104982], [77.6125424, 12.9104973]]}"
way/1315366131,yes,footway,LineString,"{""type"": ""LineString"", ""coordinates"": [[77.5407689, 12.8563319], [77.540844, 12.8562869], [77.5408723, 12.8562419], [77.5408786, 12.8561943], [77.5408229, 12.8561072], [77.5408131, 12.8560898], [77.5404533, 12.8562397], [77.5405403, 12.8564338]]}"
way/1315453451,yes,primary,LineString,"{""type"": ""LineString"", ""coordinates"": [[77.7370191, 12.9876637], [77.7370718, 12.9876644], [77.7371127, 12.987665], [77.7387427, 12.9876751], [77.7390161, 12.9876771], [77.7392174, 12.987673], [77.7393831, 12.9876753], [77.7398199, 12.9876631], [77.7399966, 12.9876582], [77.7400088, 12.9876573], [77.740056, 12.987654], [77.740083, 12.9876521]]}"
way/1315453453,yes,primary,LineString,"{""type"": ""LineString"", ""coordinates"": [[77.740083, 12.9876521], [77.7401102, 12.987647], [77.7402078, 12.9876289]]}"
way/1315833097,yes,residential,LineString,"{""type"": ""LineString"", ""coordinates"": [[77.5835373, 13.0977736], [77.583607, 13.0977268], [77.5834331, 13.0973002]]}"
way/1315884577,yes,footway,LineString,"{""type"": ""LineString"", ""coordinates"": [[77.6694682, 12.9176396], [77.669514, 12.9177098], [77.6695347, 12.9178662], [77.6695557, 12.9179252], [77.6696602, 12.9179321], [77.6698725, 12.9179408]]}"
way/1316364326,yes,residential,LineString,"{""type"": ""LineString"", ""coordinates"": [[77.7048755, 12.8270117], [77.7047806, 12.8263463], [77.7047359, 12.8259751], [77.704726, 12.8258719], [77.7047105, 12.8257105], [77.7050132, 12.8256641], [77.7051354, 12.8264892]]}"
way/1316551973,yes,secondary_link,LineString,"{""type"": ""LineString"", ""coordinates"": [[77.5862805, 13.1021379], [77.5863594, 13.1022085]]}"
way/1316838535,yes,primary,LineString,"{""type"": ""LineString"", ""coordinates"": [[77.7009285, 12.9569154], [77.7008825, 12.9569188], [77.7007073, 12.9569338]]}"
way/1316838536,yes,primary,LineString,"{""type"": ""LineString"", ""coordinates"": [[77.7007073, 12.9569338], [77.7003435, 12.9569574], [77.7001567, 12.9569744], [77.7000686, 12.9569816], [77.6997776, 12.9570067], [77.6994853, 12.957028], [77.699204, 12.9570394], [77.6990296, 12.9570328], [77.6987773, 12.9569898], [77.6984741, 12.9569301], [77.6982353, 12.9568876], [77.6981583, 12.9568719], [77.6980651, 12.9568582]]}"
way/1316838746,yes,primary,LineString,"{""type"": ""LineString"", ""coordinates"": [[77.6963989, 12.9565668], [77.6958854, 12.956478], [77.6953171, 12.9563729], [77.6950683, 12.956322], [77.6946162, 12.9562404], [77.6943842, 12.9562062], [77.6942603, 12.9561982], [77.6940806, 12.9561745]]}"
way/1316838747,yes,primary,LineString,"{""type"": ""LineString"", ""coordinates"": [[77.6940806, 12.9561745], [77.6940178, 12.9561663], [77.6938091, 12.9561327], [77.6936535, 12.9561028]]}"
way/1317327058,yes,tertiary,LineString,"{""type"": ""LineString"", ""coordinates"": [[77.4530903, 12.9115997], [77.4528722, 12.9123207], [77.4518827, 12.915434], [77.451574, 12.9164929], [77.4515346, 12.9166109], [77.451514, 12.9167371]]}"
way/1317327059,yes,tertiary,LineString,"{""type"": ""LineString"", ""coordinates"": [[77.4534005, 12.9105708], [77.4533061, 12.9109056], [77.4531821, 12.9112964]]}"
way/1317327060,yes,tertiary,LineString,"{""type"": ""LineString"", ""coordinates"": [[77.4534864, 12.9099806], [77.4534005, 12.9105708]]}"
way/1317327061,yes,tertiary,LineString,"{""type"": ""LineString"", ""coordinates"": [[77.4531821, 12.9112964], [77.4530903, 12.9115997]]}"
way/1317504040,yes,residential,LineString,"{""type"": ""LineString"", ""coordinates"": [[77.6733039, 12.9001099], [77.6734716, 12.9001344], [77.6735528, 12.9001295], [77.673862, 12.9001108], [77.674702, 12.9000599], [77.6754728, 12.9000133]]}"
way/1317504041,yes,residential,LineString,"{""type"": ""LineString"", ""coordinates"": [[77.6754722, 12.8999575], [77.674698, 12.9000052], [77.6738584, 12.9000531], [77.6735484, 12.9000715], [77.6734717, 12.9000761], [77.6733039, 12.9001099]]}"
way/1317552857,yes,residential,LineString,"{""type"": ""LineString"", ""coordinates"": [[77.705365, 12.9073224], [77.7054242, 12.9073023]]}"
way/1317821718,yes,residential,LineString,"{""type"": ""LineString"", ""coordinates"": [[77.6449588, 12.9709045], [77.6453534, 12.9709139], [77.6456416, 12.9709213], [77.6463762, 12.9709401], [77.6467956, 12.9709508], [77.6472762, 12.9709632], [77.6473157, 12.970966]]}"
way/1317821719,yes,residential,LineString,"{""type"": ""LineString"", ""coordinates"": [[77.6449745, 12.9703599], [77.6449726, 12.9704123], [77.6449588, 12.9709045]]}"
way/1318033032,yes,primary,LineString,"{""type"": ""LineString"", ""coordinates"": [[77.6096396, 12.9347563], [77.6086458, 12.9354069], [77.6078349, 12.9358806], [77.6075136, 12.9360506], [77.6073914, 12.9360965], [77.6071456, 12.9361888], [77.6067688, 12.9363329], [77.606663, 12.9363638], [77.6066237, 12.9363753], [77.606522, 12.9364037], [77.6063184, 12.9364364], [77.60625, 12.9364474], [77.6062239, 12.9364516], [77.6061623, 12.9364596], [77.6058203, 12.9365038], [77.6057517, 12.9365128], [77.6056798, 12.9365221], [77.6050024, 12.9366206], [77.603588, 12.9368301]]}"
way/1318791634,yes,residential,LineString,"{""type"": ""LineString"", ""coordinates"": [[77.5885955, 13.0978702], [77.5885882, 13.0978874], [77.5881679, 13.0988753]]}"
way/1318792555,no,service,LineString,"{""type"": ""LineString"", ""coordinates"": [[77.5889123, 13.0971259], [77.5890763, 13.0967405]]}"
way/1318794456,yes,secondary_link,LineString,"{""type"": ""LineString"", ""coordinates"": [[77.589064, 13.0952925], [77.5889938, 13.0952632]]}"
way/1318794979,yes,secondary_link,LineString,"{""type"": ""LineString"", ""coordinates"": [[77.5892068, 13.0949464], [77.5891351, 13.0949177]]}"
way/1319188505,limited,footway,LineString,"{""type"": ""LineString"", ""coordinates"": [[77.5726665, 13.0147802], [77.5726954, 13.0149195], [77.5726328, 13.0161785], [77.5725679, 13.0170335], [77.5724635, 13.0188941], [77.5723284, 13.0212381], [77.5722677, 13.0219333], [77.5722631, 13.0219966], [77.5722051, 13.0226822], [77.5721251, 13.0234991], [77.5720912, 13.0236947], [77.5720637, 13.0239269], [77.572014, 13.0243593], [77.5718322, 13.0267378], [77.5717975, 13.0268501], [77.5715338, 13.0275678], [77.571475, 13.0277309], [77.5714317, 13.0278471], [77.5712784, 13.0282614], [77.5712704, 13.0282834], [77.5712536, 13.0283197]]}"
way/1319418033,yes,service,LineString,"{""type"": ""LineString"", ""coordinates"": [[77.7067095, 12.9022876], [77.7066811, 12.9023263], [77.7066786, 12.902374], [77.7066633, 12.9028541], [77.7066857, 12.9029123]]}"
way/1319418034,yes,service,LineString,"{""type"": ""LineString"", ""coordinates"": [[77.7066969, 12.902156], [77.7067095, 12.9022876]]}"
way/1319824831,yes,residential,LineString,"{""type"": ""LineString"", ""coordinates"": [[77.6736672, 12.9022004], [77.6738272, 12.9021683]]}"
way/1321561528,yes,service,LineString,"{""type"": ""LineString"", ""coordinates"": [[77.5930366, 12.9550674], [77.5929297, 12.9549261]]}"
way/1321599087,yes,service,LineString,"{""type"": ""LineString"", ""coordinates"": [[77.7960648, 12.8634186], [77.7962874, 12.8633367]]}"
way/1321599122,yes,residential,LineString,"{""type"": ""LineString"", ""coordinates"": [[77.7959026, 12.8629984], [77.7955216, 12.8620089]]}"
way/1321599123,yes,residential,LineString,"{""type"": ""LineString"", ""coordinates"": [[77.7960648, 12.8634186], [77.7959026, 12.8629984]]}"
way/1322842850,yes,tertiary,LineString,"{""type"": ""LineString"", ""coordinates"": [[77.6932677, 12.9726357], [77.6932379, 12.9724905], [77.6932117, 12.9723336], [77.693229, 12.9720541], [77.6932508, 12.9718398], [77.6932863, 12.9717663], [77.6934221, 12.9717197], [77.6934628, 12.97171], [77.6936534, 12.9716801], [77.6937944, 12.9716653], [77.6938978, 12.971647], [77.6940132, 12.9716252], [77.6940901, 12.9716058], [77.6942215, 12.9715676]]}"
way/1322842851,yes,tertiary,LineString,"{""type"": ""LineString"", ""coordinates"": [[77.6942215, 12.9715676], [77.6942073, 12.9714505], [77.694195, 12.9713484], [77.6940082, 12.9706153]]}"
way/1323088699,yes,residential,LineString,"{""type"": ""LineString"", ""coordinates"": [[77.7513026, 12.9362472], [77.7511804, 12.936214], [77.7509776, 12.9361733], [77.7508733, 12.9362473], [77.7508008, 12.9362997], [77.7507875, 12.9363096], [77.7507764, 12.936319], [77.7507391, 12.9363505], [77.7506239, 12.9364517], [77.7505617, 12.9365065], [77.7505036, 12.9365619]]}"
way/1323088700,yes,residential,LineString,"{""type"": ""LineString"", ""coordinates"": [[77.7513498, 12.9371462], [77.7513026, 12.9362472]]}"
way/1323088701,yes,residential,LineString,"{""type"": ""LineString"", ""coordinates"": [[77.7516643, 12.9370993], [77.7518229, 12.9375008]]}"
way/1323088702,yes,residential,LineString,"{""type"": ""LineString"", ""coordinates"": [[77.7518229, 12.9375008], [77.7516326, 12.9375462], [77.7511573, 12.9376596]]}"
way/1323088703,yes,residential,LineString,"{""type"": ""LineString"", ""coordinates"": [[77.7511573, 12.9376596], [77.7510353, 12.9372042]]}"
way/1323088704,yes,residential,LineString,"{""type"": ""LineString"", ""coordinates"": [[77.7506273, 12.937309], [77.7510353, 12.9372042], [77.7512229, 12.9371664], [77.7513498, 12.9371462], [77.7514836, 12.9371233], [77.7516643, 12.9370993]]}"
way/1323088705,yes,residential,LineString,"{""type"": ""LineString"", ""coordinates"": [[77.7505036, 12.9365619], [77.7506273, 12.937309]]}"
way/1323088710,yes,residential,LineString,"{""type"": ""LineString"", ""coordinates"": [[77.7506717, 12.9362644], [77.7507132, 12.9363156], [77.7507391, 12.9363505]]}"
way/1323088711,yes,residential,LineString,"{""type"": ""LineString"", ""coordinates"": [[77.7505617, 12.9365065], [77.7505465, 12.9364845], [77.7504891, 12.9363923]]}"
way/1323782719,yes,primary,LineString,"{""type"": ""LineString"", ""coordinates"": [[77.5709816, 12.9800171], [77.570909, 12.9801529], [77.5708978, 12.9801738], [77.5708389, 12.9803038], [77.5708053, 12.980378]]}"
way/1323782720,yes,primary,LineString,"{""type"": ""LineString"", ""coordinates"": [[77.5708506, 12.9804867], [77.5708987, 12.980426], [77.5709223, 12.9803996]]}"
way/1323782721,yes,primary,LineString,"{""type"": ""LineString"", ""coordinates"": [[77.5699467, 12.9820902], [77.5698805, 12.9821463], [77.5698279, 12.9822144], [77.5697673, 12.9822721], [77.5697047, 12.9823142]]}"
way/1323782723,yes,primary,LineString,"{""type"": ""LineString"", ""coordinates"": [[77.5702007, 12.9820251], [77.5704467, 12.9816216]]}"
way/1323783931,yes,primary,LineString,"{""type"": ""LineString"", ""coordinates"": [[77.5688826, 12.982484], [77.5688011, 12.9824986], [77.5687095, 12.9825067], [77.5686218, 12.9825015], [77.568549, 12.9824922], [77.5682372, 12.9824255]]}"
way/1323783932,yes,primary,LineString,"{""type"": ""LineString"", ""coordinates"": [[77.5686447, 12.9827822], [77.5687779, 12.9828487], [77.5688896, 12.982891], [77.5689938, 12.9829108]]}"
way/1323814011,yes,trunk,LineString,"{""type"": ""LineString"", ""coordinates"": [[77.7001447, 12.9534147], [77.7002819, 12.9539913], [77.7003591, 12.954278]]}"
way/1323814012,yes,trunk,LineString,"{""type"": ""LineString"", ""coordinates"": [[77.7004863, 12.9542547], [77.7004669, 12.9541656], [77.7003042, 12.9534482]]}"
way/1324103072,yes,primary,LineString,"{""type"": ""LineString"", ""coordinates"": [[77.6651761, 12.958562], [77.6650596, 12.9585763]]}"
way/1324290770,yes,trunk,LineString,"{""type"": ""LineString"", ""coordinates"": [[77.5547688, 13.0440422], [77.5546408, 13.0440194]]}"
way/1324296831,yes,trunk,LineString,"{""type"": ""LineString"", ""coordinates"": [[77.6964809, 12.9413486], [77.6963964, 12.9412043], [77.696385, 12.9411823]]}"
way/1324298415,yes,trunk,LineString,"{""type"": ""LineString"", ""coordinates"": [[77.6623923, 13.0105105], [77.6623675, 13.0108381], [77.6623298, 13.0113587]]}"
way/1326371480,yes,trunk,LineString,"{""type"": ""LineString"", ""coordinates"": [[77.4570559, 12.8981797], [77.4588666, 12.8955964]]}"
way/1329263143,yes,trunk,LineString,"{""type"": ""LineString"", ""coordinates"": [[77.6808562, 13.000269], [77.6806885, 13.0003019], [77.6804889, 13.0003185], [77.6803539, 13.0003208], [77.6799744, 13.0003272], [77.6797879, 13.0003204], [77.6797088, 13.000317], [77.6795073, 13.0003083], [77.6792839, 13.0003019], [77.6791347, 13.0002897], [77.6789239, 13.0002725]]}"
way/1329263144,yes,trunk,LineString,"{""type"": ""LineString"", ""coordinates"": [[77.6786586, 13.0002788], [77.678369, 13.00026], [77.6781505, 13.0002569]]}"
way/1331247892,yes,trunk,LineString,"{""type"": ""LineString"", ""coordinates"": [[77.6202471, 12.9210144], [77.6201733, 12.9211609]]}"
way/1332592275,yes,secondary,LineString,"{""type"": ""LineString"", ""coordinates"": [[77.6821167, 12.9640964], [77.6821452, 12.9641669], [77.6823085, 12.9645713], [77.6827272, 12.9653077], [77.6829867, 12.9658311], [77.6829953, 12.9660904], [77.6829218, 12.9664039], [77.6829015, 12.9665186], [77.6828127, 12.9666412], [77.6828045, 12.966657], [77.6827111, 12.9668377], [77.6826629, 12.9669371], [77.6826387, 12.9671136], [77.6826298, 12.9671808], [77.6826165, 12.9672877], [77.6826147, 12.9673449], [77.6826122, 12.9674807], [77.6826286, 12.9678262], [77.6826284, 12.9679617], [77.6826285, 12.9679695], [77.6826099, 12.9681451], [77.6826043, 12.9682145], [77.6825663, 12.9685826], [77.6825451, 12.968867]]}"
way/1332592276,yes,secondary,LineString,"{""type"": ""LineString"", ""coordinates"": [[77.6408126, 12.9784216], [77.640913, 12.9784242]]}"
way/1332592277,yes,primary,LineString,"{""type"": ""LineString"", ""coordinates"": [[77.640913, 12.9784242], [77.6409171, 12.9783397]]}"
way/1332592278,yes,primary,LineString,"{""type"": ""LineString"", ""coordinates"": [[77.6405953, 12.9841506], [77.6406191, 12.9840614]]}"
way/1332592279,yes,primary,LineString,"{""type"": ""LineString"", ""coordinates"": [[77.6406191, 12.9840614], [77.6405308, 12.9840371]]}"
way/1335306101,yes,tertiary,LineString,"{""type"": ""LineString"", ""coordinates"": [[77.6756318, 12.9226284], [77.6756707, 12.9227091], [77.6756901, 12.9227888], [77.6757132, 12.9230741], [77.6757519, 12.9235792], [77.6757676, 12.9237846], [77.6758071, 12.9240284], [77.6758205, 12.9241114], [77.6758609, 12.9244467], [77.6758628, 12.9244657], [77.6759351, 12.9248533]]}"
way/1340251654,yes,tertiary,LineString,"{""type"": ""LineString"", ""coordinates"": [[77.6934442, 12.9729514], [77.693277, 12.9726523], [77.6932677, 12.9726357]]}"
way/1342042771,yes,service,LineString,"{""type"": ""LineString"", ""coordinates"": [[77.7297688, 12.9937226], [77.7295378, 12.9936081]]}"
way/1342091668,yes,footway,LineString,"{""type"": ""LineString"", ""coordinates"": [[77.5543642, 13.0133879], [77.5543785, 13.0133597]]}"
way/1343019022,limited,footway,LineString,"{""type"": ""LineString"", ""coordinates"": [[77.5617197, 13.0115925], [77.5619133, 13.0112593], [77.5620103, 13.0110922], [77.5620868, 13.0109606], [77.5621808, 13.0107987], [77.5622858, 13.0106179], [77.5624108, 13.0104027], [77.5626375, 13.0100124], [77.562757, 13.0098067], [77.5628478, 13.0096504], [77.5630354, 13.0093274], [77.5632357, 13.0089826]]}"
way/1343347434,yes,footway,LineString,"{""type"": ""LineString"", ""coordinates"": [[77.5932615, 12.9806048], [77.5932541, 12.9805942], [77.5930842, 12.9804261], [77.592876, 12.9802088], [77.592853, 12.9801383], [77.5927817, 12.9800635], [77.5925703, 12.9798416], [77.5925554, 12.9798372], [77.5925353, 12.9798365], [77.5925033, 12.9798451], [77.5924951, 12.9798367]]}"
way/1344685759,yes,residential,LineString,"{""type"": ""LineString"", ""coordinates"": [[77.5593513, 13.0079279], [77.5600817, 13.0078998]]}"
way/1344943075,yes,secondary,LineString,"{""type"": ""LineString"", ""coordinates"": [[77.7149623, 12.977605], [77.7149006, 12.9776172], [77.7142933, 12.9777036], [77.7142095, 12.9777158], [77.7141692, 12.9777217]]}"
way/1346181442,yes,footway,LineString,"{""type"": ""LineString"", ""coordinates"": [[77.6121835, 12.9344129], [77.612161, 12.9344007]]}"
way/1349000059,yes,service,LineString,"{""type"": ""LineString"", ""coordinates"": [[77.5863015, 13.0934662], [77.5863003, 13.0934326], [77.5862991, 13.0934004]]}"
way/1349000060,yes,service,LineString,"{""type"": ""LineString"", ""coordinates"": [[77.5862034, 13.0934731], [77.5862013, 13.0934387], [77.5861992, 13.0934041]]}"
way/1349011029,yes,footway,LineString,"{""type"": ""LineString"", ""coordinates"": [[77.5860131, 13.0937519], [77.5860196, 13.0937512], [77.586245, 13.0937265], [77.5862551, 13.0937255], [77.5864859, 13.093703]]}"
way/1349011030,yes,footway,LineString,"{""type"": ""LineString"", ""coordinates"": [[77.5862609, 13.0935764], [77.5860044, 13.0936082], [77.5860196, 13.0937512]]}"
way/1349011031,yes,footway,LineString,"{""type"": ""LineString"", ""coordinates"": [[77.5862609, 13.0935764], [77.5862577, 13.0935029], [77.5862563, 13.0934694]]}"
way/1349215823,yes,trunk,LineString,"{""type"": ""LineString"", ""coordinates"": [[77.5724617, 13.0146756], [77.5725927, 13.0146854], [77.5727488, 13.0146971]]}"
way/1349215824,yes,trunk,LineString,"{""type"": ""LineString"", ""coordinates"": [[77.5724754, 13.014598], [77.5724095, 13.0145939]]}"
way/1351118430,yes,trunk,LineString,"{""type"": ""LineString"", ""coordinates"": [[77.5072992, 13.0451995], [77.507194, 13.0452316]]}"
way/1351813346,yes,bus_stop,LineString,"{""type"": ""LineString"", ""coordinates"": [[77.5725981, 12.9775754], [77.5727537, 12.9775754]]}"
way/1352259458,yes,primary,LineString,"{""type"": ""LineString"", ""coordinates"": [[77.6098504, 12.9347148], [77.6098949, 12.9346805]]}"
way/1352492206,yes,unclassified,LineString,"{""type"": ""LineString"", ""coordinates"": [[77.704216, 12.9818899], [77.7045056, 12.9818173], [77.7045766, 12.9817979]]}"
way/1352492207,yes,unclassified,LineString,"{""type"": ""LineString"", ""coordinates"": [[77.7045568, 12.9817288], [77.7044858, 12.9817481], [77.7041961, 12.9818205]]}"
way/1352505308,yes,trunk,LineString,"{""type"": ""LineString"", ""coordinates"": [[77.6644388, 12.856053], [77.6651675, 12.855132], [77.6652253, 12.8550631], [77.6653385, 12.85493]]}"
way/1352853125,yes,path,LineString,"{""type"": ""LineString"", ""coordinates"": [[77.567842, 13.0157167], [77.567823, 13.0157177]]}"
way/1353055892,yes,primary,LineString,"{""type"": ""LineString"", ""coordinates"": [[77.5541062, 13.0146826], [77.5541065, 13.014644], [77.5541111, 13.0140389]]}"
way/1353425187,yes,motorway,LineString,"{""type"": ""LineString"", ""coordinates"": [[77.4722421, 12.8994913], [77.4726911, 12.8989529]]}"
way/1353425195,no,motorway,LineString,"{""type"": ""LineString"", ""coordinates"": [[77.4698273, 12.9039924], [77.4698067, 12.9040522], [77.4697286, 12.9042784]]}"
way/1353714243,yes,trunk,LineString,"{""type"": ""LineString"", ""coordinates"": [[77.5405026, 13.0287274], [77.5412785, 13.0282778]]}"
way/1356429469,yes,footway,LineString,"{""type"": ""LineString"", ""coordinates"": [[77.5862551, 13.0937255], [77.586206, 13.0949976]]}"
way/1356429713,yes,footway,LineString,"{""type"": ""LineString"", ""coordinates"": [[77.5860131, 13.0937519], [77.5860884, 13.094989], [77.586206, 13.0949976], [77.5864074, 13.0950122], [77.5864859, 13.093703], [77.5864942, 13.0935653], [77.5862609, 13.0935764], [77.586245, 13.0937265]]}"
way/1356876225,yes,tertiary,LineString,"{""type"": ""LineString"", ""coordinates"": [[77.6333405, 12.8994598], [77.6331484, 12.8997764], [77.6328805, 12.9002395], [77.6326171, 12.9006414], [77.6325424, 12.9007632], [77.6324288, 12.9009532], [77.6323646, 12.9010551]]}"
way/1358088268,yes,secondary,LineString,"{""type"": ""LineString"", ""coordinates"": [[77.5751395, 13.0990184], [77.5762586, 13.0992407]]}"
way/1358088269,yes,secondary,LineString,"{""type"": ""LineString"", ""coordinates"": [[77.5762841, 13.099178], [77.5751513, 13.0989521]]}"
way/1358088270,yes,secondary,LineString,"{""type"": ""LineString"", ""coordinates"": [[77.5786887, 13.0998234], [77.5774667, 13.0994924]]}"
way/1358088271,yes,secondary,LineString,"{""type"": ""LineString"", ""coordinates"": [[77.5774443, 13.0995624], [77.5786781, 13.0999063]]}"
way/1358088273,yes,footway,LineString,"{""type"": ""LineString"", ""coordinates"": [[77.5850637, 13.1015794], [77.5841624, 13.1013352]]}"
way/1358088274,yes,footway,LineString,"{""type"": ""LineString"", ""coordinates"": [[77.584088, 13.1013149], [77.5832854, 13.1010701]]}"
way/1358313288,yes,footway,LineString,"{""type"": ""LineString"", ""coordinates"": [[77.5772857, 13.0993385], [77.5772817, 13.0993519]]}"
way/1358313290,yes,footway,LineString,"{""type"": ""LineString"", ""coordinates"": [[77.5772658, 13.0994054], [77.5772232, 13.0995488]]}"
way/1358313291,yes,footway,LineString,"{""type"": ""LineString"", ""coordinates"": [[77.5772817, 13.0993519], [77.5772736, 13.0993793], [77.5772658, 13.0994054]]}"
way/1358313293,yes,secondary,LineString,"{""type"": ""LineString"", ""coordinates"": [[77.574872, 13.098967], [77.5751133, 13.0990696], [77.5762739, 13.0992972], [77.5766246, 13.0993983]]}"
way/1358314044,yes,footway,LineString,"{""type"": ""LineString"", ""coordinates"": [[77.5864329, 13.1019556], [77.5862955, 13.101953], [77.5862083, 13.1019354], [77.5851334, 13.1016141]]}"
way/1358314045,yes,footway,LineString,"{""type"": ""LineString"", ""coordinates"": [[77.5851334, 13.1016141], [77.5850879, 13.1015936], [77.5850637, 13.1015794]]}"
way/1359003869,yes,residential,LineString,"{""type"": ""LineString"", ""coordinates"": [[77.7507875, 12.9363096], [77.750763, 12.9362789], [77.7507203, 12.9362266]]}"
way/1359072761,yes,tertiary,LineString,"{""type"": ""LineString"", ""coordinates"": [[77.4501451, 12.9323626], [77.4503467, 12.9308474], [77.4506468, 12.9300956]]}"
way/1359072762,yes,tertiary,LineString,"{""type"": ""LineString"", ""coordinates"": [[77.4568268, 12.8977182], [77.4566613, 12.8979401], [77.4565956, 12.8980464], [77.4563218, 12.8984952], [77.4560209, 12.8990196], [77.4558404, 12.899334], [77.4556343, 12.8997177]]}"
way/1359583089,yes,primary,LineString,"{""type"": ""LineString"", ""coordinates"": [[77.6493933, 12.9597812], [77.6496338, 12.9597561], [77.6496994, 12.9597475], [77.6498043, 12.9597365], [77.6504486, 12.9596639], [77.6505169, 12.95966], [77.6508962, 12.9596237], [77.651548, 12.9595923], [77.6522343, 12.9595543], [77.6532359, 12.9594977], [77.6540357, 12.9594525], [77.6540768, 12.9594507], [77.6542351, 12.9594437], [77.6542883, 12.9594408], [77.6543595, 12.9594374], [77.6544103, 12.9594349], [77.6553548, 12.9593863], [77.6554118, 12.9593834], [77.655537, 12.9593776], [77.6561471, 12.9593493], [77.6564752, 12.9593315], [77.6566702, 12.959321], [77.6569079, 12.9593086], [77.6570511, 12.9592991], [77.6573583, 12.9592656], [77.6576569, 12.9592382]]}"
way/1361615128,no,residential,LineString,"{""type"": ""LineString"", ""coordinates"": [[77.4704355, 13.1339893], [77.4702395, 13.1340501], [77.4699456, 13.134156], [77.4696698, 13.1342709], [77.4695629, 13.1343244], [77.4692767, 13.1343492], [77.4692255, 13.1343563], [77.4691449, 13.1343619], [77.4689674, 13.1343943], [77.4686808, 13.1344488], [77.468395, 13.1344954], [77.4680955, 13.1345416]]}"
way/1361615136,automatic,residential,LineString,"{""type"": ""LineString"", ""coordinates"": [[77.4689674, 13.1343943], [77.4688665, 13.1337828], [77.4687649, 13.133508]]}"
way/1362809475,yes,primary,LineString,"{""type"": ""LineString"", ""coordinates"": [[77.6207556, 12.9212926], [77.6205247, 12.92116]]}"
way/1364173723,yes,trunk,LineString,"{""type"": ""LineString"", ""coordinates"": [[77.5586976, 13.0181852], [77.558463, 13.0183213], [77.5582075, 13.0184667]]}"
way/1364173724,yes,trunk,LineString,"{""type"": ""LineString"", ""coordinates"": [[77.5582556, 13.0185241], [77.5587301, 13.0182515]]}"
way/1364173727,limited,footway,LineString,"{""type"": ""LineString"", ""coordinates"": [[77.5600761, 13.0141742], [77.5600583, 13.0142056], [77.560024, 13.0142655]]}"
way/1364173728,limited,footway,LineString,"{""type"": ""LineString"", ""coordinates"": [[77.5615737, 13.011544], [77.5613363, 13.0119609], [77.560778, 13.01295], [77.5604967, 13.013435], [77.5602845, 13.0138391], [77.5600761, 13.0141742]]}"
way/1364438751,yes,tertiary,LineString,"{""type"": ""LineString"", ""coordinates"": [[77.5738186, 13.0138883], [77.5737968, 13.0140389], [77.5736971, 13.0146097]]}"
way/1364676160,yes,secondary,LineString,"{""type"": ""LineString"", ""coordinates"": [[77.6518499, 12.9125057], [77.6518889, 12.91244], [77.6518901, 12.9123432], [77.6518944, 12.9119916]]}"
way/1368046455,yes,steps,LineString,"{""type"": ""LineString"", ""coordinates"": [[77.5933814, 12.9772102], [77.5932997, 12.9772875]]}"
way/1368046456,yes,footway,LineString,"{""type"": ""LineString"", ""coordinates"": [[77.5932997, 12.9772875], [77.5931317, 12.9774465], [77.5930645, 12.97751]]}"
way/1369114853,yes,secondary,LineString,"{""type"": ""LineString"", ""coordinates"": [[77.6446328, 12.9106951], [77.6445927, 12.9106023]]}"
way/1369500078,yes,tertiary,LineString,"{""type"": ""LineString"", ""coordinates"": [[77.6759351, 12.9248533], [77.6760992, 12.9255248], [77.6761182, 12.9256058]]}"
way/1370351125,yes,footway,LineString,"{""type"": ""LineString"", ""coordinates"": [[77.5877053, 12.9757336], [77.5877278, 12.9757819], [77.5881397, 12.9762242], [77.5883628, 12.9763404], [77.5884614, 12.9763918], [77.5887446, 12.9765278], [77.588805, 12.9765568], [77.5892155, 12.9767775], [77.5892351, 12.9767881]]}"
way/1370351126,yes,footway,LineString,"{""type"": ""LineString"", ""coordinates"": [[77.5892351, 12.9767881], [77.5892601, 12.9768015], [77.5893022, 12.9768241]]}"
way/1370788824,yes,tertiary,LineString,"{""type"": ""LineString"", ""coordinates"": [[77.664065, 12.8557025], [77.6640206, 12.8556579]]}"
way/1370788825,yes,tertiary,LineString,"{""type"": ""LineString"", ""coordinates"": [[77.6639352, 12.8557331], [77.6639499, 12.8557501]]}"
way/1371058493,yes,trunk,LineString,"{""type"": ""LineString"", ""coordinates"": [[77.5546148, 13.0441243], [77.5547631, 13.0441456]]}"
way/1371097120,yes,tertiary,LineString,"{""type"": ""LineString"", ""coordinates"": [[77.6518046, 12.9244079], [77.6524755, 12.9242757], [77.6528658, 12.9242069], [77.6531036, 12.9241509]]}"
way/1371097121,yes,tertiary,LineString,"{""type"": ""LineString"", ""coordinates"": [[77.6515204, 12.9244728], [77.6516985, 12.9244321], [77.6518046, 12.9244079]]}"
way/1371587418,yes,residential,LineString,"{""type"": ""LineString"", ""coordinates"": [[77.65941, 12.957493], [77.6593794, 12.957201], [77.6593599, 12.9570658], [77.6593315, 12.9568161], [77.6592935, 12.956482]]}"
way/1371607295,yes,tertiary,LineString,"{""type"": ""LineString"", ""coordinates"": [[77.6431146, 12.9198251], [77.6431776, 12.9197934]]}"
way/1372636962,yes,secondary,LineString,"{""type"": ""LineString"", ""coordinates"": [[77.6150603, 12.9295316], [77.6149845, 12.929538]]}"
way/1372636963,yes,secondary,LineString,"{""type"": ""LineString"", ""coordinates"": [[77.61503, 12.9295762], [77.6149845, 12.929538]]}"
way/1372901455,yes,steps,LineString,"{""type"": ""LineString"", ""coordinates"": [[77.6766495, 13.0006275], [77.6768374, 13.0006309]]}"
way/1373654550,yes,primary,LineString,"{""type"": ""LineString"", ""coordinates"": [[77.5912066, 12.953895], [77.5912625, 12.9538787], [77.5913354, 12.9538564]]}"
way/1373654551,yes,primary,LineString,"{""type"": ""LineString"", ""coordinates"": [[77.5913354, 12.9538564], [77.591425, 12.9538291]]}"
way/1373654552,yes,secondary,LineString,"{""type"": ""LineString"", ""coordinates"": [[77.5915457, 12.9537825], [77.5915174, 12.9537934], [77.591425, 12.9538291]]}"
way/1373661997,yes,footway,LineString,"{""type"": ""LineString"", ""coordinates"": [[77.5994283, 12.9764625], [77.5993603, 12.9764466]]}"
way/1373665334,yes,tertiary,LineString,"{""type"": ""LineString"", ""coordinates"": [[77.7009389, 12.9569925], [77.7009571, 12.9570708]]}"
way/1374009337,yes,primary,LineString,"{""type"": ""LineString"", ""coordinates"": [[77.6385798, 12.9609416], [77.6379902, 12.9610053]]}"
way/1374015955,yes,secondary,LineString,"{""type"": ""LineString"", ""coordinates"": [[77.5529438, 12.998648], [77.553005, 12.9984802]]}"
way/1374015957,yes,secondary,LineString,"{""type"": ""LineString"", ""coordinates"": [[77.553091, 12.9981788], [77.5531189, 12.9981284]]}"
way/1374022128,no,motorway,LineString,"{""type"": ""LineString"", ""coordinates"": [[77.4753842, 13.043819], [77.4753604, 13.0433589], [77.4753581, 13.0431704]]}"
way/1374022129,no,motorway,LineString,"{""type"": ""LineString"", ""coordinates"": [[77.4750738, 13.0431768], [77.4751402, 13.0438311]]}"
way/1374022130,no,motorway,LineString,"{""type"": ""LineString"", ""coordinates"": [[77.4753581, 13.0431704], [77.4753639, 13.0427836]]}"
way/1374022131,no,motorway,LineString,"{""type"": ""LineString"", ""coordinates"": [[77.4750263, 13.0427542], [77.4750738, 13.0431768]]}"
way/1375063577,yes,footway,LineString,"{""type"": ""LineString"", ""coordinates"": [[77.6224433, 12.9983625], [77.622703, 12.9990427], [77.6229823, 12.9997371], [77.6231873, 13.0002693], [77.6233997, 13.0008155], [77.6235495, 13.0011704], [77.6236563, 13.0014672], [77.6237565, 13.0017547]]}"
way/1377975819,yes,secondary,LineString,"{""type"": ""LineString"", ""coordinates"": [[77.5509561, 12.9977913], [77.5510566, 12.9978154]]}"
way/1379022542,yes,trunk,LineString,"{""type"": ""LineString"", ""coordinates"": [[77.5728484, 13.0146218], [77.5727575, 13.0146158]]}"
way/1379022543,yes,trunk,LineString,"{""type"": ""LineString"", ""coordinates"": [[77.5727488, 13.0146971], [77.5728407, 13.014704]]}"
way/1379022544,yes,trunk,LineString,"{""type"": ""LineString"", ""coordinates"": [[77.5784883, 13.0148101], [77.5790318, 13.014807], [77.5791597, 13.0148075], [77.5794019, 13.0148045], [77.5796548, 13.0148016], [77.5799607, 13.0147905], [77.5805379, 13.0147604], [77.5815166, 13.0147094], [77.5822314, 13.014673], [77.5822757, 13.0146705], [77.5825754, 13.0146536], [77.5831427, 13.0146185], [77.583419, 13.0146019]]}"
way/1379022545,yes,trunk,LineString,"{""type"": ""LineString"", ""coordinates"": [[77.5835187, 13.0145129], [77.5832666, 13.0145283], [77.5828407, 13.0145466], [77.5823219, 13.0145753], [77.5822739, 13.014578], [77.5821249, 13.0145862], [77.5811532, 13.0146401], [77.5797117, 13.0147157], [77.5794642, 13.0147221], [77.5784873, 13.0147474]]}"
way/1380586767,yes,unclassified,LineString,"{""type"": ""LineString"", ""coordinates"": [[77.6970672, 12.9805011], [77.6970266, 12.9804448]]}"
way/1381888167,no,footway,LineString,"{""type"": ""LineString"", ""coordinates"": [[77.5625305, 13.0688525], [77.5618216, 13.068829], [77.5607139, 13.0687349], [77.5606675, 13.0686593]]}"
way/1381888168,no,footway,LineString,"{""type"": ""LineString"", ""coordinates"": [[77.5626963, 13.0688514], [77.5625305, 13.0688525]]}"
way/1381888175,no,footway,LineString,"{""type"": ""LineString"", ""coordinates"": [[77.5676403, 13.0629959], [77.5676658, 13.0632935]]}"
way/1381888176,no,footway,LineString,"{""type"": ""LineString"", ""coordinates"": [[77.5650515, 13.0606448], [77.5652911, 13.0613878], [77.5654426, 13.0616752], [77.5657477, 13.0619443], [77.5663251, 13.062561], [77.566431, 13.0626446], [77.5665785, 13.0627216], [77.567111, 13.0628915], [77.5676403, 13.0629959], [77.5676889, 13.0629663]]}"
way/1381888178,no,footway,LineString,"{""type"": ""LineString"", ""coordinates"": [[77.5635951, 13.0617749], [77.5636725, 13.0617059], [77.5643294, 13.0611327], [77.5646225, 13.0607725], [77.5647318, 13.0606928], [77.5648807, 13.0606347], [77.5650249, 13.0606425], [77.5650515, 13.0606448], [77.5652303, 13.0606647], [77.5652796, 13.0606701]]}"
way/1381888179,no,footway,LineString,"{""type"": ""LineString"", ""coordinates"": [[77.5635099, 13.0618508], [77.5635951, 13.0617749]]}"
way/1381888183,no,footway,LineString,"{""type"": ""LineString"", ""coordinates"": [[77.5596903, 13.0641184], [77.5596987, 13.0639222]]}"
way/1381888184,no,footway,LineString,"{""type"": ""LineString"", ""coordinates"": [[77.5606366, 13.068609], [77.5605905, 13.0685338], [77.560555, 13.0683101], [77.5603786, 13.0671986], [77.5602468, 13.0664491], [77.560046, 13.065307], [77.5599548, 13.0651058], [77.5598214, 13.0648592], [77.5595513, 13.0643597], [77.5595784, 13.0642886], [77.5596448, 13.064203], [77.5596903, 13.0641184]]}"
way/1382087677,yes,trunk,LineString,"{""type"": ""LineString"", ""coordinates"": [[77.5901426, 13.0427518], [77.5900804, 13.042763], [77.5900175, 13.0427814], [77.5898692, 13.0427983], [77.5897137, 13.0427985], [77.5895284, 13.0427789], [77.5893148, 13.0427369], [77.5887603, 13.0425898]]}"
way/1382087678,yes,trunk,LineString,"{""type"": ""LineString"", ""coordinates"": [[77.5887616, 13.0427082], [77.5895669, 13.0429282], [77.5898042, 13.0429955], [77.5898514, 13.0430017], [77.5898656, 13.0430035], [77.5900575, 13.0430481], [77.5900801, 13.0430506], [77.5902694, 13.0430588]]}"
way/1383583121,yes,footway,LineString,"{""type"": ""LineString"", ""coordinates"": [[77.5576292, 13.0079349], [77.5591836, 13.0078213], [77.5593273, 13.0078126], [77.5597811, 13.0077852]]}"
way/1384923777,yes,secondary,LineString,"{""type"": ""LineString"", ""coordinates"": [[77.6490427, 12.9119116], [77.6489842, 12.9119108]]}"
way/1384923778,yes,tertiary,LineString,"{""type"": ""LineString"", ""coordinates"": [[77.6490427, 12.9119116], [77.6490502, 12.9118644]]}"
way/1385037913,yes,trunk,LineString,"{""type"": ""LineString"", ""coordinates"": [[77.5729772, 13.0146308], [77.572887, 13.0146245], [77.5728695, 13.0146233], [77.5728484, 13.0146218]]}"
way/1387376844,yes,service,LineString,"{""type"": ""LineString"", ""coordinates"": [[77.757378, 13.0624928], [77.757571, 13.0624727], [77.7576311, 13.0624669], [77.7576684, 13.062463]]}"
way/1387376845,yes,service,LineString,"{""type"": ""LineString"", ""coordinates"": [[77.7576595, 13.0626229], [77.757695, 13.0626183], [77.7579827, 13.0625745]]}"
way/1387376867,yes,pedestrian,LineString,"{""type"": ""LineString"", ""coordinates"": [[77.7577897, 13.0632157], [77.7580928, 13.0632592]]}"
way/1387376868,yes,pedestrian,LineString,"{""type"": ""LineString"", ""coordinates"": [[77.7580843, 13.0632071], [77.758, 13.0626906]]}"
way/1387376869,yes,pedestrian,LineString,"{""type"": ""LineString"", ""coordinates"": [[77.758329, 13.0632866], [77.7583205, 13.0632358], [77.7582274, 13.0626787]]}"
way/1387376870,yes,pedestrian,LineString,"{""type"": ""LineString"", ""coordinates"": [[77.7580928, 13.0632592], [77.758329, 13.0632866]]}"
way/1387376887,yes,pedestrian,LineString,"{""type"": ""LineString"", ""coordinates"": [[77.758, 13.0626906], [77.7579916, 13.0626391]]}"
way/1387376889,yes,pedestrian,LineString,"{""type"": ""LineString"", ""coordinates"": [[77.7580928, 13.0632592], [77.7580843, 13.0632071]]}"
way/1387944291,yes,primary,LineString,"{""type"": ""LineString"", ""coordinates"": [[77.6208265, 12.9276325], [77.6209204, 12.9275971]]}"
way/1388508113,yes,residential,LineString,"{""type"": ""LineString"", ""coordinates"": [[77.6078507, 12.9137922], [77.607861, 12.9134027], [77.6078717, 12.913217]]}"
way/1391747361,yes,secondary,LineString,"{""type"": ""LineString"", ""coordinates"": [[77.6098614, 12.9311031], [77.6098502, 12.9310533], [77.6098193, 12.9309162]]}"
way/1391747362,yes,secondary,LineString,"{""type"": ""LineString"", ""coordinates"": [[77.6098741, 12.9311543], [77.6098614, 12.9311031]]}"
way/1391747363,yes,secondary,LineString,"{""type"": ""LineString"", ""coordinates"": [[77.6099294, 12.9314004], [77.6098741, 12.9311543]]}"
way/1391753696,yes,primary,LineString,"{""type"": ""LineString"", ""coordinates"": [[77.6768272, 12.9142478], [77.6771304, 12.9141567], [77.6775232, 12.9140472], [77.6776988, 12.9139959], [77.6777841, 12.9139667], [77.6779101, 12.9139235], [77.6779793, 12.9138972], [77.6782317, 12.9138246], [77.6787266, 12.9136285], [77.6787894, 12.9136036]]}"
way/1392194001,yes,trunk,LineString,"{""type"": ""LineString"", ""coordinates"": [[77.4563143, 12.8996007], [77.4556267, 12.9012578]]}"
way/1392194002,yes,trunk,LineString,"{""type"": ""LineString"", ""coordinates"": [[77.4557955, 12.9012408], [77.4564564, 12.8996339]]}"
way/1392550267,yes,primary,LineString,"{""type"": ""LineString"", ""coordinates"": [[77.6096669, 12.934847], [77.6097044, 12.9348223], [77.6097526, 12.9347879], [77.6097886, 12.9347623]]}"
way/1392550268,yes,primary,LineString,"{""type"": ""LineString"", ""coordinates"": [[77.6134432, 12.9318314], [77.6131852, 12.9320325], [77.6131149, 12.9320874], [77.6130217, 12.93216], [77.6114032, 12.9334219], [77.6111938, 12.9335852], [77.6111811, 12.9335951], [77.611057, 12.9336919], [77.6107889, 12.9338827], [77.6103468, 12.9342149], [77.6098041, 12.9346389], [77.6097984, 12.9346439]]}"
way/1392550269,yes,secondary,LineString,"{""type"": ""LineString"", ""coordinates"": [[77.6097357, 12.9346906], [77.6097197, 12.9346732]]}"
way/1392550270,yes,primary,LineString,"{""type"": ""LineString"", ""coordinates"": [[77.6097357, 12.9346906], [77.609697, 12.9347187], [77.6096396, 12.9347563]]}"
way/1392550271,yes,primary,LineString,"{""type"": ""LineString"", ""coordinates"": [[77.6095392, 12.9349309], [77.6096669, 12.934847]]}"
way/1392550272,yes,primary,LineString,"{""type"": ""LineString"", ""coordinates"": [[77.6099664, 12.9346253], [77.6100705, 12.9345423], [77.6103512, 12.9343185], [77.6104312, 12.9342559]]}"
way/1392550592,yes,secondary,LineString,"{""type"": ""LineString"", ""coordinates"": [[77.6097317, 12.934356], [77.609717, 12.934302]]}"
way/1392550594,yes,secondary,LineString,"{""type"": ""LineString"", ""coordinates"": [[77.6097569, 12.9340537], [77.6097655, 12.9339586], [77.6098019, 12.9335874], [77.6098513, 12.9332286], [77.6100354, 12.9328532], [77.6100468, 12.9328099]]}"
way/1392550595,yes,secondary,LineString,"{""type"": ""LineString"", ""coordinates"": [[77.6097198, 12.9342753], [77.609734, 12.9341903], [77.6097569, 12.9340537]]}"
way/1392654640,yes,trunk,LineString,"{""type"": ""LineString"", ""coordinates"": [[77.5221843, 13.0377403], [77.521822, 13.0379385]]}"
way/1392654641,yes,trunk,LineString,"{""type"": ""LineString"", ""coordinates"": [[77.5184057, 13.0398514], [77.5183596, 13.0398882]]}"
way/1392654643,yes,trunk,LineString,"{""type"": ""LineString"", ""coordinates"": [[77.5184224, 13.0400737], [77.5184589, 13.0400432]]}"
way/1392654644,yes,trunk,LineString,"{""type"": ""LineString"", ""coordinates"": [[77.5182831, 13.0399443], [77.5181433, 13.0400467], [77.5179851, 13.04018], [77.5178151, 13.040329], [77.5176871, 13.0404413], [77.5168881, 13.0411781], [77.5166601, 13.0413689], [77.5164804, 13.0415022], [77.5163141, 13.0416093], [77.5160858, 13.0417347], [77.5160511, 13.0417501], [77.5158259, 13.0418497], [77.5155521, 13.0419553], [77.5155145, 13.0419699], [77.5151527, 13.0420927], [77.5146345, 13.0422722], [77.5137633, 13.0425526], [77.5134955, 13.0426425]]}"
way/1392654646,yes,trunk,LineString,"{""type"": ""LineString"", ""coordinates"": [[77.5184589, 13.0400432], [77.5187249, 13.0398702], [77.521922, 13.0381111], [77.5222885, 13.0379095]]}"
way/1393101813,yes,tertiary,LineString,"{""type"": ""LineString"", ""coordinates"": [[77.4498189, 12.9322574], [77.4494929, 12.9332632], [77.4494437, 12.9339364], [77.4493646, 12.9347227], [77.4492424, 12.9362466], [77.4491071, 12.9376557], [77.449075, 12.9385956], [77.4490892, 12.9393215]]}"
way/1393101819,yes,trunk,LineString,"{""type"": ""LineString"", ""coordinates"": [[77.4502489, 12.9306888], [77.4503746, 12.929117], [77.4504081, 12.9276343], [77.4504127, 12.9275081], [77.450418, 12.9273602]]}"
way/1393101820,yes,trunk,LineString,"{""type"": ""LineString"", ""coordinates"": [[77.4501273, 12.9306779], [77.44982, 12.93346], [77.4498061, 12.933606]]}"
way/1393101822,yes,trunk,LineString,"{""type"": ""LineString"", ""coordinates"": [[77.450208, 12.947832], [77.4502975, 12.9483587], [77.4503142, 12.9484571], [77.4504635, 12.9490681], [77.4506789, 12.9499496], [77.4511671, 12.9514867], [77.4516016, 12.9529453], [77.4520147, 12.9543019], [77.4522722, 12.9551384], [77.4523476, 12.9553248]]}"
way/1393101823,yes,trunk,LineString,"{""type"": ""LineString"", ""coordinates"": [[77.4495388, 12.9393703], [77.4495187, 12.9382795], [77.4496059, 12.9370751], [77.4498721, 12.9342981], [77.4498983, 12.9340289]]}"
way/1393101824,yes,tertiary,LineString,"{""type"": ""LineString"", ""coordinates"": [[77.4544837, 12.9608604], [77.4543858, 12.9600055], [77.4542303, 12.9592242], [77.4541131, 12.9588272], [77.4541077, 12.9588088], [77.4540922, 12.958756], [77.4540823, 12.9587224], [77.4536933, 12.9573974], [77.4532066, 12.9562025], [77.4527371, 12.9551253], [77.4519047, 12.9523786], [77.4515007, 12.9511411], [77.4510846, 12.9497473], [77.4507356, 12.948374], [77.4506878, 12.9481859], [77.4506609, 12.9476769], [77.4506291, 12.9471985], [77.4506986, 12.9459792], [77.4506762, 12.9454065], [77.4504538, 12.9440389], [77.4500432, 12.9413045], [77.4499239, 12.9401286], [77.4498963, 12.9393497]]}"
way/1393101827,yes,tertiary,LineString,"{""type"": ""LineString"", ""coordinates"": [[77.4515304, 12.9828936], [77.4516211, 12.9825546], [77.4516455, 12.9824632], [77.4516659, 12.9823978], [77.4517371, 12.9821688], [77.4517737, 12.9820514], [77.4518102, 12.9819277], [77.4518341, 12.9818466], [77.4518386, 12.9818315], [77.4522809, 12.9803324], [77.4524838, 12.979635], [77.4527402, 12.9786877], [77.4531054, 12.9774131], [77.453302, 12.9767105], [77.4539457, 12.9744099], [77.4539603, 12.9743577], [77.4539698, 12.9743126], [77.4543284, 12.9726151], [77.4543571, 12.9723994], [77.4543915, 12.9720721], [77.4547652, 12.9692562], [77.4548097, 12.969065], [77.4548207, 12.9689305], [77.4549001, 12.9680454], [77.454943, 12.9673373], [77.4549444, 12.9673138], [77.4549595, 12.9661536], [77.4548278, 12.9641995], [77.4547827, 12.9630062], [77.4546419, 12.9618522]]}"
way/1393101828,yes,trunk,LineString,"{""type"": ""LineString"", ""coordinates"": [[77.4544743, 12.9660173], [77.4544923, 12.9661501], [77.4545048, 12.9662835], [77.4545118, 12.9664172], [77.454513, 12.9665767], [77.4545065, 12.9667361], [77.454481, 12.9674027], [77.4544639, 12.9678513]]}"
way/1393101838,yes,trunk,LineString,"{""type"": ""LineString"", ""coordinates"": [[77.4514496, 12.9814905], [77.4513597, 12.9818065], [77.4513401, 12.9818753]]}"
way/1393101839,yes,trunk,LineString,"{""type"": ""LineString"", ""coordinates"": [[77.451159, 12.9829325], [77.4513103, 12.9824538], [77.4513565, 12.9823074]]}"
way/1393101840,yes,trunk,LineString,"{""type"": ""LineString"", ""coordinates"": [[77.4515538, 12.9815095], [77.4518299, 12.980591], [77.4519855, 12.9800842]]}"
way/1393101841,yes,trunk,LineString,"{""type"": ""LineString"", ""coordinates"": [[77.4518716, 12.9800591], [77.4517154, 12.9805566], [77.4514496, 12.9814905]]}"
way/1393474724,yes,primary,LineString,"{""type"": ""LineString"", ""coordinates"": [[77.6205247, 12.92116], [77.6204844, 12.9211388], [77.6204297, 12.9211101], [77.620374, 12.9210808]]}"
way/1393487705,yes,primary,LineString,"{""type"": ""LineString"", ""coordinates"": [[77.6067229, 12.9662172], [77.6066777, 12.9662073]]}"
way/1393799287,yes,tertiary,LineString,"{""type"": ""LineString"", ""coordinates"": [[77.4546419, 12.9618522], [77.4544837, 12.9608604]]}"
way/1411121774,yes,primary,LineString,"{""type"": ""LineString"", ""coordinates"": [[77.6287288, 12.9241909], [77.6284284, 12.9243272], [77.628217, 12.9244232], [77.6271089, 12.9248823], [77.6269803, 12.9249321], [77.6253416, 12.9256193], [77.6251884, 12.9256836], [77.6251492, 12.9257]]}"
way/1412197788,no,residential,LineString,"{""type"": ""LineString"", ""coordinates"": [[77.4708267, 13.132796], [77.4703877, 13.131605]]}"
way/1412642795,yes,primary,LineString,"{""type"": ""LineString"", ""coordinates"": [[77.6116831, 13.0009088], [77.6115888, 13.0008324], [77.6114965, 13.00075]]}"
way/1412966809,yes,footway,LineString,"{""type"": ""LineString"", ""coordinates"": [[77.5841863, 13.0232925], [77.5827388, 13.0246494], [77.5826442, 13.0247356], [77.5824974, 13.0248317]]}"
way/1412966816,yes,footway,LineString,"{""type"": ""LineString"", ""coordinates"": [[77.5847214, 13.02438], [77.5845869, 13.0239224], [77.5844367, 13.023356], [77.5844119, 13.0233318], [77.5843173, 13.0232933], [77.5842247, 13.0232909], [77.5841863, 13.0232925]]}"
way/1412966824,yes,footway,LineString,"{""type"": ""LineString"", ""coordinates"": [[77.5838202, 13.0206303], [77.5837983, 13.0206252], [77.5838734, 13.0208963], [77.584324, 13.022591], [77.5843374, 13.0227242], [77.5843388, 13.0228797]]}"
way/1412966825,yes,footway,LineString,"{""type"": ""LineString"", ""coordinates"": [[77.5843388, 13.0228797], [77.5843321, 13.0229803], [77.5841101, 13.0231964], [77.5826542, 13.0245674], [77.5825686, 13.0246455], [77.5824416, 13.0247286]]}"
way/1413010725,yes,secondary_link,LineString,"{""type"": ""LineString"", ""coordinates"": [[77.5602867, 12.9836958], [77.5603511, 12.9835271], [77.5603964, 12.9834564], [77.5604534, 12.9833845], [77.5604664, 12.9833681], [77.5606048, 12.983233]]}"
way/1413408133,yes,primary,LineString,"{""type"": ""LineString"", ""coordinates"": [[77.6202577, 13.0003358], [77.6202766, 13.0002429], [77.6202692, 13.0001521]]}"
way/1413439962,yes,primary,LineString,"{""type"": ""LineString"", ""coordinates"": [[77.5709964, 12.9799466], [77.5709878, 12.9799833], [77.5709816, 12.9800171]]}"
way/1414820179,yes,tertiary,LineString,"{""type"": ""LineString"", ""coordinates"": [[77.5954975, 12.9458464], [77.5952487, 12.9454257], [77.5952134, 12.9453762], [77.5950085, 12.9451164], [77.5949387, 12.9450438], [77.5948557, 12.9449541], [77.5947849, 12.9448693], [77.5947197, 12.9447902], [77.5945693, 12.9445973], [77.5945412, 12.944536], [77.5945191, 12.9444674], [77.594503, 12.9444007], [77.5945008, 12.9443444], [77.5945282, 12.9442189], [77.5945712, 12.9440225], [77.5946018, 12.9439312], [77.5947109, 12.9436689], [77.5947364, 12.943595], [77.5946907, 12.9434216], [77.5945397, 12.943109], [77.5945182, 12.9430672], [77.5944301, 12.9428423], [77.5942582, 12.9425574], [77.5940552, 12.9422302], [77.5940091, 12.9421824], [77.5938591, 12.9419884], [77.59382, 12.9419405], [77.5936492, 12.9417745], [77.5934031, 12.9415383], [77.5931754, 12.9412931], [77.5929532, 12.9410639], [77.5927868, 12.9409024]]}"
way/1414820181,yes,primary,LineString,"{""type"": ""LineString"", ""coordinates"": [[77.5956811, 12.9458161], [77.5955342, 12.9459107]]}"
way/1414820182,yes,primary,LineString,"{""type"": ""LineString"", ""coordinates"": [[77.5955664, 12.9459749], [77.5957037, 12.9458941]]}"
way/1414853031,yes,steps,LineString,"{""type"": ""LineString"", ""coordinates"": [[77.5710696, 12.9743833], [77.5710864, 12.9744323]]}"
way/1415385667,yes,secondary,LineString,"{""type"": ""LineString"", ""coordinates"": [[77.6518489, 12.9125414], [77.6518362, 12.9129905], [77.6518151, 12.9137348], [77.6518057, 12.914053], [77.6517954, 12.9144253], [77.6517702, 12.9153187], [77.6517675, 12.9154157]]}"
way/1416452623,yes,primary,LineString,"{""type"": ""LineString"", ""coordinates"": [[77.6547565, 12.9768534], [77.6546848, 12.9769234]]}"
way/1416452624,yes,primary,LineString,"{""type"": ""LineString"", ""coordinates"": [[77.6506924, 12.9813458], [77.6506599, 12.9813913], [77.6503641, 12.9818641], [77.6503339, 12.9819085], [77.650244, 12.9820546], [77.649782, 12.9828054], [77.6495996, 12.9830889], [77.6494709, 12.983281], [77.6493724, 12.9834364], [77.6492837, 12.983606], [77.6492174, 12.9837327], [77.6485106, 12.9849106], [77.6482907, 12.9853131], [77.648111, 12.9857287], [77.6480105, 12.9861325], [77.6479873, 12.9864104], [77.6479602, 12.9867348], [77.6479591, 12.9867802], [77.6479585, 12.9868774]]}"
way/1416769966,yes,trunk,LineString,"{""type"": ""LineString"", ""coordinates"": [[77.6763953, 12.8408935], [77.676661, 12.8405141], [77.676953, 12.8401009], [77.6770402, 12.8399821]]}"
way/1416769967,yes,trunk,LineString,"{""type"": ""LineString"", ""coordinates"": [[77.6243915, 12.9145188], [77.6246589, 12.9140741]]}"
way/1416782519,yes,secondary,LineString,"{""type"": ""LineString"", ""coordinates"": [[77.5571406, 13.017567], [77.5570851, 13.0174707]]}"
way/1416783760,yes,trunk,LineString,"{""type"": ""LineString"", ""coordinates"": [[77.544224, 13.0264446], [77.543985, 13.0265791], [77.5421338, 13.0276346], [77.5413453, 13.0280618]]}"
way/1416899388,yes,primary,LineString,"{""type"": ""LineString"", ""coordinates"": [[77.6405308, 12.9840371], [77.6405203, 12.9841222]]}"
way/1416900967,yes,trunk,LineString,"{""type"": ""LineString"", ""coordinates"": [[77.6789239, 13.0002725], [77.6787633, 13.0002695], [77.6786586, 13.0002788]]}"
way/1416911210,yes,secondary,LineString,"{""type"": ""LineString"", ""coordinates"": [[77.5572501, 13.0177567], [77.5571955, 13.0176621], [77.5571406, 13.017567]]}"
way/1418246132,yes,primary,LineString,"{""type"": ""LineString"", ""coordinates"": [[77.6492467, 12.9597159], [77.6491139, 12.9597348]]}"
way/1419957498,yes,residential,LineString,"{""type"": ""LineString"", ""coordinates"": [[77.5637763, 13.1001159], [77.5629206, 13.097771]]}"
way/1420388057,yes,residential,LineString,"{""type"": ""LineString"", ""coordinates"": [[77.5883557, 13.0952493], [77.5879433, 13.095109]]}"
way/1420388378,yes,residential,LineString,"{""type"": ""LineString"", ""coordinates"": [[77.588396, 13.0940087], [77.5879433, 13.095109]]}"
way/1420388438,yes,residential,LineString,"{""type"": ""LineString"", ""coordinates"": [[77.5875341, 13.0950331], [77.5871997, 13.0950024], [77.5869246, 13.0949771]]}"
way/1420388668,yes,residential,LineString,"{""type"": ""LineString"", ""coordinates"": [[77.5875861, 13.0938872], [77.587599, 13.0936034]]}"
way/1422250267,yes,unclassified,LineString,"{""type"": ""LineString"", ""coordinates"": [[77.59286, 12.9750314], [77.5929824, 12.9749878], [77.5931324, 12.974926], [77.5932924, 12.9748385], [77.593363, 12.974771], [77.5934089, 12.9744976]]}"
way/1422250268,yes,unclassified,LineString,"{""type"": ""LineString"", ""coordinates"": [[77.5926799, 12.9751179], [77.59286, 12.9750314]]}"
way/1422312142,yes,trunk,LineString,"{""type"": ""LineString"", ""coordinates"": [[77.4567939, 12.8982814], [77.4565815, 12.8986327], [77.4564719, 12.8989935], [77.4564426, 12.899158], [77.4564191, 12.89929], [77.4563143, 12.8996007]]}"
way/1422312143,yes,trunk,LineString,"{""type"": ""LineString"", ""coordinates"": [[77.4564564, 12.8996339], [77.4565643, 12.8993158], [77.4566317, 12.8990026], [77.4567281, 12.8987183], [77.4567542, 12.8986411], [77.4567996, 12.8985658], [77.4569375, 12.8983371]]}"
way/1422513622,yes,primary,LineString,"{""type"": ""LineString"", ""coordinates"": [[77.5882053, 12.917137], [77.5888324, 12.9171204], [77.5893495, 12.9171107]]}"
way/1422674114,no,footway,LineString,"{""type"": ""LineString"", ""coordinates"": [[77.6098891, 12.9197996], [77.6098871, 12.9197743], [77.6098857, 12.9197562], [77.6098753, 12.9196244]]}"
way/1424055637,yes,secondary,LineString,"{""type"": ""LineString"", ""coordinates"": [[77.5528686, 12.998244], [77.5529207, 12.998256], [77.5529583, 12.9982646]]}"
way/1424056799,yes,secondary,LineString,"{""type"": ""LineString"", ""coordinates"": [[77.5578473, 12.9909587], [77.5578315, 12.9909822]]}"
way/1424056800,yes,secondary,LineString,"{""type"": ""LineString"", ""coordinates"": [[77.5578963, 12.9910209], [77.5579115, 12.9909982]]}"
way/1424057370,yes,secondary,LineString,"{""type"": ""LineString"", ""coordinates"": [[77.5579115, 12.9909982], [77.5579312, 12.9909658]]}"
way/1424719317,yes,primary,LineString,"{""type"": ""LineString"", ""coordinates"": [[77.6385893, 12.9610322], [77.6386808, 12.9610213]]}"
way/1424919948,yes,tertiary,LineString,"{""type"": ""LineString"", ""coordinates"": [[77.7012582, 12.9684649], [77.700892, 12.9690679], [77.700827, 12.9691832]]}"
way/1425999932,no,footway,LineString,"{""type"": ""LineString"", ""coordinates"": [[77.6088365, 12.9151593], [77.60884, 12.9151232], [77.6088423, 12.9150989], [77.6088477, 12.9150417]]}"
way/1426329035,yes,steps,LineString,"{""type"": ""LineString"", ""coordinates"": [[77.6389389, 12.9782406], [77.6389393, 12.9782238]]}"
way/1426329036,yes,footway,LineString,"{""type"": ""LineString"", ""coordinates"": [[77.6389393, 12.9782238], [77.6389412, 12.9781471], [77.6389425, 12.9780944]]}"
way/1428219911,yes,residential,LineString,"{""type"": ""LineString"", ""coordinates"": [[77.7037072, 12.9082328], [77.7034423, 12.9083184]]}"
way/1428347345,yes,primary,LineString,"{""type"": ""LineString"", ""coordinates"": [[77.704624, 12.9030989], [77.7041619, 12.9033319], [77.7038758, 12.903487], [77.7036633, 12.903607], [77.703401, 12.903755], [77.7031994, 12.9038579], [77.7029957, 12.9039675], [77.7029028, 12.9040216], [77.702067, 12.904472], [77.7018216, 12.9046043], [77.7015984, 12.9047276], [77.7011048, 12.9050065], [77.7001093, 12.9055478], [77.6996746, 12.9057807], [77.6992313, 12.9060181], [77.6990996, 12.9060853], [77.6990019, 12.9061245], [77.698329, 12.9063664], [77.6982792, 12.9063798], [77.6980505, 12.9064445], [77.6979773, 12.9064637], [77.6978262, 12.9065034], [77.6975161, 12.9065842], [77.6972089, 12.9066726], [77.6969307, 12.906754], [77.6966371, 12.906839], [77.6961996, 12.9069687], [77.6955555, 12.9071464], [77.6952792, 12.9072435], [77.6951783, 12.907278], [77.6949776, 12.9073277]]}"
way/1428530384,yes,residential,LineString,"{""type"": ""LineString"", ""coordinates"": [[77.6572998, 12.8974198], [77.6574888, 12.8973386], [77.6575725, 12.8973076], [77.657868, 12.8972006], [77.6579708, 12.8971668], [77.6584225, 12.8970122]]}"
way/1429319346,no,footway,LineString,"{""type"": ""LineString"", ""coordinates"": [[77.6668815, 12.8865461], [77.6670239, 12.886434]]}"
way/1429319347,no,footway,LineString,"{""type"": ""LineString"", ""coordinates"": [[77.663064, 12.8875018], [77.6631499, 12.8874574], [77.6634664, 12.8874783], [77.6637453, 12.8872691], [77.6637936, 12.8872456], [77.6639988, 12.8870626], [77.6641584, 12.8868717], [77.6642617, 12.8867109], [77.6643528, 12.8865723], [77.6644923, 12.886486], [77.6647605, 12.886422], [77.6650019, 12.8863631], [77.6653654, 12.886269], [77.6655256, 12.8862429], [77.6658991, 12.8862298], [77.6662961, 12.8862507], [77.6664718, 12.8863239], [77.6665818, 12.8864128], [77.666685, 12.8864991], [77.6667481, 12.8865455], [77.6668815, 12.8865461]]}"
way/1429959109,no,residential,LineString,"{""type"": ""LineString"", ""coordinates"": [[77.6748949, 12.9261753], [77.6747838, 12.9261843], [77.6745911, 12.9262005], [77.6745591, 12.9262144], [77.6745343, 12.9262404], [77.6745377, 12.9262883]]}"
way/1432357753,yes,service,LineString,"{""type"": ""LineString"", ""coordinates"": [[77.7153984, 12.9713028], [77.7154559, 12.9712939], [77.7154945, 12.9712644], [77.7154975, 12.9711273], [77.7154755, 12.971019], [77.7154103, 12.9709701], [77.7153794, 12.9705313], [77.7153889, 12.9703748], [77.7154145, 12.9703352], [77.7154459, 12.9702866], [77.7153809, 12.9702294], [77.7151987, 12.9700691], [77.7147269, 12.9701084]]}"
way/1433511974,yes,motorway,LineString,"{""type"": ""LineString"", ""coordinates"": [[77.6595644, 12.8580465], [77.6599087, 12.8579701]]}"
way/1434254320,yes,primary,LineString,"{""type"": ""LineString"", ""coordinates"": [[77.6394635, 12.9241012], [77.6394931, 12.9240909], [77.6397693, 12.923984], [77.6399533, 12.9239127], [77.6400267, 12.9238842]]}"
way/1435013056,yes,tertiary,LineString,"{""type"": ""LineString"", ""coordinates"": [[77.7444221, 12.9538232], [77.7444006, 12.9536965], [77.7444169, 12.9535002], [77.7444884, 12.9529034], [77.7446401, 12.9522333], [77.7447789, 12.9521902]]}"
way/1435013057,yes,primary,LineString,"{""type"": ""LineString"", ""coordinates"": [[77.7447789, 12.9521902], [77.744833, 12.9519366], [77.744907, 12.951301], [77.745076, 12.9507172], [77.7451805, 12.9503562], [77.7451948, 12.9503103], [77.7453454, 12.9498271], [77.7455374, 12.9493782], [77.7455565, 12.9493336], [77.7456034, 12.9492303], [77.7459293, 12.9485118], [77.7466204, 12.9468741]]}"
way/1436954584,yes,tertiary,LineString,"{""type"": ""LineString"", ""coordinates"": [[77.4517428, 12.9792737], [77.4516742, 12.9795433], [77.4510691, 12.9816404], [77.4510435, 12.9817292], [77.4509325, 12.9821136], [77.4509127, 12.9821865], [77.4508724, 12.9823346], [77.4507764, 12.9826876]]}"
way/1442518368,yes,trunk,LineString,"{""type"": ""LineString"", ""coordinates"": [[77.5658279, 13.0142009], [77.565846, 13.0141684], [77.5658529, 13.014132], [77.5658502, 13.0141121], [77.565848, 13.0140954], [77.5658317, 13.014062], [77.5658057, 13.0140351], [77.5657725, 13.0140173], [77.5657352, 13.0140103], [77.5657065, 13.0140138], [77.5656975, 13.0140149], [77.565681, 13.0140224], [77.5656632, 13.0140305], [77.5656354, 13.0140557], [77.5656276, 13.0140693], [77.5656169, 13.014088], [77.5656096, 13.0141243], [77.5656141, 13.0141613], [77.5656303, 13.0141952], [77.5656564, 13.0142224], [77.56569, 13.0142405], [77.5657276, 13.0142474], [77.5657458, 13.0142451], [77.5657656, 13.0142426], [77.5658002, 13.0142266], [77.5658112, 13.0142164], [77.5658279, 13.0142009]]}"
way/1443410766,yes,trunk,LineString,"{""type"": ""LineString"", ""coordinates"": [[77.4537156, 12.9590451], [77.4539122, 12.9598845], [77.4541292, 12.9615792]]}"
way/1443410767,yes,trunk,LineString,"{""type"": ""LineString"", ""coordinates"": [[77.4542293, 12.9615688], [77.4540129, 12.959855], [77.4538029, 12.9590196]]}"
way/1443410773,yes,trunk,LineString,"{""type"": ""LineString"", ""coordinates"": [[77.4494209, 12.9393704], [77.4494134, 12.9396976], [77.4495486, 12.9413308], [77.4497588, 12.9427072], [77.4501987, 12.9454823], [77.4502484, 12.9459338], [77.4502191, 12.9463945], [77.4501856, 12.9467999], [77.4501779, 12.9470582], [77.4501879, 12.9473429]]}"
way/1443410774,yes,trunk,LineString,"{""type"": ""LineString"", ""coordinates"": [[77.4502891, 12.947336], [77.4502763, 12.9472029], [77.4503059, 12.9467129], [77.450365, 12.945925], [77.4503162, 12.9454641], [77.4497636, 12.9418892], [77.4497045, 12.9413127], [77.4496552, 12.9409668], [77.449527, 12.939708], [77.4495388, 12.9393703]]}"
way/1443640371,yes,residential,LineString,"{""type"": ""LineString"", ""coordinates"": [[77.6621233, 12.9582268], [77.661796, 12.9582509], [77.6615354, 12.9582849], [77.6614606, 12.9582833], [77.6614446, 12.958253], [77.6610808, 12.9582894], [77.6608106, 12.9583296], [77.6607977, 12.9584673]]}"
way/1447303986,yes,secondary,LineString,"{""type"": ""LineString"", ""coordinates"": [[77.6516422, 12.9193736], [77.651633, 12.9196937]]}"
way/1447303987,yes,secondary,LineString,"{""type"": ""LineString"", ""coordinates"": [[77.6516244, 12.9200111], [77.6516083, 12.9205873], [77.6515866, 12.9210288], [77.6515786, 12.921204], [77.6515237, 12.9226787]]}"
way/1447303989,yes,tertiary,LineString,"{""type"": ""LineString"", ""coordinates"": [[77.651633, 12.9196937], [77.6515431, 12.919701]]}"
way/1447311464,yes,primary,LineString,"{""type"": ""LineString"", ""coordinates"": [[77.593391, 13.0818799], [77.5935474, 13.0818282]]}"
way/1448354548,yes,footway,LineString,"{""type"": ""LineString"", ""coordinates"": [[77.5991196, 12.9087704], [77.5991612, 12.9087732], [77.5991928, 12.9087753]]}"
way/1448354549,yes,footway,LineString,"{""type"": ""LineString"", ""coordinates"": [[77.5991196, 12.9087704], [77.5989424, 12.9104697], [77.5987722, 12.9104528], [77.5989488, 12.908759]]}"
way/1448354550,yes,footway,LineString,"{""type"": ""LineString"", ""coordinates"": [[77.5988871, 12.9087549], [77.5989147, 12.9087568], [77.5989488, 12.908759]]}"
way/1449988241,yes,secondary,LineString,"{""type"": ""LineString"", ""coordinates"": [[77.5529583, 12.9982646], [77.5529046, 12.9984632], [77.5526718, 12.9992121]]}"
way/1449988242,yes,secondary,LineString,"{""type"": ""LineString"", ""coordinates"": [[77.5526718, 12.9992121], [77.5526445, 12.9994106], [77.5526385, 12.9996146], [77.5526761, 12.9998106], [77.5527572, 13.0001707]]}"
way/1452298071,yes,trunk,LineString,"{""type"": ""LineString"", ""coordinates"": [[77.6633547, 13.0014278], [77.6633501, 13.0014908]]}"
way/1452617366,yes,primary,LineString,"{""type"": ""LineString"", ""coordinates"": [[77.5968487, 12.9649535], [77.5970193, 12.9649458]]}"
way/1453814098,yes,primary,LineString,"{""type"": ""LineString"", ""coordinates"": [[77.6201733, 12.9211609], [77.6201362, 12.9212213], [77.6201122, 12.9212668]]}"
way/1453817921,yes,tertiary,LineString,"{""type"": ""LineString"", ""coordinates"": [[77.5719489, 13.0283354], [77.5718279, 13.0283255]]}"
way/1453835687,no,,LineString,"{""type"": ""LineString"", ""coordinates"": [[77.7472556, 12.9397683], [77.7473565, 12.9397811]]}"
way/1455022172,yes,service,LineString,"{""type"": ""LineString"", ""coordinates"": [[77.5925607, 12.9550523], [77.5925846, 12.9551149], [77.5925933, 12.9552567]]}"
way/1455040488,yes,service,LineString,"{""type"": ""LineString"", ""coordinates"": [[77.5928466, 12.9549958], [77.5928229, 12.9548009]]}"
way/1455367535,yes,service,LineString,"{""type"": ""LineString"", ""coordinates"": [[77.5924742, 12.9536298], [77.5924311, 12.9535458], [77.5924278, 12.9534633]]}"
way/1455367536,yes,service,LineString,"{""type"": ""LineString"", ""coordinates"": [[77.5929297, 12.9549261], [77.5929061, 12.9547706]]}"
way/1455382055,yes,steps,LineString,"{""type"": ""LineString"", ""coordinates"": [[77.5928044, 12.9542556], [77.59281, 12.9542697]]}"
way/1455382056,yes,steps,LineString,"{""type"": ""LineString"", ""coordinates"": [[77.592798, 12.9542393], [77.5928044, 12.9542556]]}"
way/1455401192,yes,tertiary,LineString,"{""type"": ""LineString"", ""coordinates"": [[77.745563, 12.9989681], [77.7456929, 12.9992259], [77.7457258, 12.9993006], [77.7459345, 12.999643], [77.74644, 12.9996848], [77.746996, 13.000486], [77.7472751, 13.0007646], [77.7475324, 13.0011489], [77.7475456, 13.0011688], [77.747712, 13.0015957], [77.7479059, 13.0015922]]}"
way/1455426593,yes,service,LineString,"{""type"": ""LineString"", ""coordinates"": [[77.5929061, 12.9547706], [77.5926115, 12.9539902]]}"
way/1455426594,yes,service,LineString,"{""type"": ""LineString"", ""coordinates"": [[77.5925845, 12.9539072], [77.5924742, 12.9536298]]}"
way/1455426595,yes,service,LineString,"{""type"": ""LineString"", ""coordinates"": [[77.5925056, 12.9539359], [77.5924154, 12.9536956]]}"
way/1455426596,yes,service,LineString,"{""type"": ""LineString"", ""coordinates"": [[77.5928229, 12.9548009], [77.5925316, 12.9540192]]}"
way/1455426597,yes,service,LineString,"{""type"": ""LineString"", ""coordinates"": [[77.592723, 12.9548372], [77.5924246, 12.954058]]}"
way/1455426598,yes,service,LineString,"{""type"": ""LineString"", ""coordinates"": [[77.5923946, 12.9539762], [77.5923041, 12.953736]]}"
way/1455426599,yes,service,LineString,"{""type"": ""LineString"", ""coordinates"": [[77.5923239, 12.9540946], [77.5924578, 12.95445]]}"
way/1455426600,yes,service,LineString,"{""type"": ""LineString"", ""coordinates"": [[77.5922006, 12.9537736], [77.592289, 12.9540146]]}"
way/1456227611,yes,trunk,LineString,"{""type"": ""LineString"", ""coordinates"": [[77.5400076, 13.0288103], [77.5398815, 13.0288798]]}"
way/1456879839,yes,tertiary,LineString,"{""type"": ""LineString"", ""coordinates"": [[77.6524522, 12.9522062], [77.6525445, 12.952533]]}"
way/1458066624,yes,residential,LineString,"{""type"": ""LineString"", ""coordinates"": [[77.7047185, 12.8267709], [77.7047569, 12.827025], [77.7048755, 12.8270117], [77.7051964, 12.8269703], [77.7051354, 12.8264892], [77.706276, 12.8263278], [77.7063042, 12.8262734], [77.7066118, 12.8262285], [77.7066673, 12.8262426]]}"
way/1458613267,yes,service,LineString,"{""type"": ""LineString"", ""coordinates"": [[77.5652273, 13.0307584], [77.5651421, 13.0307665], [77.565149, 13.0308806]]}"
way/1458899350,yes,primary,LineString,"{""type"": ""LineString"", ""coordinates"": [[77.5986701, 12.9168192], [77.5999767, 12.9167864], [77.6009818, 12.9167707]]}"
way/1458899351,yes,primary,LineString,"{""type"": ""LineString"", ""coordinates"": [[77.5893495, 12.9171107], [77.5896904, 12.9170541], [77.5900677, 12.9169814], [77.5903413, 12.9169708], [77.5909285, 12.916954], [77.5940211, 12.9169028], [77.5950591, 12.9168788], [77.5964926, 12.9168475], [77.5973649, 12.9168408], [77.5979977, 12.9168359], [77.5986701, 12.9168192]]}"
way/1459499822,yes,primary,LineString,"{""type"": ""LineString"", ""coordinates"": [[77.6150603, 12.9295316], [77.61503, 12.9295762]]}"
way/1459499823,yes,primary,LineString,"{""type"": ""LineString"", ""coordinates"": [[77.6151298, 12.9296206], [77.6151658, 12.9295715]]}"
way/1460084783,yes,service,LineString,"{""type"": ""LineString"", ""coordinates"": [[77.5901316, 13.0417072], [77.5901806, 13.0416838], [77.5902973, 13.0416589], [77.5904381, 13.0416511], [77.5904757, 13.0416589], [77.5905199, 13.0416903], [77.5907023, 13.0416864]]}"
way/1463372677,yes,footway,LineString,"{""type"": ""LineString"", ""coordinates"": [[77.602456, 12.9762915], [77.602488, 12.9762914]]}"
way/1464520207,yes,footway,LineString,"{""type"": ""LineString"", ""coordinates"": [[77.5930401, 12.9799473], [77.5927352, 12.9796241]]}"
way/1464880575,yes,trunk,LineString,"{""type"": ""LineString"", ""coordinates"": [[77.4587377, 12.8955139], [77.4569274, 12.8980916]]}"
way/1465654662,yes,trunk,LineString,"{""type"": ""LineString"", ""coordinates"": [[77.4512263, 12.982275], [77.4511872, 12.9824125], [77.4510465, 12.9829066]]}"
way/1465654663,yes,trunk,LineString,"{""type"": ""LineString"", ""coordinates"": [[77.4514378, 12.9818956], [77.4514553, 12.9818374], [77.45148, 12.9817551], [77.4515538, 12.9815095]]}"
way/1465654668,yes,tertiary,LineString,"{""type"": ""LineString"", ""coordinates"": [[77.449862, 12.9299478], [77.4500407, 12.9306493], [77.4498189, 12.9322574]]}"
way/1467492975,yes,footway,LineString,"{""type"": ""LineString"", ""coordinates"": [[77.5991869, 12.9764292], [77.5991282, 12.976406], [77.5989679, 12.976309], [77.5988111, 12.9761974], [77.5985816, 12.9760333], [77.5984747, 12.9759563], [77.5982919, 12.9758262], [77.5982775, 12.9758176], [77.5976852, 12.9753961], [77.5976644, 12.9753811], [77.5976453, 12.9753673], [77.5973548, 12.9751654], [77.5971069, 12.9749855], [77.5968009, 12.9747616], [77.5966823, 12.9746712]]}"
way/1471531819,yes,footway,LineString,"{""type"": ""LineString"", ""coordinates"": [[77.5499421, 13.0039096], [77.5500034, 13.0039233], [77.5500453, 13.0039327]]}"
way/1471531821,yes,footway,LineString,"{""type"": ""LineString"", ""coordinates"": [[77.5536399, 13.0043046], [77.5536659, 13.0043004]]}"
way/1473869988,yes,secondary,LineString,"{""type"": ""LineString"", ""coordinates"": [[77.6446347, 12.9107931], [77.6446337, 12.9107477], [77.6446328, 12.9106951]]}"
way/1474400868,yes,primary,LineString,"{""type"": ""LineString"", ""coordinates"": [[77.6386657, 12.960933], [77.6385798, 12.9609416]]}"
way/1476215444,yes,unclassified,LineString,"{""type"": ""LineString"", ""coordinates"": [[77.7044858, 12.9817481], [77.7045056, 12.9818173], [77.704566, 12.9820563], [77.7045943, 12.9822766], [77.7045903, 12.9829734], [77.7045945, 12.9831072], [77.7045981, 12.9832191], [77.7046328, 12.9844834], [77.7046394, 12.9847222]]}"
way/1476215445,yes,unclassified,LineString,"{""type"": ""LineString"", ""coordinates"": [[77.7047095, 12.9847231], [77.7046506, 12.9829739], [77.704668, 12.9822721], [77.7046385, 12.9820421], [77.7045766, 12.9817979], [77.7045568, 12.9817288]]}"
way/1482858118,yes,tertiary,LineString,"{""type"": ""LineString"", ""coordinates"": [[77.4504882, 12.9856528], [77.4507373, 12.984665], [77.450991, 12.9838533], [77.4510048, 12.9838173], [77.4510223, 12.9837828], [77.4510453, 12.9837477], [77.4510722, 12.9837153], [77.4511027, 12.9836861], [77.4513441, 12.9833647], [77.451387, 12.9832915], [77.4514326, 12.9832026], [77.4515304, 12.9828936]]}"
way/1482858119,yes,tertiary,LineString,"{""type"": ""LineString"", ""coordinates"": [[77.4507179, 12.9828747], [77.4506938, 12.9830027], [77.4506789, 12.983132], [77.4506739, 12.9832278], [77.4506739, 12.9833237], [77.4506789, 12.9834195], [77.4506858, 12.9835292], [77.4506897, 12.9836391], [77.4506901, 12.9837985], [77.4504547, 12.9845982], [77.450173, 12.9856126]]}"
way/1482862153,yes,trunk,LineString,"{""type"": ""LineString"", ""coordinates"": [[77.4588666, 12.8955964], [77.459406, 12.8948423]]}"
way/1487601230,yes,tertiary,LineString,"{""type"": ""LineString"", ""coordinates"": [[77.6195212, 13.0036309], [77.6195472, 13.0034188], [77.6196299, 13.0031719], [77.6196781, 13.0031202], [77.6197172, 13.0030783], [77.6197828, 13.0030132], [77.6200549, 13.0027684], [77.6200793, 13.002753], [77.62045, 13.002519]]}"
way/1487601231,yes,tertiary,LineString,"{""type"": ""LineString"", ""coordinates"": [[77.62045, 13.002519], [77.6206934, 13.0023989], [77.6207144, 13.0023506], [77.6207222, 13.0022853], [77.6206543, 13.0021062], [77.6204802, 13.0017496], [77.6204394, 13.0016588]]}"
way/1488021178,no,,LineString,"{""type"": ""LineString"", ""coordinates"": [[77.7469957, 12.9412907], [77.7470204, 12.9411498]]}"
way/1489037186,yes,trunk,LineString,"{""type"": ""LineString"", ""coordinates"": [[77.4569375, 12.8983371], [77.4570559, 12.8981797]]}"
way/1489129956,yes,tertiary,LineString,"{""type"": ""LineString"", ""coordinates"": [[77.4507764, 12.9826876], [77.4507179, 12.9828747]]}"
way/1490291392,yes,residential,LineString,"{""type"": ""LineString"", ""coordinates"": [[77.5710279, 12.9738843], [77.5710282, 12.9739022], [77.5710558, 12.9742224], [77.5710696, 12.9743833]]}"
way/1491898138,yes,residential,LineString,"{""type"": ""LineString"", ""coordinates"": [[77.6836783, 12.9918708], [77.6837049, 12.9922814], [77.6837325, 12.9926775]]}"
way/1497089829,yes,primary,LineString,"{""type"": ""LineString"", ""coordinates"": [[77.6592931, 12.9591069], [77.6596188, 12.9591059], [77.6596971, 12.9591085], [77.659843, 12.9591285]]}"
way/1497089830,yes,primary,LineString,"{""type"": ""LineString"", ""coordinates"": [[77.659843, 12.9591285], [77.6603163, 12.9592221], [77.6606912, 12.9592917], [77.6609837, 12.9593257], [77.6611625, 12.9593341]]}"
way/1497089831,yes,primary,LineString,"{""type"": ""LineString"", ""coordinates"": [[77.6611589, 12.9592666], [77.660997, 12.9592536], [77.6608618, 12.9592366], [77.6605778, 12.9591783], [77.6605377, 12.9591728], [77.6604586, 12.9591589], [77.6602477, 12.9591187], [77.6597821, 12.959037], [77.6595615, 12.9590191], [77.6592924, 12.9590322]]}"
way/1497089832,yes,primary,LineString,"{""type"": ""LineString"", ""coordinates"": [[77.6616483, 12.9592174], [77.661523, 12.9592339], [77.6614196, 12.9592481], [77.6613529, 12.9592528], [77.6611589, 12.9592666]]}"
way/1497089833,yes,primary,LineString,"{""type"": ""LineString"", ""coordinates"": [[77.6576569, 12.9592382], [77.6580586, 12.9591927], [77.6584374, 12.959161], [77.6592931, 12.9591069]]}"
way/1497089834,yes,primary,LineString,"{""type"": ""LineString"", ""coordinates"": [[77.6611625, 12.9593341], [77.6614135, 12.959321], [77.662262, 12.9592333], [77.6627409, 12.9591465], [77.6628241, 12.9591304], [77.6635861, 12.9589784], [77.6636171, 12.9589717], [77.6638695, 12.9589168], [77.6648072, 12.9587078], [77.6649991, 12.9586715]]}"
way/1497089835,yes,primary,LineString,"{""type"": ""LineString"", ""coordinates"": [[77.6592924, 12.9590322], [77.6584344, 12.9590852], [77.6583574, 12.9590924], [77.6576454, 12.9591621]]}"
way/1497089836,yes,primary,LineString,"{""type"": ""LineString"", ""coordinates"": [[77.6576454, 12.9591621], [77.6574932, 12.9591734], [77.6573686, 12.9591859], [77.6572258, 12.9592051], [77.6569319, 12.9592202], [77.6566514, 12.9592346], [77.656471, 12.9592439]]}"
way/1498547675,yes,tertiary,LineString,"{""type"": ""LineString"", ""coordinates"": [[77.6208182, 12.999674], [77.6208239, 12.9996888], [77.6211584, 13.000552], [77.6212239, 13.0007208], [77.6212831, 13.0008736], [77.6215664, 13.0016466], [77.6216264, 13.0018102], [77.6217575, 13.0020731], [77.6221079, 13.0027781], [77.6221318, 13.0028233]]}"
way/1501340737,yes,secondary,LineString,"{""type"": ""LineString"", ""coordinates"": [[77.6453259, 12.9121399], [77.6454068, 12.9120989]]}"
way/1501340738,yes,secondary,LineString,"{""type"": ""LineString"", ""coordinates"": [[77.6454068, 12.9120989], [77.6453207, 12.9120748]]}"
way/1502439051,yes,secondary,LineString,"{""type"": ""LineString"", ""coordinates"": [[77.610074, 12.9327067], [77.610088, 12.9324536]]}"
way/1502439052,yes,secondary,LineString,"{""type"": ""LineString"", ""coordinates"": [[77.6100468, 12.9328099], [77.610074, 12.9327067]]}"
way/1502439054,yes,secondary,LineString,"{""type"": ""LineString"", ""coordinates"": [[77.610088, 12.9324536], [77.6100912, 12.9321467], [77.6100763, 12.9319978], [77.6099605, 12.9315389], [77.6099294, 12.9314004]]}"
way/1504028270,yes,tertiary,LineString,"{""type"": ""LineString"", ""coordinates"": [[77.5543538, 12.9950423], [77.5536889, 12.9960148], [77.5535839, 12.9961131], [77.5534638, 12.9962255], [77.552826, 12.9968222], [77.5527874, 12.9968583]]}"
way/1504398538,yes,trunk,LineString,"{""type"": ""LineString"", ""coordinates"": [[77.7086566, 12.8020461], [77.7093998, 12.8020539], [77.7095233, 12.8020583], [77.7103457, 12.8020818], [77.7104755, 12.8020698]]}"
way/1504398539,yes,trunk,LineString,"{""type"": ""LineString"", ""coordinates"": [[77.7114986, 12.8016577], [77.7112143, 12.801767], [77.7108653, 12.8018668], [77.7105678, 12.8019161], [77.7104166, 12.8019289]]}"
way/1504430866,yes,residential,LineString,"{""type"": ""LineString"", ""coordinates"": [[77.6880547, 12.9551851], [77.6880686, 12.9551112]]}"
way/1504430867,yes,primary,LineString,"{""type"": ""LineString"", ""coordinates"": [[77.6880547, 12.9551851], [77.6883054, 12.9552296], [77.6893304, 12.9554114], [77.6893686, 12.9554188], [77.6894084, 12.9554265]]}"
way/1507400940,yes,primary,LineString,"{""type"": ""LineString"", ""coordinates"": [[77.6856507, 12.9102543], [77.6855473, 12.9102976], [77.6853176, 12.9103891]]}"
way/1507400941,yes,primary,LineString,"{""type"": ""LineString"", ""coordinates"": [[77.6853176, 12.9103891], [77.6851892, 12.9104403], [77.6849349, 12.9105369], [77.6848969, 12.9105511], [77.6845122, 12.910704]]}"
way/1507868334,yes,trunk,LineString,"{""type"": ""LineString"", ""coordinates"": [[77.4523764, 12.955396], [77.4526075, 12.955967], [77.4530876, 12.9571093], [77.45334, 12.9578446], [77.4536105, 12.9586901]]}"
way/1507868335,yes,trunk,LineString,"{""type"": ""LineString"", ""coordinates"": [[77.4523476, 12.9553248], [77.4523764, 12.955396]]}"
way/1507868336,yes,trunk,LineString,"{""type"": ""LineString"", ""coordinates"": [[77.4524599, 12.9553328], [77.4524295, 12.9552579]]}"
way/1507868337,yes,trunk,LineString,"{""type"": ""LineString"", ""coordinates"": [[77.4537095, 12.9586671], [77.4534365, 12.9578142], [77.4531827, 12.9570748], [77.4527015, 12.9559301], [77.4524599, 12.9553328]]}"
way/1507868346,yes,trunk,LineString,"{""type"": ""LineString"", ""coordinates"": [[77.4499196, 12.9336151], [77.4499342, 12.9334644], [77.4502489, 12.9306888]]}"
way/1507868356,yes,trunk,LineString,"{""type"": ""LineString"", ""coordinates"": [[77.4545736, 12.9678679], [77.45459, 12.9674419], [77.454617, 12.9667403], [77.4546237, 12.9665785], [77.4546224, 12.9664141], [77.4546151, 12.9662758], [77.4546022, 12.9661381], [77.4545893, 12.966012]]}"
way/1507868357,yes,trunk,LineString,"{""type"": ""LineString"", ""coordinates"": [[77.4541292, 12.9615792], [77.4543263, 12.9630413], [77.4544743, 12.9660173]]}"
way/1507868358,yes,trunk,LineString,"{""type"": ""LineString"", ""coordinates"": [[77.4545893, 12.966012], [77.4544561, 12.9635288], [77.4542293, 12.9615688]]}"
way/1507868359,yes,tertiary,LineString,"{""type"": ""LineString"", ""coordinates"": [[77.4504239, 12.9859077], [77.4504882, 12.9856528]]}"
way/1507868360,yes,trunk,LineString,"{""type"": ""LineString"", ""coordinates"": [[77.4503252, 12.9858848], [77.4503657, 12.9857198], [77.4503883, 12.9856377]]}"
way/1507868361,yes,trunk,LineString,"{""type"": ""LineString"", ""coordinates"": [[77.4502086, 12.9858577], [77.4500125, 12.9866861], [77.4494986, 12.9890093]]}"
way/1507868362,yes,tertiary,LineString,"{""type"": ""LineString"", ""coordinates"": [[77.450173, 12.9856126], [77.4501096, 12.9858406]]}"
way/1507868363,yes,tertiary,LineString,"{""type"": ""LineString"", ""coordinates"": [[77.4497348, 12.9889735], [77.4502285, 12.9867329], [77.4504239, 12.9859077]]}"
way/1507868364,yes,trunk,LineString,"{""type"": ""LineString"", ""coordinates"": [[77.4503883, 12.9856377], [77.4506589, 12.9846527], [77.451159, 12.9829325]]}"
way/1507868365,yes,trunk,LineString,"{""type"": ""LineString"", ""coordinates"": [[77.4510465, 12.9829066], [77.4505596, 12.984617], [77.4502732, 12.9856234]]}"
way/1507868366,yes,tertiary,LineString,"{""type"": ""LineString"", ""coordinates"": [[77.4501096, 12.9858406], [77.4499144, 12.9866626], [77.4494432, 12.9887933], [77.4494043, 12.9888148], [77.4493633, 12.9888323], [77.4493048, 12.9888493], [77.4492443, 12.9888581]]}"
way/1507868367,yes,tertiary,LineString,"{""type"": ""LineString"", ""coordinates"": [[77.4498115, 12.9891893], [77.4497809, 12.9891455], [77.4497576, 12.9890976], [77.4497447, 12.9890573], [77.4497371, 12.9890157], [77.4497348, 12.9889735]]}"
way/1509732594,yes,primary,LineString,"{""type"": ""LineString"", ""coordinates"": [[77.6061021, 12.9579821], [77.6060812, 12.9578673]]}"
way/1509732595,yes,primary,LineString,"{""type"": ""LineString"", ""coordinates"": [[77.6060117, 12.9574867], [77.6059136, 12.9569632], [77.6056839, 12.955713], [77.6056737, 12.9556632], [77.6055838, 12.9551307]]}"
way/1509732600,yes,primary,LineString,"{""type"": ""LineString"", ""coordinates"": [[77.6055838, 12.9551307], [77.6055527, 12.9549495], [77.6055129, 12.954718], [77.6055084, 12.9546916], [77.6054316, 12.9541249], [77.6053637, 12.9535491], [77.6053274, 12.9531983], [77.6052963, 12.952913]]}"
way/1509732602,yes,primary,LineString,"{""type"": ""LineString"", ""coordinates"": [[77.6052671, 12.9525136], [77.605259, 12.952383], [77.6052324, 12.9520056], [77.6052282, 12.9519259], [77.6052273, 12.9518416], [77.6052384, 12.9517421], [77.6053323, 12.9514077], [77.6054998, 12.950947], [77.6055784, 12.9507168], [77.6055946, 12.9506717], [77.6056646, 12.9504468], [77.6057323, 12.9503248]]}"
way/1509732606,yes,primary,LineString,"{""type"": ""LineString"", ""coordinates"": [[77.6068243, 12.9662393], [77.6068436, 12.9661332], [77.606854, 12.9660334], [77.6068566, 12.9659527], [77.6068627, 12.9657894], [77.6068638, 12.9657103], [77.6068672, 12.9654547]]}"
way/1509732610,yes,primary,LineString,"{""type"": ""LineString"", ""coordinates"": [[77.6068672, 12.9654547], [77.6068611, 12.9652727], [77.606855, 12.9651288], [77.6068375, 12.9649686], [77.606804, 12.9647573], [77.6067956, 12.9646039], [77.606784, 12.964394], [77.6067723, 12.9641473], [77.606769, 12.9640172], [77.6067759, 12.9638505], [77.6067946, 12.9636199], [77.6067996, 12.9633542], [77.6068088, 12.963073], [77.6068125, 12.9626295], [77.6068011, 12.9623009], [77.6067767, 12.9620794], [77.6067573, 12.9619139], [77.6067031, 12.9616086], [77.6066446, 12.9612558], [77.6065739, 12.960852], [77.6064814, 12.9603388], [77.6064166, 12.9599247], [77.6063506, 12.9595135], [77.6062873, 12.9591641]]}"
way/1509734439,yes,primary,LineString,"{""type"": ""LineString"", ""coordinates"": [[77.6052963, 12.952913], [77.6052928, 12.9528733], [77.6052774, 12.9526617]]}"
way/1509734440,yes,primary,LineString,"{""type"": ""LineString"", ""coordinates"": [[77.6052774, 12.9526617], [77.6052678, 12.9525254], [77.6052671, 12.9525136]]}"
way/1509734443,yes,primary,LineString,"{""type"": ""LineString"", ""coordinates"": [[77.6060812, 12.9578673], [77.6060117, 12.9574867]]}"
way/1509734444,yes,primary,LineString,"{""type"": ""LineString"", ""coordinates"": [[77.6062873, 12.9591641], [77.606228, 12.9587916], [77.6061701, 12.9583908], [77.606121, 12.9580953], [77.6061103, 12.9580315], [77.6061021, 12.9579821]]}"
way/1510508847,yes,trunk,LineString,"{""type"": ""LineString"", ""coordinates"": [[77.5222791, 13.0376885], [77.5221843, 13.0377403]]}"
way/1510508849,yes,trunk,LineString,"{""type"": ""LineString"", ""coordinates"": [[77.5223884, 13.0378545], [77.522894, 13.0375761], [77.5259596, 13.0358897], [77.5263239, 13.035704], [77.5266335, 13.0355745], [77.5269947, 13.0354596], [77.5272935, 13.0353778], [77.5277513, 13.0352688], [77.5291898, 13.0349188], [77.5294788, 13.0348489], [77.5296742, 13.0347901], [77.5297388, 13.0347707], [77.5300124, 13.0346707], [77.5303204, 13.0345368], [77.5306405, 13.0343729], [77.5323427, 13.0333842], [77.5336719, 13.0325797], [77.5342884, 13.0322254], [77.5344673, 13.0320897]]}"
way/1510508850,yes,trunk,LineString,"{""type"": ""LineString"", ""coordinates"": [[77.521822, 13.0379385], [77.5214612, 13.0381357], [77.520642, 13.0385863], [77.5202486, 13.0388027], [77.5187464, 13.039629], [77.518661, 13.0396793], [77.5186064, 13.0397115], [77.5184057, 13.0398514]]}"
way/1510508855,yes,trunk,LineString,"{""type"": ""LineString"", ""coordinates"": [[77.5222885, 13.0379095], [77.5223884, 13.0378545]]}"
way/1510898752,yes,primary,LineString,"{""type"": ""LineString"", ""coordinates"": [[77.7477109, 12.9614349], [77.7477027, 12.9613551]]}"
way/1510898753,yes,primary,LineString,"{""type"": ""LineString"", ""coordinates"": [[77.7476326, 12.9613488], [77.7476395, 12.961439]]}"
way/1512670033,yes,unclassified,LineString,"{""type"": ""LineString"", ""coordinates"": [[77.7014178, 12.982515], [77.7009663, 12.9826279]]}"
way/1512670034,yes,unclassified,LineString,"{""type"": ""LineString"", ""coordinates"": [[77.7014381, 12.9825861], [77.704216, 12.9818899]]}"
way/1512670035,yes,unclassified,LineString,"{""type"": ""LineString"", ""coordinates"": [[77.700984, 12.9826999], [77.7014381, 12.9825861]]}"
way/1512670036,yes,unclassified,LineString,"{""type"": ""LineString"", ""coordinates"": [[77.7041961, 12.9818205], [77.7014178, 12.982515]]}"
way/1512670037,yes,unclassified,LineString,"{""type"": ""LineString"", ""coordinates"": [[77.7044858, 12.9817481], [77.7042179, 12.9817409], [77.7025987, 12.9821458], [77.7012071, 12.9824935], [77.7009663, 12.9826279]]}"
way/1512670038,yes,unclassified,LineString,"{""type"": ""LineString"", ""coordinates"": [[77.700984, 12.9826999], [77.7012622, 12.9827044], [77.7026619, 12.9823535], [77.7042688, 12.9819509], [77.7045056, 12.9818173]]}"
way/1512670039,yes,unclassified,LineString,"{""type"": ""LineString"", ""coordinates"": [[77.7008532, 12.9827327], [77.700984, 12.9826999]]}"
way/1512670040,yes,unclassified,LineString,"{""type"": ""LineString"", ""coordinates"": [[77.7009663, 12.9826279], [77.700836, 12.9826605]]}"
way/1517117859,yes,footway,LineString,"{""type"": ""LineString"", ""coordinates"": [[77.6412258, 12.9793938], [77.6413706, 12.9794118]]}"
way/1518689035,yes,primary,LineString,"{""type"": ""LineString"", ""coordinates"": [[77.5914907, 12.9540014], [77.5914506, 12.9538962], [77.591425, 12.9538291]]}"
way/1518689036,yes,primary,LineString,"{""type"": ""LineString"", ""coordinates"": [[77.5913354, 12.9538564], [77.5913639, 12.9539278], [77.591407, 12.9540442]]}"
way/1520642646,yes,residential,LineString,"{""type"": ""LineString"", ""coordinates"": [[77.6397069, 13.0805285], [77.6397265, 13.0805118], [77.6398307, 13.0802604], [77.6398463, 13.0802411], [77.6398659, 13.0802255], [77.6398873, 13.0802147], [77.6399106, 13.0802085], [77.6399347, 13.080207], [77.6401032, 13.0802242], [77.6412559, 13.0801196], [77.6413282, 13.0808788], [77.6413274, 13.080935]]}"
way/1520642647,yes,residential,LineString,"{""type"": ""LineString"", ""coordinates"": [[77.6405508, 13.0812899], [77.640724, 13.0812117], [77.641062, 13.081059], [77.6413274, 13.080935]]}"
way/1520642648,yes,residential,LineString,"{""type"": ""LineString"", ""coordinates"": [[77.6404956, 13.0813148], [77.6405508, 13.0812899]]}"
way/1520642649,yes,residential,LineString,"{""type"": ""LineString"", ""coordinates"": [[77.6404614, 13.0813303], [77.6404956, 13.0813148]]}"
way/1522306149,yes,tertiary,LineString,"{""type"": ""LineString"", ""coordinates"": [[77.4569484, 12.8978043], [77.4572538, 12.8980206], [77.4573377, 12.89808]]}"
way/1522306150,yes,tertiary,LineString,"{""type"": ""LineString"", ""coordinates"": [[77.4573377, 12.89808], [77.4573754, 12.8981066], [77.4574402, 12.8981526]]}"
way/1522306151,yes,tertiary,LineString,"{""type"": ""LineString"", ""coordinates"": [[77.4568268, 12.8977182], [77.4569484, 12.8978043]]}"
way/1522306152,yes,trunk,LineString,"{""type"": ""LineString"", ""coordinates"": [[77.4569274, 12.8980916], [77.4567939, 12.8982814]]}"
way/1526305575,yes,residential,LineString,"{""type"": ""LineString"", ""coordinates"": [[77.6359943, 12.9693208], [77.6359532, 12.9693153]]}"
way/1530081594,yes,unclassified,LineString,"{""type"": ""LineString"", ""coordinates"": [[77.7045945, 12.9831072], [77.7045463, 12.9830929], [77.7044964, 12.9830863], [77.7044426, 12.9830878], [77.7044177, 12.9830926], [77.7043899, 12.983098], [77.7042083, 12.9831604], [77.7041692, 12.9831739]]}"
way/1530102632,yes,footway,LineString,"{""type"": ""LineString"", ""coordinates"": [[77.7044937, 12.9849198], [77.7044964, 12.9848152], [77.7033645, 12.9850321], [77.703512, 12.9857117], [77.7033988, 12.985735], [77.7035364, 12.9863693], [77.7044873, 12.9861743]]}"
way/1530102633,yes,footway,LineString,"{""type"": ""LineString"", ""coordinates"": [[77.7046776, 12.9848891], [77.7046043, 12.9849014], [77.7044937, 12.9849198], [77.704487, 12.9853053], [77.7044857, 12.9859286], [77.7046143, 12.9859131], [77.7047034, 12.9859024]]}"
way/1531321067,yes,tertiary,LineString,"{""type"": ""LineString"", ""coordinates"": [[77.5735337, 13.0279953], [77.5740212, 13.027903], [77.5745471, 13.0278034], [77.5746231, 13.027789], [77.5752161, 13.0276841], [77.5753809, 13.0276513], [77.5755028, 13.0276271]]}"
way/1531321068,yes,tertiary,LineString,"{""type"": ""LineString"", ""coordinates"": [[77.5755028, 13.0276271], [77.5758277, 13.0275627]]}"
way/1531594654,yes,secondary,LineString,"{""type"": ""LineString"", ""coordinates"": [[77.651737, 12.9162058], [77.6517382, 12.9163447]]}"
way/1531594656,yes,secondary,LineString,"{""type"": ""LineString"", ""coordinates"": [[77.6517382, 12.9163447], [77.6517368, 12.9163971]]}"
way/1531859223,yes,primary,LineString,"{""type"": ""LineString"", ""coordinates"": [[77.59059, 13.009988], [77.5905091, 13.0101137]]}"
way/1534247771,yes,trunk,LineString,"{""type"": ""LineString"", ""coordinates"": [[77.6323671, 12.9164827], [77.6322917, 12.9164911]]}"
way/1539998005,yes,primary,LineString,"{""type"": ""LineString"", ""coordinates"": [[77.6097984, 12.9346439], [77.6097357, 12.9346906]]}"
way/1539998006,yes,primary,LineString,"{""type"": ""LineString"", ""coordinates"": [[77.6097886, 12.9347623], [77.6098504, 12.9347148]]}"
way/1539998007,yes,primary,LineString,"{""type"": ""LineString"", ""coordinates"": [[77.6098949, 12.9346805], [77.6099664, 12.9346253]]}"
way/1540915298,yes,tertiary,LineString,"{""type"": ""LineString"", ""coordinates"": [[77.5510988, 12.9976504], [77.5510722, 12.9977445]]}"
way/1540915299,yes,secondary,LineString,"{""type"": ""LineString"", ""coordinates"": [[77.5510722, 12.9977445], [77.5509804, 12.9977251]]}"
way/1540915798,yes,secondary,LineString,"{""type"": ""LineString"", ""coordinates"": [[77.5530431, 12.9983441], [77.5530595, 12.9982855]]}"
way/1544729331,yes,tertiary,LineString,"{""type"": ""LineString"", ""coordinates"": [[77.700827, 12.9691832], [77.7008198, 12.9691959], [77.7007407, 12.9693234]]}"
way/1544729332,yes,tertiary,LineString,"{""type"": ""LineString"", ""coordinates"": [[77.7014498, 12.9681244], [77.7012816, 12.9684264], [77.7012582, 12.9684649]]}"
way/1548763786,yes,primary,LineString,"{""type"": ""LineString"", ""coordinates"": [[77.6373698, 12.9250709], [77.6371461, 12.9251429], [77.6369691, 12.9251913], [77.6368055, 12.9252213], [77.6367015, 12.9252241], [77.6365189, 12.9251952]]}"
way/1548763787,yes,primary,LineString,"{""type"": ""LineString"", ""coordinates"": [[77.6365189, 12.9251952], [77.6363876, 12.9251744]]}"
way/1548763788,yes,primary,LineString,"{""type"": ""LineString"", ""coordinates"": [[77.6365006, 12.9253137], [77.6366906, 12.9253333], [77.6368224, 12.9253292], [77.6369785, 12.9252998], [77.6371646, 12.9252461], [77.6373952, 12.925166]]}"
way/1548763789,yes,primary,LineString,"{""type"": ""LineString"", ""coordinates"": [[77.636376, 12.9253009], [77.6365006, 12.9253137]]}"
way/1548813756,yes,secondary,LineString,"{""type"": ""LineString"", ""coordinates"": [[77.6517368, 12.9163971], [77.651712, 12.9173361]]}"
way/1548813757,yes,secondary,LineString,"{""type"": ""LineString"", ""coordinates"": [[77.651712, 12.9173361], [77.6516868, 12.9180536]]}"
way/1548813758,yes,residential,LineString,"{""type"": ""LineString"", ""coordinates"": [[77.6516868, 12.9180536], [77.651777, 12.918056], [77.6517866, 12.9180563], [77.6522078, 12.9180676]]}"
way/1548813759,yes,residential,LineString,"{""type"": ""LineString"", ""coordinates"": [[77.6522078, 12.9180676], [77.6522458, 12.9166864], [77.652254, 12.9163563]]}"
way/1550294308,yes,tertiary,LineString,"{""type"": ""LineString"", ""coordinates"": [[77.5758277, 13.0275627], [77.5769114, 13.0273839]]}"
way/1550491330,yes,trunk,LineString,"{""type"": ""LineString"", ""coordinates"": [[77.6775956, 12.8392659], [77.6780221, 12.8387154], [77.6783641, 12.8382452], [77.6785433, 12.8379387]]}"
way/1550491333,yes,trunk,LineString,"{""type"": ""LineString"", ""coordinates"": [[77.6785433, 12.8379387], [77.6785645, 12.8379025], [77.6785997, 12.8378424], [77.6788814, 12.8372366], [77.679313, 12.836118]]}"
way/1550491334,yes,trunk,LineString,"{""type"": ""LineString"", ""coordinates"": [[77.679313, 12.836118], [77.6793304, 12.836076], [77.6793464, 12.8360347]]}"
way/1550511325,yes,tertiary,LineString,"{""type"": ""LineString"", ""coordinates"": [[77.5769114, 13.0273839], [77.5769587, 13.0273761]]}"
way/1550734926,yes,primary,LineString,"{""type"": ""LineString"", ""coordinates"": [[77.5814296, 13.1068547], [77.5811949, 13.1071546], [77.5809434, 13.1075727], [77.5806702, 13.1084523], [77.580521, 13.1089209], [77.580282, 13.1096718], [77.5802319, 13.1098293], [77.5801005, 13.110242], [77.5800838, 13.1102945], [77.5800085, 13.1105334], [77.5799315, 13.1107775], [77.5797844, 13.1111896]]}"
way/1551219313,yes,primary,LineString,"{""type"": ""LineString"", ""coordinates"": [[77.5907834, 12.9777042], [77.5905856, 12.9775541], [77.5902948, 12.9773859], [77.5899909, 12.977223], [77.5892717, 12.9768374], [77.5892068, 12.9768026], [77.5887427, 12.9765662]]}"
way/1551920860,yes,pedestrian,LineString,"{""type"": ""LineString"", ""coordinates"": [[77.5623445, 12.933585], [77.5623456, 12.9337273]]}"
way/1553764153,yes,primary,LineString,"{""type"": ""LineString"", ""coordinates"": [[77.6473792, 12.9866252], [77.6470336, 12.9864786], [77.6466108, 12.9863121]]}"
way/1553783843,yes,trunk,LineString,"{""type"": ""LineString"", ""coordinates"": [[77.6268087, 12.9105848], [77.6273567, 12.9096992]]}"
way/1554044548,yes,tertiary,LineString,"{""type"": ""LineString"", ""coordinates"": [[77.5719489, 13.0283354], [77.5734529, 13.0280106]]}"
way/1554044549,yes,tertiary,LineString,"{""type"": ""LineString"", ""coordinates"": [[77.5734529, 13.0280106], [77.5735337, 13.0279953]]}"
way/1554182749,yes,trunk,LineString,"{""type"": ""LineString"", ""coordinates"": [[77.5967584, 13.09109], [77.5967557, 13.0910786]]}"
