osm_id,longitude,latitude
node/344371119,77.6291879,13.0375738
node/1107350591,77.7178554,12.9905734
node/2319910952,77.6999252,12.9510334
node/3477797066,77.6719912,12.9242307
node/3498619566,77.6870416,12.931528
node/3571031088,77.5633056,13.0292887
node/3571031089,77.5633277,13.0292881
node/3647036807,77.6361628,12.9795642
node/3647036813,77.6360723,12.9795819
node/3647036820,77.6359909,12.9795966
node/3647036826,77.6359027,12.9796118
node/3647036833,77.6357781,12.9796362
node/3647049210,77.6356906,12.9796924
node/3647052758,77.6357086,12.9797793
node/3647052765,77.6357309,12.9798811
node/3647052769,77.6357449,12.979965
node/3647052775,77.6357614,12.9800527
node/3647052780,77.635772,12.9801188
node/3652772193,77.6240987,13.0003952
node/3652772194,77.6238842,13.0003547
node/3652872506,77.6238761,13.000844
node/3652872507,77.6239244,13.0009786
node/3652872508,77.6239029,13.0009185
node/3652872509,77.6238466,13.000765
node/3652872510,77.6239378,13.0010126
node/3652872511,77.6239749,13.0011197
node/3652872512,77.6239553,13.0010699
node/3652876854,77.6239298,13.0007382
node/3652876856,77.6240434,13.0009275
node/3652876857,77.6240458,13.0009682
node/3652884430,77.6239532,13.0007336
node/3652884431,77.6241219,13.0006751
node/3652884432,77.6240438,13.0007009
node/3652884434,77.6239827,13.0008362
node/3652884435,77.6238801,13.000778
node/3652884436,77.6240194,13.0008407
node/3652884437,77.6240464,13.0008695
node/3652886135,77.6240702,13.0009497
node/3652887495,77.6241215,13.001122
node/3652887496,77.6241336,13.0011181
node/3652887497,77.6241135,13.0011011
node/3652887498,77.6240834,13.001027
node/3652887499,77.6240843,13.0009747
node/3652887500,77.6241148,13.0010551
node/3652888991,77.6242795,13.0010708
node/3652888992,77.6242027,13.0010959
node/3652888993,77.6242412,13.0010514
node/3836975529,77.6378795,12.9802683
node/3836975530,77.6375668,12.9803475
node/3836975531,77.6374561,12.9803806
node/3836981990,77.6379016,12.9799741
node/3836981993,77.6374645,12.9800726
node/3836983799,77.636906,12.9788328
node/3836983800,77.6372482,12.9788408
node/3836983801,77.6367529,12.9789319
node/3836983802,77.6369349,12.9791017
node/3836983803,77.6367858,12.9791116
node/3836983804,77.6369652,12.9792962
node/3836983805,77.6368287,12.9793012
node/3836983806,77.6368565,12.9794341
node/3836983807,77.6369879,12.979439
node/3836983808,77.6369323,12.979796
node/3836983809,77.6371067,12.9799807
node/3836983810,77.6369652,12.9800127
node/3836983940,77.6378856,12.9805079
node/3836983941,77.6378746,12.9807768
node/3836983942,77.6378681,12.9809967
node/3836983943,77.6378609,12.9812283
node/3836983945,77.6378347,12.9816701
node/3836983946,77.6378139,12.9819807
node/3836983947,77.6378073,12.982224
node/3836988200,77.6354564,12.9786375
node/3836988201,77.6356847,12.9786472
node/3836988202,77.635958,12.9786569
node/3836988203,77.6348737,12.97868
node/3836988204,77.6351728,12.9787127
node/3836988208,77.63541,12.9787214
node/3836988210,77.6354302,12.9789319
node/3836988211,77.6354681,12.9791198
node/3836988213,77.6355531,12.9795469
node/3836988214,77.6355831,12.9797401
node/3836988215,77.6356297,12.9799464
node/3836988216,77.6365107,12.9801692
node/3836988218,77.635693,12.98025
node/3836988220,77.6364268,12.9802918
node/3836988221,77.6362253,12.9803245
node/3836988222,77.6359671,12.9803665
node/3836988223,77.6357304,12.9804053
node/3836988244,77.6366898,12.9786536
node/3836994016,77.6369805,12.9802011
node/3836994017,77.6367656,12.9802367
node/3836995403,77.6393601,12.9786987
node/3836995404,77.6393396,12.9790247
node/3836995405,77.6393535,12.9792166
node/3836995406,77.6393535,12.979422
node/3836995407,77.6393291,12.9796385
node/3836995408,77.6393158,12.9797525
node/3836995410,77.6382607,12.9822699
node/3836999907,77.6361756,12.9785829
node/3836999908,77.6362565,12.9789703
node/3836999909,77.6363856,12.9796378
node/3837000791,77.6388141,12.9801654
node/3837000792,77.6387931,12.9806689
node/3837000793,77.6387894,12.9810214
node/3837000796,77.6387098,12.9820092
node/3837000896,77.6376955,12.9783795
node/3837000898,77.6379356,12.9790061
node/3837000899,77.6379318,12.9792338
node/3837000900,77.6379141,12.9795527
node/3837005108,77.6370878,12.9806272
node/3837005110,77.6373267,12.9813399
node/3837007683,77.6371378,12.9801922
node/3837007689,77.6356403,12.9804197
node/3837007690,77.6370336,12.9804289
node/3837007691,77.635432,12.9804536
node/3837007692,77.6372108,12.9804442
node/3837007693,77.6352121,12.9804893
node/3837007694,77.6350186,12.9805208
node/3837007695,77.6366166,12.9805143
node/3837007696,77.6348403,12.9805498
node/3837007698,77.6363185,12.9806097
node/3837007699,77.6360787,12.9806524
node/3837007700,77.6357743,12.9807113
node/3837007701,77.6352552,12.9807357
node/3837007702,77.6366708,12.9807763
node/3837007703,77.6348882,12.9807926
node/3837007704,77.6371587,12.9808546
node/3837007705,77.6352843,12.9809368
node/3837007706,77.6363351,12.9809795
node/3837007707,77.6372129,12.9810018
node/3837007708,77.6361287,12.981014
node/3837007709,77.6367448,12.9810455
node/3837007710,77.6349247,12.9810496
node/3837007711,77.6358556,12.9810628
node/3837007712,77.6353302,12.9811156
node/3837007714,77.6372546,12.9811522
node/3837007717,77.6353719,12.9812903
node/3837007718,77.6368007,12.9812921
node/3837007720,77.634982,12.981336
node/3837007721,77.6363506,12.9813657
node/3837007722,77.6359626,12.9814292
node/3837007723,77.6356749,12.9814762
node/3837007724,77.6354669,12.9815103
node/3837007725,77.6350602,12.9815768
node/3837007726,77.6374147,12.9816835
node/3837007727,77.6375913,12.9818958
node/3837007728,77.6374805,12.9819595
node/3837007731,77.6348628,12.9825701
node/3837007732,77.6362254,12.982669
node/3837007733,77.6356166,12.9827186
node/3837007734,77.6367257,12.9827584
node/3837007735,77.6372956,12.982917
node/3837008457,77.6349594,12.9781385
node/3837008458,77.6351479,12.9782844
node/3837008459,77.6348069,12.9782803
node/3837008462,77.6349094,12.9788475
node/3837008463,77.6349515,12.9790741
node/3837008465,77.6350247,12.9795022
node/3837008466,77.6350613,12.9797733
node/3837008467,77.6351254,12.9800373
node/3837008468,77.6351771,12.9803037
node/3837008469,77.6352501,12.9804044
node/3837012431,77.6372758,12.9790523
node/3837012432,77.6372669,12.9792681
node/3837012434,77.638331,12.9802396
node/3837015789,77.6333943,12.9780767
node/3837015790,77.6335198,12.9780868
node/3837023893,77.6336835,12.9780895
node/3837023894,77.6340734,12.9780904
node/3837023896,77.6339655,12.9782477
node/3837023897,77.6342968,12.9782634
node/3837023898,77.6345723,12.9782723
node/3837027698,77.6383528,12.9805663
node/3837027699,77.6383393,12.9808919
node/3837027700,77.6383173,12.9813452
node/3837027701,77.638292,12.9816834
node/3837027702,77.6382683,12.9819901
node/3837027703,77.6381879,12.9827066
node/3837027704,77.6382254,12.98282
node/3837027705,77.6381499,12.9831016
node/3837027706,77.6382447,12.9831478
node/3837030332,77.6397438,12.9798842
node/3837030335,77.6401878,12.9799986
node/3837030336,77.6396953,12.9800157
node/3837030337,77.6401905,12.9804141
node/3837030338,77.6401986,12.9806521
node/3837031333,77.6356056,12.9781436
node/3837031334,77.6358545,12.9781471
node/3837031335,77.6361104,12.9781575
node/3837031336,77.6363344,12.9781661
node/3837031337,77.6365903,12.9781679
node/3837031338,77.6354137,12.9783012
node/3837031340,77.6365459,12.9783116
node/3837031341,77.6357709,12.9783133
node/3837031342,77.6362935,12.9783151
node/3837031343,77.6360056,12.9783237
node/3837031344,77.6367219,12.9783324
node/3837049737,77.6387753,12.9790033
node/3837049738,77.6387653,12.9792034
node/3837049739,77.6387633,12.9794202
node/3837049740,77.6387513,12.9796604
node/3837051275,77.6330244,12.978078
node/3837051276,77.6333312,12.9782257
node/3837051277,77.6331262,12.9782282
node/3837051278,77.6335412,12.9782356
node/3837051279,77.6331097,12.9784229
node/3837051280,77.6331988,12.9785681
node/3837051281,77.6333083,12.9786239
node/3837051282,77.6333834,12.9786239
node/3837051283,77.6335934,12.9786313
node/3837051284,77.6339079,12.9786462
node/3837051285,77.633158,12.9786797
node/3837051286,77.6332586,12.9790804
node/3837051287,77.6333152,12.979356
node/3837051288,77.6333854,12.9796051
node/3837057647,77.6337147,12.9788092
node/3837057648,77.6338065,12.9793145
node/3837057649,77.6338303,12.9795116
node/3837057650,77.6339374,12.9795729
node/3837057651,77.633866,12.9797469
node/3837057652,77.6338898,12.9799175
node/3837057653,77.6335252,12.9800063
node/3837057654,77.6340038,12.9800658
node/3837057655,77.6339305,12.9800963
node/3837057656,77.6336071,12.9803403
node/3837059658,77.634094,12.9806609
node/3837059659,77.6336653,12.9806659
node/3837059660,77.6338715,12.9806996
node/3837059661,77.6336402,12.9807911
node/3837069295,77.6341409,12.9786562
node/3837069300,77.634172,12.9788773
node/3837069301,77.6342094,12.9791473
node/3837069302,77.6342034,12.9795079
node/3837069303,77.634516,12.9795887
node/3837069304,77.6343008,12.9800773
node/3837069305,77.634605,12.9800784
node/3837085920,77.6345036,12.9786669
node/3837085921,77.6345257,12.9788773
node/3837085922,77.6345614,12.9790761
node/3837085923,77.6346056,12.9793362
node/3837085924,77.6346464,12.9795599
node/3837085925,77.6346702,12.9797587
node/4052928025,77.5958675,12.9186189
node/4052928028,77.5958745,12.9188672
node/4062942992,77.6298394,12.9446066
node/4062957402,77.6297534,12.9445263
node/4062957403,77.6294936,12.9445402
node/4062957404,77.6297068,12.9448964
node/4062957405,77.6296011,12.9451077
node/4062957406,77.6295294,12.945319
node/4062957408,77.6294363,12.9455198
node/4062957413,77.6292213,12.9458707
node/4062957414,77.6290511,12.9461519
node/4062957415,77.6289812,12.9462863
node/4062971155,77.62894,12.9463335
node/4063559084,77.6289324,12.945313
node/4063559085,77.6289451,12.9457253
node/4063568049,77.628928,12.9450203
node/4101505928,77.6464019,12.9791954
node/4101517643,77.6431148,12.9791787
node/4101517874,77.6462451,12.9792012
node/4101520224,77.6460335,12.9791814
node/4101529699,77.6456391,12.9791626
node/4101541446,77.6445436,12.9790825
node/4101541447,77.6443838,12.9791183
node/4101541448,77.6455762,12.9791208
node/4101541450,77.6446617,12.9791313
node/4101541453,77.6447824,12.9791365
node/4101541457,77.6451506,12.9791552
node/4101543798,77.6387522,12.9799883
node/4101543802,77.6399488,12.9800085
node/4101543803,77.639056,12.9799858
node/4101543804,77.6397803,12.980016
node/4101543808,77.6395574,12.9800164
node/4101548830,77.6431367,12.9791216
node/4101548832,77.6419746,12.9791235
node/4101548833,77.6409589,12.979125
node/4101548834,77.6421995,12.9791535
node/4101548835,77.6412677,12.9791635
node/4101548836,77.6420985,12.9791677
node/4101548837,77.6423783,12.979174
node/4101548838,77.6428976,12.9791753
node/4101548840,77.6425772,12.9791816
node/4101548841,77.6415233,12.9791617
node/4101548842,77.6427629,12.9791986
node/4101548843,77.6409374,12.9793427
node/4101548844,77.640915,12.9796008
node/4101548846,77.6405783,12.9799756
node/4101548848,77.6406994,12.9799793
node/4101548849,77.640223,12.979995
node/4101558250,77.6381439,12.9799461
node/4101558255,77.6386076,12.979993
node/4101558257,77.6376148,12.9800492
node/4101558258,77.6373282,12.9800822
node/4101558260,77.6375102,12.9801132
node/4101563620,77.6371668,12.980092
node/4101563622,77.6370431,12.9801148
node/4101563623,77.6368255,12.9801786
node/4101566691,77.6366142,12.9805255
node/4101566693,77.6366789,12.9807114
node/4101566695,77.6366839,12.9808187
node/4101566697,77.636721,12.9809262
node/4197719563,77.5962461,12.9189359
node/4198168160,77.6433056,12.9756578
node/4315586584,77.6429747,12.970242
node/4315595301,77.6443156,12.970291
node/4315639142,77.6360499,12.9698557
node/4315639146,77.6365138,12.9698759
node/4315639148,77.6369892,12.9698966
node/4315639153,77.6374434,12.9699307
node/4315639165,77.6387373,12.9699819
node/4315639176,77.6394551,12.9700568
node/4315639177,77.6394607,12.970072
node/4315639868,77.635942,12.9722901
node/4315639869,77.6359859,12.9726175
node/4315639870,77.6359336,12.9728217
node/4315639872,77.6354233,12.9730582
node/4315639873,77.6356003,12.9730844
node/4315639874,77.6358317,12.9731066
node/4315678627,77.6422687,12.9703221
node/4315678630,77.6439438,12.9703415
node/4315678636,77.6462223,12.9703521
node/4315678637,77.6449967,12.9703685
node/4315678638,77.6468721,12.9704181
node/4322811188,77.6433811,12.9702544
node/4322812545,77.6418669,12.9701767
node/4322812551,77.6414926,12.9701873
node/4322812558,77.6424738,12.970194
node/4322812561,77.6426071,12.9701951
node/4322812562,77.6422951,12.9701972
node/4322813089,77.6433225,12.9702564
node/4322814172,77.6436755,12.9702832
node/4322814177,77.6446458,12.9702851
node/4322814178,77.6440292,12.9702864
node/4322815619,77.6453534,12.9703261
node/4322815620,77.6450122,12.9703263
node/4322818767,77.6360439,12.9699291
node/4322818768,77.6361445,12.969935
node/4322818770,77.6363232,12.9699579
node/4322818773,77.6365411,12.9699699
node/4322818777,77.6368234,12.9699915
node/4322818780,77.637103,12.9700046
node/4322818783,77.6373169,12.9700157
node/4322818785,77.637614,12.970034
node/4322819489,77.6380109,12.9700693
node/4322819494,77.6383382,12.9701013
node/4322819497,77.6388592,12.9701163
node/4322819499,77.6391355,12.9701372
node/4374317675,77.6394247,12.9217531
node/4374317676,77.6390666,12.920927
node/4374317677,77.6389587,12.9204401
node/4374357045,77.6387803,12.9195502
node/4374357046,77.6387267,12.9185031
node/4374357047,77.6386945,12.917928
node/4374357048,77.6387964,12.9166934
node/4374357049,77.639125,12.9165646
node/4374357051,77.640134,12.917071
node/4374357052,77.6404639,12.9173612
node/4374357053,77.6408877,12.9177618
node/4374357054,77.6413517,12.9182245
node/4374357055,77.6417158,12.918601
node/4374357056,77.6420651,12.9190507
node/4374357057,77.6424279,12.9195082
node/4374357058,77.6427189,12.9199183
node/4374357059,77.6431058,12.9204091
node/4374357060,77.6434425,12.9208173
node/4374357061,77.6437828,12.9212352
node/4374357063,77.6445034,12.9220385
node/4926522373,77.5719443,12.9368963
node/5164735106,77.6462913,12.9811733
node/5164816191,77.6480778,12.9822369
node/5164816192,77.6480607,12.9820013
node/5164816193,77.6480677,12.9818252
node/5164816194,77.6481623,12.9816991
node/5164816195,77.6482501,12.9816808
node/5164816196,77.6483339,12.9815204
node/5164816197,77.6484218,12.9813799
node/5164816198,77.648455,12.9813152
node/5164816199,77.6483759,12.9812254
node/5164816200,77.6481948,12.9812247
node/5164816201,77.6480765,12.9813871
node/5164816202,77.6479688,12.9815165
node/5164845175,77.6485271,12.9822953
node/5164845176,77.6486233,12.9821872
node/5164845177,77.6486142,12.9822032
node/5164845178,77.6487789,12.9819487
node/5164845179,77.6487799,12.9819722
node/5164845180,77.6488684,12.9818249
node/5164845181,77.6489716,12.9816772
node/5164845182,77.6489673,12.9817007
node/5164845183,77.6490424,12.9814423
node/5164845184,77.6490551,12.9814485
node/5164845185,77.649093,12.9815152
node/5164845204,77.6481264,12.9822427
node/5164845205,77.6481599,12.9822565
node/5164845206,77.6482478,12.9821415
node/5164845212,77.6484054,12.981986
node/5164845213,77.6484992,12.9818311
node/5164845214,77.6486152,12.9816664
node/5164845215,77.6486561,12.9815874
node/5164845216,77.6487152,12.9815462
node/5164845217,77.6487822,12.9814534
node/5164845218,77.6488057,12.9813652
node/5164845219,77.6487822,12.981394
node/5164855024,77.6479692,12.9817256
node/5164855025,77.6478428,12.9816769
node/5164855030,77.647541,12.9811163
node/5164855031,77.6473325,12.9811019
node/5164855033,77.6472138,12.9811071
node/5164855034,77.6470166,12.9811241
node/5164855035,77.6467954,12.981177
node/5164855036,77.6465022,12.9811847
node/5164905829,77.6465929,12.9811914
node/5164905831,77.6476268,12.9813711
node/5164905832,77.6473184,12.9813992
node/5164905833,77.6470683,12.9814096
node/5164905836,77.6465754,12.9812868
node/5164905837,77.6467994,12.9814528
node/5164915346,77.6465392,12.979335
node/5164915361,77.6436498,12.9794057
node/5164915362,77.643619,12.9795912
node/5164915363,77.6436055,12.9798356
node/5164915369,77.643973,12.9797219
node/5164915370,77.6440226,12.9794311
node/5164915371,77.6439527,12.9799007
node/5489546298,77.6721143,12.9175682
node/5489546299,77.6682092,12.9191565
node/5489546300,77.6664887,12.9211841
node/5489546301,77.6692604,12.922776
node/5489546302,77.6722084,12.9241463
node/5489546303,77.6811205,12.9283671
node/5489546304,77.6840237,12.9297704
node/5489546305,77.6874669,12.9323394
node/5489546306,77.6903062,12.934995
node/5489546307,77.6937777,12.9381318
node/5489546308,77.6932821,12.937206
node/5489546309,77.6903696,12.9345625
node/5489546310,77.6874056,12.9318361
node/5489546311,77.6839637,12.929314
node/5489546312,77.6782506,12.9265985
node/5489546313,77.6743327,12.924715
node/5489546314,77.6705046,12.923023
node/5489546315,77.6754117,12.9256374
node/5489546316,77.6729193,12.9171665
node/5489546317,77.6689488,12.9188262
node/5489546318,77.6658546,12.9208939
node/5489546319,77.6686202,12.9224758
node/5489546320,77.6715179,12.9238244
node/5489548421,77.6802881,12.9279775
node/5489548422,77.6832518,12.9294031
node/5489548423,77.686913,12.9318567
node/5489548424,77.6898505,12.934535
node/5489548425,77.6927384,12.9371114
node/5489548426,77.6938955,12.9377679
node/5489548427,77.6911259,12.9351713
node/5489548428,77.6880379,12.9324084
node/5489548429,77.6848351,12.9297163
node/5489548430,77.67904,12.9269779
node/5489548431,77.6750877,12.9250788
node/5489548432,77.6712409,12.9233216
node/5489548433,77.674888,12.9253737
node/5489548434,77.6788371,12.9273305
node/5489548435,77.6737842,12.916094
node/5489548436,77.6695327,12.9186432
node/5489548437,77.6660792,12.9202287
node/5489548438,77.667911,12.9221465
node/5489548439,77.6796746,12.9276849
node/5489548440,77.6825199,12.9290455
node/5489548441,77.6862361,12.9312759
node/5489548442,77.6892274,12.9339467
node/5489548443,77.6921859,12.9366722
node/5489548444,77.6945237,12.9383608
node/5489548445,77.6916344,12.9356996
node/5489548446,77.688577,12.932898
node/5489548447,77.685494,12.9301884
node/5489548448,77.6811662,12.9279867
node/5489548449,77.6757986,12.925453
node/5489548450,77.6718676,12.9236148
node/5489548451,77.6742627,12.92506
node/5489548452,77.6779639,12.9269077
node/5489548453,77.6743929,12.9154263
node/5489548454,77.6703047,12.9183924
node/5489548455,77.6667123,12.9199617
node/5489548456,77.6672114,12.9218208
node/5489548457,77.6708596,12.9235094
node/5489548458,77.6737231,12.9247991
node/5489548459,77.6856285,12.9307247
node/5489548460,77.6887336,12.9334919
node/5489548461,77.6915898,12.9361247
node/5489548462,77.6950511,12.9389494
node/5489548463,77.6921792,12.936197
node/5489548464,77.6891181,12.9333989
node/5489548465,77.6861494,12.9307226
node/5489548466,77.6822082,12.9285005
node/5489548467,77.6765428,12.925827
node/5489548469,77.6687435,12.9221067
node/5489548470,77.6772438,12.9266109
node/5489548471,77.6754906,12.914826
node/5489548472,77.6710506,12.9180941
node/5489548473,77.6673347,12.9196552
node/5489548474,77.6672717,12.9215525
node/5489548475,77.6701798,12.92321
node/5489548476,77.6730843,12.9245415
node/5489548478,77.6849834,12.9302668
node/5489548479,77.6881931,12.932998
node/5489548480,77.6910822,12.9356541
node/5489548481,77.6945449,12.9388869
node/5489548482,77.6925655,12.9365563
node/5489548483,77.6896271,12.9338577
node/5489548484,77.6867452,12.9312443
node/5489548485,77.6829535,12.928846
node/5489548486,77.6772666,12.9261617
node/5489548487,77.6732312,12.924232
node/5489548488,77.6696116,12.9225748
node/5489548489,77.676368,12.9261188
node/5489548490,77.6762686,12.9143675
node/5489548491,77.6718237,12.91773
node/5489548493,77.6666553,12.9212588
node/5489548494,77.6695041,12.922883
node/5489548495,77.6724512,12.9242462
node/5489548496,77.6813218,12.9284657
node/5489548497,77.684246,12.9298748
node/5489548498,77.6876557,12.932515
node/5489548499,77.6904927,12.9351959
node/5489548500,77.6939927,12.9383279
node/5489548501,77.6930992,12.9370386
node/5489548502,77.6901925,12.9343889
node/5489548503,77.6872278,12.9316965
node/5489548504,77.6836918,12.9291855
node/5489548505,77.6780318,12.9264953
node/5489548506,77.6741236,12.9246382
node/5489548507,77.6702614,12.9228643
node/5489548508,77.6756345,12.9257464
node/5489548509,77.6726156,12.9173238
node/5489548510,77.6686727,12.9189383
node/5489548511,77.6661076,12.9210035
node/5489548512,77.6688545,12.9225915
node/5489548513,77.6716995,12.9239058
node/5489548514,77.6805678,12.9281068
node/5489548515,77.6835387,12.929544
node/5489548516,77.6870979,12.9320136
node/5489548517,77.6900067,12.934686
node/5489548518,77.69332,12.9377114
node/5489548519,77.6936966,12.9375806
node/5489548520,77.6909443,12.9350668
node/5489548721,77.6878697,12.9322656
node/5489548722,77.6845917,12.9295885
node/5489548723,77.678774,12.9268524
node/5489548724,77.6748433,12.9249548
node/5489548725,77.6709915,12.9232151
node/5489548726,77.6750528,12.9254568
node/5489548727,77.67904,12.927404
node/5489548728,77.673485,12.9165212
node/5489548729,77.6693675,12.9186944
node/5489548730,77.6681086,12.9222411
node/5489548731,77.6799357,12.9277957
node/5489548732,77.6827673,12.9291698
node/5489548733,77.6864311,12.9314586
node/5489548734,77.6894278,12.9341278
node/5489548735,77.6923678,12.9368483
node/5489548736,77.6943006,12.9381419
node/5489548737,77.6914949,12.9355471
node/5489548738,77.6883684,12.9327113
node/5489548739,77.685266,12.9300215
node/5489548740,77.6794894,12.9271873
node/5489548741,77.6755882,12.9253282
node/5489548742,77.6716498,12.9235042
node/5489548743,77.6744702,12.9251669
node/5489548744,77.6782695,12.9270245
node/5489548745,77.6741482,12.9156254
node/5489548746,77.6701035,12.9184603
node/5489548747,77.6664845,12.9200406
node/5489548748,77.6674849,12.9219441
node/5489548749,77.6710617,12.9236104
node/5489548750,77.6739156,12.9248848
node/5489548751,77.682002,12.9287926
node/5489548752,77.685811,12.9308861
node/5489548753,77.6889224,12.9336668
node/5489548754,77.6917853,12.9363026
node/5489548755,77.6948795,12.9387341
node/5489548756,77.6920214,12.9360521
node/5489548757,77.6889236,12.9331993
node/5489548758,77.6859299,12.9305413
node/5489548759,77.6819367,12.92837
node/5489548760,77.676322,12.9256935
node/5489548761,77.6723385,12.9238297
node/5489548762,77.6685063,12.9220156
node/5489548763,77.6775036,12.9267197
node/5489548764,77.6754497,12.9147605
node/5489548765,77.6708084,12.9182083
node/5489548766,77.6671253,12.9197578
node/5489548767,77.6666669,12.9215626
node/5489548768,77.6703819,12.9232949
node/5489548769,77.6733272,12.924646
node/5489548770,77.685215,12.9304026
node/5489548771,77.6883769,12.93317
node/5489548772,77.6912432,12.9358004
node/5489548773,77.6947119,12.9390879
node/5489548774,77.6923977,12.9363959
node/5489548775,77.6893903,12.9336337
node/5489548776,77.6865789,12.9311001
node/5489548777,77.6826971,12.9287388
node/5489548778,77.6770274,12.9260493
node/5489548779,77.673009,12.9241471
node/5489548780,77.6694289,12.9225127
node/5489548781,77.676595,12.9262551
node/5489548782,77.6760095,12.9144615
node/5489548783,77.6715713,12.9178412
node/5489548784,77.6679742,12.9192945
node/5489548785,77.6669073,12.9213847
node/5489548786,77.6697221,12.9229952
node/5489548787,77.6726706,12.9243495
node/5489548788,77.6815655,12.9285934
node/5489548789,77.6844908,12.9300042
node/5489548790,77.6878414,12.9326818
node/5489548791,77.6907254,12.9353726
node/5489548792,77.6941631,12.9384991
node/5489548793,77.6929242,12.9368807
node/5489548794,77.6900103,12.9342251
node/5489548796,77.6834409,12.9290751
node/5489548797,77.6777745,12.9263793
node/5489548798,77.6739189,12.9245267
node/5489548799,77.6700467,12.9227872
node/5489548800,77.6758963,12.9258991
node/5489548801,77.6723597,12.9174633
node/5489548802,77.6683944,12.9190617
node/5489548803,77.6663055,12.9211043
node/5489548804,77.6690606,12.9226873
node/5489548805,77.671901,12.9239981
node/5489548806,77.6808208,12.9282346
node/5489548807,77.6837475,12.9296402
node/5489548808,77.687266,12.9321542
node/5489548809,77.6901622,12.9348415
node/5489548810,77.6935677,12.9379439
node/5489548811,77.6935071,12.9374049
node/5489548812,77.6907638,12.9349118
node/5489548813,77.6876529,12.9320365
node/5489548814,77.6842695,12.9294495
node/5489548815,77.678517,12.9267338
node/5489548816,77.6745825,12.9248384
node/5489548817,77.6707581,12.9231175
node/5489548818,77.6751956,12.9255305
node/5489548819,77.6792635,12.9275134
node/5489548820,77.6731481,12.9170438
node/5489548821,77.6691138,12.9187788
node/5489548822,77.665592,12.9207794
node/5489548823,77.6684006,12.9223732
node/5489548824,77.6801252,12.9278948
node/5489548825,77.683042,12.9292989
node/5489548826,77.6866507,12.9316418
node/5489548827,77.6896501,12.9343523
node/5489548828,77.6925638,12.9370186
node/5489548829,77.6941046,12.9379632
node/5489548830,77.6913538,12.9353792
node/5489548831,77.6881567,12.9325271
node/5489548832,77.6850673,12.9298716
node/5489548833,77.6792421,12.9270653
node/5489548834,77.6753142,12.9252022
node/5489548835,77.6714181,12.923399
node/5489548836,77.6746879,12.9252778
node/5489548837,77.6785883,12.9271874
node/5489548838,77.6739602,12.9158582
node/5489548839,77.6698602,12.9185354
node/5489548840,77.6662878,12.9201422
node/5489548841,77.6676962,12.9220414
node/5489548842,77.6712791,12.9237025
node/5489548843,77.6740798,12.9249658
node/5489548844,77.6823057,12.928946
node/5489548845,77.6860417,12.9311052
node/5489548846,77.6890699,12.9337958
node/5489548847,77.6919926,12.9364942
node/5489548848,77.6947205,12.9385649
node/5489548849,77.6918348,12.9358814
node/5489548850,77.6887738,12.933071
node/5489548851,77.6857329,12.9303694
node/5489548852,77.6814659,12.9281253
node/5489548853,77.676051,12.9255579
node/5489548854,77.6720848,12.9237162
node/5489548855,77.66832,12.9219109
node/5489548856,77.6777283,12.9268274
node/5489548857,77.6749286,12.9150845
node/5489548858,77.6705645,12.9182968
node/5489548859,77.6669186,12.9198666
node/5489548860,77.6668049,12.9216363
node/5489548861,77.6706155,12.9234017
node/5489548862,77.6734944,12.9247183
node/5489548863,77.6854226,12.9305509
node/5489548864,77.6885786,12.9333505
node/5489548865,77.6914106,12.935965
node/5489548866,77.6949515,12.9392351
node/5489548867,77.692275,12.9362894
node/5489548868,77.6892477,12.9335084
node/5489548869,77.6864085,12.9309531
node/5489548870,77.682445,12.9286179
node/5489548871,77.6767963,12.9259325
node/5489548872,77.6728119,12.9240454
node/5489548873,77.6689714,12.9222146
node/5489548874,77.6770118,12.9264806
node/5489548875,77.6757516,12.9145792
node/5489548876,77.6713007,12.9179654
node/5489548877,77.6678307,12.9193896
node/5489548878,77.6670948,12.9214654
node/5489548879,77.6699107,12.9230822
node/5489548880,77.6728922,12.9244398
node/5489548881,77.6817902,12.9286988
node/5489548882,77.6847412,12.9301356
node/5489548883,77.6880113,12.9328308
node/5489548884,77.6909452,12.9355297
node/5489548885,77.6943643,12.9387026
node/5489548886,77.6927329,12.9367077
node/5489548887,77.6898115,12.934027
node/5489548888,77.6868886,12.931382
node/5489548889,77.6832079,12.9289649
node/5489548890,77.6775178,12.9262451
node/5489548891,77.6734494,12.92434
node/5489548892,77.6698582,12.9226823
node/5489548893,77.6761652,12.926008
node/5493654188,77.6813526,12.9282924
node/5493654189,77.6714829,12.9236229
node/5493654190,77.6678401,12.922044
node/5493654191,77.6722074,12.9239279
node/5493654192,77.6685462,12.9222368
node/5493654193,77.6728258,12.9241992
node/5493654194,77.6692168,12.9225568
node/5493654195,77.6794994,12.9273861
node/5493654196,77.6699438,12.9229012
node/5493654197,77.6802675,12.9277573
node/5493654198,77.6706232,12.9232241
node/5493654199,77.681127,12.9281818
node/5493654200,77.6712515,12.9235101
node/5493654201,77.6677414,12.9218613
node/5493654202,77.6720021,12.9238455
node/5493654203,77.6682979,12.9221267
node/5493654204,77.6725962,12.9241082
node/5493654205,77.6689804,12.9224335
node/5493654206,77.6732841,12.9244184
node/5493654207,77.6697354,12.9228027
node/5493654208,77.6800014,12.9276265
node/5493654209,77.6704028,12.9231326
node/5493654210,77.6808756,12.9280601
node/5493654211,77.6710697,12.9234328
node/5493654212,77.6717808,12.9237531
node/5493654213,77.6681174,12.9220489
node/5493654214,77.6723849,12.9240109
node/5493654215,77.6687756,12.9223569
node/5493654216,77.6730342,12.9243075
node/5493654217,77.6694777,12.9226733
node/5493654218,77.6797365,12.9275215
node/5493654219,77.6701192,12.9229807
node/5493654220,77.6806617,12.9279474
node/5493661821,77.6708305,12.923323
node/5494207514,77.6772968,12.9263959
node/5494207515,77.6949778,12.9390236
node/5494207516,77.6790011,12.9272095
node/5494207517,77.6782112,12.9268263
node/5494207518,77.6776677,12.9265681
node/5494207519,77.6763606,12.92593
node/5494207520,77.6862094,12.9309026
node/5494208221,77.6850389,12.9301275
node/5494208222,77.6784562,12.9269517
node/5494208223,77.6778634,12.9266678
node/5494208224,77.6675511,12.9217718
node/5494208225,77.6852846,12.9301507
node/5494208226,77.6950789,12.9391395
node/5494208227,77.6787388,12.9270954
node/5494208228,77.6780043,12.9267419
node/5500456919,77.6809789,12.9124255
node/5500456920,77.6790161,12.9134291
node/5500457021,77.6775081,12.9140263
node/5500457022,77.6806551,12.9125794
node/5500457023,77.6786877,12.9135765
node/5500457024,77.6772208,12.9141007
node/5500457025,77.6804723,12.9126774
node/5500457026,77.681781,12.9120245
node/5500457027,77.6769062,12.9142029
node/5500457028,77.6802385,12.912803
node/5500457029,77.6820254,12.9119006
node/5500457030,77.6766018,12.9142718
node/5500457031,77.6800184,12.9129357
node/5500457032,77.682284,12.9117658
node/5500457033,77.6797145,12.9130839
node/5500457034,77.6784261,12.9136742
node/5500457035,77.681402,12.9121938
node/5500457036,77.6795293,12.9131646
node/5500457037,77.6781212,12.9138044
node/5500457038,77.6812913,12.9122594
node/5500457039,77.6792692,12.9133129
node/5500457040,77.6779119,12.9138974
node/5503513633,77.6538547,12.9238548
node/5503513634,77.6419993,12.9187036
node/5503513635,77.6508236,12.9245483
node/5503513636,77.6384617,12.9196772
node/5503513637,77.6618517,12.9216005
node/5503513638,77.6476804,12.9241671
node/5503513639,77.642515,12.9236271
node/5503513640,77.6591406,12.9223743
node/5503513641,77.6450951,12.9220964
node/5503513642,77.6518514,12.9100577
node/5503513643,77.6563731,12.923322
node/5503513644,77.6431836,12.9198382
node/5503513645,77.6527333,12.9240852
node/5503513646,77.6413715,12.9175957
node/5503513647,77.6496641,12.9245603
node/5503513648,77.6390843,12.9218753
node/5503513649,77.6606393,12.9217084
node/5503513650,77.6465824,12.9235117
node/5503513651,77.6453935,12.9244115
node/5503513652,77.6578558,12.9226115
node/5503513653,77.6442496,12.921313
node/5503513654,77.6509908,12.9049801
node/5503513655,77.6551839,12.9235712
node/5503513656,77.6424935,12.9190945
node/5503513657,77.6516206,12.9243267
node/5503513658,77.6484647,12.9243356
node/5503513659,77.6404701,12.9236299
node/5503513660,77.6597577,12.9220407
node/5503513661,77.6457164,12.9229051
node/5503513662,77.6484911,12.9245822
node/5503513663,77.6570755,12.9230012
node/5503513664,77.6435483,12.9206394
node/5503513665,77.6535316,12.9240283
node/5503513666,77.641793,12.9184255
node/5503513667,77.650468,12.9245126
node/5503513668,77.6385745,12.9203889
node/5503513669,77.661525,12.9216847
node/5503513670,77.6471772,12.9240654
node/5503513671,77.6434192,12.9238607
node/5503513672,77.6588382,12.9224829
node/5503513673,77.6448484,12.9218428
node/5503513674,77.651824,12.9088198
node/5503513675,77.6561327,12.9234072
node/5503513676,77.642946,12.9195239
node/5503513677,77.6523956,12.9242522
node/5503513679,77.6490862,12.9244277
node/5503513680,77.6392765,12.9221447
node/5503513681,77.660311,12.9217659
node/5503513682,77.6462735,12.9232952
node/5503513683,77.6461885,12.9244427
node/5503513684,77.6575698,12.9227255
node/5503513685,77.644038,12.9210797
node/5503513686,77.654592,12.9235986
node/5503513687,77.6423083,12.9188785
node/5503513688,77.651276,12.9244614
node/5503513689,77.6384136,12.9187612
node/5503513690,77.6622531,12.9213836
node/5503513691,77.6480758,12.9244089
node/5503513693,77.6594336,12.9221626
node/5503513694,77.6453964,12.9226486
node/5503513695,77.6492636,12.9245563
node/5503513696,77.6566759,12.9231475
node/5503513697,77.6433804,12.9204146
node/5503513698,77.653179,12.9240017
node/5503513699,77.6416122,12.9182081
node/5503513700,77.6501086,12.9245894
node/5503513701,77.6388018,12.9211323
node/5503513702,77.6612225,12.9217649
node/5503513703,77.6469483,12.9236354
node/5503513704,77.6441844,12.9240912
node/5503513705,77.6585456,12.9225814
node/5503513706,77.6445387,12.9215008
node/5503513707,77.6514907,12.9072031
node/5503513708,77.6558056,12.9235239
node/5503513709,77.6427754,12.9192829
node/5503513710,77.6520656,12.9242302
node/5503513711,77.6383349,12.9171029
node/5503513712,77.6487704,12.9244963
node/5503513713,77.6396115,12.9228865
node/5503513714,77.6600902,12.9218253
node/5503513715,77.6460658,12.923104
node/5503513716,77.647221,12.924496
node/5503513717,77.6572607,12.9228098
node/5503513718,77.6438668,12.9208334
node/5503513719,77.6542174,12.923793
node/5503513720,77.6421148,12.9186239
node/5503513921,77.6509296,12.9244699
node/5503513922,77.6384482,12.9195563
node/5503513923,77.6618241,12.921492
node/5503513924,77.6478608,12.9243678
node/5503513925,77.6422643,12.9235815
node/5503513926,77.6591241,12.9222698
node/5503513927,77.6451291,12.9224115
node/5503513928,77.6518433,12.9105867
node/5503513929,77.6563539,12.9232586
node/5503513930,77.6431669,12.9201868
node/5503513931,77.6528607,12.9241716
node/5503513932,77.6413788,12.9180142
node/5503513933,77.6498212,12.9244348
node/5503513934,77.6390014,12.9216674
node/5503513935,77.6609761,12.9218232
node/5503513936,77.6466177,12.9234376
node/5503513937,77.6450007,12.9243828
node/5503513938,77.6582687,12.9226977
node/5503513939,77.6443433,12.9212278
node/5503513940,77.651269,12.9058962
node/5503513941,77.6554786,12.9236457
node/5503513942,77.6425773,12.9190322
node/5503513943,77.6517493,12.924375
node/5503513944,77.638361,12.9179203
node/5503513945,77.6485354,12.9244753
node/5503513946,77.6400246,12.9239233
node/5503513947,77.6597343,12.9219555
node/5503513948,77.6457765,12.9228203
node/5503513949,77.6481357,12.9245511
node/5503513950,77.6570477,12.9228941
node/5503513951,77.6436501,12.9205819
node/5503513952,77.6536568,12.9238865
node/5503513953,77.6419036,12.9183493
node/5503513954,77.6505701,12.9245831
node/5503513955,77.6385088,12.9201182
node/5503513956,77.661507,12.9215961
node/5503513957,77.6473326,12.9241945
node/5503513958,77.6430929,12.9237638
node/5503513959,77.6588119,12.9223752
node/5503513960,77.6449419,12.9222615
node/5503513961,77.6518397,12.9096577
node/5503513962,77.6561172,12.9233117
node/5503513963,77.6430175,12.9199562
node/5503513964,77.6525308,12.924113
node/5503513965,77.6411446,12.9177681
node/5503513966,77.6492787,12.9244358
node/5503513967,77.6390814,12.9221582
node/5503513968,77.6606502,12.9219202
node/5503513969,77.6463478,12.9231899
node/5503513970,77.6459196,12.9244541
node/5503513971,77.6579314,12.9227922
node/5503513972,77.6441074,12.9209959
node/5503513973,77.6546711,12.9236927
node/5503513974,77.6423914,12.9188054
node/5503513975,77.6514303,12.924361
node/5503513976,77.6384082,12.9185469
node/5503513977,77.6622323,12.9213013
node/5503513978,77.6481776,12.9242758
node/5503513979,77.6409601,12.9234157
node/5503513980,77.6594065,12.922071
node/5503513981,77.6454796,12.9225691
node/5503513982,77.648985,12.9246376
node/5503513983,77.6566447,12.9230358
node/5503513984,77.6434466,12.9203456
node/5503513985,77.6533268,12.9240657
node/5503513986,77.6417018,12.9181302
node/5503513987,77.650282,12.9245318
node/5503513988,77.6385909,12.9210977
node/5503513989,77.6612098,12.9216421
node/5503513990,77.6470302,12.9239655
node/5503513991,77.6439738,12.9240266
node/5503513992,77.6585171,12.9224709
node/5503513993,77.6446777,12.9219873
node/5503513994,77.6516607,12.9077569
node/5503513995,77.6557792,12.9234345
node/5503513996,77.6427812,12.9196852
node/5503513997,77.6521528,12.9242914
node/5503513998,77.63831,12.9168501
node/5503513999,77.6488761,12.9244308
node/5503514000,77.6395044,12.9226361
node/5503514001,77.6603473,12.9219933
node/5503514002,77.6461578,12.9230213
node/5503514003,77.6469251,12.9244721
node/5503514004,77.6576288,12.9229146
node/5503514005,77.6439266,12.9207723
node/5503514006,77.6544393,12.9237419
node/5503514007,77.6421957,12.9185363
node/5503514008,77.6510205,12.9245162
node/5503514009,77.638401,12.9193372
node/5503514010,77.6617943,12.9213747
node/5503514011,77.6479481,12.9241046
node/5503514012,77.6419355,12.9234893
node/5503514013,77.659101,12.9221755
node/5503514014,77.6452022,12.9223332
node/5503514015,77.6518142,12.9110087
node/5503514016,77.6563325,12.9231499
node/5503514017,77.6432532,12.9200951
node/5503514018,77.6530501,12.9240259
node/5503514019,77.6414926,12.9179264
node/5503514020,77.6498682,12.9245911
node/5503514121,77.6388872,12.9214066
node/5503514122,77.6609477,12.9217331
node/5503514123,77.6468343,12.9238555
node/5503514124,77.6447326,12.9243008
node/5503514125,77.6582431,12.9225891
node/5503514126,77.6443974,12.9216227
node/5503514127,77.6513299,12.9062099
node/5503514128,77.6554709,12.9235083
node/5503514129,77.6426024,12.9194185
node/5503514130,77.6518607,12.9242687
node/5503514131,77.6383312,12.9176395
node/5503514132,77.6486869,12.9243747
node/5503514133,77.6399717,12.9236233
node/5503514134,77.6600905,12.9220554
node/5503514135,77.645836,12.9227388
node/5503514136,77.6478573,12.9245572
node/5503514137,77.6573574,12.9230363
node/5503514138,77.6437271,12.9205018
node/5503514139,77.6537464,12.9239848
node/5503514140,77.641974,12.9182668
node/5503514141,77.6507559,12.9244852
node/5503514142,77.6384944,12.9198552
node/5503514143,77.6614934,12.9214944
node/5503514144,77.647637,12.9242641
node/5503514145,77.6428023,12.9236939
node/5503514146,77.658767,12.922275
node/5503514147,77.6450305,12.92218
node/5503514148,77.6518408,12.9099042
node/5503514149,77.6561062,12.9232226
node/5503514150,77.6430991,12.9198955
node/5503514151,77.6526275,12.9241954
node/5503514152,77.6412653,12.9176989
node/5503514153,77.649292,12.9247392
node/5503514154,77.6389911,12.9219698
node/5503514155,77.6606415,12.9217808
node/5503514156,77.6465317,12.9235977
node/5503514157,77.6456619,12.9244501
node/5503514158,77.6579142,12.9227095
node/5503514159,77.6441649,12.9214027
node/5503514160,77.6549168,12.9236468
node/5503514161,77.6423882,12.9191839
node/5503514162,77.6515096,12.9244276
node/5503514163,77.6383607,12.918187
node/5503514164,77.6483168,12.9244389
node/5503514165,77.6407092,12.9235206
node/5503514166,77.6597799,12.9221574
node/5503514167,77.6455564,12.9224918
node/5503514168,77.6487426,12.9246165
node/5503514169,77.6570861,12.9231353
node/5503514170,77.6435179,12.9202639
node/5503514171,77.6534512,12.9239328
node/5503514172,77.6417805,12.9180474
node/5503514173,77.6503629,12.9245927
node/5503514174,77.6386392,12.9206267
node/5503514175,77.6611768,12.9215594
node/5503514176,77.6471444,12.9237635
node/5503514177,77.6436632,12.9239293
node/5503514178,77.6584818,12.9223867
node/5503514179,77.6447641,12.9219159
node/5503514180,77.651788,12.9085253
node/5503514181,77.6557703,12.9233318
node/5503514182,77.6428622,12.9196168
node/5503514183,77.6522816,12.924162
node/5503514184,77.6382895,12.9165659
node/5503514185,77.6489745,12.9245227
node/5503514186,77.6393886,12.9223973
node/5503514187,77.6603377,12.9218818
node/5503514188,77.6462392,12.9233671
node/5503514189,77.6465411,12.9244711
node/5503514190,77.6576174,12.9228169
node/5503514191,77.6439734,12.9211383
node/5503514192,77.6543476,12.9236315
node/5503514193,77.6422017,12.9189285
node/5503514194,77.6511703,12.9244107
node/5503514195,77.6384059,12.9190357
node/5503514196,77.6622633,12.921469
node/5503514197,77.6479645,12.9242183
node/5503514198,77.6416492,12.9233808
node/5503514199,77.6594593,12.9222703
node/5503514200,77.6452722,12.9222346
node/5503514201,77.6495188,12.9245662
node/5503514202,77.6566981,12.9232466
node/5503514203,77.6433282,12.9200191
node/5503514204,77.6530998,12.9241293
node/5503514205,77.6415832,12.9178361
node/5503514206,77.6500302,12.9244855
node/5503514207,77.6387498,12.921463
node/5503514208,77.6609609,12.9216312
node/5503514209,77.6468825,12.9237587
node/5503514210,77.6444675,12.924188
node/5503514211,77.6581928,12.9225043
node/5503514212,77.644464,12.9215625
node/5503514213,77.6513763,12.9065379
node/5503514214,77.655452,12.9234093
node/5503514215,77.6426873,12.919357
node/5503514216,77.6519506,12.9243485
node/5503514217,77.6383303,12.9173932
node/5503514219,77.6600868,12.9219432
node/5503514220,77.6460071,12.9231774
node/5503514321,77.6475353,12.9245527
node/5503514322,77.6573131,12.9229241
node/5503514323,77.6437997,12.9208993
node/5532875125,77.7289487,12.9887579
node/5532914522,77.7280058,12.9940005
node/5532914523,77.7230923,12.994606
node/5532914524,77.7289677,12.988799
node/5532949524,77.7302976,12.9863968
node/5532949525,77.7305063,12.9866866
node/5532967423,77.7307054,12.9864094
node/5532972321,77.7304722,12.9867719
node/5536385572,77.6395372,12.9163058
node/5536385573,77.6373936,12.9159799
node/5536385574,77.6347238,12.916241
node/5536385575,77.6330387,12.9165198
node/5536385576,77.6309037,12.9167304
node/5536385577,77.6287316,12.9167618
node/5536385578,77.6269726,12.9171399
node/5536385579,77.6251948,12.9177089
node/5536385580,77.623241,12.9174594
node/5536385581,77.6398889,12.9164486
node/5536385582,77.6377653,12.91587
node/5536385583,77.6355901,12.9161659
node/5536385584,77.6333659,12.9164819
node/5536385585,77.631197,12.9165127
node/5536385586,77.6290344,12.9167069
node/5536385587,77.6273375,12.917056
node/5536385588,77.6255866,12.9176899
node/5536385589,77.6234543,12.9174666
node/5536385590,77.6401998,12.9167067
node/5536385591,77.6381048,12.9159128
node/5536385592,77.63601,12.9161604
node/5536385593,77.6337533,12.9164449
node/5536385594,77.631578,12.9166652
node/5536385595,77.62945,12.9167425
node/5536385596,77.6276444,12.9169419
node/5536385597,77.6258926,12.9176421
node/5536385598,77.6238418,12.9175176
node/5536385599,77.6386474,12.9159419
node/5536385600,77.6364042,12.9160499
node/5536385601,77.6341241,12.9164146
node/5536385602,77.6319835,12.916549
node/5536385603,77.629792,12.9167125
node/5536385604,77.6279819,12.9169303
node/5536385605,77.6262768,12.9175556
node/5536385606,77.6242179,12.9175731
node/5536385607,77.6390205,12.9161094
node/5536385608,77.6368065,12.9160535
node/5536385609,77.634485,12.9163951
node/5536385610,77.6325122,12.9164859
node/5536385611,77.6301315,12.9166569
node/5536385612,77.6283404,12.9168247
node/5536385613,77.6266159,12.9174238
node/5536385614,77.6245461,12.9175793
node/5536385615,77.6394131,12.9161949
node/5536385616,77.6372694,12.9159417
node/5536385617,77.6347401,12.9161834
node/5536385618,77.6326923,12.9163698
node/5536385619,77.6305166,12.916658
node/5536385620,77.6287192,12.9166722
node/5536386621,77.6270082,12.9172984
node/5536386622,77.6248603,12.9176445
node/5536386623,77.6397714,12.9164176
node/5536386624,77.6376461,12.91595
node/5536386625,77.6353114,12.9162028
node/5536386626,77.6330189,12.9163444
node/5536386627,77.6308836,12.9166118
node/5536386628,77.6290213,12.9166345
node/5536386629,77.6273762,12.9171962
node/5536386630,77.6252022,12.9176324
node/5536386631,77.6234433,12.9175333
node/5536386632,77.6401229,12.916599
node/5536386633,77.6379915,12.9158499
node/5536386634,77.6358704,12.9161333
node/5536386635,77.6333204,12.9163153
node/5536386636,77.6311963,12.9166021
node/5536386637,77.6294552,12.9167923
node/5536386638,77.627688,12.9170933
node/5536386639,77.6255797,12.9175239
node/5536386640,77.6238305,12.9174308
node/5536386641,77.6406292,12.9169915
node/5536386642,77.6385316,12.9159605
node/5536386643,77.6362625,12.9161174
node/5536386644,77.6337264,12.9162731
node/5536386645,77.6315773,12.916542
node/5536386646,77.6297682,12.9165976
node/5536386647,77.628006,12.916991
node/5536386648,77.6258688,12.9175601
node/5536386649,77.6242442,12.9174832
node/5536386650,77.6389016,12.9160004
node/5536386651,77.6366775,12.91602
node/5536386652,77.6341027,12.9162388
node/5536386653,77.6323289,12.9164877
node/5536386654,77.6301325,12.9165782
node/5536386655,77.6283627,12.916891
node/5536386656,77.6262593,12.9174601
node/5536386657,77.6245708,12.9174983
node/5536386658,77.6392711,12.9161976
node/5536386659,77.6370906,12.9160167
node/5536386660,77.6344786,12.9161973
node/5536386661,77.632694,12.9164358
node/5536386662,77.6305192,12.9167407
node/5536386663,77.6287363,12.9168259
node/5536386664,77.6266073,12.9173297
node/5536386665,77.6248574,12.9175415
node/5536386666,77.6396644,12.9163129
node/5536386667,77.6375298,12.9159051
node/5536386668,77.6350732,12.9162029
node/5536386669,77.6330385,12.9164149
node/5536386670,77.6308847,12.9165187
node/5536386671,77.6290445,12.916798
node/5536386672,77.626999,12.9172023
node/5536386673,77.6252142,12.9175625
node/5536386674,77.6232993,12.9172869
node/5536386675,77.6400277,12.9165693
node/5536386676,77.6378707,12.9159223
node/5536386677,77.6357013,12.916195
node/5536386678,77.6333358,12.9163882
node/5536386679,77.6312125,12.9166933
node/5536386680,77.6294302,12.9166143
node/5536386681,77.6273605,12.9171384
node/5536386682,77.6255998,12.9176184
node/5536386683,77.6238491,12.9175743
node/5536386684,77.6403564,12.9167774
node/5536386685,77.6384217,12.9158763
node/5536386686,77.63614,12.9160988
node/5536386687,77.6337352,12.9163448
node/5536386688,77.6315502,12.9164533
node/5536386689,77.6297837,12.9167818
node/5536386690,77.6276901,12.9170359
node/5536386691,77.6258706,12.9174758
node/5536386692,77.6242222,12.9176239
node/5536386693,77.6387511,12.9160272
node/5536386694,77.6365434,12.9160932
node/5536386695,77.6341079,12.9163109
node/5536386696,77.6323386,12.9165763
node/5536386697,77.6301416,12.9167531
node/5536386698,77.6279594,12.9168483
node/5536386700,77.6245606,12.9176626
node/5536386701,77.6391723,12.9161078
node/5536386702,77.636928,12.9159751
node/5536386703,77.6344686,12.9162748
node/5536386704,77.6327169,12.9165425
node/5536386705,77.6305395,12.9165659
node/5536386706,77.6283335,12.9167385
node/5536386708,77.6248358,12.917721
node/5536418682,77.6375665,12.9159947
node/5536418683,77.6396965,12.9163947
node/5536418684,77.63715,12.9161206
node/5536418685,77.6393165,12.9163029
node/5536418686,77.6411508,12.9174672
node/5536418687,77.6366661,12.9161095
node/5536418688,77.6388799,12.9160846
node/5536418689,77.640828,12.9171309
node/5536418690,77.6362519,12.9162406
node/5536418691,77.6385042,12.91605
node/5536418692,77.640428,12.9170223
node/5536418693,77.635814,12.9162076
node/5536418694,77.6381171,12.9159587
node/5536418695,77.6401434,12.9166952
node/5536418696,77.6354583,12.9163473
node/5536418697,77.6376571,12.9160372
node/5536418698,77.6398016,12.9165636
node/5536418699,77.6372867,12.9160471
node/5536418700,77.6394627,12.9162949
node/5536418701,77.6411927,12.9174118
node/5536418702,77.6368428,12.916163
node/5536418703,77.6390574,12.916209
node/5536418704,77.6408078,12.9174465
node/5536418705,77.6363475,12.9161574
node/5536418706,77.6386358,12.9160252
node/5536418707,77.6405804,12.9170693
node/5536418708,77.635945,12.9162673
node/5536418709,77.6381968,12.9160113
node/5536418710,77.6402373,12.9168969
node/5536418711,77.6356026,12.9162606
node/5536418712,77.6378392,12.9159537
node/5536418713,77.6399439,12.916585
node/5536418714,77.6374228,12.9160597
node/5536418715,77.6395672,12.9164069
node/5536418716,77.6369725,12.9160766
node/5536418717,77.6391845,12.9161963
node/5536418718,77.6410301,12.9172588
node/5536418719,77.636509,12.9162001
node/5536418720,77.6387665,12.9161089
node/5536419723,77.6383687,12.9159986
node/5536419724,77.6403857,12.9169085
node/5536419725,77.6357415,12.9163127
node/5536419726,77.6378924,12.9160148
node/5536419727,77.6400142,12.9166886
node/5538414251,77.6952818,12.9398583
node/5538414252,77.6961327,12.9406506
node/5538414253,77.6969047,12.9419722
node/5538414254,77.6973697,12.9433686
node/5538414255,77.6979177,12.9444906
node/5538414256,77.6983886,12.9455061
node/5538414257,77.6988935,12.9469769
node/5538414258,77.6991017,12.9484519
node/5538414259,77.6995115,12.9496278
node/5538414260,77.6998329,12.950737
node/5538414261,77.6997808,12.9519273
node/5538414262,77.7001536,12.9530841
node/5538414263,77.7003045,12.954298
node/5538414264,77.7011248,12.956613
node/5538414265,77.6958736,12.9405115
node/5538414266,77.6967826,12.9417807
node/5538414267,77.6972817,12.9431723
node/5538414268,77.6978333,12.9442651
node/5538414269,77.698306,12.9452878
node/5538414270,77.6988044,12.9467681
node/5538414271,77.699038,12.9482014
node/5538414272,77.6994682,12.9494035
node/5538414273,77.699779,12.9505155
node/5538414274,77.6997183,12.9517112
node/5538414275,77.7001322,12.952842
node/5538414276,77.7002401,12.9540407
node/5538414277,77.700896,12.9562966
node/5538414278,77.6958214,12.9403836
node/5538414279,77.6965543,12.9416455
node/5538414280,77.6971996,12.9429545
node/5538414281,77.6977591,12.9440477
node/5538414282,77.6982474,12.9450809
node/5538414283,77.6987596,12.9465389
node/5538414284,77.6989848,12.9480039
node/5538414285,77.6994231,12.9491569
node/5538414286,77.6997439,12.9502878
node/5538414287,77.6996564,12.9514541
node/5538414288,77.700079,12.952591
node/5538414289,77.7001936,12.9538559
node/5538414290,77.700934,12.9559148
node/5538414291,77.6957532,12.940043
node/5538414292,77.6964399,12.94117
node/5538414293,77.697069,12.9427731
node/5538414295,77.6981736,12.9449057
node/5538414296,77.6986677,12.9463069
node/5538414297,77.6989224,12.9478033
node/5538414298,77.6993315,12.9488868
node/5538414299,77.6997085,12.9500444
node/5538414300,77.699621,12.9512439
node/5538414301,77.7000114,12.9523411
node/5538414302,77.7003201,12.9535908
node/5538414303,77.7007007,12.9551626
node/5538414304,77.7008262,12.9548971
node/5538414305,77.6955625,12.9399666
node/5538414306,77.6961245,12.9408823
node/5538414307,77.6969507,12.9425489
node/5538414308,77.6975744,12.9435407
node/5538414309,77.698108,12.9446786
node/5538414310,77.6985929,12.9461377
node/5538414311,77.6988417,12.9475376
node/5538414312,77.6992489,12.9486855
node/5538414313,77.6996419,12.949773
node/5538414314,77.6999646,12.9521335
node/5538414315,77.7001445,12.9533936
node/5538414316,77.7005927,12.9546929
node/5538414317,77.7010877,12.9558457
node/5538414318,77.6954394,12.9397884
node/5538414319,77.6958291,12.9408152
node/5538414320,77.6968082,12.942305
node/5538414821,77.6974866,12.9433022
node/5538414822,77.6980269,12.9444451
node/5538414823,77.6983569,12.9457659
node/5538414824,77.6987708,12.9473243
node/5538414825,77.699204,12.9484207
node/5538414826,77.6996093,12.9495986
node/5538414827,77.6995785,12.9510123
node/5538414828,77.6999129,12.9519153
node/5538414829,77.7003287,12.9530107
node/5538414830,77.7004695,12.954254
node/5538414831,77.701126,12.9568466
node/5538414832,77.6959614,12.9406301
node/5538414833,77.6966848,12.9421289
node/5538414834,77.6973923,12.9431102
node/5538414835,77.6979519,12.9442213
node/5538414836,77.6981815,12.9456013
node/5538414837,77.6986847,12.9470457
node/5538414838,77.69914,12.9481741
node/5538414839,77.6995594,12.9493847
node/5538414840,77.6995307,12.9507815
node/5538414841,77.6998689,12.9516738
node/5538414842,77.7002689,12.9528134
node/5538414843,77.7004179,12.9539988
node/5538414844,77.7010751,12.9563615
node/5538414845,77.6959232,12.9403083
node/5538414846,77.6966734,12.9415757
node/5538414847,77.6972793,12.9429105
node/5538414848,77.6978804,12.9439987
node/5538414849,77.6980943,12.945398
node/5538414850,77.6986154,12.9468456
node/5538414851,77.6990729,12.9479706
node/5538414852,77.6995188,12.9491291
node/5538414853,77.6995098,12.9505735
node/5538414854,77.6998279,12.9514499
node/5538414855,77.7002257,12.9525564
node/5538414856,77.7003708,12.9538249
node/5538414857,77.7010073,12.9561324
node/5538414858,77.6955472,12.9403778
node/5538414859,77.6964423,12.941427
node/5538414860,77.6967373,12.9421052
node/5538414861,77.697783,12.943744
node/5538414862,77.6980282,12.9451622
node/5538414863,77.6985255,12.946592
node/5538414864,77.699031,12.9477804
node/5538414865,77.6994658,12.9488498
node/5538414866,77.6994686,12.950344
node/5538414867,77.6997949,12.9512094
node/5538414868,77.7001855,12.9523282
node/5538414869,77.7004264,12.9534096
node/5538414870,77.7007697,12.9554321
node/5538414871,77.700731,12.9545824
node/5538414872,77.6956765,12.9399065
node/5538414873,77.6962234,12.9410463
node/5538414874,77.697056,12.9424781
node/5538414875,77.6976731,12.9434751
node/5538414876,77.6979584,12.945008
node/5538414877,77.6984498,12.9463788
node/5538414878,77.6989297,12.9475065
node/5538414879,77.6993792,12.948649
node/5538414880,77.6994521,12.9501055
node/5538414881,77.7001227,12.9520897
node/5538414882,77.7002759,12.9533813
node/5538414883,77.7006623,12.9549743
node/5538414884,77.700996,12.9556319
node/5538414885,77.6955692,12.9397365
node/5538414886,77.6960462,12.9407322
node/5538414887,77.6969289,12.9422312
node/5538414888,77.6975861,12.9432471
node/5538414889,77.6978744,12.9447561
node/5538414890,77.6983977,12.9462286
node/5538414891,77.6988711,12.9472909
node/5538414892,77.6993112,12.9483942
node/5538414893,77.6995287,12.9498137
node/5538414894,77.6997403,12.9509925
node/5538414895,77.7000491,12.9518785
node/5538414896,77.7000412,12.9532576
node/5538414897,77.7006274,12.9542147
node/5538414898,77.7012173,12.9563005
node/5538414899,77.6950828,12.9395487
node/5538414900,77.6960353,12.940498
node/5538414901,77.6967962,12.9420478
node/5538414902,77.6975016,12.9430588
node/5538414903,77.6977995,12.9445373
node/5538414904,77.6982825,12.9455665
node/5538414905,77.698787,12.9470021
node/5538414906,77.6992414,12.948133
node/5538414907,77.699372,12.9496387
node/5538414908,77.6997016,12.9507702
node/5538414909,77.7000082,12.9516514
node/5538414910,77.7000291,12.9531086
node/5538414911,77.7005554,12.9539758
node/5538414912,77.700959,12.9565214
node/5538414913,77.6957212,12.9405892
node/5538414914,77.6966645,12.9418513
node/5538414915,77.6974036,12.9428524
node/5538414916,77.6977253,12.9443091
node/5538414917,77.6982046,12.9453382
node/5538414918,77.6987041,12.9467968
node/5538414919,77.6991877,12.9479592
node/5538414920,77.699341,12.9494306
node/5538414921,77.6996649,12.9505356
node/5538414922,77.6999507,12.951425
node/5538414923,77.6999433,12.9528936
node/5538414924,77.7005273,12.9537871
node/5538414925,77.7008579,12.9561851
node/5538414926,77.6957426,12.9402689
node/5538414927,77.6965356,12.9413604
node/5538414928,77.6972771,12.9426218
node/5538414929,77.6977961,12.9444737
node/5538414930,77.6981357,12.9451344
node/5538414931,77.6986347,12.946564
node/5538414932,77.6991422,12.9477406
node/5538414933,77.6993003,12.9491805
node/5538414934,77.6996234,12.9503232
node/5538414936,77.6998936,12.9526362
node/5538414937,77.7004708,12.9535885
node/5538414938,77.7008524,12.9556705
node/5538414939,77.6956496,12.9401082
node/5538414940,77.6963305,12.9412302
node/5538414941,77.6971563,12.9424045
node/5538414942,77.6975435,12.9438515
node/5538414943,77.6980711,12.9449509
node/5538414944,77.6985553,12.9463283
node/5538414945,77.6990536,12.9474742
node/5538414946,77.6991995,12.9489227
node/5538414947,77.699584,12.950069
node/5538414949,77.6998391,12.9523953
node/5538414950,77.7001462,12.9536432
node/5538414951,77.7005343,12.9551519
node/5538414952,77.7009418,12.9553953
node/5538414953,77.6953857,12.9400893
node/5538414954,77.6959636,12.9410246
node/5538414955,77.6970232,12.9421693
node/5538414956,77.6974566,12.9435988
node/5538414957,77.6979925,12.9447182
node/5538414958,77.6984837,12.9461833
node/5538414959,77.6989714,12.9472479
node/5538414960,77.6991607,12.9487173
node/5538414961,77.6994029,12.9498332
node/5538414962,77.6997941,12.9521729
node/5538414963,77.7003708,12.9531977
node/5538414964,77.7005252,12.9544475
node/5538414965,77.701179,12.9561263
node/5544377982,77.6896523,12.9493998
node/5544377983,77.6896142,12.9492975
node/5544378440,77.6895744,12.9495475
node/5544378441,77.6896132,12.9493747
node/5544387348,77.6897932,12.9494582
node/5545252021,77.6901445,12.9493349
node/5545252121,77.6899745,12.9495216
node/5545316921,77.6904438,12.9492702
node/5545488622,77.6900865,12.9494449
node/5545488623,77.6910232,12.9489401
node/5545507923,77.6898224,12.9489065
node/5545507924,77.6897383,12.9494349
node/5545507925,77.6918074,12.9485806
node/5545507926,77.6898257,12.9485467
node/5545507927,77.6891938,12.9479608
node/5545515522,77.6897056,12.9491158
node/5545515523,77.6897861,12.9493955
node/5545515524,77.6906311,12.9492877
node/5545515525,77.6908693,12.9490056
node/5545515526,77.691088,12.9491261
node/5545515527,77.6912299,12.949079
node/5545515528,77.6915851,12.9486523
node/5545515529,77.6888349,12.9483979
node/5545515530,77.6889381,12.9484016
node/5545515531,77.6893238,12.9478216
node/5545519922,77.6892333,12.9485195
node/5545520921,77.6900467,12.9495064
node/5545520922,77.6896222,12.9486471
node/5545520923,77.6888076,12.9481089
node/5545520924,77.6889792,12.9480007
node/5545654423,77.6887423,12.9486687
node/5545654424,77.6886774,12.9483497
node/5545654425,77.688699,12.9481396
node/5545660721,77.6887115,12.9487992
node/5545660723,77.6915687,12.9476356
node/5545660921,77.6887095,12.9484637
node/5545660922,77.6886472,12.9479128
node/5545660923,77.6898489,12.9476132
node/5545660925,77.6898725,12.9478161
node/5545660926,77.688776,12.9481523
node/5545660927,77.6889971,12.9483308
node/5545660929,77.6905803,12.9468345
node/5545660930,77.6911158,12.9471925
node/5545660931,77.6912706,12.9483026
node/5545660932,77.6917216,12.9486671
node/5545660934,77.6910916,12.9474869
node/5545661021,77.6886111,12.9477118
node/5545661022,77.6885653,12.9474743
node/5545661023,77.6885479,12.9474357
node/5545661024,77.6894511,12.9473863
node/5545661025,77.6898768,12.9478378
node/5545661026,77.6898459,12.9478245
node/5545661028,77.6914803,12.9468824
node/5545661029,77.6914899,12.9469702
node/5545661030,77.6915285,12.9473824
node/5545661031,77.6904583,12.9480004
node/5545661221,77.6887838,12.9472738
node/5545661222,77.6890908,12.9470871
node/5545661223,77.6892149,12.9471834
node/5545661224,77.689909,12.9472321
node/5545661226,77.6890061,12.9483388
node/5545661621,77.6914574,12.9472658
node/5545661622,77.6913484,12.9480262
node/5545661821,77.6908829,12.9479528
node/5545796321,77.6900389,12.9504038
node/5545796721,77.6899938,12.950408
node/5545796722,77.6901055,12.9504672
node/5545796723,77.6901579,12.9504615
node/5545796733,77.6907664,12.9500095
node/5545797121,77.6907406,12.9503088
node/5545797424,77.6915146,12.9499501
node/5545797425,77.6910791,12.9499222
node/5545797426,77.6908568,12.949961
node/5545797427,77.6907684,12.94999
node/5545797524,77.6910679,12.9499327
node/5782054448,77.6826653,12.9087765
node/5782054449,77.6824404,12.908213
node/5782054450,77.6822234,12.9075803
node/5782055071,77.6822197,12.9088021
node/6080562530,77.7118091,12.9721722
node/6080562531,77.7118698,12.9720204
node/6080562537,77.7119306,12.9718553
node/6080562538,77.7122565,12.9709304
node/6080562540,77.7124166,12.9705506
node/6654828324,77.5627124,13.0186349
node/7942081057,77.6185923,13.0045039
node/7942081058,77.6184704,13.0045516
node/7942081059,77.6179858,13.004741
node/7942081060,77.6177962,13.004815
node/7942081064,77.619072,13.0043237
node/7942081065,77.6192808,13.0042444
node/7944395460,77.6194697,13.0038892
node/7944395461,77.6193958,13.0036997
node/7951502082,77.6192261,13.0033547
node/7951502083,77.6193092,13.0030776
node/7951502084,77.6189318,13.0034593
node/7951559785,77.6190142,13.0031856
node/7951559786,77.6188971,13.0032304
node/7951559787,77.6187469,13.0032878
node/7951559788,77.6186307,13.0033322
node/7951559789,77.6186611,13.0035593
node/7951559790,77.6184135,13.0036468
node/7951559791,77.6185141,13.0033767
node/7951559792,77.6183961,13.0034218
node/7951559793,77.6181837,13.0035029
node/7951559794,77.6181579,13.0037812
node/7951559799,77.6182895,13.0037416
node/7951559800,77.6183705,13.0039527
node/7951559801,77.6182304,13.0039621
node/7951559802,77.6182799,13.0041007
node/7951559804,77.6185345,13.004347
node/7954170213,77.6180523,13.0031804
node/7954170215,77.6179827,13.0030095
node/7954170216,77.6179068,13.0028232
node/7954170217,77.6177562,13.0027905
node/7954170220,77.617525,13.0028768
node/7954170221,77.6173289,13.0029501
node/7954170227,77.6170462,13.0030557
node/7954170228,77.6169336,13.0030978
node/7954170229,77.6167576,13.0031635
node/7954170238,77.6168067,13.0032676
node/7954367421,77.6164231,13.002358
node/7955064189,77.6187411,13.0024982
node/7955064190,77.618919,13.0024289
node/7955064191,77.6184498,13.0026117
node/7955064192,77.6183011,13.0026696
node/7955064193,77.618075,13.0027577
node/7955064194,77.617811,13.0026031
node/7955064195,77.6176434,13.0022179
node/7955064197,77.6174889,13.0018881
node/7968683910,77.6182663,13.0046313
node/7968683911,77.6174442,13.0049526
node/7968683912,77.6175051,13.005087
node/7968683914,77.6175981,13.005292
node/7968683916,77.617747,13.0056015
node/7968683917,77.6175965,13.0056598
node/7968683918,77.6176867,13.0056262
node/7968683919,77.6177014,13.0055665
node/7968683920,77.6174928,13.0053298
node/7968683921,77.6174584,13.0053411
node/7968683922,77.6173629,13.0051228
node/7968683923,77.6172273,13.0048235
node/7968683924,77.6169993,13.0051263
node/7968683925,77.6164624,13.0053358
node/7968683926,77.6162275,13.0054275
node/7968683927,77.6163619,13.0057608
node/7968683928,77.6162624,13.0056922
node/7968683930,77.6160572,13.005202
node/7968683931,77.6159894,13.0050534
node/7968683933,77.6158907,13.0048372
node/7968683934,77.6158483,13.0047444
node/7968683936,77.6158883,13.0044708
node/7968833576,77.6145359,13.0051603
node/7968833579,77.6146228,13.0048761
node/7968927787,77.6147534,13.0048264
node/7968927793,77.6148472,13.0047907
node/7968927794,77.6149871,13.0047374
node/7968927796,77.6152284,13.0046455
node/7968927803,77.6153903,13.0045838
node/7968927808,77.6155999,13.004504
node/7968927809,77.6157327,13.0044534
node/7968928230,77.6156498,13.0042448
node/7968928231,77.6155657,13.0040333
node/7968928232,77.6154615,13.0037711
node/7968928233,77.6154209,13.0036753
node/7968928234,77.6153281,13.0034566
node/7968928235,77.6152621,13.003301
node/7968928236,77.6151756,13.0030969
node/7968928237,77.6152274,13.0029793
node/7968928238,77.6151026,13.0029248
node/7968928239,77.6150426,13.0027834
node/7968928240,77.6149425,13.0025474
node/7968928241,77.614912,13.0024499
node/7968928252,77.6158255,13.0024111
node/7968928253,77.6161666,13.0023963
node/8006811887,77.6224813,13.0004685
node/8006811888,77.6227665,13.0003617
node/8006811889,77.62292,13.0003058
node/8006811890,77.6231514,13.0002257
node/8006811891,77.6234347,13.0002097
node/8006811892,77.6236028,13.0001562
node/8006811893,77.6238237,13.0000797
node/8006811894,77.6240866,12.999986
node/8006811896,77.6243486,12.9998925
node/8006811898,77.6246226,12.9997986
node/8006811900,77.624733,12.9997553
node/8006811901,77.6249513,12.9996858
node/8006811902,77.6250077,12.9996688
node/8042463575,77.6162121,13.002481
node/8042463576,77.616369,13.0028286
node/8042463579,77.6162717,13.0033359
node/8042482388,77.6159818,13.0034497
node/8042482389,77.6158476,13.0034992
node/8042482391,77.6166585,13.0034985
node/8042482392,77.6168919,13.0034745
node/8042482393,77.6169359,13.0035874
node/8042482394,77.6166623,13.0035527
node/8042482395,77.6167222,13.00368
node/8042482397,77.6165403,13.0037522
node/8042482398,77.6162107,13.0038832
node/8042482399,77.6162993,13.0041156
node/8042482400,77.6163513,13.0042683
node/8042482401,77.6161831,13.0043288
node/8042482402,77.6160623,13.0043761
node/8042482403,77.6159991,13.0046182
node/8042482404,77.6164277,13.0044546
node/8042482405,77.6164984,13.0046341
node/8042482406,77.6165558,13.004783
node/8042482408,77.6168553,13.004681
node/8042482409,77.6171196,13.0045909
node/8042482411,77.6172632,13.0045379
node/8042482412,77.6177037,13.0043441
node/8042482414,77.6175881,13.0039804
node/8042482415,77.6178786,13.003863
node/8042482416,77.6174209,13.003425
node/8042482419,77.6171838,13.0035044
node/8059198341,77.6238389,13.0013624
node/8059198343,77.6240261,13.0012858
node/8059198344,77.6241554,13.0012363
node/8059198346,77.6244757,13.0011165
node/8059198349,77.6247043,13.001039
node/8059198352,77.6249606,13.0009466
node/8059198368,77.6261884,13.0004819
node/8059198369,77.6261204,13.0005498
node/8059198370,77.6260336,13.0005856
node/8059198371,77.6258732,13.0006416
node/8065071603,77.6257212,13.0006913
node/8065071617,77.6255703,13.0007422
node/8065071618,77.6253919,13.0008062
node/8065138999,77.62321,13.0016532
node/8065139001,77.6236318,13.0014043
node/8065139002,77.6234279,13.0015043
node/8065139003,77.6231863,13.0015817
node/8065139017,77.6230529,13.0011719
node/8065139018,77.6231088,13.0013364
node/8065735861,77.6240163,13.0015604
node/8065735862,77.6237891,13.0016315
node/8065765387,77.6237013,13.0010664
node/8065765388,77.6238806,13.0010089
node/8065765392,77.6234685,13.0008396
node/8068098331,77.6225605,13.0010898
node/8068098334,77.6228566,13.0009862
node/8068098335,77.622995,13.000937
node/8068140791,77.6233616,13.0008015
node/8068140797,77.6237127,13.0006606
node/8068140798,77.6239683,13.0005721
node/8068140799,77.6242121,13.0004868
node/8068140800,77.6243304,13.0004486
node/8068140806,77.62475,13.0003204
node/8068140812,77.6250199,13.0002351
node/8068140813,77.6252827,13.0001351
node/8068140818,77.6253756,13.0001023
node/8068153958,77.6256226,13.0001155
node/8094098559,77.6233345,13.0004865
node/8094098561,77.6232254,13.0001197
node/8094098575,77.6231172,12.9998009
node/8094098578,77.6229591,12.9993786
node/8094098581,77.6228348,12.9990404
node/8094098589,77.6225448,12.9984164
node/8111949244,77.622666,12.9990069
node/8120700171,77.6227565,12.9992436
node/8120700186,77.6228722,12.9995307
node/8120700187,77.6229431,12.9997025
node/8120700193,77.6230571,12.9999812
node/8146305808,77.6228547,13.0021829
node/8146305809,77.6227392,13.0017202
node/8146305810,77.6226746,13.0014825
node/8146305811,77.6226082,13.0012546
node/8146305814,77.6225333,13.0009958
node/8146313820,77.6223184,13.0005673
node/8146313821,77.622266,13.0004185
node/8146313822,77.6221722,13.0001987
node/8146313823,77.6221032,12.9999782
node/8146313824,77.6220349,12.9998081
node/8146313825,77.6219652,12.9996405
node/8146313827,77.6218505,12.9993352
node/8146313828,77.621733,12.9990633
node/8148239615,77.6243154,12.9992291
node/8148282321,77.6243587,12.9992146
node/8148282322,77.6241874,12.9992721
node/8148282336,77.6239381,12.9993559
node/8148282337,77.6238072,12.9993999
node/8148282340,77.6234542,12.9995185
node/8148282342,77.6232348,12.9995922
node/8148282344,77.6225187,12.9998261
node/8148282345,77.6222545,12.9999215
node/8168113607,77.6220937,12.9992278
node/8168113608,77.6224162,12.9991078
node/8168113611,77.6229568,12.9988977
node/8168113613,77.6232345,12.9987935
node/8168113614,77.6233677,12.9987435
node/8168120717,77.6236772,12.9986272
node/8168120718,77.6238086,12.9985779
node/8186304634,77.6213434,12.9994239
node/8186304640,77.6215588,13.0000164
node/8186304641,77.6215995,13.0001314
node/8186304646,77.6216467,13.0002589
node/8186304652,77.6217254,13.0004149
node/8186304653,77.6217706,13.0005485
node/8186304655,77.621859,13.0008105
node/8187720694,77.6219185,13.0010193
node/8187720705,77.6220013,13.0012259
node/8187720706,77.6220772,13.001408
node/8187720709,77.6221086,13.0015474
node/8187720712,77.6221709,13.00169
node/8187720713,77.622232,13.0018331
node/8187720714,77.6223187,13.0020308
node/8187734722,77.6224037,13.0021703
node/8187734723,77.6224776,13.0023121
node/8201208717,77.6238545,13.0020832
node/8201208718,77.6238636,13.0017805
node/8201208728,77.6239829,13.0021121
node/8201208737,77.6249329,13.0017982
node/8201208745,77.6250985,13.0017302
node/8201208746,77.6252363,13.0016739
node/8201208749,77.6257404,13.0014801
node/8201455682,77.6247861,13.0019873
node/8201455684,77.6246671,13.0020342
node/8201455691,77.6243456,13.0021455
node/8201690212,77.6206723,13.0029101
node/8201690213,77.6204954,13.0029961
node/8201690214,77.6201156,13.0031888
node/8201703227,77.6199164,13.003296
node/8219828007,77.6186732,13.0047229
node/8219828008,77.6180141,13.0042349
node/8219864645,77.6181355,13.0033845
node/8219864646,77.6177168,13.0023866
node/8219864649,77.6186015,13.0013948
node/8219864650,77.6186895,13.0013473
node/8219864651,77.618458,13.0014621
node/8219864652,77.6182198,13.0015834
node/8219864653,77.6180587,13.0016533
node/8219864654,77.6178827,13.0017271
node/8219864655,77.6177785,13.0017693
node/8219864656,77.6181703,13.001718
node/8222326232,77.6173112,13.0050046
node/8222357115,77.616495,13.0026032
node/8222357116,77.616564,13.0027797
node/8222393017,77.6166576,13.0029935
node/8237079640,77.6177747,13.0052204
node/8237079641,77.6179148,13.0051656
node/8237079642,77.6181026,13.0050913
node/8237079644,77.6168118,13.0051995
node/8237079646,77.616171,13.0054511
node/8237079647,77.6162232,13.0055888
node/8237079648,77.6162909,13.0057674
node/8237187047,77.6166375,13.0045619
node/8237187048,77.6165463,13.004333
node/8237187049,77.616438,13.0040579
node/8237187050,77.6164732,13.0039119
node/8237187051,77.6167862,13.0037862
node/8237187052,77.6172283,13.0036236
node/8237187053,77.6173203,13.003635
node/8237187054,77.6173871,13.0038179
node/8237187055,77.6174475,13.0039814
node/8237187056,77.6175026,13.0042723
node/8237187057,77.6173239,13.0043497
node/8237187058,77.6170659,13.0044526
node/8237187059,77.6167249,13.004573
node/8237194547,77.6163917,13.0038113
node/8237194548,77.6168293,13.0036374
node/8237211595,77.6187177,13.0048433
node/8237211596,77.6187499,13.0049304
node/8237211597,77.6188123,13.0050994
node/8237211598,77.6188372,13.0051666
node/8237648953,77.6257667,13.0021381
node/8237648954,77.6258919,13.0020862
node/8237648955,77.6260025,13.0020437
node/8237648957,77.6262253,13.0019581
node/8237648974,77.6265288,13.0018415
node/8237648977,77.6267749,13.001747
node/8237648978,77.6268891,13.0017032
node/8237648980,77.6270781,13.0016306
node/8237648985,77.627207,13.0015811
node/8237913714,77.6269174,13.0010115
node/8237913715,77.6268323,13.0010454
node/8237913716,77.6267449,13.0010802
node/8237923820,77.6265573,13.0011548
node/8237923824,77.6263761,13.001227
node/8237923829,77.6262071,13.0012943
node/8237923835,77.6260285,13.0013654
node/8237923837,77.6258707,13.0014282
node/8360019088,77.6197809,13.0040844
node/8360019089,77.6198809,13.004035
node/8360019090,77.6200254,13.003971
node/8360019091,77.6201319,13.0039194
node/8360019093,77.6200776,13.0038004
node/8360019094,77.6200154,13.0036726
node/8360019095,77.6199362,13.0035092
node/8360019097,77.6198851,13.0034117
node/8360019098,77.6197591,13.0031858
node/8360019099,77.6198187,13.0032804
node/8360148814,77.6203745,13.0038185
node/8360148815,77.6205746,13.0036212
node/8360168218,77.621016,13.0033831
node/8360168219,77.6212746,13.0032531
node/8360168222,77.6215989,13.0030543
node/8360168226,77.6219345,13.0029971
node/8360168228,77.6220745,13.002799
node/8360168229,77.621958,13.0032822
node/8360168230,77.6222065,13.0028506
node/8377680516,77.6225059,13.0026417
node/8377682218,77.6227835,13.0024936
node/8377682220,77.6231044,13.0022097
node/8377682221,77.6229063,13.0023298
node/8377682222,77.6233699,13.0020389
node/8377682223,77.6235272,13.0019717
node/8589642791,77.6201997,13.00404
node/8589642792,77.6202887,13.004218
node/8589642793,77.6203294,13.004306
node/8589642794,77.6204011,13.0044325
node/8589642795,77.6204618,13.0045463
node/8589642796,77.6205743,13.0047462
node/8589642797,77.6205159,13.0046327
node/8589642798,77.620616,13.0048528
node/8589642799,77.6206589,13.0049457
node/8589642800,77.6207109,13.0050568
node/8589642801,77.620759,13.0051596
node/8589642802,77.6209293,13.0051082
node/8589642803,77.6210443,13.0050812
node/8589642804,77.6211657,13.0050544
node/8589642805,77.6212709,13.005028
node/8589642806,77.6214796,13.0049725
node/8589642807,77.6216357,13.00493
node/8589642808,77.6218025,13.0048921
node/8589642809,77.6219073,13.0048688
node/8589642810,77.6220507,13.0048352
node/8589642811,77.6222344,13.0047971
node/8589642812,77.6224888,13.0047348
node/8589642813,77.6226679,13.0046899
node/8589642814,77.6228182,13.0046515
node/8589642815,77.6230294,13.0046045
node/8589642816,77.6231487,13.0045752
node/8589949339,77.6214306,12.9996637
node/8589949340,77.6214947,12.9998286
node/8594821780,77.6220032,13.0026451
node/8594821786,77.6219104,13.0024546
node/8594821787,77.6218189,13.0022826
node/8594821788,77.6217349,13.0021107
node/8594821793,77.621684,13.0019963
node/8594821795,77.6215736,13.0017569
node/8594821806,77.6214925,13.0015797
node/8594821808,77.6213616,13.0012064
node/8594821810,77.6212358,13.0008523
node/8594821813,77.6211843,13.0006987
node/8594821814,77.6210922,13.0004851
node/8594821816,77.6210185,13.0002936
node/8594849019,77.6209419,13.0001019
node/8594849020,77.62088,12.9999183
node/8594849021,77.6207795,12.9996635
node/8594849022,77.6208984,12.999775
node/8890701641,77.6239971,12.9987778
node/8890701643,77.623796,12.9988643
node/8890701661,77.6245937,12.9992786
node/8890701662,77.6247767,12.9994495
node/8890701667,77.6251137,12.9997893
node/8890701669,77.6252297,12.9998951
node/8890701674,77.6253809,13.0000301
node/8895342189,77.6236896,13.0014191
node/8895424326,77.6258127,13.0002199
node/8895424334,77.626036,13.0003561
node/8895424335,77.6261207,13.0004116
node/8895424340,77.626429,13.0006388
node/8895424341,77.6266283,13.0007519
node/8895424343,77.6269403,13.0009586
node/8895424344,77.623894,13.0021654
node/8916907741,77.6207723,13.0046877
node/8916907742,77.6209265,13.0046465
node/8916907743,77.6211992,13.0045807
node/8916907744,77.621043,13.0045695
node/8916907745,77.6210581,13.0046146
node/8916907751,77.6214552,13.0045054
node/8916907752,77.6217345,13.0044066
node/8916907754,77.6218997,13.0043299
node/8916907755,77.6221488,13.004216
node/8916907756,77.6223547,13.0041008
node/8916907758,77.6225907,13.0038801
node/8916964738,77.6231126,13.0044777
node/8916964739,77.623081,13.0043966
node/8916964741,77.6230173,13.0042456
node/8916964745,77.6229169,13.0040762
node/8916964753,77.6225761,13.0035707
node/8916964755,77.6225158,13.003473
node/8916964756,77.6224447,13.0033562
node/8916964758,77.6222818,13.0030915
node/8917134550,77.6241301,13.002486
node/8917134556,77.6242415,13.0027821
node/8917134557,77.6241449,13.0028203
node/8917134561,77.62447,13.0026884
node/8917134563,77.6246139,13.0026272
node/8917134567,77.6247704,13.0025597
node/8917134570,77.6249739,13.0024748
node/8917134572,77.6251451,13.0024047
node/8917134578,77.6255106,13.0022535
node/8917134580,77.6256749,13.0021876
node/8917134585,77.6257389,13.0021013
node/8917134590,77.6255186,13.001782
node/8928741374,77.6224121,12.9982775
node/8928741375,77.6220631,12.9985675
node/8928741376,77.6219423,12.9986679
node/8928741377,77.6218204,12.9987692
node/8928741378,77.6222683,12.998397
node/8928749050,77.6215619,12.9989849
node/8928749051,77.6214152,12.9991041
node/8929069020,77.6188521,13.0019388
node/8929069022,77.6190102,13.0022883
node/8929069023,77.6192332,13.0028809
node/8929069024,77.6191018,13.0025612
node/8929069027,77.6195785,13.0041377
node/8929069028,77.619631,13.0042721
node/8929069029,77.6196835,13.0044023
node/8929069030,77.6197755,13.0046348
node/8929069031,77.6198081,13.0047185
node/8930765892,77.621241,13.0025872
node/8930765893,77.6212027,13.0024918
node/8930765894,77.6210397,13.0021822
node/8930765899,77.6209517,13.0019847
node/8930765900,77.6209254,13.0019325
node/8930765901,77.6208046,13.0020496
node/8930765902,77.6206685,13.0021101
node/8930765903,77.6207511,13.0023495
node/8930765904,77.6207047,13.002421
node/8930765910,77.6206327,13.0024581
node/8930765913,77.6204348,13.0025713
node/8930765915,77.620235,13.0026934
node/8930769520,77.619999,13.0028739
node/8930769524,77.6197837,13.0030496
node/8930769526,77.6216191,13.0037573
node/8930769527,77.6216603,13.0038436
node/8930769528,77.6217244,13.0039688
node/8963758099,77.6232445,13.0024118
node/8963758100,77.6235305,13.0022963
node/8963758103,77.6236768,13.0022431
node/8963758104,77.6236055,13.002541
node/8963758110,77.6234689,13.0028118
node/8963758112,77.6236693,13.0027383
node/8963767718,77.6240085,13.0024346
node/8963767731,77.6241391,13.0027316
node/8963780178,77.6240252,13.0028761
node/8963780182,77.623657,13.0030583
node/8963780184,77.6233984,13.0031749
node/8963780185,77.6238394,13.0029756
node/8963780186,77.6232884,13.0032507
node/8963780187,77.6233342,13.0033439
node/8963780193,77.6231514,13.0033677
node/8963780194,77.6230057,13.0035394
node/8968138764,77.6243372,13.0030255
node/8968138766,77.6244227,13.003247
node/8968234821,77.6234132,13.0036524
node/8968234824,77.6234501,13.0038642
node/8968234825,77.6234875,13.0040988
node/8968234826,77.6235057,13.0043185
node/8968234829,77.6235202,13.0045479
node/8968234834,77.6233523,13.0032501
node/8968303975,77.6246812,13.0040625
node/8968303976,77.6247844,13.004115
node/8968303978,77.6244649,13.0041463
node/8968303984,77.6242458,13.0042203
node/8968303989,77.6241114,13.0042578
node/8968307822,77.6235001,13.0036259
node/8968307823,77.6236356,13.0035698
node/8968307824,77.6238456,13.0034833
node/8968307828,77.6241171,13.0033685
node/8968307829,77.6242851,13.0032987
node/8968313606,77.6244857,13.0033997
node/8968313612,77.6245812,13.0036454
node/8980319947,77.6242668,13.0037607
node/8980319948,77.6241339,13.0038095
node/8980319949,77.6238707,13.003906
node/8980319956,77.6236209,13.0039976
node/8980581257,77.624835,13.0042666
node/8980581258,77.6250766,13.004195
node/8980581263,77.6253093,13.0041185
node/8980581264,77.6252181,13.0038907
node/8980581265,77.6251544,13.0037537
node/8980581273,77.6249447,13.0034943
node/8980581275,77.6247902,13.0035556
node/8980581284,77.6249312,13.0032582
node/8980581286,77.6248548,13.0030727
node/8980581293,77.6246036,13.003171
node/9014363854,77.6195076,13.0033253
node/9014363871,77.6203627,13.0023995
node/9014363872,77.6202725,13.0020856
node/9014363873,77.6203206,13.0021583
node/9014363874,77.6201836,13.0019499
node/9014363875,77.6201414,13.0018495
node/9014363878,77.6200692,13.0016924
node/9014363880,77.6200798,13.0014869
node/9014363881,77.6202165,13.0014266
node/9032660812,77.6198589,13.0015906
node/9032660814,77.619762,13.0016352
node/9032675920,77.6196192,13.0016995
node/9032675927,77.6193935,13.0018616
node/9032675929,77.6194305,13.0019846
node/9032675942,77.6198741,13.0019986
node/9032675943,77.6196824,13.0020892
node/9032675945,77.6194876,13.0021795
node/9038392380,77.6197909,13.002394
node/9038392381,77.619608,13.0024744
node/9038392382,77.6199466,13.0023111
node/9038392383,77.6201175,13.0022291
node/9038429834,77.6195702,13.0023818
node/9038429839,77.6197129,13.0027576
node/9142142903,77.5880912,12.972659
node/9142142904,77.5881301,12.9728354
node/9142142905,77.5881703,12.9729778
node/9142142906,77.5881985,12.9731791
node/9142312517,77.5915901,12.9753942
node/9142312543,77.5969462,12.9799283
node/9308085742,77.5762131,13.0993975
node/9308085743,77.5764459,13.0995092
node/9308085744,77.5764719,13.0997007
node/9308085745,77.5765667,13.099937
node/9308085746,77.5765717,13.1001878
node/9308085747,77.5765178,13.1004805
node/9308085748,77.576386,13.1006526
node/9308085749,77.5761554,13.1007868
node/9308085750,77.5759259,13.1008208
node/9308085751,77.5756469,13.1008258
node/9308085752,77.5753895,13.1008276
node/9308085753,77.5751931,13.1008648
node/9308085754,77.5750168,13.1008967
node/9308085755,77.5748385,13.1008835
node/9308085756,77.574525,13.1008626
node/9308085757,77.5743523,13.1011924
node/9308085758,77.5742357,13.1010876
node/9308085759,77.5739689,13.1013103
node/9308085760,77.5736416,13.1015396
node/9308085761,77.5735743,13.1016291
node/9308085762,77.5731393,13.1016117
node/9308085763,77.5727873,13.1016619
node/9308085764,77.5726952,13.1015843
node/9308085765,77.572723,13.1013504
node/9308085766,77.5729195,13.1011572
node/9308085767,77.5725444,13.1014374
node/9308085768,77.5729254,13.1010663
node/9308085769,77.5726417,13.101132
node/9308085770,77.5723619,13.1011552
node/9308085771,77.5719948,13.101047
node/9308085772,77.5717889,13.1010722
node/9308085773,77.5713946,13.100959
node/9308085774,77.5712886,13.1008785
node/9308085775,77.5710597,13.1007051
node/9308085776,77.5708011,13.1004078
node/9308085777,77.5706168,13.1005379
node/9308085778,77.5707566,13.1000012
node/9308085780,77.5711472,13.0992822
node/9308085781,77.5707437,13.0992968
node/9308085782,77.5708298,13.0990931
node/9308085783,77.5708965,13.0988957
node/9308085784,77.5712932,13.0986891
node/9308085785,77.5714538,13.0986584
node/9308085786,77.5717732,13.0987386
node/9308085787,77.5719991,13.0989097
node/9308085789,77.5725562,13.0990073
node/9308085790,77.5727734,13.0990696
node/9308085791,77.5729437,13.099119
node/9308085792,77.5730324,13.0992947
node/9308085793,77.5732908,13.0996598
node/9308085794,77.5733839,13.0999617
node/9308085795,77.5735787,13.0995908
node/9308085796,77.5738187,13.0994977
node/9308085797,77.5739943,13.099479
node/9308085798,77.5741821,13.0995451
node/9308085799,77.5743438,13.099645
node/9308085800,77.5745159,13.0997907
node/9308085801,77.5747802,13.0997585
node/9308085802,77.5749715,13.0996179
node/9308085803,77.5753436,13.099562
node/9308085804,77.5756635,13.0996213
node/9308085805,77.5758739,13.0999024
node/9308085806,77.5757835,13.1000853
node/9308085807,77.5756514,13.1001514
node/9308085808,77.5752114,13.1002699
node/9308085809,77.5748498,13.1002632
node/9308085810,77.5745837,13.1002327
node/9308085811,77.5744464,13.1001683
node/9308085812,77.5743699,13.1000769
node/9308085813,77.5742916,13.1002327
node/9308085814,77.5732408,13.1006913
node/9308085815,77.5732513,13.1004498
node/9308085816,77.5728442,13.1001606
node/9308093317,77.5725121,13.1001031
node/9308093318,77.5723421,13.100085
node/9308093319,77.5722,13.1001167
node/9308093320,77.5720789,13.1001235
node/9308093321,77.5718203,13.1001054
node/9308093322,77.5715478,13.0999375
node/9308093323,77.5713312,13.0995859
node/9665477257,77.5716993,13.1026376
node/9665478208,77.5716743,13.1030847
node/9665482411,77.5712783,13.1016231
node/9665489494,77.571688,13.1030029
node/9665497183,77.5703398,13.1014341
node/9665502777,77.5705199,13.104195
node/9665502845,77.5716845,13.1035914
node/9665505714,77.5717002,13.102601
node/9665506445,77.571669,13.1034328
node/9665511591,77.5697522,13.102758
node/9665530960,77.5703728,13.1010112
node/9665530961,77.5703554,13.1012347
node/9665535794,77.5698796,13.1035449
node/9665544566,77.5716596,13.1040904
node/9665553853,77.571434,13.1041205
node/9665554245,77.571149,13.1041437
node/9665554927,77.5700217,13.1042173
node/9665556228,77.5705353,13.1015042
node/9665560720,77.5700543,13.1042329
node/9665561934,77.5709655,13.1014636
node/9665563270,77.5699682,13.1008634
node/9665566239,77.5698344,13.1033312
node/9665569767,77.5716925,13.1017214
node/9665574996,77.5716959,13.1019692
node/9665577297,77.5706272,13.1014486
node/9665577298,77.5716997,13.1022468
node/9665580267,77.5709512,13.1017181
node/9683358253,77.5699384,13.103823
node/9683358254,77.5701468,13.1037994
node/9683358255,77.5708343,13.1037355
node/9683358256,77.571091,13.1037189
node/9683358257,77.571205,13.103716
node/9683358258,77.5712753,13.103676
node/9683358259,77.5712819,13.1034127
node/9683358260,77.5710628,13.1033042
node/9683358261,77.5709822,13.1033049
node/9683358262,77.5707111,13.103292
node/9683358263,77.5706774,13.103464
node/9683358264,77.5704349,13.1034526
node/9683358265,77.5702517,13.1034605
node/9683358266,77.5702898,13.1036402
node/9683358267,77.5701876,13.1031451
node/9683358268,77.5702312,13.1025895
node/9683358269,77.5702111,13.1027111
node/9683358270,77.5702107,13.1028683
node/9683358271,77.5701682,13.1029369
node/9683358272,77.5704769,13.1029386
node/9683358273,77.57086,13.1029708
node/9683358274,77.5711035,13.1029668
node/9683358275,77.5713042,13.1029907
node/9683358276,77.5712897,13.1032893
node/9683358277,77.571498,13.1029967
node/9683358278,77.5703913,13.1025969
node/9683358279,77.570708,13.1026182
node/9683358280,77.5713277,13.1026355
node/9683358281,77.5709331,13.102607
node/9683358282,77.5706294,13.1025756
node/9683358283,77.5702635,13.1019815
node/9683358284,77.5703137,13.1015255
node/9683358285,77.5703534,13.1003948
node/9683358286,77.5705869,13.1023839
node/9683358287,77.5705928,13.1021612
node/9683358288,77.5705988,13.1019578
node/9683358289,77.5709439,13.1024325
node/9683358290,77.5724983,13.1040742
node/9683358291,77.5725049,13.1043636
node/9683358292,77.572506,13.1046296
node/9683358293,77.5725191,13.1049424
node/9683358294,77.5725256,13.1052168
node/9683358295,77.5724677,13.1053179
node/9683358296,77.5721728,13.1053392
node/9683358297,77.5717726,13.1053624
node/9683358298,77.5716465,13.105372
node/9683358299,77.5714166,13.105386
node/9683358300,77.5710372,13.1054095
node/9683358301,77.5707045,13.1054285
node/9683358302,77.5710628,13.1049829
node/9683358303,77.5729334,13.1051357
node/9683358304,77.572985,13.1051113
node/9683358305,77.5730089,13.1049588
node/9683358306,77.5729825,13.1048109
node/9683358307,77.5729765,13.104905
node/9683358308,77.5730643,13.1045714
node/9683358309,77.5730003,13.1045597
node/9683358310,77.5730824,13.104321
node/9683358311,77.573045,13.104073
node/9683358312,77.5731322,13.1038369
node/9683358313,77.5730619,13.103749
node/9683358314,77.5731499,13.1034957
node/9683358315,77.5731272,13.1031592
node/9683358316,77.5731629,13.102626
node/9683372417,77.5729704,13.1026798
node/9683372418,77.5728028,13.1026727
node/9683372419,77.5724814,13.1026672
node/9683372420,77.5722902,13.102665
node/9683372421,77.5717571,13.1051807
node/9683372422,77.5717246,13.1045923
node/9683372423,77.5717091,13.1042653
node/9683372424,77.5706869,13.1037487
node/9683372425,77.5712724,13.1038928
node/9683372426,77.5709215,13.1015352
node/9683372427,77.5709527,13.101101
node/9683372428,77.5709914,13.1008204
node/9683372429,77.5706592,13.1006283
node/9683372430,77.5706286,13.1008883
node/9683372431,77.5706227,13.101051
node/9683372432,77.5713099,13.1011185
node/9683372433,77.5713095,13.101739
node/9683372434,77.5713846,13.1019794
node/9683372435,77.5713255,13.1022204
node/9683372436,77.5714806,13.1017422
node/9685650417,77.5713219,13.1041197
node/9685650517,77.5709127,13.1041537
node/9685650617,77.5706993,13.1041704
node/9685650618,77.5699428,13.1011591
node/9685650619,77.5709099,13.0993653
node/9685650620,77.5710442,13.0988611
node/9685650817,77.5703381,13.1041758
node/9685651417,77.569846,13.1030563
node/9685651517,77.569819,13.1029362
node/9685651518,77.5698118,13.1025467
node/9685651519,77.5698649,13.1018715
node/9685651520,77.5699132,13.1016752
node/9685651617,77.5697979,13.1025427
node/9685651618,77.5698176,13.1022729
node/9685651619,77.569929,13.1014947
node/9685651620,77.5699426,13.1014941
node/9685651621,77.5702629,13.0999721
node/9685651622,77.5704019,13.0998183
node/9685651623,77.5706215,13.0994811
node/9685651717,77.5699596,13.1007088
node/9685651718,77.5705531,13.0996091
node/9685651719,77.5708426,13.0995266
node/9685651817,77.5700146,13.1003358
node/9685651818,77.5700946,13.1002395
node/9685652917,77.5710173,13.0992184
node/9685653117,77.5721157,13.0990731
node/9685653217,77.5731559,13.0994565
node/9693028582,77.5728921,13.1061453
node/9693060587,77.5726399,13.1061955
node/9693074303,77.5729198,13.1055692
node/9693074304,77.5725328,13.1062085
node/9693075713,77.5729227,13.1053512
node/9693079603,77.5721619,13.1062353
node/9693079604,77.5717879,13.106143
node/9693079605,77.571777,13.1059111
node/9693079606,77.571767,13.1056972
node/9693091972,77.5728917,13.1062245
node/9693097772,77.572903,13.1058493
node/9732657617,77.5729012,13.106421
node/9732657618,77.5740354,13.1083895
node/9732657619,77.5750499,13.1080397
node/9732657620,77.5751194,13.1088248
node/9732657621,77.5768915,13.1091721
node/9732657622,77.5783597,13.1091427
node/9732657623,77.5780125,13.1083069
node/9732657717,77.572904,13.1067068
node/9732657718,77.572884,13.1075753
node/9732657719,77.5735466,13.1085105
node/9732657720,77.5784732,13.1088352
node/9732658017,77.5732436,13.1076256
node/9732658018,77.5755481,13.1088393
node/9732658019,77.576666,13.1091907
node/9732658020,77.5779731,13.1091442
node/9732658117,77.574587,13.1081621
node/9732658118,77.5772784,13.1091639
node/9732658617,77.5778724,13.1091462
node/9732746118,77.572911,13.1073082
node/9732746119,77.5743068,13.1082226
node/9732746121,77.5765235,13.109139
node/9732746122,77.5771172,13.1091636
node/9732746123,77.5773382,13.1091615
node/9732746124,77.5781689,13.1091556
node/9732746125,77.5775434,13.1076969
node/9732746126,77.5774028,13.10745
node/9732746127,77.5781607,13.1068955
node/9732746128,77.5779596,13.1065307
node/9732746129,77.5779007,13.106427
node/9732746130,77.5776939,13.106465
node/9732746131,77.5775001,13.1065224
node/9732746132,77.5772631,13.1066112
node/9732746917,77.5729125,13.1061432
node/9732746918,77.5729109,13.1070106
node/9732746919,77.5734558,13.1083024
node/9732746920,77.5747438,13.1080277
node/9732746921,77.5751198,13.1091494
node/9732746922,77.57853,13.1091592
node/9732746923,77.5781887,13.1084917
node/9732746924,77.5781803,13.1069315
node/9732746925,77.5780599,13.1067002
node/9732746926,77.5767298,13.1067772
node/9732746927,77.5759705,13.1070148
node/9732746928,77.5756705,13.1068356
node/9732747017,77.5729173,13.1078334
node/9732747018,77.5757753,13.1088108
node/9732747019,77.5783123,13.10916
node/9732747020,77.5783649,13.1086983
node/9732747021,77.5778605,13.1081341
node/9732747022,77.577681,13.1079139
node/9732747023,77.5772925,13.1073989
node/9732747024,77.5765781,13.1068064
node/9732747117,77.5732286,13.1079009
node/9732747118,77.5737698,13.1084641
node/9732747217,77.575104,13.1085819
node/9732747219,77.5776624,13.1091484
node/9732747220,77.5778067,13.1091539
node/9732747221,77.5787182,13.109116
node/9732747222,77.5773893,13.106563
node/9732747223,77.5770236,13.1066862
node/9732747224,77.5763869,13.1068727
node/9732747225,77.5761539,13.106955
node/9732747226,77.5757568,13.1070703
node/9732748817,77.5756003,13.1065994
node/9737659817,77.5734976,13.1048526
node/9737659818,77.5739278,13.1048228
node/9737659819,77.5744797,13.1040883
node/9737659820,77.5744473,13.1047298
node/9737659821,77.5751095,13.1038037
node/9737659822,77.5751748,13.1044421
node/9737659823,77.5734878,13.1040169
node/9737659824,77.5736687,13.1065571
node/9737659825,77.5739402,13.1076805
node/9737659826,77.5747232,13.1074354
node/9737659917,77.573627,13.104847
node/9737659918,77.5741755,13.104773
node/9737659919,77.5741588,13.1045369
node/9737659920,77.5744578,13.1046208
node/9737659921,77.5749076,13.104712
node/9737659922,77.574927,13.103688
node/9737659923,77.5747547,13.1038433
node/9737659924,77.575131,13.1041081
node/9737659925,77.5751975,13.1046336
node/9737659926,77.5744978,13.1042335
node/9737659927,77.5738252,13.1041341
node/9737659928,77.5738224,13.1039821
node/9737659929,77.5736462,13.1047954
node/9737659930,77.5733252,13.1048652
node/9737659931,77.5736488,13.1077713
node/9737660018,77.5739444,13.107668
node/9737660117,77.5741538,13.1048109
node/9737660118,77.5741157,13.1041315
node/9737660119,77.5744806,13.1042845
node/9737660120,77.5743255,13.1043138
node/9737660121,77.575201,13.1046592
node/9737660122,77.5735119,13.1041764
node/9737660123,77.573534,13.1044847
node/9737660124,77.5730234,13.1048801
node/9737660125,77.5734398,13.1078411
node/9737660126,77.5747715,13.1074108
node/9737660217,77.5741434,13.1043461
node/9737660218,77.5745242,13.1038598
node/9737660317,77.5740935,13.1039282
node/9737660318,77.5749484,13.1040377
node/9737660319,77.5735262,13.1043437
node/9737660320,77.573511,13.1060753
node/9737660417,77.5742775,13.1039021
node/9737660418,77.57355,13.1046588
node/9737660419,77.574438,13.1075253
node/9737660617,77.5747035,13.1046974
node/9737660817,77.5750098,13.1046558
node/9737660818,77.5749734,13.1044704
node/9737660819,77.5751568,13.1042582
node/9737660820,77.5747151,13.1043555
node/9737660821,77.5746945,13.1042304
node/9737660822,77.5738832,13.1047912
node/9737660823,77.5738411,13.1043521
node/9737660824,77.5731696,13.1048744
node/9737660825,77.5735949,13.1063038
node/9737660826,77.5737855,13.1070775
node/9737660827,77.5738585,13.1073397
node/9737660828,77.5741272,13.1076277
node/9737660917,77.5749561,13.1042283
node/9737660918,77.5737209,13.1067861
node/9737663717,77.5731661,13.1061173
node/9749855618,77.5735587,13.1025803
node/9749864717,77.5736718,13.1065983
node/9749864718,77.5747192,13.1074359
node/9749864719,77.574601,13.1067401
node/9749864720,77.575275,13.1068168
node/9749864721,77.576001,13.1059027
node/9749864722,77.5759587,13.1061931
node/9749864723,77.5755407,13.1063123
node/9749864724,77.5749102,13.1026411
node/9749864725,77.5757246,13.1025623
node/9749864726,77.5736169,13.1028045
node/9749864917,77.5737974,13.1071115
node/9749864918,77.5746015,13.106879
node/9749864919,77.5747389,13.1057739
node/9749864920,77.5758272,13.1054207
node/9749864921,77.5760337,13.1061148
node/9749864922,77.5755578,13.1025892
node/9749864923,77.5765978,13.1024532
node/9749865017,77.5738572,13.1074192
node/9749865018,77.5753442,13.1066261
node/9749865019,77.5748814,13.105561
node/9749865020,77.5753836,13.1054891
node/9749865117,77.573916,13.1076298
node/9749865118,77.5755262,13.1071473
node/9749865119,77.5748604,13.1061854
node/9749865120,77.5747923,13.1060183
node/9749865121,77.5768561,13.1019232
node/9749865217,77.5741889,13.1076025
node/9749865218,77.5749013,13.1069243
node/9749865219,77.574975,13.1065987
node/9749865220,77.5758806,13.1054068
node/9749865221,77.5757847,13.1062378
node/9749865222,77.5764196,13.1024863
node/9749865223,77.5768823,13.102232
node/9749865224,77.5767846,13.1007713
node/9749865225,77.5735595,13.102105
node/9749865226,77.5735576,13.1022511
node/9749865317,77.574982,13.1026305
node/9749865318,77.5746636,13.1008257
node/9749865319,77.573332,13.1027379
node/9749865717,77.5735545,13.1023766
node/9750887156,77.5731661,13.1023547
node/9750887157,77.5737754,13.1019159
node/9750887158,77.5739982,13.1017839
node/9750887159,77.5742321,13.1016202
node/9750887160,77.5743776,13.1014914
node/9750887161,77.5767792,13.1006856
node/9750887162,77.5767963,13.1011045
node/9750887163,77.5768085,13.1012164
node/9750887164,77.5768208,13.1014163
node/9750887165,77.5768427,13.1018137
node/9750887166,77.5768647,13.1021065
node/9750887167,77.5761366,13.1025057
node/9750894596,77.5758318,13.1025544
node/9750894597,77.5752869,13.1025842
node/9750894598,77.5752041,13.102553
node/9750894599,77.5758869,13.1028129
node/9750894600,77.5756907,13.1028609
node/9750894601,77.5752746,13.1028739
node/9750894602,77.5759083,13.1030239
node/9750894603,77.5759103,13.1030968
node/9750894604,77.5757327,13.103144
node/9750894605,77.5756993,13.1033058
node/9750894606,77.5755272,13.1033473
node/9754463932,77.5752392,13.1030665
node/9754463933,77.5752464,13.1032619
node/9754463934,77.5752551,13.1035098
node/9754463935,77.5749797,13.1035262
node/9754463936,77.5749478,13.103507
node/9754463938,77.5749166,13.1032609
node/9754463939,77.5749393,13.1035805
node/9754463940,77.5751222,13.1039942
node/9754463941,77.5752411,13.1049663
node/9754463942,77.5752747,13.1052614
node/9754480916,77.5755525,13.1054592
node/9754499617,77.5737616,13.106024
node/9754499618,77.5743552,13.10594
node/9754499619,77.5744072,13.1061602
node/9754499620,77.5744947,13.1065009
node/9754499621,77.5745394,13.1066296
node/9754499622,77.5750775,13.1055555
node/9754499623,77.5751246,13.1056992
node/9754499624,77.5751747,13.1058825
node/9754499625,77.57524,13.1061275
node/9754499626,77.575283,13.106267
node/9754499627,77.5753201,13.1055174
node/9754499628,77.5753649,13.1057007
node/9754499630,77.5753993,13.1058724
node/9754499631,77.5754475,13.1060745
node/9754499632,77.5754996,13.1062529
node/9754499633,77.5759047,13.1067158
node/9754499634,77.5758516,13.1065499
node/9754499635,77.5760344,13.1065087
node/9754499636,77.5761648,13.106629
node/9754499637,77.5761848,13.1065947
node/9754499638,77.5763386,13.1065604
node/9754499639,77.5764864,13.1065565
node/9780918368,77.5540479,13.0137486
node/9784652320,77.5715634,12.9929539
node/9787600417,77.5747808,13.1046879
node/9844483235,77.6974203,12.9367707
node/9844483236,77.697346,12.9365406
node/9844483237,77.6974807,12.9364395
node/9854961748,77.7000546,12.9379202
node/9872645106,77.5543752,12.9895223
node/10276162814,77.5495237,12.9993557
node/10276162815,77.5497343,12.9993779
node/10279677010,77.5963001,12.9746134
node/10279677026,77.5846097,12.9780288
node/10279677060,77.5574175,12.9841804
node/10696364396,77.5901503,13.0424858
node/10696364397,77.5901007,13.0425303
node/10696364398,77.5902717,13.04274
node/10696364399,77.5901934,13.0427705
node/10696364400,77.5905613,13.0432383
node/10696364401,77.5904295,13.0431086
node/10696364402,77.5903183,13.0428606
node/10696364403,77.5902491,13.0428869
node/10696364404,77.5899878,13.0428967
node/10696422405,77.5900298,13.0431764
node/10696422406,77.5902788,13.0432509
node/10696422407,77.5903609,13.0431278
node/10696422408,77.5905107,13.0433152
node/10696422409,77.5904394,13.0432915
node/10696422410,77.5905877,13.0434847
node/10696422411,77.5904534,13.0434639
node/10696422412,77.5905848,13.0435962
node/10696422413,77.5905474,13.0437364
node/10696422414,77.5906645,13.0437902
node/10696422415,77.5906935,13.0439175
node/10696422416,77.5905886,13.0439795
node/10696422417,77.5907728,13.0440817
node/10696422418,77.5907136,13.0441916
node/10696422419,77.5906165,13.044234
node/10696422420,77.5907996,13.0443145
node/10696422421,77.5908298,13.0445734
node/10696422422,77.5907494,13.0444592
node/10696422423,77.5906333,13.0445473
node/10696422424,77.5907784,13.0447039
node/10696422425,77.5908599,13.0448029
node/10696422426,77.590803,13.0449225
node/10696422427,77.5906824,13.0450128
node/10696422428,77.5907226,13.0452836
node/10696422429,77.5908476,13.0453217
node/10696422430,77.5908018,13.0455806
node/10696422431,77.5909384,13.0455516
node/10696422432,77.5925106,13.048819
node/10696422433,77.588725,13.042616
node/10696422434,77.588733,13.0426578
node/10696422435,77.5889724,13.0427196
node/10696422436,77.5889867,13.0427072
node/10696422437,77.5891833,13.0427365
node/10696422438,77.5891817,13.0427813
node/10696422439,77.589391,13.042803
node/10696422440,77.5893958,13.0428308
node/10696422441,77.589659,13.0428462
node/10696422442,77.5896575,13.0428787
node/10696422443,77.5898921,13.0429065
node/10696422444,77.5899001,13.0428679
node/10696422445,77.5926736,13.0492363
node/10696422446,77.5923564,13.0484664
node/10696422447,77.5931526,13.0420012
node/10696422448,77.5930563,13.0420277
node/10696422449,77.5929476,13.0420597
node/10696422450,77.5927246,13.0421413
node/10696422451,77.5924426,13.0422274
node/10696422452,77.592198,13.0423035
node/10696422453,77.5920066,13.0423565
node/10696422454,77.5916488,13.0424546
node/10696422455,77.5914393,13.0424988
node/10696422456,77.5913193,13.0425418
node/10696422457,77.5910848,13.0425981
node/10696422458,77.5904874,13.0425114
node/10696422459,77.5904611,13.0425147
node/10696422460,77.5904031,13.0425242
node/10696422461,77.5911565,13.0457358
node/10696422462,77.5912085,13.0457429
node/10696422463,77.5912569,13.0457552
node/10696422464,77.5913045,13.0457629
node/10696422465,77.5913464,13.0457642
node/10696422466,77.5913837,13.0457639
node/10696422467,77.5914034,13.045762
node/10696422468,77.5914232,13.0457587
node/10696422469,77.5923644,13.0484892
node/10696422470,77.5921804,13.048116
node/10696422471,77.5920315,13.047808
node/10696422472,77.591833,13.0473814
node/10696422473,77.5916775,13.0470229
node/10696422474,77.5914918,13.0466203
node/10696422475,77.5913693,13.0461819
node/10696422476,77.5910422,13.0460705
node/10696422477,77.5913177,13.0458511
node/10696422478,77.5911656,13.0456718
node/10696422479,77.591298,13.0457106
node/10696422480,77.5913559,13.045662
node/10696422481,77.5913776,13.0456295
node/10696422482,77.591571,13.045544
node/10696422483,77.5913189,13.0453376
node/10696422484,77.5912693,13.0450274
node/10696422485,77.5912925,13.045002
node/10696422486,77.5912261,13.0448115
node/10696422487,77.5913028,13.0447876
node/10696422488,77.5911743,13.0442505
node/10696422489,77.5911539,13.0445362
node/10696422490,77.5912214,13.0445056
node/10696422491,77.5910765,13.0442814
node/10696422492,77.5912022,13.044167
node/10696422493,77.5910007,13.0440849
node/10696422494,77.5910944,13.0440542
node/10696422495,77.5911144,13.0440099
node/10696422496,77.5909485,13.0437797
node/10696422497,77.5907965,13.0435137
node/10696422498,77.5908667,13.0435198
node/10696422499,77.5906031,13.0431827
node/10696422500,77.5902696,13.0420521
node/10696422501,77.5900831,13.0414339
node/10696422502,77.5900217,13.0411569
node/10696422503,77.5903758,13.0412017
node/10696422504,77.5904916,13.0411772
node/10696422505,77.5907228,13.0411809
node/10696422506,77.5908876,13.0411396
node/10696422507,77.5909849,13.0410338
node/10696422508,77.5910348,13.0410715
node/10696422509,77.5911434,13.0410034
node/10696422510,77.5912832,13.0408392
node/10696422511,77.5913394,13.0408757
node/10696422512,77.5913569,13.040852
node/10696422513,77.5816023,13.042402
node/10696422514,77.5818772,13.042355
node/10696422515,77.5821389,13.0423139
node/10696422516,77.5823777,13.0422645
node/10696422517,77.5827165,13.042221
node/10696422518,77.583311,13.0421059
node/10696422519,77.5836921,13.042026
node/10696422520,77.5839827,13.041972
node/10696422521,77.5842914,13.0419344
node/10696422522,77.5846122,13.0419003
node/10696422523,77.5849656,13.0418569
node/10696422524,77.5852598,13.041824
node/10696422525,77.5855914,13.0417899
node/10696422526,77.585911,13.0417499
node/10696422527,77.5861932,13.0417159
node/10696422528,77.5864862,13.0416783
node/10696422529,77.5867696,13.0416501
node/10696422530,77.5870084,13.0416137
node/10696422531,77.5872761,13.041596
node/10696422532,77.5875305,13.0415655
node/10696422533,77.5877367,13.0415432
node/10696422534,77.588189,13.0414739
node/10696422535,77.5884217,13.0414539
node/10696422536,77.5886858,13.041421
node/10696422537,77.5889427,13.0413869
node/10696422538,77.5808787,13.0424854
node/10696422539,77.5812706,13.0424607
node/10696422540,77.5891887,13.0413599
node/10696422541,77.5890533,13.04135
node/10696422542,77.589155,13.0412383
node/10696422543,77.5894549,13.0412172
node/10696422544,77.58945,13.0412183
node/10696422545,77.5896153,13.041148
node/10696422546,77.5895436,13.0409358
node/10696422547,77.5894955,13.0407123
node/10696422548,77.5894599,13.0404932
node/10696422549,77.5894297,13.0402586
node/10696422550,77.5893827,13.0400363
node/10696422551,77.5893511,13.0397963
node/10696422552,77.589289,13.0394434
node/10696422553,77.5892633,13.0392845
node/10696422554,77.5891959,13.0391139
node/10696422555,77.5891052,13.0386141
node/10696422556,77.5890822,13.0384537
node/10696422557,77.58906,13.0382678
node/10696422558,77.589069,13.0381827
node/10696422559,77.5891074,13.0379641
node/10696422560,77.5891109,13.0377434
node/10696422561,77.5890701,13.0375316
node/10696422562,77.589084,13.0372774
node/10696422563,77.589068,13.0370542
node/10696422564,77.5890598,13.0368351
node/10696422565,77.5890411,13.0365937
node/10696422566,77.5888652,13.0360165
node/10696422567,77.5887979,13.0358311
node/10696422568,77.588688,13.0354895
node/10696422569,77.5885656,13.0352707
node/10696422570,77.5884877,13.0350844
node/10696422571,77.5883913,13.0347866
node/10696422572,77.5883001,13.0345766
node/10696422573,77.588225,13.0343503
node/10696422581,77.5900201,13.0411297
node/10696422582,77.5899968,13.0414307
node/10696422583,77.5904878,13.0426411
node/10696422584,77.5904992,13.042659
node/10696422585,77.5904368,13.0425431
node/10696422586,77.5903041,13.0421728
node/10696422587,77.5903895,13.0424368
node/10696422588,77.5905346,13.0420896
node/10696422589,77.5906281,13.0425302
node/10696422590,77.5907098,13.0427971
node/10696422591,77.5904564,13.0426518
node/10696422592,77.5902984,13.0423683
node/10696422593,77.5902014,13.0421201
node/10696422594,77.5901165,13.0418519
node/10696422595,77.5903827,13.0422348
node/10696422596,77.5903039,13.0420277
node/10696422597,77.5901776,13.0417596
node/10696422598,77.5903507,13.0425487
node/10696422599,77.5898909,13.0410448
node/10696422600,77.5899635,13.0408971
node/10696422601,77.5899172,13.0407218
node/10696422602,77.5898488,13.0405004
node/10696422603,77.5897983,13.0402297
node/10696422604,77.5897877,13.0400729
node/10696422605,77.5897751,13.0399098
node/10696422606,77.5897216,13.0393005
node/11001956983,77.6232377,13.004897
node/11001957003,77.6233477,13.0051557
node/11001999208,77.6231767,13.005229
node/11001999218,77.6229439,13.0053287
node/11001999224,77.6227307,13.00542
node/11001999225,77.6225781,13.0054854
node/11001999226,77.6223806,13.00557
node/11001999236,77.622449,13.0052154
node/11001999281,77.6228262,13.0050543
node/11003359394,77.62634,13.0040143
node/11003359395,77.6261534,13.0035989
node/11003359400,77.6260632,13.0033725
node/11003359402,77.6259519,13.0030239
node/11003359403,77.6259591,13.002861
node/11003359404,77.6259873,13.0027352
node/11003402124,77.6273871,13.004005
node/11003402126,77.6270772,13.0040212
node/11003402140,77.6269347,13.0040595
node/11003402141,77.6268103,13.0040909
node/11003402152,77.6266682,13.0041238
node/11003402159,77.6265224,13.0041639
node/11003402167,77.6263889,13.0041982
node/11003420605,77.6259507,13.0026217
node/11003420606,77.6258916,13.0024844
node/11003420607,77.6258232,13.0023031
node/11003420614,77.6262735,13.0042279
node/11003420615,77.6261357,13.0042625
node/11003420621,77.625986,13.0043021
node/11003420623,77.6258607,13.0043319
node/11003420624,77.625561,13.0044112
node/11003420629,77.6254028,13.004451
node/11003420630,77.6252186,13.0044983
node/11003420634,77.6250807,13.0045302
node/11003420635,77.6249292,13.0045711
node/11003445612,77.6246661,13.0046379
node/11003445618,77.6245155,13.0046782
node/11003445627,77.6243714,13.0047222
node/11003445632,77.6241437,13.0047777
node/11003445637,77.623934,13.0048561
node/11003445651,77.6234821,13.0050907
node/11005565871,77.6246734,13.003851
node/11005565886,77.6249662,13.0046964
node/11005565887,77.6250116,13.0048375
node/11005565888,77.6250688,13.0050525
node/11005565890,77.6251417,13.0052951
node/11005565897,77.6252025,13.0055113
node/11005565900,77.6252351,13.0056358
node/11005565901,77.6252734,13.0057393
node/11005565903,77.6253703,13.0059733
node/11005589608,77.6254568,13.0061835
node/11005589609,77.6255721,13.0064695
node/11005895937,77.6248156,13.0044187
node/11156162839,77.6234541,13.0054012
node/11156162854,77.6235339,13.005577
node/11156162856,77.6233669,13.0056547
node/11156162859,77.6232301,13.0057174
node/11156162862,77.6231423,13.0057553
node/11156162863,77.6228419,13.0058906
node/11156162866,77.6227266,13.0059422
node/11156162868,77.6225871,13.0060036
node/11158854853,77.6236452,13.005803
node/11158854855,77.623733,13.0059938
node/11158854856,77.623833,13.0062146
node/11158854861,77.6239589,13.006482
node/11158854865,77.6240549,13.0066864
node/11158854872,77.6241897,13.0070013
node/11164930928,77.6248334,13.0051105
node/11164930937,77.6246631,13.0051503
node/11164930942,77.6244009,13.0052137
node/11164930950,77.6241713,13.0052875
node/11164930970,77.6239966,13.0053627
node/11164930972,77.6238021,13.0054574
node/11165007582,77.6244988,13.0058494
node/11165007583,77.6246108,13.0061104
node/11165007584,77.6246477,13.0061931
node/11165007585,77.6247282,13.0063793
node/11165007586,77.6247667,13.0064806
node/11165067708,77.6247114,13.0053137
node/11165067709,77.6247717,13.0055103
node/11165067713,77.6248287,13.0056802
node/11165067714,77.6248643,13.0057691
node/11165067716,77.6249602,13.0060683
node/11165098473,77.6239067,13.0059135
node/11165098475,77.6235922,13.0060611
node/11165098486,77.6231765,13.0062493
node/11165098491,77.6227651,13.0064414
node/11165113411,77.6232992,13.006263
node/11165113418,77.6234508,13.0061251
node/11165132259,77.6242588,13.0057593
node/11165132260,77.6240777,13.0058416
node/11165132261,77.6242085,13.0060912
node/11165132265,77.6243171,13.0063375
node/11165132269,77.6244774,13.0066648
node/11165132270,77.6245631,13.0068538
node/11167087588,77.6260116,13.0045885
node/11167087590,77.6262175,13.0045297
node/11167087599,77.6264501,13.0044637
node/11167087600,77.6265004,13.0046342
node/11167088310,77.6260713,13.0047998
node/11167159269,77.6268169,13.0045822
node/11167159270,77.6267207,13.0043101
node/11173721857,77.6253229,13.0049883
node/11173721863,77.6254718,13.0049439
node/11173721868,77.6256475,13.0048923
node/11173721874,77.6258259,13.0048367
node/11173721885,77.6263348,13.004659
node/11173721893,77.6270047,13.0050027
node/11173721904,77.6271847,13.0055443
node/11173721910,77.6272062,13.0056818
node/11173721915,77.627122,13.0054617
node/11173721921,77.6270745,13.005334
node/11173721924,77.6270194,13.0051628
node/11173721926,77.6269695,13.0049269
node/11173721930,77.6269061,13.0047459
node/11178123924,77.5696955,12.9541084
node/11180325238,77.5503662,13.0016588
node/11192905301,77.6165161,13.0032418
node/11193158390,77.6267472,13.0050125
node/11193158397,77.6264924,13.0049138
node/11193158399,77.6265608,13.0050843
node/11193158401,77.6263536,13.0051582
node/11193158409,77.6261947,13.0049785
node/11193158410,77.626261,13.0051948
node/11193158411,77.6261209,13.0052503
node/11193158425,77.6257535,13.0051157
node/11193158431,77.6258396,13.0053594
node/11193442289,77.626987,13.0053687
node/11193442290,77.626877,13.0054104
node/11193442291,77.6267233,13.0054698
node/11193442294,77.6265223,13.0055476
node/11193442297,77.6263484,13.0056149
node/11193442304,77.6259264,13.0055711
node/11193442309,77.6260156,13.0057743
node/11193442310,77.6260686,13.0059115
node/11193442315,77.626141,13.0060827
node/11193442316,77.6261954,13.0062239
node/11193450941,77.6258973,13.0063459
node/11193450943,77.6257891,13.0060662
node/11193450944,77.6257146,13.0058699
node/11193450947,77.6256212,13.0056232
node/11193450951,77.6254341,13.0055642
node/11193450952,77.625579,13.0055121
node/11211866333,77.6247954,13.006134
node/11211898848,77.6237104,13.0065784
node/11211898849,77.6234578,13.0066763
node/11211898858,77.6232956,13.0067392
node/11211898867,77.6231246,13.0068055
node/11212337046,77.6256226,13.0065836
node/11212337049,77.6256934,13.0067456
node/11212337070,77.626937,13.0059205
node/11212337071,77.6271314,13.005841
node/11212337072,77.6267165,13.0060107
node/11212337073,77.6264615,13.006115
node/11212337082,77.6257221,13.0064135
node/11217266906,77.6243245,13.0073136
node/11217266919,77.6242688,13.0071927
node/11217266921,77.6243697,13.0074204
node/11217276341,77.6246372,13.0070329
node/11217276352,77.6246938,13.0071727
node/11217276369,77.6249535,13.0067046
node/11217276371,77.6250244,13.006893
node/11217276373,77.6250742,13.007028
node/11217276392,77.625192,13.0066126
node/11217276396,77.625277,13.0068352
node/11217276397,77.6253188,13.0069478
node/11217416827,77.6247664,13.0067759
node/11217416828,77.6243335,13.0069461
node/11217454940,77.6237264,13.0071777
node/11217454942,77.6235775,13.0072326
node/11217454947,77.6233488,13.0073168
node/11217454951,77.6231336,13.0073979
node/11217454952,77.6228888,13.0074893
node/11217454973,77.6226743,13.0075769
node/11217454976,77.622514,13.0076383
node/11217454977,77.6223993,13.0076814
node/11217454985,77.6222501,13.0077399
node/11244839309,77.6398521,12.9815748
node/11244839316,77.6372784,12.9794718
node/11244839317,77.6372778,12.9795838
node/11244947086,77.639663,12.9815753
node/11244947087,77.6396599,12.9817902
node/11244947088,77.6396429,12.9820141
node/11244947419,77.6400921,12.9819667
node/11244952321,77.6383566,12.9792789
node/11244952322,77.6383529,12.9794806
node/11244952323,77.6400602,12.9784286
node/11244952324,77.6399648,12.9782581
node/11244952325,77.6401248,12.9783456
node/11244952326,77.6407503,12.9788568
node/11244965869,77.6401797,12.9785111
node/11244968395,77.6378389,12.978188
node/11244968396,77.6378389,12.978188
node/11244968397,77.6378289,12.9783699
node/11244968398,77.6378289,12.9783699
node/11244973433,77.6379499,12.9787372
node/11244973434,77.6379444,12.9785934
node/11244973457,77.6407494,12.979227
node/11244973458,77.6407514,12.9787226
node/11244973459,77.6406333,12.9784497
node/11244973460,77.6406333,12.9784553
node/11244973900,77.639196,12.9817182
node/11244973901,77.6391786,12.981968
node/11244974877,77.63834,12.9796568
node/11244979622,77.6406686,12.9805234
node/11244980423,77.63886,12.9785393
node/11244980424,77.6383655,12.9786066
node/11244980425,77.6383655,12.9788727
node/11244985885,77.6366598,12.9784715
node/11244989815,77.6401428,12.9810039
node/11244989823,77.6401199,12.9813931
node/11244989828,77.6401319,12.9815872
node/11244990064,77.6392259,12.9807222
node/11244994162,77.6397617,12.9792202
node/11244995556,77.640632,12.978296
node/11244995557,77.640632,12.978296
node/11244995558,77.6404058,12.9782777
node/11244995559,77.6403906,12.978275
node/11244995560,77.6393607,12.9782274
node/11244995561,77.6393607,12.9782274
node/11244995563,77.6391437,12.9782581
node/11244995564,77.6391424,12.9783606
node/11244998906,77.6392413,12.980265
node/11245000186,77.6383587,12.9791082
node/11245001851,77.6405573,12.9822993
node/11245001852,77.6406206,12.9813984
node/11245001853,77.640629,12.9809205
node/11245001854,77.6406954,12.9802563
node/11245002769,77.6408885,12.9802775
node/11245002771,77.6409092,12.979938
node/11245002775,77.6409437,12.9788287
node/11245003165,77.6405388,12.9783688
node/11245003166,77.6405373,12.9783695
node/11245003243,77.6392154,12.9808756
node/11245003306,77.6383419,12.980027
node/11245003317,77.6382006,12.9782323
node/11245003318,77.6382007,12.9783301
node/11245003319,77.6380374,12.9782431
node/11245003320,77.6380335,12.9783211
node/11245003747,77.6401845,12.9796996
node/11245003923,77.6401996,12.9808792
node/11245004561,77.6371388,12.9788529
node/11245005078,77.639408,12.9815538
node/11245005139,77.6392589,12.9799844
node/11245005250,77.6388117,12.9824173
node/11245007110,77.6402098,12.9789807
node/11245007111,77.6402076,12.9791724
node/11245008067,77.6392045,12.9815132
node/11245008068,77.6394209,12.981547
node/11245008069,77.6396447,12.9815649
node/11245008366,77.6392002,12.9811287
node/11245009498,77.6401053,12.9817774
node/11245010686,77.6406596,12.9806941
node/11245010687,77.6407062,12.9800871
node/11245011842,77.6392424,12.9803632
node/11245011843,77.6397037,12.9802902
node/11245011844,77.6396802,12.9804928
node/11245011845,77.639681,12.9807304
node/11245011846,77.6394517,12.9807374
node/11245012412,77.6388139,12.979999
node/11245012413,77.6407415,12.9796568
node/11245012414,77.6407471,12.9793833
node/11245012820,77.6388731,12.9787907
node/11245013225,77.6380703,12.9799635
node/11245013292,77.6400921,12.9822471
node/11245014049,77.6395556,12.9782393
node/11245014050,77.6396845,12.9782434
node/11245014052,77.6379823,12.978368
node/11245014053,77.6379816,12.9783705
node/11245014838,77.6396374,12.982235
node/11245014839,77.6394197,12.9821847
node/11245014840,77.6394225,12.9820651
node/11245014841,77.6394359,12.981939
node/11245014842,77.6394409,12.9817892
node/11245014844,77.6388658,12.9782628
node/11245014845,77.6388646,12.9783535
node/11245014957,77.6407265,12.9798787
node/11245015393,77.6372779,12.9796767
node/11245015437,77.6397255,12.9796876
node/11245015537,77.639736,12.9794284
node/11245015746,77.6396813,12.978407
node/11245015747,77.6395563,12.978407
node/11245015748,77.6393401,12.9783154
node/11245018271,77.6401366,12.9784334
node/11245018272,77.6402263,12.9782706
node/11245018337,77.639746,12.9789187
node/11245018437,77.6397502,12.9786461
node/11245018872,77.6390162,12.9782626
node/11245018873,77.6390172,12.9783644
node/11245019237,77.6387533,12.9812067
node/11245019238,77.638783,12.9807726
node/11245019411,77.6405808,12.982118
node/11245019412,77.6406058,12.9818828
node/11245019413,77.6406048,12.98164
node/11245019414,77.6406381,12.9812264
node/11245019537,77.639014,12.9824375
node/11245019538,77.6385931,12.982414
node/11245019539,77.6378859,12.978859
node/11245019758,77.6408011,12.9818128
node/11245019761,77.6408336,12.9812156
node/11245019766,77.6408448,12.9808992
node/11245019769,77.6408569,12.9806776
node/11245020250,77.6403862,12.9784578
node/11245020927,77.6401846,12.9785602
node/11245023067,77.640191,12.9793712
node/11245024895,77.6401008,12.9784583
node/11245024896,77.6393398,12.9783152
node/11245024897,77.6395558,12.9784098
node/11245024898,77.63968,12.9784128
node/11245024899,77.6395546,12.9782436
node/11245024900,77.6396833,12.9782495
node/11245024901,77.6400602,12.9784291
node/11245024902,77.639963,12.9782615
node/11245024903,77.640137,12.978435
node/11245024904,77.6401235,12.9783489
node/11245024905,77.6402266,12.9782746
node/11245032633,77.6376181,12.9822576
node/11245037935,77.6385624,12.9782536
node/11245037936,77.638557,12.9783364
node/11245038896,77.6387626,12.9782391
node/11245038897,77.6387595,12.978362
node/11245041822,77.6379739,12.9782847
node/11245041823,77.6379701,12.9782817
node/11245043451,77.638937,12.9782159
node/11245046937,77.6384114,12.9783494
node/11245046938,77.638412,12.9782579
node/11248563454,77.6461074,12.9109158
node/11248563455,77.6456125,12.9108517
node/11248563456,77.6460899,12.9118531
node/11248563457,77.6455213,12.9118883
node/11293484190,77.5936905,12.9052973
node/11293484194,77.5938607,12.9054789
node/11293484222,77.5937047,12.9055053
node/11293484227,77.5938592,12.9055333
node/11293484228,77.5937947,12.9055811
node/11293484231,77.5937016,12.905174
node/11293484234,77.5937847,12.9051092
node/11293484235,77.5938613,12.9053284
node/11293484242,77.5936983,12.9054104
node/11295838070,77.5694222,12.998195
node/11295838071,77.5694234,12.9979372
node/11295838072,77.5694224,12.998576
node/11295838073,77.5694172,12.9988509
node/11295838074,77.5694139,12.9990485
node/11298111565,77.592184,12.9703402
node/11303726649,77.5815087,12.9081899
node/11303743631,77.5783572,12.9064551
node/11303762246,77.5760895,12.9064763
node/11303763821,77.5774499,12.9064631
node/11420207334,77.7219178,12.9565561
node/11420207335,77.721937,12.9568167
node/11420207336,77.7219472,12.9569551
node/11420207337,77.7219482,12.9573589
node/11420207338,77.7219695,12.9578337
node/11420207339,77.7219292,12.9581528
node/11420207340,77.7219472,12.9586087
node/11420207341,77.7219517,12.9589731
node/11420207345,77.7217851,12.9589963
node/11420207346,77.7215971,12.9590031
node/11421651322,77.7189466,12.9591129
node/11421651323,77.7191581,12.9591036
node/11430340847,77.7148195,12.9557461
node/11445514998,77.5780208,13.0953351
node/11445515001,77.5767688,13.09488
node/11445515002,77.5766823,13.0948736
node/11445519746,77.5782041,13.0946963
node/11445616944,77.5800375,13.0960105
node/11445620704,77.5778339,13.0951702
node/11445621453,77.5790702,13.0950111
node/11445621454,77.5793157,13.0952914
node/11445665033,77.5767748,13.0948355
node/11445665034,77.5789703,13.0948877
node/11445670634,77.5770589,13.0949054
node/11445670635,77.5769784,13.0948997
node/11445700710,77.5779432,13.0956661
node/11445700711,77.5804236,13.0947371
node/11445700712,77.5790511,13.0960001
node/11445700714,77.5792851,13.0957713
node/11445700716,77.5794842,13.0955475
node/11445700717,77.5796019,13.0954428
node/11445700718,77.5797585,13.0952912
node/11445700722,77.580096,13.0949909
node/11445700724,77.5802485,13.0948639
node/11445700727,77.5786287,13.0961878
node/11445700729,77.5806129,13.0946031
node/11445700732,77.5807251,13.0945131
node/11445700734,77.5807218,13.0945387
node/11445700737,77.5807855,13.0944741
node/11445700740,77.5810238,13.0943229
node/11445700743,77.5825271,13.0935447
node/11445700747,77.5815518,13.0940076
node/11445700749,77.5818188,13.0938734
node/11445700751,77.5820523,13.0937481
node/11445700753,77.5822544,13.0936629
node/11445700759,77.5812249,13.0941949
node/11445706253,77.5785544,13.0961233
node/11445706254,77.5783891,13.0959853
node/11445706255,77.5782051,13.0958254
node/11445706256,77.5780123,13.0956623
node/11445706499,77.5775027,13.0949524
node/11445706500,77.5773922,13.0949393
node/11445707386,77.5787463,13.0960236
node/11445707387,77.5790367,13.0958842
node/11445707388,77.5791943,13.0957313
node/11445707389,77.5793447,13.0955729
node/11445707390,77.57958,13.0953571
node/11445707393,77.5796834,13.0952635
node/11445707396,77.5796469,13.0952345
node/11445707397,77.5823741,13.0935071
node/11445708028,77.5784519,13.0943978
node/11445708128,77.5781337,13.0954338
node/11445709278,77.5783606,13.0945242
node/11445709279,77.5787502,13.0947156
node/11445709935,77.5782304,13.0955733
node/11445715643,77.5798027,13.0951579
node/11445715644,77.5799254,13.0950388
node/11445715647,77.5802295,13.0947843
node/11445715649,77.5805655,13.0945318
node/11445715652,77.5806824,13.0944464
node/11445715653,77.5809651,13.0942649
node/11445715656,77.5811274,13.0941804
node/11445715658,77.5766817,13.094833
node/11445719914,77.5791263,13.0950849
node/11445725632,77.5780785,13.0953844
node/11445728487,77.5783432,13.0942824
node/11445728488,77.5782428,13.0941599
node/11445729911,77.5786009,13.094569
node/11445732015,77.5761495,13.0948554
node/11445732018,77.5825536,13.0936364
node/11445732019,77.5826251,13.0938031
node/11445732021,77.5827603,13.0940903
node/11445732023,77.5828586,13.0943168
node/11445735586,77.5765951,13.0948314
node/11445735762,77.5764843,13.0948275
node/11445735764,77.5768097,13.0949988
node/11445737657,77.5779757,13.0952898
node/11445740468,77.5813565,13.0940053
node/11445745369,77.5814212,13.0939691
node/11445745371,77.5813133,13.0937718
node/11445745372,77.5815884,13.093885
node/11445745373,77.5817005,13.0938333
node/11445745374,77.5821594,13.0936081
node/11445745375,77.5820785,13.0936541
node/11445745376,77.5818885,13.0937447
node/11445747885,77.5798549,13.0958216
node/11445747972,77.5781227,13.0947697
node/11445748153,77.5779124,13.0950041
node/11445748154,77.5782948,13.0945853
node/11445748607,77.5802241,13.0961997
node/11445750012,77.5788149,13.0947687
node/11445750947,77.5827576,13.093988
node/11445750949,77.5826798,13.0941222
node/11445750951,77.5828009,13.0943854
node/11445750954,77.5828575,13.0945818
node/11445750957,77.583096,13.0950883
node/11445750960,77.5832039,13.095306
node/11445750962,77.5832641,13.095492
node/11445751386,77.5792017,13.0951636
node/11445757480,77.5833757,13.0957434
node/11445757482,77.5834709,13.0959338
node/11445757484,77.5835271,13.0960637
node/11445757486,77.5836352,13.0962909
node/11445757489,77.5837334,13.096544
node/11445757492,77.5838124,13.0967117
node/11445757494,77.5839309,13.0970017
node/11445757496,77.5840306,13.0971961
node/11445757497,77.5841254,13.097426
node/11445757499,77.5842484,13.0976915
node/11445759259,77.5828945,13.0944026
node/11445759261,77.5829946,13.0946338
node/11445759262,77.5831167,13.0949043
node/11445759263,77.5831989,13.0950896
node/11445759265,77.5832608,13.0952368
node/11445759266,77.5834042,13.095551
node/11445759267,77.5834924,13.0957634
node/11445759268,77.583553,13.0959209
node/11445760132,77.5843445,13.0979477
node/11445760133,77.5843933,13.0980249
node/11445760134,77.5844965,13.0982508
node/11445760135,77.5845719,13.0984401
node/11445760136,77.5846791,13.0986968
node/11445760137,77.5847148,13.0987715
node/11445760138,77.5847748,13.0988915
node/11445768669,77.5836776,13.0962047
node/11445768671,77.5837531,13.096353
node/11445768672,77.5838527,13.0965734
node/11445768673,77.5839063,13.0966057
node/11445768674,77.5839256,13.0967192
node/11445768676,77.5840648,13.097066
node/11445768677,77.5841637,13.0972959
node/11445768680,77.5843266,13.0976458
node/11445777785,77.5844519,13.0979138
node/11445777788,77.5846113,13.0982625
node/11445777791,77.5846829,13.0984478
node/11445777793,77.5848105,13.0987433
node/11445777796,77.5849729,13.099057
node/11446062304,77.5860124,13.0926546
node/11446127964,77.6016294,13.1067239
node/11465440778,77.7211382,12.955828
node/11465440779,77.7211372,12.9558351
node/11465490457,77.5293886,12.8609987
node/11465490460,77.5294383,12.8611077
node/11465490465,77.5295091,12.8613097
node/11465490466,77.5295791,12.86157
node/11465490468,77.5297869,12.8618977
node/11465521169,77.5299033,12.8620831
node/11465521170,77.5300053,12.8620957
node/11465521171,77.5300053,12.8620957
node/11465521172,77.5300018,12.8622317
node/11472852223,77.6198143,12.9998281
node/11479212746,77.6001396,13.1061066
node/11479213306,77.6004386,13.1061815
node/11479215830,77.5998649,13.1060398
node/11479236213,77.6009166,13.1063212
node/11479249859,77.6006889,13.1062503
node/11479251698,77.5993686,13.1059126
node/11487027753,77.6001493,13.1074269
node/11487031065,77.599249,13.1071572
node/11487051964,77.6005777,13.1070184
node/11487054883,77.5991299,13.1069448
node/11487054884,77.5991232,13.1069432
node/11487063336,77.6004864,13.1073337
node/11487063342,77.5985238,13.1069325
node/11487063343,77.6014204,13.1058573
node/11487064190,77.600644,13.1068707
node/11487067602,77.5998511,13.1073372
node/11487075919,77.6008445,13.1066686
node/11487078532,77.5989957,13.1070769
node/11487084384,77.6007275,13.1067646
node/11487088914,77.599785,13.1071193
node/11487088915,77.5997902,13.1071207
node/11487089074,77.5995184,13.1072341
node/11487089203,77.5986298,13.1064151
node/11491621423,77.6011266,13.1064611
node/11491645746,77.6000272,13.1070372
node/11491645747,77.599937,13.1070751
node/11491662984,77.6002479,13.1063435
node/11491662985,77.6002532,13.1063451
node/11491664654,77.5997002,13.1060792
node/11491664655,77.5991045,13.1058482
node/11491674809,77.6008737,13.1063879
node/11491675342,77.5988,13.106939
node/11491677082,77.5991844,13.1062068
node/11491677083,77.5993255,13.10619
node/11491677232,77.600369,13.10719
node/11491680594,77.5994398,13.1063559
node/11491680595,77.5996355,13.1063265
node/11491680596,77.5997815,13.1063595
node/11491680597,77.6000949,13.1064455
node/11491680598,77.6003394,13.1065019
node/11491680599,77.6006523,13.1065833
node/11491680600,77.6005765,13.1066404
node/11491682332,77.6002362,13.1071571
node/11491683726,77.60035,13.1062404
node/11491684819,77.5986494,13.10689
node/11491685826,77.5992939,13.1064385
node/11491686641,77.5988138,13.1062584
node/11491686988,77.5995726,13.1069097
node/11491686989,77.5995658,13.1069668
node/11491686990,77.5992911,13.106892
node/11491686991,77.5989963,13.1068027
node/11491687816,77.5989178,13.1066479
node/11491687817,77.5990077,13.1062975
node/11491690696,77.5987093,13.1066488
node/11491693585,77.5990151,13.1060981
node/11491694174,77.6003283,13.1073752
node/11491703330,77.5990605,13.1063106
node/11491707020,77.6008092,13.1066108
node/11491713786,77.5992701,13.1063385
node/11491713787,77.5992658,13.1063372
node/11491714448,77.5992297,13.1066803
node/11491714449,77.5994242,13.106738
node/11491714450,77.5994881,13.1067556
node/11491714451,77.5995818,13.1064584
node/11496155849,77.5568471,13.0433446
node/11496155852,77.556776,13.0444487
node/11500016317,77.6226836,12.9754443
node/11510225111,77.7197921,12.9590753
node/11516214985,77.5948336,13.1023442
node/11516214986,77.5949127,13.1024023
node/11516224022,77.5947551,13.1023991
node/11516663819,77.5964624,13.1026681
node/11516663827,77.5962307,13.102627
node/11516663838,77.5962133,13.1026107
node/11516663839,77.596061,13.1025803
node/11516691476,77.5958991,13.1025196
node/11516691477,77.5959517,13.1025686
node/11516691505,77.5955524,13.1024872
node/11516691510,77.595413,13.1023148
node/11516691513,77.5953318,13.1024343
node/11516691526,77.5952104,13.102418
node/11516691529,77.5951025,13.1023377
node/11516691542,77.5950535,13.1024076
node/11516691552,77.5950066,13.1024076
node/11524106722,77.6670297,12.9248327
node/11532796973,77.5818108,12.9184686
node/11532796974,77.5821511,12.9184444
node/11532796975,77.5825039,12.918432
node/11532796976,77.582726,12.9184333
node/11532796977,77.5824035,12.9184381
node/11532796978,77.5831914,12.918437
node/11532796982,77.595117,12.9166983
node/11532796986,77.5973381,12.9166937
node/11532796987,77.5976807,12.9166496
node/11532843233,77.6059103,12.9165165
node/11532843236,77.6065322,12.9164821
node/11532969946,77.6496572,12.9214429
node/11532969954,77.6495799,12.9211826
node/11532970402,77.6497492,12.9219569
node/11533126660,77.651684,12.9239392
node/11533126662,77.6516115,12.9237119
node/11533126665,77.6515886,12.9233934
node/11533126668,77.6515624,12.9232046
node/11533127169,77.6516917,12.9240522
node/11533127172,77.6515134,12.9229005
node/11533127177,77.6514847,12.9226342
node/11533127178,77.6514539,12.9223208
node/11533127179,77.6514767,12.9220647
node/11533127182,77.6515113,12.9217665
node/11533127185,77.6515196,12.9214828
node/11533127194,77.6515106,12.9217707
node/11540022591,77.5837831,13.0202015
node/11540022592,77.5837895,13.0201991
node/11540022593,77.5837747,13.019796
node/11540022594,77.5838289,13.0205605
node/11583339092,77.5506576,13.0017363
node/11583714339,77.6622965,13.011231
node/11583714340,77.6622795,13.0112244
node/11607100265,77.6426865,12.9738525
node/11607100266,77.6416323,12.9738021
node/11607106470,77.6418657,12.9738366
node/11607106475,77.6421009,12.9738451
node/11607106476,77.6421545,12.9738401
node/11607106478,77.6424999,12.9738563
node/11607106479,77.6414059,12.973797
node/11607106481,77.6428149,12.9738551
node/11607106482,77.6430246,12.9738582
node/11607106484,77.6431745,12.9738619
node/11607106486,77.6434395,12.9738847
node/11607106487,77.6435791,12.9738784
node/11607106488,77.6437214,12.9738837
node/11607106489,77.6441212,12.9738872
node/11607106490,77.6442836,12.9738919
node/11607106492,77.6444862,12.9738979
node/11607106493,77.6468022,12.9739626
node/11607106494,77.6448571,12.9739296
node/11607106496,77.645026,12.973936
node/11607106498,77.6451889,12.9739318
node/11607106500,77.6455042,12.9739418
node/11607106502,77.6457295,12.9739485
node/11607106503,77.6459745,12.9739253
node/11607106504,77.6461835,12.9739419
node/11607106506,77.6463764,12.9739472
node/11607106507,77.6465958,12.9739583
node/11607106508,77.644755,12.9739249
node/11609505402,77.5727735,12.9935488
node/11621631766,77.628715,13.0385208
node/11622114746,77.6285859,13.0387274
node/11622114747,77.6288219,13.0382968
node/11622114748,77.6289163,13.038163
node/11622114749,77.6290193,13.0379373
node/11622114750,77.629324,13.0373352
node/11622114751,77.6294485,13.0371345
node/11622114752,77.6295343,13.036938
node/11622114753,77.6296318,13.036785
node/11622114754,77.6297274,13.0366077
node/11622114755,77.6298347,13.0363903
node/11622114756,77.6300279,13.0364238
node/11622114757,77.6301823,13.0364447
node/11622114758,77.6305943,13.036545
node/11622114759,77.629573,13.03777
node/11622114760,77.6298562,13.0379414
node/11622114761,77.6287747,13.0388069
node/11622114762,77.6282984,13.0385351
node/11622114763,77.6289206,13.0372809
node/11622114764,77.6294742,13.0362816
node/11622114765,77.6296202,13.0359952
node/11622114766,77.6299206,13.036083
node/11622114767,77.6302167,13.0361499
node/11622114768,77.6304913,13.0362252
node/11622114869,77.6307617,13.0362837
node/11622114870,77.6297912,13.0356898
node/11622114871,77.6301825,13.0357564
node/11622114872,77.6305241,13.035835
node/11622114873,77.631021,13.0359258
node/11622114874,77.6295862,13.0356414
node/11622114875,77.629431,13.0356081
node/11622114876,77.629344,13.0365097
node/11622114877,77.6292012,13.0368122
node/11622114878,77.6290397,13.0370603
node/11622114879,77.6284434,13.0383008
node/11622114880,77.628549,13.0380043
node/11622114881,77.6286981,13.0377864
node/11640329792,77.7029041,12.9568034
node/11640329793,77.7029038,12.9568083
node/11658927821,77.5927696,12.9926197
node/11659009292,77.5936809,12.9929057
node/11659012390,77.5932751,12.9929379
node/11659013037,77.5928122,12.9927636
node/11659028272,77.5933889,12.9927089
node/11659028273,77.5910312,12.9929064
node/11659028771,77.5930375,12.9929704
node/11668352893,77.5926502,12.9933271
node/11668352894,77.5925209,12.9933526
node/11668352895,77.5922606,12.9933386
node/11676443368,77.5887161,12.9889035
node/11676454650,77.5888107,12.9876987
node/11676454651,77.5888174,12.987617
node/11676454652,77.5888288,12.9875373
node/11676454653,77.5888429,12.9874347
node/11676454654,77.5888623,12.9872779
node/11676454655,77.588914,12.9872805
node/11676454656,77.5888912,12.9874406
node/11676454657,77.5888798,12.9875347
node/11676454658,77.5888684,12.9876144
node/11676454659,77.5888617,12.9876895
node/11676454660,77.5886739,12.9891113
node/11676454661,77.588749,12.9891283
node/11676454662,77.5887363,12.9893178
node/11676454663,77.5886283,12.989704
node/11676454664,77.5887369,12.9894393
node/11676454665,77.5886464,12.9895275
node/11676454666,77.5886712,12.9903214
node/11676454667,77.5887389,12.9903783
node/11676454668,77.5885398,12.9904403
node/11676460069,77.5887041,12.9904998
node/11676460070,77.5884658,12.9905421
node/11676460071,77.5897287,12.9903867
node/11676460072,77.5897307,12.9903364
node/11676460073,77.5899795,12.9903456
node/11676460074,77.5900251,12.9904005
node/11676460075,77.5902303,12.9903652
node/11676460076,77.590589,12.9903959
node/11676460077,77.5906272,12.9903965
node/11676460078,77.5906581,12.9903946
node/11676460079,77.590587,12.9904488
node/11676460080,77.5907312,12.9904508
node/11676460081,77.590874,12.990405
node/11676460082,77.5911342,12.9904697
node/11676460083,77.591167,12.990407
node/11676460084,77.5913823,12.990405
node/11676460085,77.5915854,12.9904423
node/11676460086,77.5916639,12.9903939
node/11676460087,77.591855,12.9904037
node/11676460088,77.59277,12.9897502
node/11676460089,77.592772,12.9895364
node/11676460090,77.5928427,12.989641
node/11676460091,77.592708,12.9896239
node/11676460092,77.5929358,12.9900158
node/11676460093,77.5932732,12.9905161
node/11676460094,77.5933483,12.9904638
node/11676460095,77.5936085,12.9908039
node/11676460096,77.5935223,12.9908611
node/11676464869,77.5887349,12.9886468
node/11676464870,77.5887805,12.9885951
node/11676464871,77.5887758,12.9886873
node/11676464872,77.5887959,12.98842
node/11676464873,77.58881,12.9882469
node/11676464874,77.5888275,12.9880705
node/11676464879,77.5886431,12.9898967
node/11676464880,77.5887001,12.9899444
node/11676464881,77.5886866,12.9900862
node/11683268184,77.5921821,12.9888387
node/11683268185,77.5927706,12.9894808
node/11683268186,77.5928458,12.9895883
node/11683268187,77.5929179,12.9895009
node/11683268188,77.5928427,12.9894165
node/11683268189,77.5929262,12.9893503
node/11683268190,77.5931498,12.9891273
node/11683268191,77.5934999,12.9880562
node/11683268192,77.5920491,12.9871514
node/11683268193,77.5914088,12.9865058
node/11683268194,77.591119,12.9866336
node/11683268195,77.590815,12.9867813
node/11683268196,77.5906908,12.9871099
node/11683268197,77.5909475,12.9871713
node/11683268198,77.5910352,12.9872582
node/11683268199,77.5912117,12.9874474
node/11683268200,77.5909538,12.987392
node/11683268201,77.5911345,12.987716
node/11683268202,77.5912427,12.9877213
node/11683268203,77.5911254,12.9875793
node/11683268204,77.5912773,12.9878919
node/11683268205,77.59138,12.9878893
node/11683268206,77.5915803,12.9881153
node/11683268207,77.5916114,12.9882942
node/11683268208,77.5914035,12.9880465
node/11683268209,77.5909799,12.987584
node/11683268210,77.5918055,12.9885148
node/11683268211,77.5918053,12.9884113
node/11683268212,77.592027,12.9886452
node/11683268213,77.5939806,12.9872021
node/11683268214,77.5941562,12.9874195
node/11683268215,77.5943739,12.9877226
node/11683268216,77.5944654,12.9876245
node/11683268217,77.5938781,12.9885034
node/11683268218,77.593688,12.9885908
node/11683268219,77.5937348,12.9886712
node/11683268220,77.5937757,12.9888653
node/11683268221,77.5937408,12.9888993
node/11683268222,77.5936114,12.9888354
node/11683268223,77.5934489,12.9890245
node/11683268224,77.5933416,12.9890875
node/11683268225,77.5925999,12.9894507
node/11683268226,77.5924705,12.9893139
node/11683268227,77.590855,12.9874538
node/11683268228,77.5906852,12.9872851
node/11683268229,77.5908632,12.9873043
node/11683268230,77.5905004,12.9870658
node/11683268231,77.5931738,12.9884358
node/11683268232,77.5933383,12.9886276
node/11683268233,77.5930451,12.9902175
node/11683268234,77.5930902,12.990061
node/11683268235,77.5931894,12.9902164
node/11683268236,77.5931948,12.9904175
node/11683268237,77.5932871,12.9903616
node/11683268238,77.5929794,12.9881963
node/11683268239,77.5928272,12.9879981
node/11683268240,77.5927024,12.9878558
node/11697171694,77.590648,12.9943979
node/11697171695,77.5904804,12.9938765
node/11697171696,77.5903945,12.9935544
node/11697171697,77.590359,12.9934374
node/11697171698,77.5903194,12.99331
node/11697171699,77.5902759,12.9931787
node/11697171700,77.5902276,12.9930264
node/11697171701,77.5906561,12.9930245
node/11697171702,77.5907513,12.993834
node/11697171703,77.5909625,12.9938085
node/11697171704,77.5911972,12.9937164
node/11697171705,77.5911348,12.9936158
node/11697171706,77.5911697,12.9934518
node/11697171707,77.5910993,12.9933551
node/11697171708,77.5911449,12.9932623
node/11697171709,77.5910631,12.9931003
node/11697171710,77.5911194,12.9929585
node/11697171711,77.5903054,12.9928409
node/11697171712,77.5902551,12.9925723
node/11697171713,77.5902155,12.9923423
node/11697171714,77.59018,12.9921489
node/11697171715,77.5901558,12.9920241
node/11697171716,77.5901337,12.9918608
node/11697171717,77.5908317,12.9927657
node/11697171718,77.5908311,12.9926311
node/11697171719,77.590827,12.9924776
node/11697171720,77.590825,12.9922025
node/11697171721,77.5908224,12.9920281
node/11697171722,77.5910631,12.9917268
node/11697171723,77.5910604,12.9921359
node/11697171724,77.5912891,12.9921333
node/11697171725,77.5915372,12.9921221
node/11697171726,77.5918389,12.9921097
node/11697171727,77.5934509,12.9929448
node/11697171728,77.5932236,12.9929768
node/11697171729,77.592952,12.9930369
node/11697171730,77.5928481,12.992767
node/11697171731,77.593009,12.992752
node/11697171732,77.5931277,12.9927389
node/11697171733,77.5932451,12.9927265
node/11697171738,77.5939374,12.9926364
node/11697171739,77.5941238,12.9926125
node/11697171740,77.5943709,12.9925789
node/11697171747,77.5944065,12.9927808
node/11697171748,77.5942355,12.9928115
node/11697171749,77.5940732,12.9928396
node/11697171754,77.5939545,12.9928566
node/11697171755,77.5939988,12.9930859
node/11697171756,77.5941288,12.9933668
node/11697171757,77.5942107,12.9935393
node/11697171758,77.5942683,12.9936458
node/11697171759,77.5944192,12.9939173
node/11697171760,77.5945399,12.994162
node/11734831543,77.7210537,12.9542019
node/11734831544,77.721057,12.9543078
node/11734831565,77.7210711,12.9545263
node/11734847571,77.721055,12.9546554
node/11734847573,77.7210248,12.9549835
node/11734847575,77.7209497,12.9552227
node/11734847577,77.7209397,12.955505
node/11736162350,77.7219053,12.9521813
node/11736162357,77.7217993,12.9526028
node/11736162358,77.7217752,12.9528302
node/11736162359,77.7218342,12.953157
node/11736162372,77.7217711,12.9534171
node/11736162378,77.7213702,12.9534654
node/11736162379,77.7210872,12.9535033
node/11736162398,77.7209209,12.9535713
node/11736162407,77.7209685,12.9537673
node/11736162410,77.7210382,12.9538863
node/11736403490,77.7200291,12.9459672
node/11736403491,77.7204059,12.9461619
node/11736403496,77.7211113,12.9465586
node/11736403497,77.7214379,12.9467135
node/11736403507,77.7223639,12.9471474
node/11736403508,77.721684,12.9468612
node/11736403509,77.7222446,12.9470677
node/11736419385,77.7223706,12.9470265
node/11736419572,77.7219924,12.9503561
node/11736419593,77.7219549,12.9507273
node/11736419594,77.7219871,12.9510109
node/11736419603,77.7219428,12.9514213
node/11736419612,77.7219321,12.9517363
node/11799207969,77.7140987,12.9776891
node/11799207977,77.7162257,12.9772356
node/11799207990,77.7175836,12.9772634
node/11799207991,77.7177515,12.9772483
node/11799523167,77.7179168,12.9737959
node/11799551859,77.7138868,12.9709234
node/11799551860,77.713972,12.9709195
node/11799553669,77.7178887,12.9735385
node/11801602960,77.5621448,12.9041706
node/11801602961,77.5615816,12.9044686
node/11801602962,77.5613516,12.9045549
node/11801602963,77.5612041,12.9046235
node/11801602964,77.56108,12.9046778
node/11801602965,77.561013,12.9047104
node/11801602966,77.5608145,12.9047934
node/11801602967,77.5607226,12.9048314
node/11801602968,77.5605436,12.9049268
node/11801603049,77.5603773,12.9050124
node/11801603050,77.5602452,12.9050595
node/11801603051,77.5601097,12.9051307
node/11801603052,77.5599454,12.9052072
node/11801603053,77.5598086,12.9052739
node/11801603056,77.5598294,12.9055445
node/11801603057,77.5599273,12.9056059
node/11801603058,77.5601768,12.9057647
node/11801603059,77.5603873,12.9059059
node/11801603060,77.5608587,12.906202
node/11801603061,77.5607079,12.9061503
node/11801603062,77.5606086,12.9061823
node/11801603063,77.5605208,12.9062111
node/11801603064,77.5604497,12.9062491
node/11801603065,77.5603572,12.9062876
node/11801603066,77.5602532,12.9063376
node/11801603067,77.5601506,12.90642
node/11801603072,77.5603906,12.9069798
node/11801603073,77.5602566,12.9070072
node/11801603074,77.5600447,12.9070347
node/11801603082,77.5603551,12.9073543
node/11801603083,77.5604447,12.9072403
node/11801603084,77.5605978,12.9072121
node/11801603085,77.5607582,12.9072732
node/11801603086,77.5609204,12.9071876
node/11801603087,77.5611075,12.9072288
node/11801603088,77.5612624,12.9071314
node/11801603089,77.5614173,12.9071235
node/11801603090,77.561534,12.9071079
node/11801603091,77.5617452,12.9070831
node/11801603092,77.5618874,12.9070641
node/11801603093,77.5620373,12.9072831
node/11801603094,77.5619014,12.9069824
node/11801603095,77.5621281,12.9070445
node/11801603096,77.5622776,12.9070236
node/11801603097,77.5624184,12.9070007
node/11801603098,77.5625411,12.9069857
node/11801603099,77.5627195,12.9069634
node/11801603100,77.5628684,12.9069504
node/11801603101,77.5629958,12.906934
node/11801603102,77.5631285,12.9069177
node/11801603103,77.563325,12.9068922
node/11801603104,77.5635047,12.9068628
node/11801603105,77.5634404,12.9065817
node/11801603106,77.563374,12.9064647
node/11801603109,77.5632184,12.9061954
node/11801603110,77.5631158,12.9059353
node/11801603111,77.5630622,12.9058242
node/11801603112,77.562973,12.9056497
node/11801603113,77.5628945,12.9055046
node/11801603114,77.5626223,12.9051189
node/11801603115,77.5625398,12.9049372
node/11801603116,77.562513,12.9048836
node/11801603117,77.562403,12.9046595
node/11801603118,77.5623165,12.9044876
node/11801603119,77.5622669,12.9044078
node/11801603120,77.5622039,12.9042692
node/11801945136,77.5601044,12.9040934
node/11801945137,77.5600614,12.9039902
node/11801945138,77.5603598,12.904666
node/11801945139,77.5603028,12.9045451
node/11801945140,77.5590623,12.9046699
node/11801945141,77.5597302,12.9043797
node/11801945142,77.5600769,12.9042274
node/11801945143,77.5602183,12.904364
node/11801945144,77.56016,12.9042235
node/11801945145,77.5602405,12.9041477
node/11801945146,77.5604678,12.9040464
node/11801945147,77.5606555,12.9039686
node/11801945148,77.5608594,12.9038777
node/11801945149,77.5610626,12.9037875
node/11801945150,77.5611866,12.9037464
node/11801945151,77.5613241,12.9036869
node/11801945152,77.5614649,12.903628
node/11801945153,77.5616144,12.9035646
node/11801945154,77.5617304,12.9035176
node/11813198350,77.5680866,12.9028993
node/11813198351,77.5688866,12.9033522
node/11813198352,77.569997,12.9035803
node/11813198353,77.5698347,12.903596
node/11813198354,77.5697288,12.9035914
node/11813198355,77.5707628,12.9026581
node/11813225531,77.5685593,12.9048065
node/11813225532,77.5689677,12.9047503
node/11813225533,77.5691749,12.9047314
node/11813225534,77.5693301,12.9047052
node/11813225535,77.569299,12.9044444
node/11813225536,77.5693385,12.9044059
node/11813225537,77.5689925,12.9043117
node/11813225538,77.5692902,12.9042601
node/11813225539,77.56925,12.9039222
node/11813225540,77.568562,12.9045496
node/11813225541,77.5685942,12.9042947
node/11813225542,77.5685392,12.9039849
node/11813225543,77.5681825,12.9042843
node/11813225544,77.5681637,12.9040464
node/11813225545,77.5681382,12.9036725
node/11813225546,77.569018,12.9035816
node/11813225547,77.5689818,12.9035836
node/11813225548,77.5687565,12.9035875
node/11813225549,77.5685674,12.9035888
node/11813225550,77.5684454,12.9034333
node/11813225551,77.5684373,12.9033352
node/11813225552,77.5684266,12.9032045
node/11813225553,77.5684065,12.9030346
node/11813225554,77.5687605,12.9027705
node/11813225555,77.5692366,12.9035784
node/11813225556,77.5692084,12.9033235
node/11813225557,77.5694619,12.9036189
node/11813225558,77.5694565,12.9035405
node/11813225559,77.5694726,12.9032555
node/11813225560,77.5694539,12.9030751
node/11813225561,77.5693908,12.9028685
node/11813225562,77.5694244,12.9027091
node/11813225563,77.5697677,12.9032816
node/11813225564,77.5698522,12.9032548
node/11813225565,77.5702377,12.9030967
node/11813225566,77.5706521,12.9029346
node/11813225567,77.5707695,12.902896
node/11813227437,77.5681517,12.9039248
node/11813227438,77.5681403,12.9037967
node/11813227439,77.568206,12.9048503
node/11813227440,77.5682509,12.9049915
node/11813227441,77.5686076,12.9052399
node/11813227442,77.5688691,12.905419
node/11813227443,77.5691166,12.9056
node/11813227444,77.5695752,12.9060151
node/11813227445,77.5698173,12.9062974
node/11813227446,77.5699903,12.9066223
node/11813227447,77.5701559,12.9069602
node/11813227448,77.5703142,12.9072556
node/11813227449,77.5704751,12.9074811
node/11813227457,77.571137,12.9071902
node/11813227458,77.5711115,12.9069549
node/11813227459,77.5710732,12.906585
node/11813227460,77.5711068,12.9065451
node/11813227461,77.5710786,12.9063118
node/11813227462,77.5713106,12.9062673
node/11813227463,77.571605,12.9055922
node/11813227464,77.5716446,12.9054575
node/11813227465,77.571662,12.9052006
node/11813227466,77.5711779,12.9055235
node/11813227467,77.5704262,12.9053255
node/11813227468,77.5706179,12.9053967
node/11813274069,77.5706991,12.9051386
node/11817008164,77.6496931,13.034661
node/11817008165,77.6495958,13.0346776
node/11817008166,77.6494574,13.0346898
node/11817008168,77.6492973,13.0347208
node/11817036969,77.649118,13.0347413
node/11817036970,77.6489693,13.0347558
node/11817036971,77.6487817,13.0347666
node/11817036972,77.6486596,13.0347874
node/11817036973,77.6484707,13.0348128
node/11818132208,77.7180388,12.9474211
node/11818132230,77.7175854,12.9512064
node/11818132231,77.7175132,12.9511896
node/11827225935,77.7354371,12.9694867
node/11827253912,77.7269928,12.9763853
node/11832523247,77.7187543,12.9674843
node/11832523248,77.718523,12.9678182
node/11832523265,77.718175,12.9677607
node/11832523274,77.7176218,12.9676784
node/11832523301,77.7168379,12.9675373
node/11832523302,77.7168627,12.9676281
node/11832800812,77.7187966,12.9672432
node/11832800814,77.7187416,12.9676908
node/11832800816,77.7187664,12.9678496
node/11832800840,77.7186403,12.9678189
node/11832800841,77.7186323,12.9678718
node/11835357842,77.6652535,12.9269757
node/11835357849,77.6650716,12.9269614
node/11835382778,77.6647899,12.9269215
node/11835382779,77.664371,12.9268488
node/11835382780,77.6640083,12.9267817
node/11835382782,77.6639024,12.9268661
node/11835382783,77.6645546,12.9269506
node/11835382784,77.6649258,12.9270127
node/11835382785,77.6641984,12.9268953
node/11835382786,77.6651843,12.9270634
node/11853058124,77.6134043,12.9942236
node/11853166116,77.6150049,12.9978868
node/11853234556,77.6158342,12.9990165
node/11853263793,77.6160855,12.9998021
node/11853263794,77.6159974,13.0002943
node/11853267610,77.6160615,12.9996029
node/11853277747,77.6160352,12.9995034
node/11853292547,77.6156189,12.9986974
node/11853294537,77.6159721,13.0004802
node/11853294538,77.615967,13.0003161
node/11853294539,77.6159556,13.0000737
node/11853294540,77.6159328,12.9998477
node/11853294546,77.6158485,12.9996454
node/11853294547,77.6158269,12.9994062
node/11853294549,77.6157599,12.9991764
node/11853294551,77.6157024,12.9991837
node/11853294552,77.6134505,12.9959647
node/11853294554,77.6156376,12.999015
node/11853294556,77.6154607,12.9987588
node/11853294561,77.6152992,12.9985319
node/11853294566,77.6150285,12.9981811
node/11853294568,77.6132647,12.9959036
node/11853298302,77.6155686,12.9986312
node/11853318583,77.616191,12.9995868
node/11853319193,77.6160992,12.9999593
node/11853322443,77.6156915,12.998784
node/11853323582,77.6161105,13.0002336
node/11853324349,77.6150616,12.9979699
node/11853325063,77.6160351,12.9995034
node/11853325729,77.6124944,12.9929311
node/11853328223,77.6157603,12.9988934
node/11853328224,77.6157591,12.9988924
node/11853328825,77.61369,12.9946558
node/11853329080,77.6159029,12.9991388
node/11853329100,77.6129991,12.9936412
node/11853329101,77.6128766,12.9934677
node/11853334170,77.6153379,12.9983572
node/11853336091,77.6147301,12.9974616
node/11853336092,77.6146415,12.9973268
node/11853336094,77.6144011,12.99701
node/11853399300,77.6142887,12.9968642
node/11853462959,77.6149009,12.99772
node/11853463802,77.6140875,12.9952208
node/11853466677,77.6144485,12.9970605
node/11853518227,77.6179056,12.9992652
node/11853518228,77.6178996,12.9991683
node/11853518229,77.6178693,12.998946
node/11853518230,77.6178583,12.9988165
node/11853518232,77.617847,12.9987021
node/11853518237,77.6177925,12.9984051
node/11853518238,77.6178301,12.9985733
node/11853518239,77.6177772,12.9982234
node/11853525407,77.6132516,12.9940224
node/11853525408,77.613174,12.9938973
node/11853525409,77.6131143,12.9938199
node/11853574533,77.6139375,12.9950058
node/11853574912,77.6126666,12.9931679
node/11853622979,77.6133726,12.994195
node/11853673669,77.6147307,12.9977469
node/11853673672,77.6145136,12.9974164
node/11853673673,77.6143632,12.997206
node/11853673675,77.6141818,12.9969896
node/11853673676,77.6139964,12.9967547
node/11853673681,77.6138456,12.9965772
node/11853673682,77.6135694,12.996258
node/11853673683,77.613487,12.9961639
node/11853673684,77.6132877,12.9960058
node/11853673685,77.6148931,12.9979878
node/11853708695,77.6181499,12.9993191
node/11889405180,77.5988857,12.978021
node/11889405181,77.6002456,12.9779452
node/11889405182,77.6003838,12.9795592
node/11889405183,77.5988214,12.9795448
node/11897890012,77.5691916,13.0084657
node/11897890015,77.5691119,13.0083439
node/11897890019,77.5692211,13.008121
node/11897890026,77.5692236,13.0077046
node/11897890033,77.5692417,13.0074393
node/11897890034,77.569127,13.0075981
node/11897962121,77.5710855,13.008348
node/11897985981,77.5692371,13.007162
node/11897985982,77.5691274,13.0070147
node/11897985984,77.5692399,13.006875
node/11897985987,77.5691449,13.0067981
node/11897985989,77.5692441,13.006679
node/11897991779,77.5692699,13.0063528
node/11897991780,77.5691634,13.0062413
node/11897991786,77.5692575,13.0060202
node/11897991787,77.5691661,13.0059277
node/11897991789,77.5692602,13.0058486
node/11897991795,77.5692681,13.0052779
node/11897991799,77.5692616,13.0050568
node/11897991800,77.5691818,13.0052073
node/11897991805,77.5691758,13.0049561
node/11897991806,77.5692727,13.0048496
node/11897991809,77.5691795,13.0047017
node/11897991811,77.5692768,13.0045849
node/11897991815,77.5691627,13.0044231
node/11897991819,77.5692782,13.0043081
node/11897991823,77.5691749,13.0042034
node/11897991831,77.5692081,13.0038902
node/11897991832,77.5692957,13.003821
node/11898007121,77.5692812,13.001501
node/11898007127,77.569289,13.0012323
node/11898007134,77.5692925,13.0008238
node/11898007139,77.5694032,13.0006568
node/11898007140,77.5693176,13.0005773
node/11898007147,77.5693162,13.0002852
node/11898014274,77.5693073,13.0035509
node/11898014278,77.5692136,13.0034003
node/11898014281,77.5693147,13.0033042
node/11898014286,77.5692106,13.0031584
node/11898014287,77.569329,13.0030732
node/11898014294,77.5692366,13.0028315
node/11898014295,77.5693316,13.0026817
node/11898014297,77.5692553,13.0025483
node/11898014303,77.5692558,13.0023686
node/11898014304,77.5693781,13.0016629
node/11898014307,77.5693579,13.0022012
node/11898014313,77.5692522,13.0020485
node/11898014314,77.56937,13.0018594
node/11898014316,77.5692704,13.0017909
node/11898014321,77.5693463,13.0024553
node/11909709671,77.554031,13.0139836
node/11909709672,77.5540361,13.0139836
node/11915157118,77.6094564,12.9832912
node/11915158805,77.6095306,12.98345
node/11938745202,77.4761896,13.0567411
node/11938745224,77.4764251,13.0569417
node/11938745242,77.4769333,13.0552846
node/11939436692,77.4687219,12.9072414
node/11940217959,77.5320565,12.9393007
node/11941479062,77.5316966,12.9356194
node/11942790479,77.6606171,12.8580152
node/11942790622,77.6580927,12.8580736
node/11942790636,77.6564566,12.8583061
node/11944017981,77.6572962,12.8587701
node/11944227923,77.592264,12.8511666
node/11946864872,77.5507581,12.8513522
node/11946864880,77.5484881,12.8517097
node/11946864895,77.5440451,12.8528826
node/11946864901,77.5462543,12.8522481
node/11946865006,77.5297045,12.8573056
node/11946865007,77.5297091,12.8573134
node/11946865053,77.5133396,12.8635668
node/11947387476,77.4760427,12.8958291
node/11947387503,77.4944395,12.8800896
node/11947719853,77.5047301,12.8859125
node/11947719854,77.5047215,12.8859228
node/11949229013,77.589494,13.0623523
node/11949230209,77.5898938,13.0626563
node/11949239199,77.5885428,13.061759
node/11949298020,77.5895562,13.0627199
node/11949313465,77.5892824,13.0612394
node/11949315641,77.5881734,13.0620415
node/11949315642,77.5884421,13.0622667
node/11949316304,77.5893165,13.0613804
node/11949322578,77.5898745,13.062527
node/11949324707,77.5898454,13.0623763
node/11949334344,77.5896075,13.063031
node/11949336681,77.5893577,13.0616264
node/11949340378,77.5907941,13.0591593
node/11949340379,77.5903657,13.0595775
node/11949340382,77.5904274,13.059695
node/11949340383,77.5904949,13.0596398
node/11949340385,77.5906148,13.0595454
node/11949340386,77.5906817,13.0594901
node/11949340387,77.5908877,13.0593108
node/11949340388,77.5909622,13.0592543
node/11949340390,77.5910959,13.0591433
node/11949343585,77.5896115,13.0609873
node/11951813056,77.5893662,13.0386919
node/11962538030,77.6678604,12.9217685
node/11962538031,77.6678567,12.9217753
node/11982389394,77.5503495,12.9978605
node/11984532019,77.5508089,13.00176
node/11984546387,77.5504766,13.0017826
node/11984546388,77.5506403,13.0018237
node/11984546390,77.5507767,13.0018526
node/11984582258,77.5563532,13.0090438
node/11984582259,77.5560795,13.0090702
node/11989557928,77.5482748,13.0056958
node/11989557929,77.5481819,13.0056512
node/11989557937,77.5489167,13.0093568
node/11989557938,77.5491785,13.0099365
node/11989557941,77.5589941,13.0109992
node/12000025059,77.5834228,12.9510116
node/12000025060,77.5836677,12.9520212
node/12000027564,77.5831194,12.9478934
node/12000027566,77.5832506,12.9477826
node/12000046817,77.5837381,12.9492046
node/12000046839,77.5839907,12.9530692
node/12000047887,77.5829576,12.9486053
node/12000049525,77.5835647,12.951573
node/12000052862,77.5830055,12.9488274
node/12000060195,77.5814569,12.9484213
node/12000063958,77.583788,12.9515614
node/12000063959,77.5836375,12.9518635
node/12000067159,77.5832805,12.9504475
node/12000067160,77.5833283,12.9506516
node/12000068520,77.5840676,12.9491178
node/12000068524,77.5846983,12.9477132
node/12000071496,77.580995,12.9483283
node/12000072040,77.584041,12.9512752
node/12000078222,77.583754,12.947587
node/12000078226,77.5859524,12.9486972
node/12000080390,77.5809247,12.9483953
node/12000080391,77.5811676,12.948494
node/12000080392,77.5813635,12.9485164
node/12000080393,77.5814804,12.9485224
node/12000080394,77.5816972,12.9485801
node/12000080395,77.5818854,12.9486247
node/12000080396,77.5820164,12.9486886
node/12000080397,77.5821887,12.9487415
node/12000080417,77.5849344,12.9481977
node/12000084074,77.5829614,12.9490251
node/12000084961,77.5844511,12.9534739
node/12000085308,77.5823274,12.9495898
node/12000085309,77.5824074,12.9495208
node/12000085855,77.5831284,12.9493253
node/12000086862,77.5811456,12.9483793
node/12000089679,77.5834541,12.951151
node/12000089680,77.5834996,12.951337
node/12000089780,77.5838921,12.9491552
node/12000090191,77.5827158,12.9486426
node/12000090192,77.5828174,12.9484707
node/12000090430,77.5825915,12.9487941
node/12000090684,77.5859016,12.9478921
node/12000091444,77.5829279,12.9481749
node/12000091446,77.5830084,12.9480094
node/12000092275,77.5834552,12.9476721
node/12000092294,77.5838887,12.95288
node/12000093493,77.5848474,12.9478209
node/12000093496,77.584635,12.9535401
node/12000093772,77.5823297,12.9487862
node/12000093773,77.5826215,12.9489442
node/12000093774,77.5827268,12.9489944
node/12000093775,77.5828256,12.9490704
node/12000095992,77.5841476,12.9491788
node/12000099071,77.5831952,12.9501351
node/12000099072,77.5832471,12.9503134
node/12000101351,77.583153,12.9499453
node/12000102771,77.5833707,12.9508194
node/12000103182,77.5830926,12.9497242
node/12000103183,77.5830634,12.94958
node/12000103184,77.583011,12.9494088
node/12000103185,77.5829575,12.9492027
node/12000103920,77.5854334,12.9488163
node/12000103921,77.5855828,12.9487732
node/12000108476,77.5835836,12.9517115
node/12000108479,77.584827,12.9535777
node/12000108689,77.5837605,12.9523718
node/12000108690,77.5838,12.9525581
node/12000109177,77.5837238,12.9522286
node/12000110596,77.5842245,12.9533299
node/12000111017,77.5841538,12.9532624
node/12000111339,77.5840567,12.947571
node/12000111341,77.5842088,12.9475659
node/12000111343,77.5844074,12.9475657
node/12000111345,77.5845564,12.947616
node/12000113011,77.5851993,12.9492729
node/12000113013,77.5856036,12.9487774
node/12000113014,77.5858969,12.948195
node/12000126197,77.5834475,12.9473453
node/12000326828,77.5892947,12.9842852
node/12000439033,77.7031299,12.9567879
node/12000439034,77.7031302,12.956783
node/12000439035,77.702434,12.9568477
node/12000439036,77.7024343,12.9568428
node/12000439037,77.7021613,12.9568687
node/12000439038,77.7021616,12.9568638
node/12000439039,77.7018895,12.9568907
node/12000439040,77.7018898,12.9568858
node/12014883857,77.5731058,13.0281264
node/12014883858,77.5732633,13.0280966
node/12014883859,77.5735486,13.0280348
node/12014883860,77.5736925,13.0280116
node/12014883868,77.5758879,13.0275973
node/12014920250,77.573837,13.027986
node/12014920251,77.5739637,13.027968
node/12014921876,77.5680628,13.028958
node/12014921877,77.5683321,13.0289081
node/12014933259,77.5761989,13.0275475
node/12014943546,77.5754414,13.0276895
node/12014943547,77.5755873,13.0276748
node/12014943548,77.575785,13.0276349
node/12014948994,77.5740946,13.0279481
node/12014948995,77.5742316,13.0279169
node/12014948996,77.5745269,13.0278949
node/12014951495,77.5746706,13.0278495
node/12014951496,77.5748266,13.0278094
node/12014951497,77.5749372,13.0277824
node/12014951498,77.5751732,13.0277384
node/12014956069,77.5760412,13.0275776
node/12017378414,77.5518583,13.0042677
node/12017378415,77.5520648,13.0041485
node/12017378416,77.5522043,13.0041584
node/12022663919,77.6061639,12.9884547
node/12050492320,77.7136083,12.965117
node/12078138002,77.6114656,12.9670467
node/12099921889,77.5849656,12.9939312
node/12100294511,77.5848348,12.9958083
node/12101648093,77.6017272,12.9634163
node/12101648094,77.6016383,12.9635033
node/12101648095,77.6016398,12.9635503
node/12101648096,77.6017303,12.9636306
node/12101648097,77.6017768,12.9636256
node/12101648098,77.6018577,12.9635315
node/12101648099,77.6018538,12.9634915
node/12101648100,77.6017686,12.9634119
node/12101696732,77.60136,12.963941
node/12101696733,77.6014011,12.9632705
node/12101696734,77.6015097,12.9632508
node/12101696735,77.6016175,12.9632329
node/12101696736,77.6013602,12.9633223
node/12101696737,77.6012325,12.9635488
node/12101696738,77.6012833,12.9634623
node/12101696739,77.6013238,12.9633953
node/12101696740,77.6012188,12.963606
node/12101696741,77.6011858,12.9637495
node/12101696742,77.6011651,12.9638545
node/12101696743,77.6012269,12.9638876
node/12101696744,77.6012873,12.9639004
node/12101696745,77.6017325,12.9632115
node/12101696746,77.6013277,12.9639372
node/12101696748,77.6017653,12.9639106
node/12101696749,77.6015841,12.9639334
node/12101696750,77.6016724,12.9639221
node/12101696751,77.6014953,12.9639403
node/12101696752,77.6018262,12.9639049
node/12101696753,77.6022407,12.9638682
node/12101696754,77.6019092,12.9639011
node/12101696755,77.6019755,12.9638928
node/12101696756,77.602054,12.9638876
node/12101696757,77.6019535,12.9631789
node/12101696758,77.6022393,12.9637523
node/12101696759,77.6021847,12.963521
node/12101696760,77.6022068,12.9636139
node/12101696761,77.6022254,12.9636887
node/12101696762,77.6021716,12.963461
node/12101696763,77.6021077,12.9632101
node/12101696764,77.602132,12.9632683
node/12101696765,77.6021493,12.9633516
node/12101696766,77.6020763,12.9631841
node/12101696767,77.6020253,12.9631714
node/12101696768,77.6017934,12.9632025
node/12101696769,77.6018762,12.9631913
node/12101696770,77.6021462,12.9638821
node/12101697376,77.6028815,12.962382
node/12101697378,77.6028326,12.9621871
node/12101699573,77.6017946,12.9630048
node/12101699574,77.6020961,12.9629948
node/12101701663,77.6027852,12.9621016
node/12101701666,77.6029313,12.9618365
node/12101701668,77.6031124,12.9617886
node/12101701669,77.6031264,12.9616946
node/12101701674,77.6026649,12.9617099
node/12101701677,77.6024667,12.9618025
node/12101701681,77.6022909,12.9618249
node/12101701701,77.6016642,12.9634367
node/12101701702,77.6018294,12.9635882
node/12101701704,77.6016681,12.9637041
node/12101701705,77.6015563,12.9636074
node/12101701706,77.6015232,12.9634482
node/12101701707,77.6016335,12.9633036
node/12101701708,77.6018219,12.9632944
node/12101701709,77.601945,12.9634305
node/12101701710,77.6019305,12.9635795
node/12101701711,77.6018294,12.9636913
node/12101701712,77.6018579,12.9636153
node/12101701713,77.6016419,12.9636285
node/12101701714,77.6016139,12.9634039
node/12101701715,77.6018511,12.9633995
node/12101702500,77.6022658,12.9629941
node/12101703253,77.6008304,12.9653068
node/12101708196,77.6013697,12.9630814
node/12101711703,77.601353,12.9630804
node/12101711704,77.6013622,12.9629608
node/12101715827,77.6028367,12.9628983
node/12101715830,77.6030582,12.9628283
node/12101715831,77.6029624,12.9626298
node/12101716480,77.6015414,12.9618203
node/12101716481,77.6015789,12.9618361
node/12101720465,77.6007234,12.9652953
node/12101720466,77.6005469,12.965269
node/12101720467,77.6002442,12.9652288
node/12101720468,77.5999777,12.9651972
node/12101720469,77.5997652,12.9651613
node/12101720470,77.5995898,12.9651365
node/12101720471,77.5994181,12.9650947
node/12101720472,77.5991431,12.9650215
node/12101720473,77.5989028,12.9649312
node/12101720474,77.5986425,12.9649485
node/12101720475,77.5981978,12.9649046
node/12101720476,77.5976268,12.9648266
node/12101720477,77.5973954,12.9647826
node/12101720478,77.5970802,12.9647129
node/12101725002,77.6024647,12.9629619
node/12101728601,77.6033854,12.9647695
node/12103684978,77.5580481,13.0098449
node/12103684979,77.5580481,13.0098449
node/12103825755,77.5953136,12.9939072
node/12113932390,77.5507318,13.0013044
node/12117978758,77.603435,12.9760814
node/12121490922,77.6068461,12.971575
node/12124137656,77.6021469,12.9618058
node/12124137658,77.6020126,12.9618099
node/12124137662,77.6018248,12.9618217
node/12124137664,77.6015577,12.9618485
node/12137671687,77.58799,12.9663434
node/12137671688,77.5878219,12.9661963
node/12141232805,77.5873225,12.9679616
node/12141232819,77.5872135,12.9679103
node/12141232820,77.5872893,12.9677874
node/12141232821,77.5873886,12.9678631
node/12150936425,77.5908217,12.9779953
node/12150936427,77.5910083,12.9778336
node/12151546566,77.7337301,12.9514774
node/12151549725,77.7333779,12.951438
node/12151555328,77.7343064,12.9515228
node/12153933896,77.5404672,12.856676
node/12154010830,77.5405239,12.8566333
node/12154033110,77.5406613,12.8564575
node/12154033111,77.5406736,12.8563747
node/12155150000,77.732644,12.9512724
node/12155160419,77.7332009,12.9513804
node/12155160420,77.7333927,12.9514007
node/12155186236,77.7321087,12.9511603
node/12155191367,77.7323738,12.9512296
node/12155198408,77.7330958,12.9513662
node/12155202803,77.7334785,12.9514086
node/12157272457,77.581436,13.0067578
node/12157272458,77.5812677,13.0068563
node/12157272459,77.5810608,13.0069732
node/12157272460,77.5810456,13.0060671
node/12157272461,77.5811023,13.0061744
node/12157272462,77.5808897,13.0058027
node/12159513861,77.5811617,13.0062736
node/12159513862,77.5812418,13.0064456
node/12159513863,77.5816481,13.0066224
node/12159513864,77.58185,13.0065173
node/12159513865,77.5820761,13.0064636
node/12159513866,77.5823806,13.0062859
node/12159513867,77.582382,13.0063821
node/12159513868,77.5823705,13.0066708
node/12159513869,77.5823578,13.00685
node/12159513870,77.58235,13.0070074
node/12159513871,77.5820808,13.0072607
node/12159513872,77.5819279,13.0073527
node/12159513873,77.5817173,13.0074697
node/12159513874,77.5814984,13.0075952
node/12159513875,77.5810566,13.0077511
node/12159513876,77.5808931,13.0074777
node/12159513877,77.5807983,13.0073325
node/12159513878,77.5807052,13.0071733
node/12159513879,77.580608,13.0070138
node/12159513880,77.5805038,13.0068489
node/12159513881,77.5803438,13.006591
node/12159513882,77.5804349,13.0064378
node/12159513883,77.5806574,13.0063076
node/12159513884,77.5807725,13.0062424
node/12168524655,77.5401848,12.8574152
node/12168562269,77.5406022,12.8567414
node/12168568091,77.5405591,12.8575216
node/12168568477,77.5403662,12.8567639
node/12168568478,77.5402736,12.85762
node/12168576641,77.5403504,12.8570458
node/12168576642,77.5405281,12.8574692
node/12168584742,77.5403713,12.8571266
node/12168585190,77.5402827,12.8567962
node/12168585191,77.5400221,12.8586393
node/12168586171,77.5402787,12.8568152
node/12168586172,77.5398017,12.8577471
node/12168587622,77.5403045,12.8577383
node/12168589776,77.5398383,12.8587715
node/12168591437,77.5404508,12.8578329
node/12168593582,77.5402315,12.8585202
node/12168594408,77.5401518,12.8585192
node/12168596561,77.5398966,12.8574819
node/12168597356,77.5399752,12.8574473
node/12168599034,77.5404754,12.8563238
node/12168599036,77.5398572,12.8578966
node/12168600574,77.5394676,12.8570063
node/12168600575,77.5396481,12.8574079
node/12168602106,77.5401651,12.8562446
node/12168602107,77.5405879,12.8576078
node/12168602133,77.5398078,12.8585638
node/12168602594,77.5405861,12.8576906
node/12168603729,77.5398053,12.8575141
node/12168603730,77.539613,12.8573341
node/12168603914,77.5395906,12.8581056
node/12168603915,77.5396602,12.8582521
node/12168604008,77.5407814,12.8571753
node/12168609905,77.5400856,12.8574029
node/12168611615,77.5402876,12.856854
node/12168611802,77.5397047,12.8575292
node/12168612332,77.5397336,12.8584123
node/12168612604,77.54012,12.8562178
node/12168614231,77.5403238,12.8569511
node/12168614232,77.5391162,12.8571238
node/12168615780,77.5406473,12.857776
node/12168615781,77.5399146,12.8587017
node/12168616605,77.540232,12.8563626
node/12168616790,77.5398382,12.857849
node/12168616794,77.5402146,12.8574747
node/12168618295,77.5404363,12.8577555
node/12168618836,77.5406215,12.8575637
node/12168619016,77.5396687,12.8574257
node/12168620398,77.5403992,12.8572109
node/12168622421,77.5397914,12.8576641
node/12168622603,77.539641,12.8579335
node/12168622604,77.5397831,12.8579223
node/12168623535,77.539733,12.8575949
node/12168624178,77.540216,12.8575447
node/12174812777,77.5506082,12.8817317
node/12174824114,77.5504637,12.8818516
node/12175221664,77.5404891,12.8566177
node/12175241799,77.5501752,12.8820463
node/12175275381,77.5417031,12.8580489
node/12175284786,77.5414538,12.8576396
node/12175284787,77.5409907,12.8567343
node/12175303780,77.5413177,12.8582166
node/12175303781,77.5415135,12.8576891
node/12175303782,77.5390307,12.8573319
node/12175309798,77.5417003,12.8577008
node/12175311160,77.54131,12.8573326
node/12175311161,77.5412346,12.8571874
node/12175311585,77.5414295,12.8574251
node/12175316690,77.5404328,12.856491
node/12175322200,77.5407141,12.8568577
node/12175322414,77.5410034,12.8583645
node/12175322415,77.5412414,12.8571458
node/12175328910,77.5418619,12.857927
node/12175331242,77.5405623,12.8585522
node/12175331243,77.5405805,12.8565145
node/12175333417,77.5404428,12.858543
node/12175333438,77.5410903,12.8567523
node/12175343075,77.5408869,12.8567189
node/12175343508,77.5405961,12.8584592
node/12175346166,77.5407003,12.8584463
node/12175346167,77.5407027,12.8567339
node/12175350535,77.540812,12.8568192
node/12175350629,77.5408106,12.858405
node/12175350630,77.541775,12.8577986
node/12175353165,77.5409071,12.8583608
node/12175353166,77.5414238,12.8575345
node/12175353167,77.5413465,12.8572003
node/12175354247,77.5412809,12.8582145
node/12175356289,77.5415737,12.8577364
node/12175356542,77.541556,12.8581293
node/12175358172,77.5412452,12.8571009
node/12175358173,77.5405293,12.8566873
node/12175359574,77.5388046,12.8574999
node/12175360566,77.5388948,12.8573983
node/12180365924,77.5426578,12.8610171
node/12180374682,77.5426012,12.8608512
node/12180374683,77.5429105,12.8615542
node/12180383547,77.5425849,12.8607323
node/12180389924,77.542956,12.8617356
node/12180598491,77.5405544,12.8560409
node/12180676673,77.5409344,12.8559031
node/12180680787,77.5412192,12.8566534
node/12180690136,77.5411342,12.8564588
node/12180698921,77.5411132,12.8562753
node/12180698922,77.5409715,12.8559636
node/12180708431,77.5404194,12.8560993
node/12180711962,77.5407463,12.855963
node/12180716751,77.5410213,12.856105
node/12184225174,77.5468442,12.8825549
node/12185248259,77.5462408,12.8824805
node/12199158897,77.5392904,12.8579279
node/12199182881,77.5411889,12.8572338
node/12199198898,77.5416135,12.8575581
node/12199199127,77.5411397,12.8571731
node/12199207277,77.5394175,12.8582325
node/12199211452,77.5409894,12.8573407
node/12199211471,77.5421067,12.8574747
node/12199211731,77.5409041,12.8572846
node/12199212268,77.5419847,12.8571392
node/12199213342,77.5419336,12.8568938
node/12199213953,77.5420717,12.8573349
node/12199214682,77.5409636,12.8572833
node/12199215272,77.5419167,12.8563305
node/12199219558,77.541911,12.8565222
node/12199221021,77.5396812,12.8587438
node/12199225156,77.539551,12.8587087
node/12199232604,77.5393565,12.8580678
node/12199232605,77.5419137,12.8566808
node/12199232925,77.539249,12.8578418
node/12199233105,77.5395338,12.8584136
node/12199244766,77.5401158,12.8566081
node/12199244767,77.5413953,12.8570686
node/12199244879,77.5398596,12.8566833
node/12199251415,77.5399109,12.8564184
node/12199251416,77.5398516,12.8564642
node/12199255181,77.5399456,12.8580121
node/12199259632,77.5400608,12.858278
node/12199260090,77.5401756,12.858463
node/12199260857,77.5400835,12.8563158
node/12199260858,77.5415162,12.8570883
node/12199260859,77.5417898,12.8570445
node/12199265944,77.5401623,12.8564317
node/12199265947,77.5401293,12.8581849
node/12199266032,77.540239,12.8565455
node/12199266034,77.5389099,12.8588154
node/12199272259,77.5401263,12.8563638
node/12199272260,77.54012,12.8583156
node/12199272261,77.5389059,12.8587047
node/12199273439,77.5401275,12.8584067
node/12199279240,77.541995,12.8557327
node/12199280341,77.5388034,12.8584628
node/12199281530,77.5416452,12.8568281
node/12199281531,77.541934,12.8561286
node/12199281532,77.5387271,12.8584146
node/12199281533,77.5388795,12.8586083
node/12199281534,77.5392199,12.8588326
node/12199282185,77.5388331,12.8585412
node/12199282198,77.5394966,12.8588173
node/12199282263,77.5397802,12.8565511
node/12199282264,77.5399285,12.8566818
node/12199282265,77.5387018,12.8583174
node/12199282934,77.5415191,12.8574913
node/12199283552,77.541972,12.8559213
node/12199283716,77.5390892,12.858798
node/12199284720,77.5401979,12.8567021
node/12199284911,77.5392854,12.8588218
node/12199285128,77.5409925,12.8571233
node/12199285137,77.5399766,12.8579959
node/12199285345,77.5400715,12.8583877
node/12199286438,77.54007,12.858174
node/12199286439,77.538992,12.8587913
node/12199288192,77.5387753,12.8586776
node/12199288193,77.5395055,12.858871
node/12203686871,77.5508768,13.0015295
node/12203686872,77.5507061,13.0014809
node/12203686873,77.5507211,13.0014287
node/12203695606,77.5507529,13.0012089
node/12203784114,77.5510331,13.0011862
node/12203784115,77.5510522,13.0010402
node/12204843388,77.5451049,12.8780952
node/12204932845,77.5507862,13.0010549
node/12204932846,77.5507988,13.0009482
node/12204932847,77.5508237,13.0008068
node/12204932848,77.5508471,13.000639
node/12204932849,77.5508857,13.0004155
node/12204932850,77.5509089,13.0002744
node/12204932851,77.5509332,13.0001564
node/12204932852,77.5509693,12.9999377
node/12204998870,77.550912,12.9988482
node/12204998871,77.5508238,12.998871
node/12204998872,77.5507662,12.9991492
node/12204998873,77.5509751,12.9988803
node/12204998874,77.5511306,12.9989043
node/12204998875,77.5514242,12.998962
node/12204998876,77.5516124,12.9990113
node/12204998877,77.551768,12.9990327
node/12205005776,77.5510211,12.9998424
node/12205005777,77.5512215,12.9998838
node/12205005778,77.5512303,12.9999894
node/12205005779,77.5515044,12.9999438
node/12205005780,77.5516253,12.9999574
node/12205005781,77.5518285,13.0000009
node/12205005782,77.5519423,13.0000203
node/12205005783,77.5519594,12.9999375
node/12205005784,77.5519318,12.9997755
node/12205005785,77.5519985,12.9998188
node/12205005786,77.5519229,12.9994705
node/12205005787,77.5519323,12.9992643
node/12205005788,77.5519509,12.9990668
node/12205005789,77.5520353,12.9987628
node/12205005790,77.5520786,12.9986636
node/12205005791,77.552225,12.9984443
node/12205005792,77.5521557,12.9983991
node/12205005793,77.5525041,12.9979784
node/12205005794,77.5524071,12.9982058
node/12205010295,77.552129,12.9981143
node/12205010296,77.5520724,12.99792
node/12205010297,77.5519334,12.9980904
node/12205010298,77.5517911,12.9978517
node/12205010299,77.5516758,12.9980208
node/12205010300,77.5515014,12.9979793
node/12205011990,77.5509184,13.001891
node/12205011991,77.5509885,13.0018128
node/12205011992,77.5513389,13.0018871
node/12205011993,77.5515607,13.0019346
node/12205011994,77.5516508,13.0020605
node/12205011995,77.5516733,13.0019913
node/12205011996,77.5518164,13.0019972
node/12205011997,77.5518934,13.0020139
node/12205011998,77.5520028,13.0020364
node/12205011999,77.5520239,13.0021394
node/12205012000,77.5522377,13.0020946
node/12205013119,77.5517657,12.999414
node/12205013120,77.5516222,12.999383
node/12205013121,77.5513771,12.9993326
node/12205013122,77.5512308,12.9993038
node/12205013123,77.5510726,12.9992659
node/12205013124,77.5507546,12.9992213
node/12205013125,77.5507092,12.9994277
node/12205013126,77.5507832,12.999529
node/12205013127,77.5509367,12.9995566
node/12205013128,77.5510826,12.9995769
node/12205013129,77.551219,12.9996077
node/12205013130,77.5513835,12.9996378
node/12205013131,77.5515625,12.9996802
node/12205013132,77.5517462,12.9997302
node/12205013133,77.5505978,12.9998936
node/12205013134,77.5508127,12.9998013
node/12205013135,77.5505736,13.0000868
node/12205013136,77.5506643,13.0001337
node/12205017401,77.5514155,12.9977782
node/12205017402,77.5513475,12.9979389
node/12205017403,77.5511368,12.9979093
node/12205017404,77.551079,12.9979946
node/12205017405,77.5510458,12.9981174
node/12205017406,77.5509722,12.99813
node/12205017407,77.5511193,12.9981477
node/12205017408,77.5512911,12.9981882
node/12205017409,77.5515095,12.9982346
node/12205017410,77.5518406,12.9983118
node/12205017411,77.5509936,12.9984363
node/12205017412,77.5508713,12.9985508
node/12205017413,77.5512161,12.9984994
node/12205017414,77.5513883,12.9985251
node/12205017415,77.5516054,12.9985801
node/12205017416,77.5517891,12.9986168
node/12205035327,77.5517057,13.0017015
node/12205035328,77.5514946,13.0016597
node/12205035329,77.551327,13.0016236
node/12205035330,77.5511559,13.0015934
node/12205035331,77.5510062,13.0015585
node/12205039204,77.5502206,13.0003686
node/12205039205,77.5505704,13.0005412
node/12205039206,77.5504634,13.0007064
node/12205039207,77.550531,13.0007836
node/12205039208,77.5504306,13.0008647
node/12205039209,77.5503992,13.001055
node/12205039210,77.5504618,13.0011868
node/12205039211,77.5503697,13.0013078
node/12205039212,77.5502653,13.0018735
node/12205039213,77.5504181,13.0016781
node/12205054701,77.5518549,13.0017451
node/12205054702,77.5520398,13.0017861
node/12205054703,77.5522231,13.0018251
node/12205054704,77.5524445,13.0018783
node/12205054705,77.5518671,13.0015687
node/12205054706,77.5518585,13.0013858
node/12205054707,77.5518496,13.0011608
node/12205054708,77.5518671,13.0009244
node/12206902975,77.5525341,13.0006222
node/12206902976,77.5524289,13.000642
node/12206902977,77.552286,13.0006516
node/12206902978,77.5521127,13.0006484
node/12206902979,77.5525015,13.0002469
node/12206902980,77.5525245,13.0001532
node/12206902981,77.5527035,13.0001352
node/12206959294,77.5503251,13.0020752
node/12206959295,77.5502208,13.002144
node/12206959296,77.5504434,13.0020989
node/12206959297,77.5506392,13.0021408
node/12206959298,77.5506428,13.0022515
node/12206959299,77.5507366,13.0021561
node/12206959300,77.5508914,13.0021849
node/12206961171,77.5523453,13.0031453
node/12206961172,77.5523172,13.0033265
node/12206961173,77.552602,13.0032864
node/12206961174,77.5522903,13.0036126
node/12206961175,77.5523614,13.0029391
node/12206961176,77.5523787,13.0027929
node/12206961177,77.5524018,13.0026103
node/12206961178,77.5524199,13.0024534
node/12206961179,77.5524694,13.0022419
node/12206961180,77.5525088,13.0025714
node/12206961181,77.552602,13.0030002
node/12206962301,77.5509469,13.002313
node/12206962302,77.5509925,13.0021982
node/12206962303,77.5511306,13.0022303
node/12206962304,77.5512128,13.0022442
node/12206962305,77.5512715,13.0022635
node/12206962306,77.5512446,13.0024
node/12206962307,77.5513535,13.002276
node/12206962308,77.551449,13.0023016
node/12206962309,77.551591,13.0023383
node/12206962310,77.5515811,13.0024169
node/12206963266,77.551563,13.002529
node/12206963267,77.5515207,13.0028218
node/12206963268,77.5514788,13.0031279
node/12206963269,77.551474,13.0031957
node/12206963270,77.5516495,13.0031574
node/12206963271,77.5518768,13.0031872
node/12206963272,77.551841,13.0034859
node/12206963273,77.5521126,13.0032407
node/12206963274,77.551905,13.0029846
node/12206963275,77.5519238,13.0026644
node/12206963276,77.5518194,13.0036797
node/12206963277,77.5517833,13.0038873
node/12206971638,77.5525441,13.0027954
node/12206971639,77.5527189,13.0035799
node/12206971640,77.5527608,13.0037535
node/12206971641,77.5527909,13.0038663
node/12206971642,77.5528376,13.0040946
node/12206971643,77.5528404,13.0042327
node/12206971822,77.5532178,13.0042806
node/12206971823,77.55318,13.0041422
node/12206971824,77.5531625,13.0040304
node/12206971825,77.5530859,13.0037424
node/12206971826,77.5530221,13.0034744
node/12206971827,77.5529684,13.0032908
node/12206971828,77.5533758,13.0031215
node/12206971829,77.5529138,13.0030685
node/12206971830,77.5528555,13.0028735
node/12206971831,77.5528145,13.0027112
node/12206971832,77.5527735,13.0025287
node/12206971833,77.552743,13.002394
node/12206971834,77.5527309,13.0022018
node/12206971835,77.5525446,13.0021552
node/12206971836,77.5525815,13.0022424
node/12206971837,77.5529563,13.0023312
node/12206971838,77.55317,13.0023909
node/12206971839,77.553139,13.0019405
node/12206971840,77.5533904,13.0024074
node/12206971841,77.5535109,13.0018343
node/12206971842,77.5536029,13.0018276
node/12206971843,77.5536629,13.0018139
node/12206971844,77.5537899,13.0017809
node/12206971845,77.5539432,13.0017476
node/12206971846,77.5530394,13.0019251
node/12206971847,77.5529042,13.0019216
node/12206971848,77.5531259,13.0016539
node/12206971849,77.5530668,13.0013286
node/12206971850,77.5532437,13.0013659
node/12206971851,77.5534568,13.0013251
node/12206972451,77.5523833,13.0001228
node/12206972452,77.552222,13.000104
node/12206972453,77.5520391,13.0000547
node/12206972454,77.551923,13.0001185
node/12206972455,77.5519212,13.0004555
node/12206972456,77.5519083,13.0006946
node/12206972457,77.551748,13.0006988
node/12206972458,77.5517046,13.0006405
node/12206972459,77.551723,13.0005482
node/12206972460,77.5516202,13.000429
node/12206972461,77.5517231,13.0009033
node/12206972462,77.5520073,13.0015179
node/12206972463,77.5522211,13.0014206
node/12206972464,77.5523049,13.0013657
node/12206985977,77.5519549,13.0007025
node/12206985978,77.552007,13.0004331
node/12206987333,77.5525815,13.0019246
node/12206987334,77.5525679,13.001701
node/12206987335,77.5525516,13.0016189
node/12206987336,77.5523936,13.0013878
node/12206987337,77.5525023,13.0012786
node/12206987338,77.5525433,13.0011722
node/12206987339,77.5527974,13.0011514
node/12206987340,77.552545,13.0009391
node/12206987341,77.5525322,13.0007698
node/12207010504,77.5524087,13.0016808
node/12207010505,77.5510824,13.0008759
node/12207010506,77.551116,13.0006811
node/12207010507,77.5511378,13.0005393
node/12207010508,77.5514342,13.0003532
node/12207010509,77.5511822,13.000268
node/12207010510,77.5512017,13.0001561
node/12211506066,77.5885565,13.0621644
node/12211688998,77.5501723,13.0024435
node/12211688999,77.550228,13.0026981
node/12211689000,77.5501458,13.0026554
node/12211710831,77.5511632,13.0029372
node/12211710832,77.55119,13.0027761
node/12211710833,77.5512192,13.0026028
node/12211710834,77.5511167,13.0032537
node/12211710835,77.5510987,13.0034588
node/12211710836,77.5510672,13.0036859
node/12211710837,77.5510468,13.0038876
node/12211710838,77.5510221,13.0040509
node/12211730401,77.550106,13.0029812
node/12211730402,77.5501815,13.0030338
node/12211730403,77.5500648,13.0032105
node/12211730404,77.5505104,13.0030227
node/12211730405,77.5505339,13.0028834
node/12211730406,77.550541,13.0027991
node/12211730407,77.5505892,13.0025227
node/12211730408,77.5504785,13.0031733
node/12211730409,77.5504651,13.003265
node/12211730410,77.5504447,13.0034314
node/12211730411,77.5504293,13.0036044
node/12211730412,77.5504049,13.003769
node/12211730413,77.5503969,13.0039757
node/12211730414,77.5508343,13.0030564
node/12211730415,77.5508531,13.0029719
node/12211730416,77.550963,13.0030769
node/12211730417,77.5511519,13.0030963
node/12211730418,77.5508636,13.0028336
node/12211730419,77.55091,13.0025781
node/12211730420,77.5507964,13.0032829
node/12211730421,77.5507827,13.0034734
node/12211730422,77.5507589,13.0036499
node/12211730423,77.5507498,13.0037257
node/12211730424,77.5507319,13.0038814
node/12211730425,77.5507216,13.0040203
node/12211730426,77.5506508,13.004006
node/12211730427,77.5506787,13.0041485
node/12211730428,77.5506631,13.004306
node/12211730438,77.5499305,13.0042693
node/12211730439,77.5499493,13.0040838
node/12211730440,77.5500165,13.0041478
node/12211732956,77.5514501,13.0034183
node/12211732957,77.5514365,13.0035615
node/12211732958,77.5514122,13.0037972
node/12211732959,77.5514075,13.0039366
node/12211732960,77.5513948,13.0040919
node/12211732961,77.5512331,13.0040787
node/12211732962,77.551016,13.0041812
node/12211733481,77.5501734,13.0045228
node/12211733482,77.5500086,13.003625
node/12211733483,77.5501261,13.0033879
node/12211733484,77.5500608,13.0033237
node/12211737752,77.5517517,13.004942
node/12211737753,77.5515471,13.0049201
node/12211737754,77.5513665,13.0049005
node/12211737755,77.5511611,13.0048734
node/12211737756,77.5509322,13.0048496
node/12211737757,77.5507517,13.0048336
node/12211737758,77.550637,13.0045356
node/12211737759,77.5504813,13.0050936
node/12211737760,77.5501594,13.0051351
node/12211737761,77.550565,13.0053869
node/12211737762,77.5506852,13.0056064
node/12211737763,77.5503792,13.0048729
node/12211750565,77.5498638,13.0046273
node/12211750566,77.5498813,13.0044547
node/12211750567,77.5495913,13.0043777
node/12211750568,77.5492941,13.0043596
node/12211756511,77.5517688,13.0039959
node/12211756512,77.5517484,13.0041332
node/12211756513,77.5518105,13.0041369
node/12211756514,77.5518916,13.0044471
node/12211756515,77.5518859,13.0045819
node/12211756517,77.5518815,13.0047644
node/12211756518,77.5518706,13.0049307
node/12211756519,77.5521186,13.0046115
node/12211756520,77.5523795,13.0046331
node/12211756521,77.5524702,13.0047049
node/12211756522,77.5524512,13.0042121
node/12211756523,77.5525745,13.0046422
node/12211756524,77.5527407,13.0046451
node/12211756526,77.5527672,13.0048435
node/12211756527,77.5527628,13.0049871
node/12211756528,77.5529155,13.0051679
node/12211756529,77.5531067,13.0050704
node/12211756530,77.5532653,13.0049864
node/12211756531,77.5534491,13.0048873
node/12211756532,77.5536984,13.0047646
node/12211756533,77.5526861,13.0052948
node/12211756534,77.5524485,13.0054352
node/12211756535,77.5524379,13.0051638
node/12211756536,77.5524412,13.0050093
node/12211756537,77.5521515,13.0055703
node/12211756538,77.5518925,13.0056867
node/12211756539,77.5523392,13.0053876
node/12211756540,77.5521435,13.005376
node/12211756541,77.5518526,13.0053393
node/12211756542,77.5520996,13.0050231
node/12211761224,77.5500033,13.0051226
node/12211761225,77.5498531,13.0050836
node/12211761226,77.5497767,13.0050793
node/12211761227,77.5497588,13.0052275
node/12211761228,77.5497187,13.0055049
node/12211761229,77.5494795,13.0050509
node/12211761230,77.5498152,13.004919
node/12211761231,77.5498304,13.0047759
node/12211761232,77.5497328,13.0047528
node/12211761233,77.5495464,13.0047391
node/12211761234,77.5492402,13.004716
node/12223936561,77.5788434,13.0289777
node/12229578306,77.7967599,12.8617228
node/12229578309,77.7964779,12.861776
node/12229758562,77.7994678,12.8772881
node/12230191544,77.7954766,12.8655376
node/12234319014,77.7114657,12.9718897
node/12234986963,77.6933849,12.9729588
node/12234986964,77.6933378,12.9728777
node/12234986965,77.6937057,12.9729736
node/12234986966,77.6938861,12.9729844
node/12234986967,77.6941146,12.9729935
node/12234986968,77.6945196,12.9729805
node/12234986969,77.6943326,12.9729817
node/12234986970,77.6942646,12.9730047
node/12234986971,77.6946219,12.9729365
node/12234986972,77.6945994,12.9729002
node/12234986973,77.6947773,12.9729277
node/12234986974,77.6948205,12.9728781
node/12234986975,77.6949066,12.972891
node/12234986976,77.695074,12.9728865
node/12234986977,77.6953175,12.9729003
node/12234986978,77.6953206,12.9729943
node/12234986979,77.6953551,12.9730714
node/12234986980,77.6953294,12.9733353
node/12247577402,77.5589414,13.0180128
node/12247577403,77.5591401,13.0178159
node/12247577404,77.5594127,13.0176514
node/12247577405,77.5596903,13.0174901
node/12247577406,77.5599637,13.0173607
node/12247577407,77.5602234,13.0172024
node/12247577408,77.5604721,13.0170507
node/12247577409,77.5607217,13.0169107
node/12247577410,77.5609725,13.0167688
node/12247577411,77.5612372,13.0166185
node/12247577412,77.561492,13.0164801
node/12247577413,77.5617607,13.0163295
node/12247577414,77.5624841,13.0159172
node/12247577415,77.5627424,13.0157704
node/12247577416,77.5629796,13.0156287
node/12247577417,77.5632228,13.0154845
node/12247577418,77.5634854,13.0153241
node/12247577419,77.5637264,13.0151844
node/12247577420,77.5640088,13.0150153
node/12247577421,77.5646331,13.0146428
node/12247577422,77.5648614,13.014497
node/12247577423,77.5650824,13.0143605
node/12247577424,77.5654263,13.0141663
node/12247680137,77.5961848,12.9769329
node/12247680138,77.5953048,12.976834
node/12247680139,77.5959264,12.9769624
node/12247680140,77.5955186,12.9768182
node/12247680141,77.5957289,12.9769622
node/12247680142,77.5961682,12.9768208
node/12247680143,77.5955857,12.9769401
node/12247680144,77.5958346,12.9768575
node/12247680145,77.5947539,12.9763941
node/12247680146,77.5950767,12.9766954
node/12247680147,77.5948724,12.9763029
node/12247680148,77.5947692,12.9762344
node/12247680149,77.595278,12.9766744
node/12247680150,77.5950785,12.9764888
node/12247680151,77.5948523,12.9764806
node/12247680152,77.5960334,12.9768358
node/12261075487,77.5537679,13.0047715
node/12261075488,77.5539363,13.0045808
node/12261091802,77.5528071,12.9980476
node/12261091803,77.5529389,12.9980802
node/12261091804,77.5531721,12.9981444
node/12261106783,77.5528735,12.9989665
node/12261106784,77.552655,12.9991219
node/12261111767,77.5542266,13.0056636
node/12261111768,77.5543131,13.0060924
node/12261111769,77.5544927,13.0060502
node/12261111770,77.5546642,13.0060303
node/12261111771,77.5547474,13.0059216
node/12261111772,77.5551146,13.0058234
node/12261119916,77.5538786,13.0042753
node/12261119917,77.553903,13.0044531
node/12261119918,77.5536957,13.004481
node/12261119919,77.5540514,13.004344
node/12261119920,77.554266,13.0043069
node/12261128287,77.5543709,13.0063343
node/12261128288,77.5543434,13.0068684
node/12261128289,77.5549307,13.0069391
node/12261128290,77.5543523,13.0072316
node/12261128291,77.554356,13.007516
node/12261128292,77.5543587,13.0077389
node/12261128293,77.5547853,13.0076625
node/12261128294,77.5549344,13.007635
node/12261128804,77.5537389,13.0013025
node/12261128805,77.553899,13.0024867
node/12261128806,77.5542169,13.0025343
node/12261128817,77.5536293,13.0034482
node/12261128818,77.5536071,13.0033485
node/12261128819,77.5537422,13.0038394
node/12261128820,77.553906,13.0038071
node/12261128821,77.5541385,13.0037552
node/12261128822,77.5542167,13.0038086
node/12261144850,77.5540254,13.0048865
node/12261144851,77.5541187,13.005262
node/12261144852,77.5539396,13.0053957
node/12261188745,77.5545791,13.0101471
node/12261188746,77.5545607,13.0101482
node/12261188747,77.5543586,13.0101702
node/12261188748,77.5545714,13.0103664
node/12261188749,77.5545841,13.0105204
node/12261188750,77.5545813,13.010659
node/12261188751,77.5545999,13.0108272
node/12261188752,77.5543633,13.010842
node/12261188753,77.5543611,13.0110515
node/12261188755,77.554571,13.0113481
node/12261188756,77.5545386,13.0114107
node/12261188757,77.5543575,13.0114036
node/12261188758,77.554324,13.0112874
node/12261188759,77.5543425,13.011651
node/12261188760,77.554565,13.0116298
node/12261188761,77.554537,13.0117552
node/12261188762,77.554569,13.0118182
node/12261188763,77.5545811,13.012009
node/12261188764,77.5545374,13.0122179
node/12261188765,77.5545218,13.0123695
node/12261188766,77.5543372,13.0119643
node/12261188767,77.5542721,13.0122117
node/12261188768,77.5542872,13.0124026
node/12261188769,77.5541138,13.0124805
node/12261188770,77.5540285,13.012705
node/12261193709,77.5545634,13.0097757
node/12261193710,77.5543592,13.0098813
node/12261193711,77.5545841,13.0099796
node/12261193712,77.5545413,13.0101237
node/12261193713,77.5545026,13.0101195
node/12261193714,77.5544667,13.0101235
node/12261193715,77.554435,13.0101209
node/12261193716,77.5544025,13.0101244
node/12261193717,77.5543762,13.010124
node/12261193718,77.554539,13.0101338
node/12261193719,77.554502,13.010131
node/12261193720,77.5544319,13.0101299
node/12261193721,77.5543771,13.0101314
node/12261195625,77.5544502,13.0081867
node/12261195626,77.5543772,13.0081935
node/12261195627,77.5543731,13.0081256
node/12261195628,77.5545329,13.0082356
node/12261195629,77.5548398,13.0081322
node/12261199110,77.5543828,13.0085716
node/12261199111,77.5543791,13.008854
node/12261199112,77.5543907,13.0091099
node/12261199113,77.5543953,13.0093611
node/12261199114,77.5544609,13.0097256
node/12261199115,77.5546778,13.0094732
node/12261199116,77.5547158,13.0093458
node/12261199117,77.5546851,13.0096652
node/12261199118,77.5546838,13.0098166
node/12261217546,77.5544482,13.0082253
node/12261217547,77.5543793,13.0082254
node/12261217548,77.5543755,13.0082697
node/12261217549,77.5545449,13.0084523
node/12261217550,77.5548389,13.0085939
node/12261217551,77.5550531,13.0086897
node/12261449633,77.5531137,13.0123366
node/12261449634,77.5525616,13.0124434
node/12261449635,77.5525249,13.0124179
node/12261449636,77.552381,13.0125555
node/12261449637,77.5524187,13.0123702
node/12261449638,77.5522643,13.0122802
node/12261653068,77.5536211,13.0125848
node/12261653069,77.5538882,13.0125996
node/12261653070,77.5537784,13.0127522
node/12261653071,77.553519,13.0127227
node/12261653072,77.5534893,13.0128571
node/12261653073,77.5532486,13.01271
node/12261653074,77.5529707,13.0125748
node/12262164847,77.5521421,13.0122166
node/12262164848,77.5518519,13.012064
node/12262164849,77.5519737,13.0121265
node/12262273952,77.551707,13.0119901
node/12262273953,77.5515159,13.0118816
node/12262273954,77.5513438,13.0115463
node/12262273955,77.5513343,13.0115578
node/12262273956,77.5513279,13.0115731
node/12262273957,77.5512758,13.0116715
node/12262273958,77.5512673,13.0116886
node/12262273959,77.5512569,13.0117048
node/12262273960,77.5512441,13.0117071
node/12262273961,77.5512499,13.0116916
node/12262273962,77.55126,13.0116701
node/12262273963,77.551316,13.0115679
node/12262273964,77.5513223,13.0115508
node/12262273965,77.5513309,13.0115384
node/12262273966,77.5513777,13.0118389
node/12262273967,77.5514816,13.011519
node/12262273968,77.5515898,13.0113888
node/12262273969,77.5517566,13.0112454
node/12262273970,77.5519214,13.0110688
node/12262273971,77.5512419,13.0117654
node/12262273972,77.5511878,13.0116988
node/12262273973,77.5510613,13.0116278
node/12262559942,77.5510204,13.0116106
node/12262559943,77.551098,13.0114064
node/12262559944,77.5509689,13.0113344
node/12262559945,77.5508798,13.0115346
node/12262559946,77.5510291,13.0113661
node/12262559947,77.5506413,13.0116802
node/12262559948,77.5508228,13.0114958
node/12262559949,77.5507332,13.0114358
node/12262559950,77.5508889,13.0111617
node/12262559951,77.5509365,13.0111792
node/12262559952,77.5511166,13.0112859
node/12262559953,77.5513006,13.0113447
node/12262576987,77.5496434,13.010135
node/12262576988,77.5493504,13.0102055
node/12262576989,77.5491502,13.0100886
node/12262576990,77.5490758,13.0101113
node/12262592325,77.5505443,13.0110349
node/12262592326,77.550426,13.0109087
node/12262592327,77.5505905,13.0113315
node/12262592328,77.5504387,13.0112264
node/12262592329,77.5502868,13.0111231
node/12262592330,77.5502137,13.0107254
node/12262592331,77.5500684,13.0109525
node/12262592332,77.5500884,13.0106839
node/12262592333,77.5498804,13.0108602
node/12262592334,77.5497474,13.0106581
node/12262592335,77.550149,13.0104548
node/12262592336,77.550258,13.0102638
node/12262592337,77.5502741,13.0102261
node/12262592778,77.5507631,13.011069
node/12262592779,77.5508306,13.011049
node/12262592780,77.5508913,13.0109422
node/12262592781,77.5508356,13.0107821
node/12262690212,77.5498849,13.0104305
node/12262690213,77.5498618,13.0102953
node/12262690214,77.5498176,13.010379
node/12262692558,77.5496095,13.0105085
node/12262696655,77.549483,13.0099248
node/12262696656,77.5493525,13.0097025
node/12262696657,77.549256,13.0095022
node/12262696658,77.5490678,13.009586
node/12262696659,77.5491799,13.0093516
node/12262696660,77.5491327,13.0092347
node/12262696661,77.5490673,13.0090584
node/12262696662,77.548883,13.009103
node/12262696663,77.5491407,13.0089828
node/12262696664,77.5491772,13.0089762
node/12262696665,77.5494919,13.0088968
node/12262696666,77.5488477,13.0089927
node/12262696667,77.5489374,13.008966
node/12262696668,77.5490371,13.0089297
node/12262724140,77.5488201,13.0062665
node/12262724141,77.548584,13.0060472
node/12262724142,77.5485697,13.0061377
node/12262724143,77.5491716,13.0062706
node/12262724144,77.5488722,13.0061143
node/12262724145,77.5486287,13.0059885
node/12262724146,77.5489001,13.0059569
node/12262724147,77.5489101,13.0059037
node/12262724148,77.5486107,13.0058606
node/12262724149,77.5486933,13.0056763
node/12262724150,77.5487068,13.005579
node/12262724151,77.5491058,13.0045436
node/12262724152,77.5489384,13.0045079
node/12262724153,77.5491984,13.0050156
node/12262724154,77.5489972,13.0049042
node/12262724155,77.548907,13.0048942
node/12262725807,77.5487796,13.008756
node/12262725808,77.5487615,13.0086553
node/12262725809,77.5487374,13.0085433
node/12262725810,77.5486984,13.0083732
node/12262725811,77.5486746,13.0082681
node/12262725812,77.5490487,13.0080046
node/12262725813,77.5493098,13.0079139
node/12262727872,77.548401,13.0077274
node/12262727873,77.5482358,13.007759
node/12262727874,77.5485326,13.007494
node/12262727875,77.5487896,13.0073194
node/12262727876,77.5487699,13.0071655
node/12262727877,77.5484913,13.0071962
node/12262727878,77.548754,13.0069199
node/12262727879,77.5484732,13.0068868
node/12262727880,77.54848,13.0069713
node/12262727881,77.5487482,13.0066575
node/12262727882,77.5485209,13.0064729
node/12262727883,77.5488231,13.006502
node/12262727884,77.5490274,13.0066023
node/12262727885,77.5491996,13.0066944
node/12262727886,77.5492423,13.0067774
node/12262732504,77.5489637,13.0088985
node/12262732505,77.5488662,13.0089205
node/12262732506,77.5489363,13.0087159
node/12262732507,77.5488253,13.008736
node/12262732508,77.5487778,13.0085546
node/12262732509,77.5489072,13.0085271
node/12262732510,77.5488832,13.0083982
node/12262732511,77.5487493,13.0084186
node/12262732512,77.5487088,13.0082558
node/12262732513,77.5488592,13.0082275
node/12262732514,77.5488363,13.0080761
node/12262732515,77.5486645,13.0080995
node/12262732516,77.5488111,13.0079021
node/12262732517,77.5486245,13.0078831
node/12262759127,77.5493952,13.003857
node/12262759128,77.5494175,13.0035582
node/12262764755,77.5495066,13.0006469
node/12262764756,77.5497749,13.0005033
node/12262766690,77.5494654,13.0032561
node/12262766691,77.5495287,13.0026403
node/12262766692,77.549406,13.0024638
node/12262766693,77.5495731,13.0024852
node/12262766694,77.549609,13.002348
node/12262766695,77.5494379,13.0023106
node/12262766696,77.549325,13.0024604
node/12262766697,77.5496334,13.0020829
node/12262766698,77.549682,13.001822
node/12262766699,77.5497224,13.0015688
node/12262766700,77.5497625,13.0012884
node/12262768501,77.5498293,13.0009488
node/12262768502,77.5498858,13.0006148
node/12262768503,77.5498832,13.0023747
node/12262768504,77.5493135,13.0017167
node/12262768505,77.5493513,13.0014868
node/12262768506,77.549399,13.001228
node/12262768507,77.5494473,13.0009248
node/12262768508,77.5497061,13.0009732
node/12265459593,77.5931134,13.1043336
node/12265459594,77.5963237,13.1041852
node/12265459596,77.5961066,13.1041515
node/12265459597,77.5961066,13.1041515
node/12265459598,77.5959574,13.1041659
node/12265459599,77.5958323,13.1042047
node/12265459600,77.5957216,13.1042388
node/12265467866,77.5491481,13.0043282
node/12265467867,77.5489712,13.0042987
node/12265467868,77.5490106,13.0040875
node/12265467869,77.5491846,13.0041032
node/12265467870,77.5492332,13.0038553
node/12265467871,77.5490526,13.0038298
node/12265467872,77.5490953,13.0035795
node/12265467873,77.5492748,13.0035995
node/12265467874,77.5493167,13.0033607
node/12265467875,77.5491361,13.003327
node/12265467876,77.5491845,13.0030478
node/12265467877,77.5493672,13.0030604
node/12265521601,77.5954046,13.1043418
node/12265521602,77.5951343,13.1043324
node/12265521604,77.5950102,13.1043484
node/12265521606,77.5948459,13.1043928
node/12265521607,77.5948297,13.1042851
node/12265521608,77.5947062,13.1043781
node/12265521609,77.5946315,13.1043
node/12265521610,77.5943508,13.104275
node/12265521613,77.5940364,13.104272
node/12265521614,77.5939785,13.1042597
node/12265521615,77.5939723,13.1043351
node/12265521616,77.5938114,13.1043407
node/12265521617,77.5937791,13.1041339
node/12265521619,77.5935425,13.1043145
node/12265521620,77.5933618,13.104346
node/12265521621,77.5965572,13.1041962
node/12265521622,77.5930083,13.1043045
node/12265521623,77.5930978,13.1044386
node/12265521624,77.5931253,13.1046597
node/12265521625,77.5931182,13.1048524
node/12265521627,77.5931247,13.1050095
node/12265521628,77.5931247,13.1050095
node/12265521629,77.592969,13.1049887
node/12265521630,77.5927991,13.1050326
node/12265521631,77.5927276,13.1049788
node/12265521632,77.5926191,13.1049711
node/12265521633,77.5924706,13.1049777
node/12265521634,77.5924994,13.1056894
node/12265521636,77.5922434,13.1060171
node/12265521637,77.592527,13.1060044
node/12265521638,77.5925513,13.10626
node/12265521639,77.5925513,13.10626
node/12265521640,77.5923342,13.1064521
node/12265521641,77.5923721,13.1067486
node/12265521642,77.5923724,13.1069003
node/12265521643,77.5923304,13.1071213
node/12265521647,77.592528,13.1075085
node/12265521648,77.5924837,13.1077064
node/12265521649,77.5926514,13.1106022
node/12265521650,77.5923846,13.1078673
node/12265521651,77.592353,13.1080128
node/12265521652,77.5922913,13.1081431
node/12265521653,77.5922363,13.1083136
node/12265521654,77.5921513,13.1084393
node/12265521655,77.5920964,13.1085343
node/12265521656,77.5920233,13.1087498
node/12265521657,77.5920233,13.1087498
node/12265521658,77.5919389,13.1089278
node/12265521660,77.591829,13.1090922
node/12265521661,77.5915616,13.109126
node/12265521662,77.5915839,13.1096713
node/12265521663,77.5914881,13.1099065
node/12265521664,77.5914342,13.1100156
node/12265521665,77.5913982,13.1101035
node/12265521666,77.5912933,13.1102257
node/12265521667,77.5911946,13.1104152
node/12265521668,77.5911328,13.1115848
node/12265521669,77.5912566,13.1115478
node/12265521670,77.5913715,13.1114914
node/12265521671,77.5915295,13.1114319
node/12265521672,77.5916726,13.1113487
node/12265521673,77.5919076,13.111252
node/12265521674,77.5922609,13.1109488
node/12265521675,77.5923661,13.11081
node/12265521676,77.5924885,13.1106939
node/12265521677,77.5921599,13.1077296
node/12265559442,77.5497203,13.0006863
node/12265559443,77.5497916,13.0002792
node/12265559444,77.549688,13.0002472
node/12265559445,77.549757,12.9999088
node/12265559446,77.5498508,12.9999151
node/12265559447,77.5498801,12.9996874
node/12265559448,77.5497793,12.9996668
node/12278763843,77.539979,12.8567625
node/12278764804,77.5396559,12.8570726
node/12278824769,77.5413782,12.8581427
node/12290295377,77.5416951,12.8570124
node/12290295378,77.5421718,12.8578544
node/12290295379,77.5421743,12.8579829
node/12290295380,77.5422001,12.8584629
node/12290295381,77.5422132,12.8587046
node/12290295382,77.5422202,12.8587868
node/12290295383,77.5422358,12.8590395
node/12290295384,77.5422419,12.8592198
node/12290295385,77.5422506,12.8594162
node/12290295386,77.542279,12.8596625
node/12290295387,77.5422963,12.8599159
node/12290295388,77.5423164,12.8601384
node/12290295389,77.5423687,12.8603661
node/12318647657,77.662693,13.0020466
node/12318647658,77.6626833,13.002333
node/12318647659,77.6626569,13.0025804
node/12318647660,77.6626531,13.002627
node/12318647661,77.6626405,13.0029243
node/12318647662,77.6626096,13.0031516
node/12318647663,77.6623739,13.0033756
node/12318647664,77.6622313,13.003321
node/12318647665,77.6620536,13.0032216
node/12318647666,77.6614942,13.0029479
node/12318647667,77.6612873,13.002848
node/12318647668,77.661232,13.0025617
node/12318647669,77.6611922,13.0024919
node/12318647670,77.6613294,13.0023612
node/12318647671,77.6612848,13.0022926
node/12318647672,77.6613675,13.002283
node/12318647673,77.6614196,13.0023121
node/12318647674,77.6614371,13.0021566
node/12318647675,77.6615441,13.0019396
node/12318647676,77.6616345,13.0019862
node/12318647677,77.6616035,13.0016608
node/12318647678,77.6617384,13.0015551
node/12318647679,77.6617775,13.0014833
node/12318647680,77.6618087,13.0012478
node/12318647681,77.6619227,13.0012018
node/12318647682,77.6618731,13.0010421
node/12318647683,77.6620152,13.0009795
node/12318647684,77.6622054,13.0004381
node/12318647685,77.6622769,13.0004483
node/12318647686,77.6624008,13.0001979
node/12318647687,77.6624159,13.0000175
node/12321027491,77.5403032,12.8585658
node/12321051699,77.5398333,12.856982
node/12321054050,77.5393679,12.8576527
node/12321054057,77.5412219,12.8580607
node/12321059249,77.5390925,12.8574532
node/12321073507,77.5408123,12.8580071
node/12321074447,77.5398933,12.8568627
node/12321074497,77.5411681,12.8579938
node/12321079119,77.5392256,12.8573361
node/12321081513,77.539614,12.8585803
node/12321081514,77.540848,12.8579402
node/12321083170,77.5407882,12.857724
node/12321086971,77.5391354,12.8575689
node/12321089322,77.539069,12.8575957
node/12321091339,77.5412979,12.8571067
node/12321099403,77.5400337,12.8587158
node/12321101030,77.5406962,12.8576757
node/12321104540,77.5409679,12.8581837
node/12321105086,77.5406948,12.8575992
node/12321106890,77.5408873,12.8580806
node/12321107014,77.5407139,12.8575406
node/12321108290,77.540878,12.8574293
node/12323438119,77.5534474,12.8799243
node/12323480389,77.5532009,12.8801334
node/12323505785,77.5536075,12.8798404
node/12323517977,77.553318,12.880023
node/12323563068,77.5507879,12.8815496
node/12366512781,77.650283,12.970287
node/12369219860,77.6489233,12.970048
node/12369219861,77.6503585,12.9706399
node/12369219862,77.650118,12.9706247
node/12369219863,77.6499399,12.9706253
node/12369219864,77.6496814,12.9706156
node/12369219865,77.6493561,12.9706071
node/12369219866,77.6491783,12.9705824
node/12369219867,77.648993,12.9705586
node/12369219868,77.6489982,12.9707404
node/12369219869,77.6490012,12.9708513
node/12369219870,77.6490166,12.9710823
node/12369219871,77.6490209,12.9702274
node/12369219872,77.6503667,12.9706405
node/12369219873,77.6489159,12.9699315
node/12369219874,77.6489633,12.9699262
node/12369219875,77.6488744,12.9697039
node/12369219876,77.6488461,12.9694744
node/12369219877,77.6488507,12.9694732
node/12369219878,77.6487963,12.9691823
node/12369219879,77.6487623,12.9690244
node/12369219880,77.6487281,12.9687988
node/12369219881,77.6487766,12.9687913
node/12369219882,77.649479,12.9706083
node/12369219883,77.6493646,12.9687189
node/12369219884,77.6497149,12.9686416
node/12369219885,77.6500678,12.9685666
node/12369219886,77.6501742,12.9687475
node/12369219887,77.6501859,12.9689672
node/12369219888,77.6502313,12.9691218
node/12369219889,77.6502646,12.9692896
node/12369219890,77.6503052,12.9694734
node/12369219891,77.6503431,12.9696185
node/12369219892,77.6503815,12.9697959
node/12369219893,77.6504223,12.9699643
node/12369219894,77.6490996,12.9687398
node/12409946520,77.5401838,12.8565756
node/12412556331,77.5707115,13.0981577
node/12412556332,77.570264,13.0981066
node/12412556333,77.5699846,13.0980946
node/12412556334,77.5697068,13.0980852
node/12412556335,77.5694474,13.0980769
node/12412556336,77.5705046,13.0981278
node/12412564738,77.5703031,13.1003154
node/12438103924,77.536314,12.9723706
node/12438103925,77.5363476,12.9725001
node/12438103926,77.5364727,12.9725079
node/12438103927,77.536582,12.9724633
node/12438103932,77.5368525,12.9723612
node/12438103933,77.5368298,12.9722751
node/12438103934,77.5368148,12.9722087
node/12438132213,77.5366001,12.9735933
node/12438140235,77.5363754,12.9731747
node/12438140236,77.5365445,12.9734489
node/12438152843,77.5380385,12.9756387
node/12438152844,77.5378389,12.9756298
node/12438159315,77.5366941,12.9713378
node/12438159316,77.5366623,12.9712339
node/12438159317,77.5367351,12.9714663
node/12438159318,77.536627,12.9714683
node/12438159319,77.5339013,12.9722771
node/12438159324,77.5359027,12.9727056
node/12438195369,77.5371054,12.9708855
node/12438195370,77.536963,12.9709324
node/12438195371,77.5368452,12.9709645
node/12438195372,77.5371605,12.9710842
node/12438195373,77.5372465,12.9713193
node/12443448755,77.5360232,12.9727126
node/12443448757,77.5362041,12.972636
node/12443448758,77.5361541,12.9725378
node/12443448759,77.5361279,12.9724079
node/12443448760,77.5359589,12.9724519
node/12443448762,77.5357756,12.9725169
node/12443448763,77.535298,12.9726787
node/12491723021,77.5821716,12.9248976
node/12491723022,77.5823141,12.9248356
node/12491723548,77.5819068,12.9244919
node/12491723554,77.5819047,12.9251408
node/12491723555,77.5819042,12.9252809
node/12491723556,77.5820092,12.9252812
node/12491723557,77.5820816,12.9252815
node/12491723558,77.5821719,12.9252817
node/12491723559,77.5823067,12.9252822
node/12491723560,77.5824515,12.9252826
node/12491723561,77.5825855,12.925283
node/12491723562,77.5820386,12.9244923
node/12491723563,77.5826731,12.9251729
node/12491723564,77.5826733,12.9250954
node/12491723565,77.5826737,12.924989
node/12491723566,77.5826739,12.9249107
node/12491723567,77.5826743,12.9248075
node/12491723568,77.5826745,12.9247257
node/12491723569,77.5826749,12.9246305
node/12491723570,77.5826752,12.9245335
node/12491723571,77.5825813,12.924494
node/12491723572,77.5824892,12.9244937
node/12491723573,77.5823825,12.9244934
node/12491723574,77.582304,12.9244932
node/12491723575,77.5822372,12.9244929
node/12491723576,77.5821205,12.9244926
node/12491723577,77.5826729,12.9252356
node/12491774172,77.5837827,12.9256146
node/12491774173,77.5837784,12.925612
node/12491774174,77.5837856,12.9257982
node/12491774175,77.5837901,12.925795
node/12491832571,77.5838553,12.9247559
node/12538083770,77.5927549,12.9802302
node/12625746563,77.6479968,12.9118184
node/12642184431,77.5716517,13.1026653
node/12642184432,77.5716633,13.1026721
node/12669311886,77.5948741,12.9792724
node/12669311887,77.5950106,12.9793979
node/12669311888,77.5950404,12.9795339
node/12669324560,77.5932428,12.9769897
node/12669354174,77.5936858,12.9774769
node/12669354175,77.5937397,12.9776814
node/12669354176,77.5938088,12.9778126
node/12669355564,77.5931603,12.9768278
node/12669362474,77.5933693,12.9771178
node/12669368155,77.593301,12.976963
node/12669377888,77.5951551,12.9795311
node/12669378342,77.5936141,12.9773937
node/12669381144,77.5940584,12.9783296
node/12669381146,77.5940911,12.9785049
node/12669381147,77.5941397,12.9786619
node/12669383756,77.5934827,12.9772423
node/12669384656,77.593472,12.9770595
node/12669387890,77.5943002,12.9788215
node/12669387891,77.5942574,12.9788714
node/12669388951,77.5946141,12.9791657
node/12669389811,77.5932627,12.9769179
node/12669394874,77.5937881,12.9783893
node/12669395178,77.5935447,12.9771356
node/12669409316,77.593879,12.9779767
node/12669409318,77.5939805,12.9781448
node/12669409586,77.5943708,12.9789699
node/12669409587,77.5944344,12.9789509
node/12669409588,77.5946084,12.9790738
node/12669415926,77.5947711,12.9791917
node/12669415927,77.5947539,12.9792723
node/12669415933,77.5954537,12.9797659
node/12669415934,77.5953488,12.9799039
node/12669417287,77.5951956,12.9796379
node/12669417288,77.5952758,12.9796408
node/12669431846,77.5953963,12.9798007
node/12669434673,77.5967113,12.9801556
node/12670226706,77.7185986,12.9604315
node/12670226707,77.718477,12.9604494
node/12670226708,77.7183288,12.9604497
node/12670226709,77.718161,12.9605379
node/12670226710,77.7179993,12.960496
node/12670226713,77.717814,12.9605096
node/12670226715,77.7175856,12.9605228
node/12670226716,77.717484,12.9605165
node/12670226717,77.7173131,12.9605297
node/12670226718,77.7172254,12.9605363
node/12670226719,77.7171664,12.959802
node/12670226736,77.7171874,12.959213
node/12670226737,77.7173732,12.9591928
node/12670226738,77.7175994,12.9591845
node/12670226739,77.7178074,12.9591773
node/12670226740,77.7183797,12.9591419
node/12670226741,77.7186016,12.9591349
node/12686350449,77.575408,12.9919804
node/12686350453,77.5854921,12.9838639
node/12686350458,77.5854921,12.983856
node/12688921904,77.722035,12.9589639
node/12688921905,77.7219651,12.9592027
node/12688921906,77.7225614,12.9594397
node/12688921907,77.7225998,12.9596569
node/12690792858,77.6054603,12.9855409
node/12696267536,77.6032489,12.9754683
node/12696267538,77.6030648,12.9754314
node/12701945350,77.6022491,12.9755807
node/12712338633,77.6774369,13.0003815
node/12712668065,77.595129,12.9819134
node/12770171416,77.5541267,13.0678148
node/12770196227,77.5542792,13.0681363
node/12770196228,77.554201,13.0679804
node/12778074374,77.5543681,13.0667236
node/12778074375,77.5544162,13.0668727
node/12778074376,77.5544706,13.0670614
node/12778074377,77.5545341,13.067254
node/12778565421,77.5528798,12.8844344
node/12794121797,77.5543301,13.0665789
node/12811797939,77.5799175,12.9510174
node/12886637753,77.7070602,12.9666341
node/12901416845,77.7521166,12.9824789
node/12901416846,77.7520726,12.9822492
node/12901416847,77.7521611,12.9827399
node/12901416848,77.7520316,12.982001
node/12901416849,77.7519863,12.9817696
node/12901416850,77.7519305,12.9815367
node/12901416851,77.751895,12.9812893
node/12901416852,77.7518054,12.9808064
node/12906373243,77.7514305,12.9788633
node/12906373244,77.7513778,12.9786409
node/12906373245,77.7513439,12.9784104
node/12941885733,77.6354145,13.0261084
node/12941900383,77.6353894,13.0261399
node/12941900384,77.6353617,13.0259692
node/12941900385,77.6352687,13.0260023
node/12941900386,77.6350014,13.0260528
node/12941900387,77.634845,13.0261042
node/12941900388,77.6347404,13.0261425
node/12941900389,77.6345804,13.0261956
node/12941900390,77.6343534,13.0262696
node/12941900391,77.6341826,13.0263245
node/12941900392,77.6339556,13.0264011
node/12941900394,77.6335756,13.0265745
node/12941900395,77.633362,13.026652
node/12941900396,77.6332074,13.0267033
node/12941900397,77.6329955,13.0267739
node/12941900398,77.6337096,13.0262786
node/12941900399,77.633644,13.026121
node/12941900400,77.6336122,13.0260751
node/12941901501,77.6335075,13.0258564
node/12941901504,77.6334014,13.0256231
node/12941901506,77.6332586,13.0253407
node/12941901508,77.6332348,13.0252816
node/12941901509,77.6331648,13.0251341
node/12941901510,77.633109,13.0250246
node/12941901511,77.6330975,13.0249061
node/12941906044,77.6352289,13.0259762
node/12945604883,77.7505519,12.9363056
node/12989671350,77.712086,12.9644802
node/12989671351,77.7121896,12.9644961
node/12989671352,77.7123945,12.9645493
node/12989671353,77.7128399,12.965016
node/12989671354,77.7130868,12.9650746
node/12989671355,77.7135459,12.9651308
node/12993364866,77.722735,12.9600333
node/12993364867,77.7227467,12.9602311
node/12993364868,77.722983,12.9602187
node/12993364869,77.7232214,12.960201
node/12993364870,77.7234387,12.9602261
node/12993364872,77.7235807,12.9601926
node/12993364874,77.7236496,12.9601803
node/12993364875,77.7239203,12.9601694
node/12994043232,77.6242402,13.0009015
node/12994043246,77.623991,13.0011661
node/12994477684,77.566761,13.0019138
node/13012919963,77.7174906,13.0045508
node/13048450987,77.4698126,13.134192
node/13048451751,77.4687048,13.1344251
node/13048464977,77.4681945,13.1348974
node/13048465495,77.4680885,13.1343707
node/13048466377,77.4695752,13.1346231
node/13048471654,77.4697753,13.133733
node/13048471783,77.4698231,13.1338509
node/13048472171,77.4680649,13.1342411
node/13048475792,77.4689034,13.133858
node/13048477022,77.4689905,13.1343714
node/13073505378,77.6114641,12.9197844
node/13073520529,77.6108247,12.9196617
node/13073520532,77.6112276,12.919636
node/13155034382,77.5007485,12.9237106
node/13155055549,77.5003508,12.9238384
node/13155056077,77.5009579,12.9235867
node/13155057963,77.5005424,12.9238873
node/13155064995,77.4993731,12.9238479
node/13155066799,77.4999886,12.9232885
node/13155068776,77.500558,12.9239726
node/13155068777,77.4997348,12.9237126
node/13155071771,77.5000149,12.9244338
node/13155077034,77.4992865,12.9242456
node/13155079228,77.4997097,12.9242793
node/13155079599,77.4995633,12.9239025
node/13155086194,77.5008283,12.9237258
node/13155087275,77.5004249,12.9239834
node/13155087277,77.4994523,12.9240779
node/13155095207,77.499636,12.9235344
node/13155096364,77.4999678,12.9234465
node/13155096366,77.4976921,12.9240232
node/13155096929,77.4986109,12.9248491
node/13155096930,77.4977131,12.9239466
node/13155097782,77.49993,12.9232166
node/13155100973,77.4987742,12.924898
node/13155107793,77.4978565,12.9242107
node/13155108858,77.4977617,12.9241136
node/13155114472,77.4984119,12.9246881
node/13155115932,77.4981573,12.9244737
node/13155117806,77.4995279,12.9240888
node/13155118046,77.4995465,12.9240869
node/13155119600,77.4979778,12.9243222
node/13164727381,77.5971965,12.9049936
node/13164727393,77.5985173,12.9059802
node/13164727394,77.5985882,12.9057373
node/13164727395,77.597344,12.9049926
node/13164727396,77.5987091,12.9055355
node/13164727397,77.5987773,12.9053027
node/13164727399,77.5988103,12.9049634
node/13164756201,77.5985994,12.9049561
node/13164756202,77.5983132,12.904961
node/13164756203,77.5978068,12.9049759
node/13164756204,77.5976294,12.904976
node/13164756205,77.5986265,12.9055996
node/13176208150,77.7457866,12.9486631
node/13176208151,77.7456837,12.9488962
node/13176208152,77.7452074,12.9499991
node/13176208153,77.7448697,12.9511976
node/13176208154,77.7447977,12.9514567
node/13198389305,77.7170954,12.9592082
node/13198389308,77.7192767,12.9583737
node/13198389309,77.7191466,12.9581927
node/13199999846,77.721004,12.9584528
node/13199999852,77.7209665,12.9579673
node/13199999860,77.7210584,12.9577673
node/13199999874,77.7210946,12.9586567
node/13199999891,77.7215412,12.9577536
node/13199999895,77.7215358,12.9576412
node/13199999896,77.7215465,12.9579686
node/13199999899,77.7215479,12.9581947
node/13200037502,77.7215566,12.9584051
node/13200037510,77.7215532,12.9586273
node/13204197022,77.7199328,12.957387
node/13204197023,77.719929,12.9572406
node/13204197024,77.7199231,12.9570158
node/13204197025,77.7199374,12.9575618
node/13204197030,77.7199422,12.9577444
node/13204197038,77.7201866,12.9572341
node/13204197047,77.720192,12.9573916
node/13204197048,77.7201927,12.9575288
node/13204197056,77.7201853,12.9577948
node/13204197057,77.720185,12.9577435
node/13204197068,77.7203435,12.9577843
node/13204197086,77.7205662,12.9571406
node/13204197088,77.7205756,12.9573007
node/13204197091,77.7205809,12.9574536
node/13204197092,77.720587,12.9576203
node/13204197097,77.7205236,12.9577337
node/13204197098,77.720587,12.9577078
node/13204197100,77.720593,12.9577941
node/13204211102,77.7206178,12.958156
node/13204211108,77.7207959,12.9581489
node/13206211654,77.7181656,12.9572903
node/13206211658,77.7184801,12.9572583
node/13206211662,77.7187215,12.9572517
node/13206211672,77.7183983,12.9572517
node/13206211686,77.7188569,12.957434
node/13206211692,77.7189944,12.957602
node/13206212813,77.7193981,12.9577758
node/13206212817,77.7195979,12.9570331
node/13206212826,77.7192885,12.9573951
node/13206212863,77.719554,12.9577546
node/13206212867,77.719681,12.9578196
node/13206212868,77.7197602,12.957752
node/13208017624,77.7176627,12.9586371
node/13208017633,77.7176472,12.9584079
node/13208017639,77.7176335,12.958206
node/13208017642,77.71762,12.958007
node/13208017657,77.7176043,12.9577758
node/13208017668,77.7175889,12.9575484
node/13208017670,77.7175058,12.9573537
node/13208017671,77.7177237,12.9573314
node/13208852755,77.5462832,12.8814028
node/13214046715,77.720072,12.959435
node/13214046726,77.7195241,12.9594729
node/13214046735,77.719384,12.9595395
node/13214046757,77.7185398,12.9594938
node/13214046758,77.7181864,12.9595201
node/13214046759,77.7184368,12.9595085
node/13214046769,77.7179703,12.9595301
node/13214046776,77.7177274,12.9595372
node/13214046785,77.7175021,12.9595517
node/13214046789,77.7172711,12.9595624
node/13215180218,77.7184445,12.9586397
node/13215180223,77.7185585,12.9585515
node/13215180235,77.7185478,12.958345
node/13215180238,77.7185138,12.9579127
node/13215180239,77.7185303,12.9581232
node/13215180256,77.7184952,12.9576766
node/13215180269,77.7184787,12.957468
node/13215180278,77.7180456,12.9576288
node/13215180282,77.7180657,12.9578464
node/13215180287,77.7180784,12.9580392
node/13215180290,77.7180992,12.9582809
node/13215180308,77.7177425,12.9586018
node/13215180316,77.7181052,12.9585757
node/13228842896,77.7175018,12.9538044
node/13232104949,77.7208092,12.958458
node/13232104977,77.7211422,12.9593624
node/13232104978,77.7210436,12.9593775
node/13232104988,77.7207982,12.9593912
node/13232104996,77.7206265,12.9594827
node/13232105000,77.7205709,12.9593977
node/13232118506,77.7203623,12.9594121
node/13233867982,77.7204547,12.9581624
node/13233867983,77.7202894,12.9581689
node/13233867988,77.7201236,12.9581754
node/13233867991,77.7199496,12.9581816
node/13233867993,77.7197866,12.9581887
node/13233917301,77.7194698,12.9582012
node/13233917304,77.7195791,12.9583672
node/13233917328,77.719792,12.958494
node/13233917329,77.7196539,12.9584838
node/13233917339,77.7199667,12.9584855
node/13233917342,77.7201363,12.958478
node/13233917346,77.7202966,12.9584698
node/13233917355,77.720472,12.9584623
node/13233917363,77.7206389,12.9584623
node/13240197153,77.5177653,12.9283192
node/13240197165,77.5169108,12.9287232
node/13259197485,77.5750685,12.8763851
node/13259197486,77.5750456,12.8762356
node/13259197489,77.5750227,12.8760648
node/13259197490,77.5749972,12.8758893
node/13259197491,77.5749725,12.8757303
node/13259197492,77.5749483,12.8755644
node/13259197493,77.5747494,12.8762681
node/13259197494,77.5747227,12.8760855
node/13259197495,77.5746822,12.8758904
node/13259197496,77.5754244,12.8764624
node/13259197497,77.5754162,12.8763353
node/13259197498,77.5753999,12.8762078
node/13259197499,77.5753891,12.8760525
node/13259197500,77.5753605,12.8758776
node/13259200201,77.5753311,12.8756466
node/13259200204,77.5757609,12.876268
node/13259200205,77.5757011,12.8758064
node/13259200206,77.5756809,12.8755626
node/13259200207,77.5757347,12.8760323
node/13272024160,77.6197229,12.9707519
node/13272024161,77.6197197,12.9708425
node/13279137657,77.468399,13.1343163
node/13279137658,77.4683841,13.1342315
node/13290307092,77.6674079,12.9247905
node/13299108712,77.6195216,12.9713811
node/13310076318,77.7197605,12.9594426
node/13315895548,77.6196368,12.9716275
node/13315895550,77.6197307,12.9707053
node/13318716781,77.6196627,12.9713346
node/13324214198,77.6905412,12.9345818
node/13341731048,77.5923162,12.9558741
node/13341769924,77.5922964,12.9557002
node/13341769925,77.5926303,12.9554362
node/13341783363,77.5979226,12.9517237
node/13390026113,77.5406615,12.9962189
node/13390026115,77.5405863,12.9960062
node/13390026116,77.5405095,12.9957872
node/13390026118,77.5404409,12.9955649
node/13390026121,77.5405393,12.9955556
node/13390026123,77.5407537,12.9955348
node/13390026125,77.5408122,12.9956483
node/13390026127,77.541035,12.9955239
node/13390026401,77.5418758,12.9978514
node/13390026402,77.5417799,12.9977199
node/13390026405,77.5417021,12.9976204
node/13390026407,77.5415864,12.9974478
node/13390026409,77.5415262,12.9972621
node/13390026413,77.5413747,12.9973612
node/13390026417,77.5411841,12.9973718
node/13390026418,77.5411156,12.9973014
node/13390026420,77.5409948,12.9971811
node/13390026422,77.5410159,12.9971369
node/13390026427,77.5409182,12.9969487
node/13390026429,77.5408305,12.9967167
node/13390026431,77.5407448,12.9964599
node/13390027912,77.5412733,12.9955168
node/13390027917,77.5414801,12.9955021
node/13390027921,77.5416169,12.9954903
node/13481171851,77.5867184,13.0239268
node/13481171853,77.5868369,13.0239008
node/13481171854,77.5868893,13.0242434
node/13481171855,77.5869544,13.0244816
node/13481171856,77.5869905,13.0246568
node/13481171857,77.5870467,13.0248649
node/13481171858,77.5870832,13.025099
node/13481171859,77.5871825,13.0251843
node/13481171860,77.5872148,13.0253444
node/13481171861,77.5872869,13.0256173
node/13481171862,77.5873127,13.0257368
node/13481171863,77.5873773,13.0259636
node/13481171864,77.5874049,13.0260845
node/13481171865,77.5874349,13.0262424
node/13481171866,77.5875122,13.0264847
node/13481171867,77.5875122,13.0264847
node/13481171868,77.5873848,13.0265476
node/13481171869,77.5877009,13.0264705
node/13481171870,77.5878639,13.0264226
node/13481171871,77.5878639,13.0264226
node/13481204874,77.5892529,13.0253593
node/13481204875,77.5892529,13.0253593
node/13481204876,77.5896082,13.0253454
node/13481207512,77.587841,13.0263033
node/13481207513,77.5880448,13.0263725
node/13481207514,77.588185,13.0263409
node/13481207515,77.5883197,13.0260195
node/13481207516,77.5885362,13.0262336
node/13481207517,77.5887181,13.0262032
node/13481207518,77.5887181,13.0262032
node/13481207519,77.5886762,13.0260823
node/13481207520,77.5886006,13.025949
node/13481207521,77.588568,13.0257324
node/13481207522,77.5885408,13.0254536
node/13481207523,77.5885408,13.0254536
node/13481207524,77.5887347,13.0254374
node/13481207525,77.588985,13.0254025
node/13481207526,77.5888243,13.0255933
node/13531518183,77.6169588,13.0011416
node/13531565456,77.6172962,13.0015059
node/13531565457,77.6172743,13.0012875
node/13531565458,77.6172548,13.0011294
node/13531565459,77.6172415,13.0009823
node/13531565464,77.6172254,13.0008371
node/13706213059,77.7240282,12.9600153
node/13706213060,77.7240178,12.9598525
node/13706213064,77.7239907,12.959218
node/13706213065,77.723997,12.9593572
node/13706213066,77.7240034,12.9595261
node/13706213067,77.7240069,12.9596905
node/13913625688,77.6405785,12.9585907
node/13913642222,77.6389209,12.9597281
node/13913647000,77.6386288,12.9604106
node/13913666490,77.6392599,12.9587826
node/13913681578,77.6389209,12.9597281
node/13913695623,77.6389159,12.9587887
node/13913714922,77.638839,12.9591708
node/13913714923,77.6387897,12.9590632
node/13913714924,77.6388085,12.958946
node/13913714925,77.6388581,12.9587956
node/13913715449,77.6400105,12.9586815
node/13913717265,77.6389209,12.9597281
node/13913724501,77.6386267,12.9602738
node/13913724502,77.6386267,12.9602738
node/13913724503,77.6385348,12.96028
node/13913728882,77.6388376,12.959057
node/13913728883,77.6388498,12.9591706
node/13913728884,77.6388772,12.95933
node/13913728885,77.6388988,12.9594959
node/13913728886,77.6389196,12.9596301
node/13913728887,77.6389388,12.9597953
node/13913728889,77.63896,12.9599452
node/13913729740,77.6388383,12.9602496
node/13913729741,77.6390008,12.9602387
node/13913729897,77.639511,12.9587524
node/13913735492,77.6397007,12.9587149
node/13913744977,77.6401586,12.958687
node/13913744978,77.6403252,12.9586698
node/13913764934,77.6398449,12.9586827
node/13913766169,77.6392051,12.9587799
node/14026985980,77.6457382,12.9085963
node/14052699974,77.6424432,13.0839411
node/14052736010,77.6424904,13.0838406
node/14052736011,77.6424868,13.0837357
node/14052736012,77.6424933,13.0836313
node/14052736013,77.642436,13.0835568
node/14052736014,77.642398,13.0834671
node/14052736015,77.6423018,13.0834973
node/14052736016,77.6421484,13.083536
node/14052736017,77.6420865,13.0835516
node/14055333324,77.6420163,13.0835654
node/14055333325,77.6419293,13.0835808
node/14055333326,77.6418398,13.0836067
node/14055333329,77.6417964,13.0836209
node/14055333332,77.6417285,13.0836343
node/14057577290,77.6416149,13.08387
node/14057577291,77.6415141,13.0839419
node/14071784812,77.6416244,13.083674
node/14071784813,77.6415622,13.0836898
node/14071784814,77.641465,13.0837152
node/14071784815,77.6413669,13.0837297
node/14071784816,77.6412922,13.0837253
node/14080344515,77.5377692,12.9858691
node/14132605018,77.5117543,12.959683
node/14132610754,77.5126065,12.9597446
node/14132610755,77.5124016,12.9599327
node/14132621583,77.509627,12.9595607
node/14132621584,77.5099031,12.9594829
node/14132621585,77.5099576,12.9596694
node/14132621586,77.5100191,12.9598727
node/14132621587,77.5100598,12.960027
node/14132621588,77.5101031,12.960162
node/14132621589,77.510214,12.9606102
node/14132621590,77.5102536,12.9608906
node/14132621592,77.5108889,12.9611412
node/14132621600,77.510181,12.9604108
node/14136523171,77.6479226,13.0123619
node/14136523172,77.6479165,13.0123789
node/14136523173,77.6481801,13.0124965
node/14136523174,77.648172,13.0125116
node/14148276670,77.7047056,12.8257024
