osm_id,crossing_type,signals,markings,crossing_island,tactile_paving,longitude,latitude
node/26529655,uncontrolled,,,,,77.619186,12.9726314
node/249082186,uncontrolled,,zebra,,,77.6065554,12.9779781
node/249088235,uncontrolled,,zebra,,,77.5947156,12.9762574
node/249143050,,,,,,77.577576,12.9511248
node/249258666,traffic_signals,,,,,77.5799612,12.9485646
node/249843511,,,no,,,77.57431,12.9198688
node/251142704,uncontrolled,,,,,77.693692,12.9961503
node/251361756,,,,,,77.569251,13.011901
node/264339284,,no,,,,77.6604948,12.9017126
node/266175093,traffic_signals,,zebra,no,no,77.6381298,12.9124372
node/266272844,traffic_signals,no,yes,,,77.6325121,12.912407
node/287904671,traffic_signals,,zebra,,,77.602354,12.9793375
node/292566570,uncontrolled,,zebra,,,77.692634,12.9079234
node/295747252,marked,,,,,77.5616633,13.0115424
node/298775237,uncontrolled,,,,,77.6404502,12.9609125
node/308229550,uncontrolled,,zebra,no,,77.5848814,13.0991534
node/314699408,,,,,,77.5723728,12.9780808
node/343670377,uncontrolled,,,,,77.6766034,13.0004202
node/382803180,traffic_signals,,no,,,77.5732862,12.9035697
node/428836843,traffic_signals,,zebra,,,77.6002904,12.9680658
node/428845619,unmarked,,no,,,77.6009999,12.9763854
node/428851678,,,zebra,,,77.5713192,12.9801146
node/429001266,traffic_signals,,zebra,,,77.5869951,12.9653314
node/431545297,,,zebra,,,77.5567563,13.0455033
node/442437666,uncontrolled,,,,,77.6620437,13.0129635
node/459656137,traffic_signals,,no,,,77.5951069,12.9624019
node/473760710,,,zebra,no,no,77.554364,13.0121413
node/481754476,traffic_signals,,zebra,,,77.6088201,12.9773635
node/493556454,traffic_signals,,zebra,,,77.5857891,12.9169287
node/631594704,uncontrolled,,,,,77.6266853,12.9766257
node/661987274,uncontrolled,,yes,,,77.5925797,12.9751676
node/663551392,unmarked,,no,,,77.5906004,12.9764665
node/663596564,traffic_signals,,zebra,,,77.6023624,12.9791119
node/663596569,traffic_signals,yes,zebra,,,77.5975128,12.9809654
node/665062618,traffic_signals,,,,,77.5872502,12.9679969
node/699704181,uncontrolled,,,,,77.5064041,12.9311261
node/825408471,unmarked,,no,,,77.6920495,12.9196325
node/955696079,uncontrolled,,zebra,,,77.7367194,12.9876589
node/964834530,uncontrolled,,,,,77.7027916,12.9936163
node/964834534,uncontrolled,,,,,77.7028203,12.9937104
node/1019494622,,no,,,,77.7420484,12.9570743
node/1067841666,uncontrolled,,,,,77.6068055,12.9714722
node/1078399212,,,,,,77.5570809,13.0435434
node/1078399228,,,,,,77.557189,13.0436037
node/1111583837,,,,,,77.5524989,12.9857985
node/1232963667,traffic_signals,yes,zebra,,,77.6070419,12.9720704
node/1232963669,marked,yes,zebra,,,77.6072434,12.9721282
node/1232963680,traffic_signals,,zebra,,,77.601771,12.9764183
node/1268904244,,,,,,77.6946799,12.9958934
node/1290058658,uncontrolled,,,,,77.6098192,12.9927003
node/1371859116,uncontrolled,,no,,,77.7199152,12.9652161
node/1382502186,unmarked,,no,,,77.7184361,12.9653711
node/1404460921,traffic_signals,,zebra,,,77.6409112,12.9785028
node/1417443302,marked,,,,,77.6323255,12.899473
node/1435591556,,,,,,77.5801023,13.0264702
node/1439294185,uncontrolled,,,,,77.5372213,12.9858933
node/1442997880,zebra,,,,,77.7051324,12.9347593
node/1454651908,traffic_signals,,zebra,,,77.6103494,12.9701178
node/1460720480,uncontrolled,,zebra,,,77.6038689,12.9658365
node/1463690595,uncontrolled,,zebra,,,77.4988361,12.9247425
node/1523569728,uncontrolled,,,,,77.7272768,12.9763425
node/1523569752,uncontrolled,,zebra,,,77.7271205,12.9766436
node/1536595787,uncontrolled,,,,,77.601406,12.9730398
node/1611272461,traffic_signals,,,,,77.588721,12.9675872
node/1614268214,uncontrolled,,,,,77.584963,12.993848
node/1634963558,,,,,,77.7268528,12.9766623
node/1634963588,,,,,,77.7267637,12.9766678
node/1636623267,unmarked,,,,,77.5845842,12.9779961
node/1636623269,,,zebra,,,77.5942587,12.972202
node/1698055244,uncontrolled,,,,,77.619646,12.9724634
node/1698120515,,,,,,77.6033673,12.9728085
node/1837339325,traffic_signals,,zebra,,,77.5854135,12.9640749
node/1837445449,traffic_signals,,zebra,,,77.6086104,12.9773072
node/1837595265,,,,,,77.6071186,12.9791811
node/1866240329,uncontrolled,,zebra,yes,,77.5917887,12.9063429
node/1921321059,,,,,,77.7169007,12.973077
node/1947633334,,,,,,77.5812815,13.0252694
node/2099691583,uncontrolled,,zebra,,,77.6731985,12.9170649
node/2099691617,uncontrolled,,zebra,,,77.6953056,12.9073447
node/2099691618,uncontrolled,,zebra,,,77.6926567,12.9080283
node/2384193088,,,,,,77.5862514,12.8988541
node/2387316380,,,,,,77.6849163,12.9136998
node/2387522070,uncontrolled,,zebra,,,77.6731526,12.916978
node/2389657884,,,,,,77.5706799,13.0759571
node/2397332881,,,,,,77.6529409,12.8401561
node/2398115422,traffic_signals,,zebra,,,77.670689,12.8473695
node/2406863577,traffic_signals,,no,no,no,77.6655558,12.921086
node/2407671512,uncontrolled,,,,,77.6477532,12.9118814
node/2407671514,uncontrolled,,zebra,,,77.6441956,12.9121257
node/2414635990,uncontrolled,,zebra,no,no,77.6446563,12.912291
node/2425695255,uncontrolled,,,,,77.4173706,13.082862
node/2473493600,unmarked,,no,,,77.6064357,12.9677115
node/2483705215,unmarked,,no,,,77.7014554,12.9571009
node/2496920275,marked,yes,yes,,,77.6102152,12.9809235
node/2571055921,uncontrolled,,yes,,,77.5901068,12.9782204
node/2703669980,,yes,,,,77.5837967,13.0145703
node/3149178085,zebra,,,,,77.592501,12.903594
node/3304145036,,,,,,77.6415875,12.9590682
node/3304145037,,,,,,77.6416212,12.9593305
node/3304182906,marked,,,,,77.6231005,12.981734
node/3305119472,unmarked,,no,,,77.7015502,12.9570981
node/3305876071,traffic_signals,,zebra,,,77.6019024,12.9767233
node/3328206530,unmarked,,no,,,77.6045791,12.9587679
node/3343241159,,no,no,,,77.607458,12.9736161
node/3343241170,uncontrolled,,,no,,77.606542,12.9746081
node/3343241603,,no,,,,77.6042878,12.9759
node/3370456531,traffic_signals,,zebra,,,77.6451649,12.9855854
node/3370456532,traffic_signals,,zebra,,,77.6450923,12.9855643
node/3424837081,,no,zebra,,,77.590239,12.9517139
node/3424837423,traffic_signals,,,,,77.5852501,12.9539667
node/3425233784,traffic_signals,,zebra,,,77.5797721,12.9483593
node/3425236879,traffic_signals,,,,,77.5800772,12.9480116
node/3425236882,traffic_signals,,,,,77.579804,12.9480681
node/3425238998,traffic_signals,,,,,77.5801494,12.9484998
node/3425239021,traffic_signals,,,,,77.5800497,12.9485655
node/3461278326,,,zebra,,,77.5886111,12.9807953
node/3491596840,unmarked,,no,,,77.721398,12.9720418
node/3526294442,,,,,,77.6219166,12.9979981
node/3526294457,,no,no,no,,77.6223169,12.9984147
node/3541170998,uncontrolled,,,,,77.527626,13.0350984
node/3541170999,zebra,,,,,77.5277513,13.0352688
node/3541171000,zebra,,,,,77.5277587,13.0353062
node/3549420612,uncontrolled,,,,,77.5886647,12.9868787
node/3554105062,marked,,,,,77.6622734,12.9214429
node/3592140789,uncontrolled,,,,,77.7148702,12.956404
node/3592142895,uncontrolled,,,,,77.7154003,12.9577765
node/3592142911,unmarked,,no,no,no,77.7165931,12.9606422
node/3592142914,unmarked,,no,,,77.7164394,12.9609307
node/3592142915,unmarked,,no,,,77.7165161,12.9613286
node/3592142917,unmarked,,,,,77.716577,12.961691
node/3592142970,uncontrolled,,,,,77.7174702,12.9668936
node/3592142972,uncontrolled,,,,,77.7171625,12.9670485
node/3592142973,,,,,,77.7167058,12.9672484
node/3632570058,marked,,,,,77.587665,12.9841912
node/3641923615,traffic_signals,,zebra,,,77.5966431,12.9649674
node/3676182396,,yes,,,,77.5837958,13.0145016
node/3676224312,,,,,,77.6195472,13.0034188
node/3691984718,unmarked,,no,,,77.596261,12.9815132
node/3701772911,,,,,,77.5888309,12.9682743
node/3710166632,,,,,,77.5834094,12.9104911
node/3755575734,uncontrolled,,,,,77.5745797,12.9808191
node/3820268559,,,zebra,,,77.5538871,12.9798745
node/3830232456,,,,,,77.682913,12.9287174
node/3870439504,uncontrolled,,,,,77.601226,13.0022259
node/3881643692,,,,,,77.5971188,12.9839906
node/3903930568,,,,,,77.5567816,13.0440941
node/3943325832,,,,,,77.5889992,12.9673208
node/3943325834,marked,,,,,77.5888121,12.967391
node/3943325837,marked,,,,,77.5886393,12.9674469
node/3943327569,,,zebra,,,77.5937307,12.9720841
node/4005080506,unmarked,,,,yes,77.5694311,13.0132455
node/4017403929,uncontrolled,,,,,77.5931584,12.975067
node/4030004338,traffic_signals,,,,,77.5956053,12.9934328
node/4030020701,marked,,zebra,,,77.583644,13.0144297
node/4030020746,uncontrolled,,zebra,,,77.5836424,13.0147462
node/4044071347,traffic_signals,yes,,,,77.6088123,12.9665797
node/4044263595,uncontrolled,,yes,,,77.6112188,12.9743038
node/4058224494,,,,,,77.5938821,12.9724456
node/4058224850,traffic_signals,,zebra,,,77.5941322,12.9722106
node/4058224855,traffic_signals,,zebra,,,77.5940701,12.9722594
node/4058224860,,,,,,77.59374,12.9723462
node/4058226163,,,,,,77.6060432,12.9713844
node/4127931105,traffic_signals,,,,,77.5799433,12.9480131
node/4159727916,uncontrolled,,no,no,no,77.7141563,12.967664
node/4159737484,unmarked,,no,,,77.7036585,12.9745386
node/4219267230,unmarked,,,,,77.5416326,12.9321489
node/4227954766,,,,,,77.6173045,12.9884615
node/4227954767,,,,,,77.617353,12.9885214
node/4282467250,unmarked,,no,,,77.6203384,12.9490254
node/4318640432,traffic_signals,,zebra,,,77.6078317,12.9752163
node/4326443943,uncontrolled,,zebra,,,77.6169283,12.9729751
node/4326443944,uncontrolled,,zebra,,,77.6169552,12.9730798
node/4326444331,uncontrolled,,yes,,,77.6151679,12.9733747
node/4326444332,uncontrolled,,yes,,,77.615193,12.973487
node/4345450911,marked,,yes,,,77.6230445,12.9814962
node/4345450912,uncontrolled,,yes,,,77.6231855,12.9815767
node/4345450913,marked,,yes,,,77.6229016,12.9815772
node/4345450915,marked,,yes,,,77.6230486,12.9818137
node/4558992267,,no,yes,no,,77.6491264,12.9599187
node/4558992268,,yes,,,,77.6490995,12.9599228
node/4562270099,traffic_signals,,zebra,,,77.6016742,12.9765205
node/4562270100,traffic_signals,,zebra,,,77.6016783,12.976632
node/4562270103,marked,,,no,,77.6025241,12.9762878
node/4562270105,traffic_signals,,zebra,,,77.6019565,12.9765136
node/4562270106,traffic_signals,,zebra,,,77.6019835,12.9766328
node/4562270112,uncontrolled,,,,,77.6003046,12.9767656
node/4562270114,traffic_signals,,zebra,,,77.6017845,12.9767363
node/4567865866,zebra,,,,,77.6459681,12.9101233
node/4720411944,traffic_signals,,,,,77.585454,12.9542115
node/4960830659,traffic_signals,,zebra,,,77.5976457,12.980613
node/4979669565,traffic_signals,,zebra,,,77.5973943,12.9806411
node/4979669566,traffic_signals,,zebra,,,77.5975229,12.9806945
node/4979669584,uncontrolled,,zebra,,,77.5969137,12.9811431
node/5239824078,uncontrolled,,,,,77.7094416,12.8949609
node/5279022344,marked,,,,,77.6133866,13.0483275
node/5318016643,,,,,,77.6042173,13.0123544
node/5346843791,,,,,,77.5894364,12.9183625
node/5346843792,,,,,,77.5894387,12.9186223
node/5354313610,,,,,,77.5857637,12.9064976
node/5503164665,zebra,,,,,77.6942682,12.9693902
node/5503456922,uncontrolled,,zebra,,,77.6937611,12.98333
node/5558663805,,,,,,77.5887795,12.990402
node/5630066091,uncontrolled,,,,,77.6414567,12.9547117
node/5772248544,uncontrolled,,zebra,,,77.6445296,12.9119297
node/5774329558,traffic_signals,yes,yes,no,no,77.6381902,12.9123377
node/5774329559,traffic_signals,yes,zebra,,,77.6380062,12.9123413
node/5774329561,uncontrolled,yes,yes,,,77.6381248,12.9122096
node/5776776198,,,,,,77.6837172,12.9086163
node/5776776205,,no,,,,77.6844824,12.9106487
node/5776814984,uncontrolled,,ladder,,,77.6821679,12.9064267
node/5841552614,uncontrolled,,zebra,,,77.6382521,12.9144818
node/5961493016,uncontrolled,,zebra,,,77.6516287,12.917332
node/5961754438,unmarked,,no,,,77.6490322,12.9119961
node/6033543671,uncontrolled,,ladder,,,77.4752748,13.0561804
node/6081898591,unmarked,,no,,,77.7115229,12.9719743
node/6088214822,unmarked,,no,,,77.7164756,12.9675206
node/6095353667,uncontrolled,,no,,,77.7094316,12.9561817
node/6106249913,,,,,,77.5632185,12.9113144
node/6130218355,unmarked,,no,,,77.7015173,12.9729743
node/6144095953,,,,,,77.6855129,12.9188268
node/6341481037,,,,,,77.652046,12.8405229
node/6341481038,unmarked,,,,,77.6519071,12.840564
node/6342124093,unmarked,,no,,,77.7016515,12.9682077
node/6351617117,,,,,,77.6380919,12.9155004
node/6390283418,marked,,,,,77.6058793,12.9580705
node/6390283419,marked,,,,,77.6060812,12.9578673
node/6390283421,marked,,yes,,,77.6027885,12.9446644
node/6390283423,traffic_signals,,zebra,no,no,77.5999729,12.9130248
node/6393744353,unmarked,,no,,,77.601725,12.9757854
node/6421083998,,,,,,77.5985431,12.9663908
node/6421083999,,,,,,77.5986179,12.9664528
node/6421084000,,,,,,77.5987314,12.9665538
node/6421084001,,,,,,77.5994769,12.9672323
node/6421128489,marked,,,,,77.6041237,12.9704925
node/6421128490,marked,,,,,77.6043238,12.970589
node/6421128494,,,,,,77.6055083,12.9712815
node/6457537021,marked,,yes,,,77.69644,12.9417615
node/6457628261,marked,,yes,,,77.6960049,12.9414614
node/6457628264,marked,,yes,,,77.6962845,12.941856
node/6484944160,marked,,,,,77.5359883,12.9350774
node/6485062310,,no,no,no,,77.641166,12.9738618
node/6494970758,uncontrolled,,no,,,77.6683083,12.9218815
node/6508995404,unmarked,,,,,77.6993723,12.9998242
node/6508995405,unmarked,,,,,77.699382,12.9997735
node/6584009908,traffic_signals,,zebra,,,77.6046777,12.9708459
node/6584009909,traffic_signals,,zebra,,,77.6048529,12.9708001
node/6584009910,traffic_signals,,,,,77.6048987,12.9709466
node/6584009911,traffic_signals,,,,,77.6047732,12.9709852
node/6746625200,,,,,,77.6433945,12.9605696
node/6834406254,traffic_signals,,zebra,no,no,77.599499,12.9767041
node/6834406257,traffic_signals,,zebra,,,77.5994948,12.9766159
node/6834406260,traffic_signals,,zebra,,,77.5993603,12.9764466
node/6834406263,traffic_signals,,zebra,,,77.5991167,12.9764894
node/6834406264,traffic_signals,,zebra,,,77.5990331,12.9765605
node/6834406270,traffic_signals,,zebra,,,77.5993063,12.9768207
node/6834406271,traffic_signals,,zebra,,,77.5991642,12.9767765
node/6834406272,traffic_signals,,zebra,,,77.5989327,12.9766707
node/6874903961,,,,,,77.6913454,12.9299957
node/6884944404,,,,,,77.5556282,13.0130251
node/6906325803,,,,,,77.7154639,12.9574449
node/6906325805,,,,,,77.7158164,12.9583666
node/6906325808,,,,,,77.7162006,12.9600284
node/6906325809,,,,,,77.7163115,12.9604143
node/6906325811,,,,,,77.7169426,12.96274
node/6906325812,,no,,,,77.7175133,12.9632433
node/6906325826,traffic_signals,,no,no,,77.7115818,12.9724173
node/6906325831,,,,,,77.7088437,12.9801549
node/6906325834,,,,,,77.7105999,12.9750494
node/6906325836,traffic_signals,,no,no,no,77.711632,12.9722849
node/6906325837,unmarked,,,,,77.7119077,12.9715503
node/6906325838,unmarked,,no,,,77.7120045,12.9712948
node/6906325839,unmarked,,no,,,77.7121116,12.9710122
node/6906325840,unmarked,,,,,77.7122146,12.970762
node/6906325844,unmarked,,,no,,77.7127654,12.9694467
node/6906325845,,,,,,77.7129918,12.9689379
node/6906325847,,no,no,no,,77.7133977,12.9680817
node/6906325848,,no,,,,77.7140903,12.9675302
node/6906325849,,no,no,no,,77.7157256,12.9674263
node/6906325850,,,,,,77.7145473,12.9674967
node/7094517758,marked,,,,,77.7400233,13.0388091
node/7094517761,marked,,,,,77.7404188,13.0389197
node/7144469421,unmarked,,no,,,77.7321044,12.9563746
node/7232207790,unmarked,,no,,,77.5832648,13.014467
node/7287215946,,,,,,77.5800848,12.9505599
node/7287518216,traffic_signals,,zebra,,,77.5857481,12.9170948
node/7287532348,traffic_signals,,,,,77.5799222,12.9485639
node/7287532350,traffic_signals,,yes,,,77.5797739,12.9483971
node/7291394852,uncontrolled,,zebra,,,77.5626583,12.8885606
node/7292006664,,,no,,,77.5742308,12.9198917
node/7328099136,uncontrolled,,zebra,,,77.6979773,12.9064637
node/7432359265,traffic_signals,yes,zebra,,,77.6380533,12.9122108
node/7432359266,traffic_signals,,,,,77.6380588,12.9124397
node/7432359267,traffic_signals,yes,zebra,no,no,77.6381878,12.9122651
node/7432359268,traffic_signals,yes,zebra,,,77.638007,12.9122741
node/7448812128,traffic_signals,,yes,,,77.6068998,12.9718422
node/7452201883,unmarked,,no,,,77.620163,12.9747151
node/7466375646,unmarked,,no,no,,77.7275274,12.9801955
node/7479989152,uncontrolled,,,,,77.5857687,12.918662
node/7483782049,uncontrolled,,zebra,,,77.5740111,12.9436536
node/7575043125,,,,,,77.6120618,12.9345719
node/7777467121,marked,,,,,77.5579553,13.0185097
node/8240810703,uncontrolled,,,,,77.6074909,12.9935188
node/8240810704,traffic_signals,,,,,77.6074962,12.9935739
node/8240810706,traffic_signals,,,,,77.6074291,12.9936598
node/8403844104,marked,,,,,77.66226,12.9213196
node/8516084205,uncontrolled,,zebra,,,77.6448017,12.9121712
node/8516084206,uncontrolled,,zebra,no,no,77.644524,12.9121847
node/8524954783,unmarked,,,,,77.6405274,12.9992985
node/8557320708,marked,,,,,77.687342,12.909693
node/8640163088,,,,,,77.6587101,12.8943239
node/8989627062,marked,,zebra,,,77.5894852,12.9858928
node/9161059596,traffic_signals,,zebra,no,no,77.5909182,12.9776216
node/9162183600,,,,,,77.5969156,12.9804561
node/9633893516,uncontrolled,,zebra,,,77.5918913,12.9703397
node/9773097049,,no,no,no,,77.6456388,12.9602601
node/9773097050,,no,,,,77.6460845,12.9602143
node/9773097051,,no,,,,77.6470599,12.9601165
node/9773097057,unmarked,,no,,,77.6483681,12.95976
node/9773097060,unmarked,,,,,77.6469782,12.9599235
node/9773097065,,no,no,,,77.6497878,12.9596033
node/9773097080,,,,,,77.6596793,12.9591927
node/9773097096,,no,no,no,,77.66086,12.9591974
node/9792241978,unmarked,,,,,77.7167261,12.9613744
node/9792242001,,,,,,77.7091321,12.956223
node/9796561537,uncontrolled,,yes,,,77.6032942,12.9801528
node/9797797920,,no,,,,77.6518204,12.9887953
node/9797797925,,no,,,,77.6525467,12.9916681
node/9797797931,unmarked,,,,,77.6593334,12.9921544
node/9797797932,unmarked,,,,,77.6596838,12.9923312
node/9797797933,,,,,,77.6610496,12.9929924
node/9797797934,,,,,,77.6600514,12.9925204
node/9797797935,,,,,,77.6623215,12.9935906
node/9797797948,,,,,,77.6537759,12.9897665
node/9804275330,,,,,,77.6070611,12.9791999
node/9807823465,,,ladder,,,77.6173291,13.1445971
node/9820589398,,,,,,77.6811331,12.9255988
node/9820626917,,,,,,77.6811826,12.9251678
node/9820626918,,,,,,77.6811544,12.925423
node/9828511705,uncontrolled,,no,,,77.6678408,12.9221258
node/9828511711,unmarked,,no,,,77.6657051,12.9206993
node/9828511712,marked,,yes,no,,77.6653729,12.9207372
node/9828511715,uncontrolled,,no,,,77.6686996,12.9220643
node/9828540932,,,,,,77.6827053,12.9286143
node/9828540937,uncontrolled,,,,,77.6846658,12.9295306
node/9828540938,uncontrolled,,,,,77.684949,12.9296894
node/9828540939,uncontrolled,,,,,77.6852254,12.9298737
node/9828540947,,,,,,77.6845013,12.9294536
node/9828540963,uncontrolled,,no,,,77.665255,12.9230318
node/9828541035,uncontrolled,,no,,,77.6653963,12.9230115
node/9832350646,,,,,,77.638201,12.9128637
node/9832350648,uncontrolled,,,,,77.6382762,12.9151208
node/9832364240,unmarked,,no,,,77.6399369,12.9123528
node/9835980885,,,,,,77.6051291,12.9721201
node/9835980890,uncontrolled,,,,,77.6015899,12.9758464
node/9835980891,uncontrolled,,zebra,,,77.6015348,12.9754872
node/9835980893,uncontrolled,,,,,77.6012028,12.9731852
node/9835980896,,no,yes,,,77.6041619,12.9751411
node/9835980909,uncontrolled,no,zebra,,,77.6041357,12.9752377
node/9835980915,,,,,,77.6005496,12.9693186
node/9840724178,,,,,,77.7169265,12.967364
node/9841504941,marked,,zebra,,,77.7337704,12.9878417
node/9847353061,,,,,,77.6149408,12.9295294
node/9854961763,,no,no,no,,77.6963485,12.939053
node/9854961764,,no,no,no,,77.6970849,12.9387418
node/9854961765,,no,no,no,,77.6972544,12.938665
node/9854961784,,,,,,77.7006285,12.9376921
node/9857144280,marked,yes,,,,77.6954936,12.9393518
node/9862492315,unmarked,,no,,,77.7001422,12.9525037
node/9864119142,uncontrolled,,zebra,,,77.7170386,12.9557319
node/9865864899,marked,,,,,77.7205892,12.9377571
node/9876725420,uncontrolled,,zebra,,,77.7208829,12.9558597
node/9876725421,uncontrolled,,zebra,,,77.7208875,12.9557807
node/9884967521,uncontrolled,,,,,77.7211451,12.9557885
node/9884967522,uncontrolled,,yes,,,77.721144,12.9558616
node/9899499584,marked,,,,,77.4787083,13.0451833
node/9901365204,uncontrolled,,,,,77.6013782,12.9728929
node/9920825237,,no,no,no,,77.7173213,12.9556605
node/9920825242,uncontrolled,,,,,77.7209317,12.9557259
node/9920825243,,no,no,no,,77.7218564,12.9557391
node/9920825244,uncontrolled,,,no,no,77.7147761,12.9557417
node/9920825245,,,,,,77.7170999,12.9556525
node/9925149501,unmarked,,no,no,,77.7218466,12.9559181
node/9935220724,,,,,,77.7108855,12.9742871
node/9937521032,marked,yes,yes,no,no,77.7316662,12.9880098
node/9937521036,marked,yes,yes,,,77.7315951,12.9882522
node/9937521037,marked,yes,yes,no,no,77.7315836,12.9881731
node/9937521041,,,,,,77.7291502,12.9887243
node/9937521043,,,,,,77.7336374,12.9880129
node/9937603728,,,,,,77.7370726,12.9877219
node/9937639595,,,,,,77.7114881,12.972634
node/9937639597,,,,,,77.7114708,12.9726715
node/9938657090,,,,,,77.5842233,13.0044604
node/9938662028,,,,,,77.5935204,13.0044223
node/9938662032,marked,,,no,,77.5950529,12.999953
node/9945573632,,no,no,,,77.712387,12.970919
node/9949757494,,,,,,77.7244491,12.9676121
node/9949757509,,,,,,77.7265731,12.9664427
node/9951192662,traffic_signals,yes,zebra,no,no,77.7118312,12.9722339
node/9951192663,traffic_signals,yes,zebra,no,no,77.7117292,12.9722022
node/9952687924,traffic_signals,,yes,,,77.6111759,12.9742147
node/9952687925,,,,,,77.6117366,12.9739415
node/9952942386,traffic_signals,,zebra,no,,77.5854844,12.9640064
node/9952942397,,,,,,77.5850123,12.9639337
node/9952942400,marked,,yes,,,77.5839952,12.9639528
node/9952942404,,,,,,77.5817935,12.9641492
node/9952942413,,,,,,77.5803788,12.9642745
node/9952942414,,,,,,77.5807707,12.9642404
node/9952942415,,,,,,77.5811476,12.9642066
node/9952942416,,,,,,77.581543,12.9641712
node/9953019374,unmarked,,no,,,77.7010113,12.9571137
node/9953019377,unmarked,,no,,,77.7009887,12.9571174
node/9953100004,uncontrolled,,zebra,,,77.709327,12.9728104
node/9953892397,,,,,,77.7248402,12.9559723
node/9953892401,unmarked,,no,no,,77.7221117,12.9557434
node/9953892402,unmarked,,no,no,,77.7223208,12.9557451
node/9953892403,,,,,,77.7230403,12.9557712
node/9953892404,,no,,,,77.7233165,12.9557773
node/9953892407,uncontrolled,,yes,,,77.7235193,12.9558247
node/9953892408,uncontrolled,,yes,,,77.7235191,12.9559098
node/9965633899,,no,no,no,,77.7309707,12.9560764
node/9965633900,uncontrolled,,,,,77.7319494,12.9561742
node/9965633916,,no,,,,77.730344,12.9562161
node/9965634717,,no,no,no,no,77.7304838,12.9562195
node/9965634718,,no,no,no,no,77.7306392,12.9562297
node/9965634719,,no,no,no,no,77.7307831,12.9562369
node/9968069324,,,zebra,,,77.6094783,12.9732469
node/9968069329,,,zebra,,,77.6094916,12.9730829
node/9968069330,,,zebra,,,77.6090567,12.9729276
node/9968069332,unmarked,,no,,,77.6078699,12.9723088
node/9968069338,,,,,,77.6081051,12.972588
node/9968069339,,,,,,77.6081865,12.9726347
node/9968069340,,,,,,77.6084645,12.9727848
node/9968069342,,,,,,77.6100786,12.9734868
node/9968069355,unmarked,,no,,,77.6077228,12.9742935
node/9981071416,,no,,,,77.710963,12.9747996
node/9981143421,uncontrolled,,zebra,,,77.7272731,12.9766355
node/9981143423,uncontrolled,,,,,77.727033,12.9764528
node/9981143424,uncontrolled,,,,,77.7270452,12.9765858
node/9981143426,unmarked,,no,,,77.7265273,12.9763866
node/9981143429,uncontrolled,,,,,77.7270977,12.9763557
node/9981143438,uncontrolled,,zebra,,,77.7269893,12.9766807
node/9981175217,uncontrolled,,no,,,77.6089831,12.9820081
node/9981175218,unmarked,,no,,,77.6083522,12.9822215
node/9981175219,uncontrolled,,,no,,77.6071145,12.9826553
node/9981175220,uncontrolled,,,no,,77.607697,12.9824543
node/9981175221,uncontrolled,,no,,,77.6098309,12.9817217
node/9981175226,,,,,,77.6102943,12.9813778
node/9981175227,marked,,yes,,,77.6062485,12.9829376
node/9981175228,marked,,yes,,,77.6062245,12.9828822
node/9981175231,uncontrolled,,no,,,77.6097501,12.9816725
node/9983745331,uncontrolled,,zebra,,,77.610576,12.9718951
node/9984551451,traffic_signals,yes,yes,,,77.6111042,12.9742152
node/10001402820,,,,,,77.6068233,12.9779097
node/10005593350,unmarked,,,,,77.5139633,13.0745746
node/10005889025,,,,,,77.6046814,12.9751046
node/10016159588,marked,,,no,no,77.6026204,12.9753652
node/10016159593,uncontrolled,,,,,77.6025536,12.9756603
node/10016159597,marked,,,,,77.6023651,12.9756218
node/10016159606,,,no,,,77.605941,12.9747093
node/10016225524,uncontrolled,,,,,77.5888923,12.9870014
node/10016225528,uncontrolled,,,,,77.5896612,12.9860798
node/10016225530,,,,,,77.589739,12.9859745
node/10016225540,uncontrolled,,zebra,,,77.5917323,12.9835078
node/10016225575,marked,,,,,77.592341,12.9831551
node/10016225578,traffic_signals,,zebra,,,77.5947323,12.9819981
node/10016225579,traffic_signals,,zebra,,,77.5948562,12.9819365
node/10016225587,unmarked,,no,,,77.5938469,12.9808053
node/10016225594,traffic_signals,,zebra,,,77.5945393,12.9818078
node/10016225595,traffic_signals,,zebra,,,77.5946626,12.9817361
node/10016225605,,,,,,77.5978903,12.9800611
node/10016225607,,,,,,77.5990144,12.9775733
node/10016225612,traffic_signals,yes,zebra,,,77.5975491,12.9808395
node/10016225616,traffic_signals,,zebra,,,77.597237,12.9811264
node/10016346059,uncontrolled,,zebra,,,77.6016864,12.9759128
node/10016370962,traffic_signals,,zebra,,,77.584957,12.9636101
node/10017310825,,,,,,77.6101535,12.9744921
node/10017480985,,,no,,,77.7295987,12.988483
node/10017481120,,no,yes,yes,,77.7316639,12.9883017
node/10024065101,,,,,,77.5796422,12.9643361
node/10026312425,,,,,,77.5682958,12.9633762
node/10026604834,,,,,,77.5853952,12.9658951
node/10026604868,,,,,,77.5817352,12.9672358
node/10034231489,uncontrolled,,yes,no,,77.6380241,12.9611335
node/10035984290,,,,,,77.5833302,12.984361
node/10035995149,,,,,,77.6205613,13.0136236
node/10036348108,,,,,,77.5887823,12.9878419
node/10036417967,,,,,,77.5853022,12.9836696
node/10036417980,,,,,,77.5859801,12.9837803
node/10036417983,,,,,,77.5862268,12.983836
node/10036417988,,,,,,77.5864594,12.9838886
node/10038427180,,,,,,77.7314421,12.9883378
node/10038438805,,,,,,77.6008162,12.9709055
node/10038438810,uncontrolled,,no,,,77.5992151,12.9728181
node/10038442436,,,,,,77.6044842,12.9718179
node/10038561247,,,,,,77.6013701,12.9741724
node/10038561262,,,,,,77.6021259,12.9729997
node/10038561273,,,,,,77.6026063,12.9728592
node/10039209923,,,,,,77.5350813,13.0349924
node/10043347907,,,,,,77.6116446,12.9353721
node/10043347908,traffic_signals,yes,zebra,,,77.6123417,12.9344997
node/10043347909,traffic_signals,yes,zebra,no,no,77.6122378,12.9344425
node/10043935984,,,,,,77.6098148,12.973189
node/10043935985,,,,,,77.6083276,12.9725616
node/10043935986,,,,,,77.6087377,12.9727685
node/10044013205,traffic_signals,,,,,77.5884199,12.9674483
node/10044013208,traffic_signals,,zebra,,,77.5874582,12.9677767
node/10044013419,uncontrolled,,yes,,,77.5870786,12.9679669
node/10044013476,,,,,,77.5839886,12.9748867
node/10044013477,uncontrolled,,zebra,,,77.5871031,12.9679909
node/10045742299,traffic_signals,,zebra,no,no,77.7150265,12.9560123
node/10045742302,marked,,yes,,,77.7150065,12.9557717
node/10045742304,marked,,yes,,,77.7146036,12.956042
node/10045742307,marked,,yes,,,77.7145855,12.9558036
node/10049312950,,,,,,77.6380232,12.9130193
node/10049312956,unmarked,,no,,,77.6420492,12.9122925
node/10049312964,uncontrolled,,zebra,,,77.6447995,12.9121029
node/10049312966,uncontrolled,,zebra,,,77.6445314,12.9120381
node/10049386161,unmarked,,,,,77.6490535,12.9118437
node/10049386164,uncontrolled,,,,,77.65183,12.9118587
node/10049386165,uncontrolled,,,,,77.6518949,12.9118601
node/10049434084,unmarked,,,,,77.6447311,12.912879
node/10049434085,unmarked,,,,,77.6447518,12.9133532
node/10051271538,uncontrolled,,yes,,,77.7360346,12.9569816
node/10051271539,uncontrolled,,yes,,,77.7360469,12.9569069
node/10051271546,,no,no,no,,77.7359316,12.9570039
node/10051271550,,no,,,,77.7376829,12.9571299
node/10051271551,,no,,,,77.7379486,12.9571299
node/10051271552,,no,,,,77.7382221,12.9571216
node/10051271553,,no,,,,77.7385472,12.9571116
node/10051271560,,,,,,77.7341474,12.9565471
node/10051271561,,,,,,77.7343867,12.9565887
node/10051271568,,,zebra,,,77.7309308,12.9562024
node/10051271569,,no,zebra,,,77.7309295,12.9561277
node/10060517301,uncontrolled,,,,,77.5871123,12.9693145
node/10060517355,,,,,,77.5854496,12.9642014
node/10060517359,,,,,,77.5857755,12.9645481
node/10060517438,,,,,,77.5974713,12.9710555
node/10060571631,,,,,,77.5985665,12.9666362
node/10060645476,,,,,,77.6011791,12.9721766
node/10060645493,,,,,,77.6008444,12.9705676
node/10060645499,,,,,,77.6009258,12.9710268
node/10060645503,,,,,,77.6008054,12.9703897
node/10060645509,,,,,,77.6006491,12.9697257
node/10060658417,,,,,,77.6005039,12.9695736
node/10060658427,,,,,,77.6011035,12.9683601
node/10060658439,traffic_signals,,,,,77.6000541,12.9679707
node/10060658454,marked,,yes,,,77.5982021,12.966078
node/10060658457,,,,,,77.5979178,12.9658353
node/10060658464,,,,,,77.5981457,12.9660272
node/10060658497,marked,,,,,77.596224,12.9648782
node/10060658528,,,,,,77.5955571,12.963023
node/10060658542,,,,,,77.5958355,12.9632983
node/10066902918,unmarked,,no,,,77.6417133,12.9121371
node/10066902922,unmarked,,,,,77.6426883,12.9121232
node/10066902924,uncontrolled,,zebra,no,no,77.639998,12.9122368
node/10067187052,,no,no,no,,77.7124344,12.9702431
node/10067233799,marked,,,,,77.6905222,12.9337975
node/10067234342,unmarked,,yes,,,77.701542,12.9681628
node/10068631836,uncontrolled,,zebra,,,77.6877992,12.9551505
node/10068631837,uncontrolled,,zebra,,,77.6878136,12.9550716
node/10068631839,uncontrolled,,zebra,,,77.6717341,12.9578695
node/10068657831,marked,,yes,,,77.714835,12.956154
node/10068657832,marked,,yes,,,77.7149247,12.9561378
node/10068685436,,,,,,77.6416571,12.9596021
node/10068685439,,no,no,,,77.6415415,12.9603055
node/10068685440,,,,,,77.641766,12.9602817
node/10068943015,,,,,,77.6224586,12.9422184
node/10068943016,,,,,,77.6203294,12.9404384
node/10068956717,,,,,,77.6186891,12.9377464
node/10068956718,,,,,,77.6184019,12.9370493
node/10068956719,,,,,,77.6181616,12.9367723
node/10068956720,,,,,,77.6178783,12.9364909
node/10068956721,,,,,,77.6172376,12.9362593
node/10068956722,,,,,,77.6167918,12.9362392
node/10068956724,uncontrolled,,zebra,no,no,77.6269885,12.9373785
node/10068956725,traffic_signals,,zebra,no,no,77.6270563,12.9372886
node/10068956727,,,,,,77.6264454,12.9380793
node/10068956728,,,,,,77.625528,12.9398616
node/10068956729,,,,,,77.624961,12.9405172
node/10068956730,,,,,,77.6244866,12.9410126
node/10068956731,,,,,,77.6241951,12.9412985
node/10068956732,traffic_signals,,,no,,77.6228892,12.9425201
node/10068956753,traffic_signals,,zebra,no,no,77.6226933,12.9424392
node/10068956754,traffic_signals,,yes,,,77.6226414,12.942486
node/10068956757,traffic_signals,yes,zebra,,,77.622553,12.9427312
node/10068956786,traffic_signals,yes,zebra,no,no,77.6124336,12.9343269
node/10068956787,traffic_signals,yes,zebra,no,no,77.6123276,12.9342679
node/10068956789,,,,,,77.6167542,12.9362386
node/10068956790,,,,,,77.6158761,12.9360584
node/10068956791,unmarked,,,,,77.6153565,12.935787
node/10068956792,,,,,,77.612557,12.9344021
node/10068956820,,,,,,77.617012,12.9364005
node/10068956825,uncontrolled,,,,,77.6149319,12.9357763
node/10068956826,uncontrolled,,,,,77.615618,12.9361265
node/10068956830,,,,,,77.621474,12.9416473
node/10068956831,,,,,,77.6212008,12.9414383
node/10068956833,,,,,,77.6201824,12.9405304
node/10068956852,,,,,,77.6209793,12.9412691
node/10068956855,uncontrolled,yes,zebra,,,77.62251,12.9426848
node/10079035457,traffic_signals,,zebra,no,no,77.6962825,12.9953741
node/10079035488,marked,,zebra,,,77.7337851,12.987949
node/10079828856,,,,,,77.6578711,12.9913985
node/10079828862,,,,,,77.6590613,12.9920219
node/10079828873,unmarked,,,,,77.659784,12.9926566
node/10079828877,,,,,,77.6626052,12.9937172
node/10079828915,unmarked,,,,,77.6612221,12.9933598
node/10080442509,uncontrolled,,zebra,,,77.6066483,12.9780107
node/10080463634,marked,,,,,77.6043929,12.9819367
node/10080463644,traffic_signals,,zebra,,,77.5971519,12.9825759
node/10080463646,marked,,,,,77.5968061,12.981824
node/10080463647,marked,,,,,77.5968362,12.9817823
node/10080463650,,,,,,77.5971788,12.9815055
node/10080463651,,,,,,77.5971501,12.9818007
node/10080463659,uncontrolled,,zebra,,,77.5971266,12.9814242
node/10080463670,,,,,,77.5962879,12.9831276
node/10080463673,traffic_signals,,zebra,,,77.5969723,12.9827992
node/10082172708,,,,,,77.5888858,12.9846188
node/10082185830,unmarked,,no,,,77.5886288,12.9766967
node/10082185841,,yes,,,,77.5867932,12.9816237
node/10082185861,,,,,,77.5847895,12.9783883
node/10082185862,,,,,,77.5850321,12.9788531
node/10082185863,,,,,,77.5850699,12.9789197
node/10082185864,,,,,,77.5853088,12.9793201
node/10082185865,,,,,,77.5853595,12.9773852
node/10082185866,unmarked,,no,,,77.5855069,12.9796538
node/10082185868,,,,,,77.5860913,12.9768849
node/10082185869,unmarked,,no,,,77.5860812,12.9805573
node/10083741123,traffic_signals,,zebra,no,no,77.5994918,12.9765536
node/10084788480,traffic_signals,,zebra,no,,77.7273312,12.9764792
node/10086459885,uncontrolled,,zebra,,,77.5883965,12.9843652
node/10086459886,marked,,,,,77.5878916,12.9842182
node/10086459887,marked,,,,,77.5878655,12.9842983
node/10086459889,traffic_signals,,yes,,,77.5878534,12.9844096
node/10086459890,marked,,yes,,,77.5879861,12.984192
node/10086531859,,,,,,77.6009653,12.9715759
node/10091335270,traffic_signals,,,,,77.6137296,13.0265086
node/10091938364,,,,,,77.6627539,12.9592125
node/10093104866,,,,,,77.7072641,12.97025
node/10094511475,,,,,,77.5936373,13.0044784
node/10094610129,,,,,,77.5731243,13.0145717
node/10094610130,,,,,,77.5729732,13.0145617
node/10094610133,,,,,,77.5731869,13.0145759
node/10094787831,,,,,,77.5748007,13.0509942
node/10094854251,,,,,,77.6945818,12.9852729
node/10094854252,,,,,,77.6945862,12.9846039
node/10094854253,,,,,,77.6945596,12.9841173
node/10094854254,,,,,,77.6944864,12.984113
node/10094854255,,,,,,77.694465,12.9840907
node/10094854256,uncontrolled,,zebra,,,77.6942262,12.9837503
node/10099880613,,,,,,77.5873313,12.9688301
node/10099892022,,,,,,77.5866623,12.9741716
node/10099892029,uncontrolled,,zebra,,,77.5875879,12.9757299
node/10099892031,,,,,,77.5867502,12.9731059
node/10099892032,,,,,,77.5867383,12.9744183
node/10099892033,,,,,,77.5868137,12.9727002
node/10099892035,,,,,,77.5869834,12.9714203
node/10099892036,,,,,,77.5870535,12.970823
node/10099892037,,,,,,77.5871514,12.9701843
node/10099892038,,,,,,77.5871224,12.9703258
node/10099892039,,,,,,77.5873179,12.9689671
node/10100774664,,,,,,77.6189601,12.9871841
node/10100774665,,,,,,77.6191441,12.9870418
node/10100774666,,,,,,77.6177522,12.9882606
node/10100774667,,,,,,77.6187484,12.9873282
node/10110672181,,,,,,77.5536147,13.0349195
node/10110681634,,,,,,77.6546494,12.8394285
node/10110997621,,,,,,77.6070096,12.9723015
node/10111071772,,,no,,,77.5839826,13.0011421
node/10111081064,,no,no,no,,77.5842234,13.0045863
node/10111081065,,no,no,no,,77.5842336,13.0037617
node/10111081066,,,,,,77.5841549,13.0061216
node/10112888980,,,,,,77.610482,12.9699322
node/10112888981,,,,,,77.6110404,12.9679368
node/10112888982,,,,,,77.6104538,12.9700586
node/10112915070,,,,,,77.6694288,12.9863484
node/10113648620,,,,,,77.6067652,12.9718432
node/10113664620,,,,,,77.5664717,12.9728328
node/10113666742,,,,,,77.5528312,12.9609971
node/10120791895,traffic_signals,yes,,,,77.611378,12.9674614
node/10120791900,traffic_signals,yes,,no,no,77.6114224,12.967114
node/10120791903,,,,,,77.6108343,12.9671459
node/10120791905,uncontrolled,,zebra,,,77.6095197,12.9668971
node/10120791916,uncontrolled,,zebra,,,77.6075267,12.9664807
node/10120806017,traffic_signals,yes,,no,no,77.6087231,12.9667181
node/10120806018,traffic_signals,yes,,,,77.6088459,12.9666797
node/10120806021,,,,,,77.6079368,12.9663967
node/10120806023,traffic_signals,yes,,,,77.6085805,12.9666242
node/10120806024,traffic_signals,yes,,,,77.6087653,12.9665727
node/10120806029,,no,no,no,,77.6049164,12.9659872
node/10120806030,,no,no,no,,77.6058738,12.96614
node/10120806031,traffic_signals,,,,,77.6067176,12.9663045
node/10120806032,traffic_signals,,zebra,,,77.606804,12.9663248
node/10120806039,,,,,,77.6003773,12.965241
node/10120806040,,,,,,77.6008082,12.9653008
node/10120806041,,,,,,77.6010473,12.9653336
node/10120806042,unmarked,,no,no,,77.602281,12.9655036
node/10120806043,unmarked,,no,,,77.6026272,12.9655544
node/10120806044,unmarked,,no,,,77.6037478,12.9656816
node/10120806045,uncontrolled,,,,,77.6046768,12.965802
node/10120806046,,no,no,no,,77.6058154,12.9659827
node/10120806047,unmarked,,,no,,77.606208,12.9660531
node/10120806049,unmarked,,,,,77.601427,12.9654999
node/10120806052,,,,,,77.5977752,12.9650485
node/10120806053,,,,,,77.5988348,12.9651929
node/10120806054,,,,,,77.599003,12.9652141
node/10120806056,traffic_signals,,zebra,,,77.60674,12.9661196
node/10120806057,traffic_signals,,zebra,,,77.6068436,12.9661332
node/10120806064,marked,,yes,,,77.6110315,12.9671403
node/10120806065,marked,,yes,,,77.6110386,12.9671052
node/10120806067,marked,,yes,,,77.6074046,12.9662904
node/10120941844,,,,,,77.6049537,12.970446
node/10120941845,,,,,,77.6054458,12.9694387
node/10120941846,,yes,,,,77.6062586,12.9677537
node/10120941851,,,,,,77.6053183,12.9700501
node/10120941852,traffic_signals,,,,,77.6062724,12.9682804
node/10120941859,traffic_signals,,zebra,,,77.6061795,12.9680991
node/10120941860,traffic_signals,,zebra,,,77.6062845,12.9681205
node/10120941875,,,,,,77.6030472,12.9738934
node/10120941876,marked,,,,,77.6032537,12.972954
node/10120941886,marked,,,,,77.6028006,12.9755231
node/10121033906,traffic_signals,,zebra,no,no,77.5956555,12.9832786
node/10121033908,,,,,,77.5936272,12.9840276
node/10121033910,,,,,,77.5940859,12.9838743
node/10121033911,,,,,,77.595169,12.9834975
node/10121033914,,,,,,77.5951637,12.9833651
node/10121033915,,,,,,77.5954597,12.9832638
node/10121050219,traffic_signals,,zebra,,,77.5958823,12.9833528
node/10121050220,traffic_signals,,zebra,no,no,77.59597,12.9832854
node/10121050221,traffic_signals,,zebra,,,77.5956924,12.9831882
node/10121050222,traffic_signals,,zebra,,,77.5958144,12.9831375
node/10121158737,,,,,,77.5905548,12.9869497
node/10121158738,,,,,,77.5912743,12.9877446
node/10121158739,,,,,,77.5916189,12.9881528
node/10121158740,,,,,,77.5917045,12.9882562
node/10121158741,,,,,,77.5917645,12.988341
node/10121158742,,,,,,77.5919785,12.9885768
node/10121158743,,,,,,77.5921857,12.9888085
node/10121158752,,,,,,77.5897132,12.9903183
node/10121158753,unmarked,,,,,77.5905504,12.9903768
node/10121158754,,,,,,77.5909022,12.9903966
node/10121158755,,,,,,77.5911817,12.9903993
node/10121158762,unmarked,,no,,,77.5916249,12.9904619
node/10121158765,unmarked,,no,,,77.5900041,12.9904159
node/10121158766,unmarked,,no,,,77.5904232,12.9904462
node/10121158767,unmarked,,,no,,77.5905467,12.9904548
node/10121158776,traffic_signals,,zebra,no,no,77.5886327,12.9903282
node/10121158778,traffic_signals,,zebra,,,77.5927267,12.9897374
node/10121158782,uncontrolled,,zebra,,,77.5927696,12.9895576
node/10121158783,,,,,,77.5904816,12.9847504
node/10121158785,marked,,,,,77.5897213,12.9858229
node/10121158796,,,,,,77.5846661,12.9776035
node/10121158797,,,,,,77.5850208,12.9773451
node/10121158798,,,,,,77.5856195,12.9769239
node/10121158799,,,,,,77.5859295,12.9767057
node/10121158800,,,,,,77.5862362,12.9764899
node/10121158806,traffic_signals,,zebra,no,no,77.5869368,12.9760168
node/10121158807,traffic_signals,,zebra,no,no,77.5870499,12.9761372
node/10121173517,,,,,,77.5768876,12.9808393
node/10121296059,traffic_signals,yes,zebra,no,no,77.5908205,12.9779522
node/10121296060,traffic_signals,,zebra,no,no,77.5909282,12.9778582
node/10121296062,,,,,,77.5866957,12.9841653
node/10121296065,,,,,,77.5872894,12.9843915
node/10123614598,unmarked,,no,no,no,77.6141999,12.9743608
node/10123614599,,,,,,77.6143253,12.9747576
node/10123614600,,yes,,no,no,77.6138744,12.9738546
node/10123614604,,,,,,77.6123187,12.973973
node/10123614605,,,,,,77.6125855,12.9739074
node/10123614606,,,,,,77.6126515,12.9738908
node/10123614608,,,,,,77.61368,12.9736561
node/10123614610,traffic_signals,yes,zebra,no,no,77.6137622,12.9736992
node/10123614614,traffic_signals,yes,zebra,no,no,77.6139891,12.9737573
node/10123663817,uncontrolled,,zebra,no,,77.614415,12.9752034
node/10123663821,traffic_signals,,zebra,,,77.608759,12.9773837
node/10123663825,traffic_signals,,zebra,,,77.6089254,12.9771956
node/10123663828,traffic_signals,,zebra,,,77.6085662,12.9771877
node/10123663835,,,,,,77.6133183,12.9755576
node/10123663837,marked,,,,,77.6086499,12.9770901
node/10123663838,marked,,,,,77.608755,12.9770548
node/10123663854,,,,,,77.6053963,12.9840125
node/10123663855,,,,,,77.6060777,12.9838573
node/10123663858,marked,,yes,no,no,77.6070656,12.9826348
node/10123663862,marked,,yes,,,77.6077146,12.9824127
node/10123663865,uncontrolled,,zebra,,,77.6076598,12.9824316
node/10123663868,marked,,yes,,,77.6083134,12.9821929
node/10123663871,marked,,yes,,,77.6083756,12.9821729
node/10123663874,uncontrolled,,zebra,,,77.6089509,12.9819804
node/10123663877,uncontrolled,,zebra,,,77.6089962,12.9819652
node/10123663880,marked,,yes,,,77.6097827,12.9817019
node/10123663883,marked,,yes,,,77.6098421,12.9816826
node/10123663885,,,,,,77.6071332,12.9826107
node/10123663891,uncontrolled,,zebra,,,77.6062768,12.9829051
node/10123663897,,,,,,77.6058178,12.9814879
node/10123663898,,,,,,77.6062415,12.9813561
node/10123663899,,,,,,77.6070143,12.9811157
node/10123663904,,,,,,77.605971,12.981351
node/10123663905,marked,,,,,77.6054408,12.9816189
node/10123663908,uncontrolled,,,,,77.6075508,12.9808973
node/10123663912,,,,,,77.6090615,12.9784238
node/10123663913,,,,,,77.6095805,12.9798439
node/10123663914,,,,,,77.6096116,12.97993
node/10123663916,marked,yes,yes,,,77.6099872,12.9809724
node/10123663922,traffic_signals,,zebra,,,77.6101421,12.9811601
node/10123663932,traffic_signals,,zebra,no,no,77.6142862,12.9752981
node/10123752360,uncontrolled,,no,,,77.6009316,12.9796161
node/10123752371,,,,,,77.6017799,12.9768514
node/10123752377,uncontrolled,,,,,77.6093729,12.9746744
node/10123752379,traffic_signals,yes,zebra,no,no,77.6079254,12.9749558
node/10123752380,marked,,,,,77.6078044,12.9751124
node/10123752393,,,,,,77.597332,12.983757
node/10123752394,,,,,,77.5977813,12.9839058
node/10123752395,,,,,,77.5989349,12.9840988
node/10123752396,,,,,,77.5998721,12.9842847
node/10123752401,traffic_signals,,zebra,,,77.5972842,12.9826708
node/10123752402,traffic_signals,,zebra,,,77.5971451,12.9828292
node/10123752412,,,,,,77.5996212,12.9843642
node/10123826916,traffic_signals,,zebra,no,no,77.5906573,12.9779141
node/10147010946,,,,,,77.6831059,13.0059434
node/10148982082,,,,,,77.5960437,12.9635792
node/10148982083,,,,,,77.5952742,12.9627987
node/10148982084,,,,,,77.5944186,12.9623523
node/10159788188,,,,,,77.5556264,13.0122437
node/10168918040,traffic_signals,,zebra,,,77.600396,12.9679127
node/10174066543,uncontrolled,,zebra,,,77.68389,12.9109424
node/10174066572,marked,,,,,77.6711209,12.9180153
node/10174066573,marked,,,,,77.671159,12.9180964
node/10175129245,,,,,,77.584058,12.9332296
node/10175133488,,,,,,77.6113726,12.9935139
node/10175326930,,,,,,77.5702931,12.8958025
node/10177634818,,,,,,77.6821612,12.9115956
node/10177634819,,,,,,77.6822607,12.9115472
node/10177634820,,,,,,77.6827805,12.9112748
node/10177634821,,,,,,77.6828579,12.9112314
node/10177634840,,no,,,,77.6834414,12.9071932
node/10177634841,,no,,,,77.6835103,12.9079033
node/10177634842,,yes,,,,77.6835973,12.9066753
node/10177634843,,no,,,,77.6839932,12.9061224
node/10177634844,,no,,,,77.6844175,12.9053668
node/10177634845,,no,,,,77.6843557,12.9055077
node/10177634846,,no,no,no,,77.684576,12.9045444
node/10182012602,unmarked,,,,,77.6441847,12.9852407
node/10182015932,,,,,,77.7133083,12.9686728
node/10182021676,unmarked,,,,,77.7158972,12.955992
node/10182041375,,,,,,77.71559,12.9674254
node/10182141699,,no,,,,77.7278562,12.9558806
node/10182217244,,no,,,,77.7187582,12.9556739
node/10182259193,,,,,,77.5909903,13.0095392
node/10183966047,,,,,,77.5957496,12.9816166
node/10183966049,,,,,,77.5965331,12.9817151
node/10185026939,,,,,,77.6861431,12.9099857
node/10185026940,,,,,,77.6863978,12.9098852
node/10185026941,,no,,,,77.6866599,12.9097824
node/10185026942,,,,,,77.6868408,12.9097147
node/10185026943,unmarked,,,no,,77.6871021,12.9096103
node/10196255899,,,,,,77.6878353,12.9093288
node/10196255907,marked,,,,,77.6873037,12.9095901
node/10196255908,,,no,,,77.6872051,12.909574
node/10196255909,,,no,,,77.6873626,12.9095144
node/10196255910,,,no,,,77.6874735,12.9094726
node/10196255911,,,no,,,77.687574,12.9094328
node/10196262522,uncontrolled,,yes,,no,77.6839292,12.9110381
node/10196262529,,,,,,77.6849078,12.9104839
node/10199603001,uncontrolled,,,,,77.6778758,12.9138257
node/10199603002,uncontrolled,,,,,77.6779101,12.9139235
node/10199603005,unmarked,,,,,77.677757,12.913875
node/10199603006,unmarked,,,,,77.6777841,12.9139667
node/10213384348,,,,,,77.7124428,12.9781058
node/10213384351,,,,,,77.7141947,12.9778813
node/10213384352,,,,,,77.71459,12.9778252
node/10213384353,,,,,,77.7148256,12.977788
node/10213384354,unmarked,,no,no,,77.7161887,12.9777276
node/10213384355,,,,,,77.7171974,12.9774662
node/10213384361,,no,no,no,,77.7103044,12.9766017
node/10213384362,,,,,,77.7106223,12.9757299
node/10213384363,,,,,,77.7106652,12.975611
node/10213384366,uncontrolled,,zebra,no,no,77.7189598,12.9771762
node/10213384367,uncontrolled,,zebra,,,77.718972,12.9772958
node/10213384370,uncontrolled,,zebra,,,77.7192501,12.9771336
node/10213384371,uncontrolled,,zebra,,,77.7192664,12.9772893
node/10213384375,marked,,zebra,,,77.721559,12.9769239
node/10213384376,marked,,zebra,,,77.7215724,12.9770602
node/10213384379,uncontrolled,,zebra,,,77.7262949,12.9764963
node/10213384380,marked,,yes,,,77.7263032,12.9766163
node/10213384383,uncontrolled,,zebra,,,77.7266272,12.9764698
node/10213384384,uncontrolled,,zebra,,,77.7266312,12.9766172
node/10213564145,uncontrolled,,zebra,no,,77.6448675,12.9173309
node/10213564162,,,,,,77.6448614,12.9189003
node/10213564163,,,,,,77.6448656,12.9191013
node/10219547478,,,,,,77.5822338,13.0147323
node/10222738345,,,,,,77.7395161,12.9570938
node/10222738346,,no,,,,77.7396983,12.9570895
node/10222738348,,,,,,77.7406506,12.9570643
node/10222738349,,,no,,no,77.7444047,12.9568285
node/10222738350,,,,,,77.7458311,12.9579311
node/10222738351,,,,,,77.7460337,12.9583816
node/10222738352,,,,,,77.7461453,12.9586399
node/10222738354,,,,,,77.7475905,12.9615963
node/10222738355,,,,,,77.7475986,12.9616905
node/10222738356,,,,,,77.7480003,12.9630089
node/10222738357,,,,,,77.7482389,12.9637395
node/10222738358,,,,,,77.7490696,12.9663702
node/10222738359,,,,,,77.7492284,12.9669053
node/10222738360,,no,,no,,77.7494655,12.9677575
node/10222738361,,,,,,77.7496857,12.968767
node/10222738362,,,,,,77.7499051,12.9702848
node/10222738363,,,,,,77.7499973,12.9708477
node/10222738364,,,,,,77.7500582,12.9713968
node/10222738365,,no,,no,,77.7501577,12.9722631
node/10222738368,,,,,,77.7508105,12.976338
node/10222738370,,,,,,77.7512401,12.9783397
node/10222738371,,,,,,77.7514656,12.9795052
node/10222738372,uncontrolled,,no,,,77.75158,12.9801208
node/10222738373,unmarked,,no,no,,77.7518674,12.9816767
node/10222738374,,,,,,77.7520523,12.9826913
node/10224099530,marked,,yes,no,,77.721993,12.958783
node/10236025444,,,,,,77.5999506,12.9731107
node/10236025455,,,,,,77.5997033,12.9731253
node/10238269049,,,,,,77.6027031,12.9749691
node/10238269050,,,,,,77.6016974,12.9755777
node/10271648913,,,,,,77.698534,13.0115867
node/10271648914,,,,,,77.6986775,13.0114903
node/10271670476,,,,,,77.6995457,13.0132084
node/10271670477,,,,,,77.6997233,13.0131284
node/10271670480,,,,,,77.699657,13.0134011
node/10271670481,,,,,,77.6998241,13.0133116
node/10272932166,,,,,,77.6011371,12.9725388
node/10279677018,,,,,,77.5873883,12.9682548
node/10282769901,marked,,yes,,yes,77.6201362,12.9212213
node/10282769902,uncontrolled,,,,,77.6202544,12.9212751
node/10284194311,,,,,,77.6861894,12.9306912
node/10284348034,unmarked,,,no,,77.6152364,12.9359269
node/10284348039,uncontrolled,,,,,77.6074022,12.9439944
node/10284516197,,,,,,77.6061403,12.9747439
node/10284516204,,,,,,77.6069395,12.9744713
node/10284845774,uncontrolled,,zebra,no,no,77.7310659,12.9563626
node/10284858564,uncontrolled,,,no,no,77.7397673,12.9569733
node/10284858565,uncontrolled,,yes,,,77.7397659,12.957038
node/10284858568,uncontrolled,,zebra,,,77.7399276,12.9569701
node/10284858569,uncontrolled,,zebra,,,77.7399268,12.9570389
node/10284858578,,,,,,77.7403499,12.9570655
node/10284858579,,,,,,77.7404853,12.9570651
node/10284858613,,,,,,77.746308,12.9585263
node/10284858615,,,,,,77.7463269,12.9585637
node/10284858616,,,,,,77.7466627,12.9591984
node/10284858617,,,,,,77.7467321,12.9593272
node/10284858618,,,,,,77.7467713,12.9594044
node/10284858619,,,,,,77.7469461,12.9597328
node/10284858620,,,,,,77.7471581,12.9601151
node/10284903185,traffic_signals,,zebra,no,no,77.6962698,12.9952762
node/10286321810,marked,,,,,77.5959845,12.964995
node/10288727086,traffic_signals,,,,,77.599613,12.9907063
node/10289145716,unmarked,,no,,,77.5923908,12.9560373
node/10290917893,uncontrolled,,,,,77.7298803,12.9918957
node/10291078951,,,,,,77.7313453,12.9883542
node/10291085442,uncontrolled,,,,,77.7309662,12.9913112
node/10291085443,uncontrolled,,,,,77.7308844,12.9912388
node/10291085445,uncontrolled,,,,,77.7312431,12.9907044
node/10291085446,uncontrolled,,,,,77.7313434,12.990759
node/10291085447,uncontrolled,,,,,77.7298578,12.991775
node/10295397889,,,,,,77.600918,12.9713631
node/10295411720,,,,,,77.6015194,12.9752975
node/10295411721,,,,,,77.6014963,12.9750483
node/10297757283,,,,,,77.6026907,12.9656725
node/10297757300,,no,no,,,77.601478,12.9655059
node/10297770816,,,,,,77.6041498,12.9658749
node/10307994438,uncontrolled,,,,,77.7509291,12.9762206
node/10307994439,uncontrolled,,,,,77.7508488,12.9762331
node/10537369838,,,,,,77.7063961,12.9910708
node/10537369839,,,,,,77.7066217,12.9903636
node/10537369840,,,,,,77.706552,12.9905819
node/10537369841,,,,,,77.706783,12.9898582
node/10537369842,,,,,,77.7068819,12.9895403
node/10537369843,,,,,,77.7070495,12.9889865
node/10537369844,,,,,,77.7072316,12.9883847
node/10537369845,,,,,,77.7071611,12.9886175
node/10537369847,,,,,,77.7073807,12.9878908
node/10537369848,,,,,,77.7075983,12.9871684
node/10537369849,,,,,,77.7075719,12.987256
node/10537369882,,,,,,77.7059988,12.9919116
node/10537369883,,,,,,77.7059629,12.9920247
node/10537369884,,,,,,77.7063778,12.9907294
node/10537369885,,,,,,77.7064618,12.9904542
node/10537369886,,,,,,77.7066385,12.9898408
node/10537369887,,,,,,77.7066598,12.9897083
node/10537369888,,,,,,77.7071973,12.9879916
node/10537369889,,,,,,77.7076637,12.9864505
node/10537369890,,,,,,77.7078019,12.986016
node/10537369891,,,,,,77.7077793,12.9860984
node/10540073654,uncontrolled,,zebra,no,no,77.71704,12.9558047
node/10540073690,,no,,,,77.7398486,12.9569049
node/10540073691,,no,,,,77.7404856,12.9569086
node/10540073692,,no,,,,77.7407904,12.956904
node/10540073693,,no,,,,77.7412043,12.9569002
node/10540073694,,,,,,77.7413046,12.9568987
node/10540073695,,,,,,77.7420361,12.9568939
node/10540073696,,,,,,77.7422709,12.9568913
node/10540073697,,no,,,,77.7429725,12.9568824
node/10540073698,,,,,,77.7434903,12.9568512
node/10540162246,uncontrolled,,yes,,,77.7185231,12.9654872
node/10540162264,,,,,,77.716372,12.9675503
node/10547634356,,,,,,77.5891177,13.0386029
node/10547634362,uncontrolled,,yes,,,77.5900804,13.042763
node/10547634383,,,,,,77.5900801,13.0430506
node/10547634384,traffic_signals,,,,,77.5900814,13.043154
node/10548035168,,,,,,77.7412564,12.9570748
node/10574674456,uncontrolled,,zebra,,no,77.7320638,12.9867693
node/10574674463,unmarked,,no,,,77.7254555,12.9764598
node/10574674480,uncontrolled,,,,,77.7177065,12.9667295
node/10578212630,uncontrolled,,zebra,,,77.7320112,12.9868268
node/10578212632,uncontrolled,,zebra,,,77.7273017,12.9800776
node/10633375310,,,,,,77.5723723,12.978235
node/10633375311,,,,,,77.572372,12.9784263
node/10633375318,,,,,,77.5723741,12.9775162
node/10651190568,uncontrolled,,zebra,no,no,77.711649,12.9780428
node/10651190569,uncontrolled,,zebra,no,no,77.7116588,12.9781234
node/10651190580,,,,,,77.7113608,12.9780212
node/10651190581,,,,,,77.7136424,12.9777376
node/10651190582,,,,,,77.7141617,12.9776739
node/10651190588,uncontrolled,,zebra,no,no,77.7183007,12.9772379
node/10651190589,uncontrolled,,zebra,no,no,77.7183043,12.9773218
node/10651299047,uncontrolled,,,,,77.7230886,12.9767819
node/10651299048,uncontrolled,,,,,77.7230936,12.9768983
node/10651299061,unmarked,,no,,,77.7269828,12.9748904
node/10651299777,,,,,,77.72702,12.9762104
node/10676255293,uncontrolled,,zebra,,,77.682291,12.9544984
node/10676255294,uncontrolled,,zebra,,,77.6822831,12.9545788
node/10676255302,traffic_signals,,zebra,,,77.679764,12.9545691
node/10676255303,traffic_signals,,zebra,,,77.6797891,12.9546335
node/10676255304,uncontrolled,,zebra,,,77.6717391,12.9579391
node/10676264311,uncontrolled,,,,,77.6282467,12.9623407
node/10676264312,uncontrolled,,,,,77.6282631,12.9624091
node/10676264317,uncontrolled,,,,,77.6250737,12.9660293
node/10676264318,uncontrolled,,,,,77.6251826,12.9657846
node/10676264319,uncontrolled,,,,,77.6251516,12.9660858
node/10676264320,uncontrolled,,,,,77.6252741,12.9658343
node/10676264321,uncontrolled,,,,,77.6252984,12.9660117
node/10676264322,uncontrolled,,,,,77.6252605,12.9660934
node/10678572913,,,,,,77.7254133,12.9750798
node/10678572916,,,,,,77.7248698,12.9750035
node/10678572917,,,,,,77.7249978,12.9749902
node/10678572940,,,,,,77.721455,12.9734443
node/10678572941,,,,,,77.7214675,12.9749408
node/10678572942,,,,,,77.7214555,12.9751145
node/10678572944,,,,,,77.7214126,12.976829
node/10678689565,uncontrolled,,zebra,,,77.7279827,12.9826497
node/10678689566,uncontrolled,,zebra,,,77.7281162,12.9825993
node/10678689570,,,,,,77.7282532,12.9826708
node/10678689574,,,,,,77.7276688,12.9822164
node/10678689575,,,,,,77.7282629,12.9833873
node/10684915919,,no,,,,77.6054525,12.9783874
node/10685559253,marked,,yes,,,77.7317583,12.9879978
node/10691250304,uncontrolled,,zebra,,,77.7142095,12.9777158
node/10691255505,uncontrolled,,zebra,,,77.714225,12.9778173
node/10691285606,traffic_signals,,,,,77.5713673,13.0283097
node/10693266719,,,,,,77.6170524,12.9701542
node/10693266720,,,,,,77.6111791,12.9700606
node/10693266721,,,,,,77.6121108,12.9697532
node/10693266722,,,,,,77.6121862,12.9696765
node/10693266723,,,,,,77.6125309,12.9692899
node/10693266724,,,,,,77.6126564,12.9691789
node/10693266725,,,,,,77.6142826,12.9685524
node/10693266726,uncontrolled,,yes,,,77.6153179,12.9691978
node/10693266727,,,,,,77.6160213,12.9695548
node/10693266728,,,,,,77.6164498,12.9698047
node/10693266731,unmarked,,no,,,77.618004,12.9707356
node/10695073028,uncontrolled,,zebra,,,77.7393859,12.9875626
node/10695073029,uncontrolled,,zebra,,,77.7393831,12.9876753
node/10695073034,,,,,,77.7393306,12.9875427
node/10695073035,,,,,,77.7404508,12.9874368
node/10697561503,uncontrolled,,zebra,no,no,77.5877592,12.9666193
node/10715811673,,,,,,77.7232178,12.9769622
node/10715811678,,,,,,77.7233346,12.978242
node/10715811679,,,,,,77.7234086,12.9796561
node/10715811680,,,,,,77.7234333,12.9801147
node/10715811684,,,,,,77.7232495,12.9788888
node/10715811685,,,,,,77.7233124,12.9801197
node/10715811688,,,,,,77.7247107,12.9786931
node/10715811692,,,,,,77.724757,12.9771932
node/10715811693,,,,,,77.7247656,12.9774084
node/10715811694,,,,,,77.7248417,12.9793108
node/10715811695,unmarked,,no,,,77.7248276,12.9802138
node/10715811696,unmarked,,no,,,77.7233711,12.980257
node/10715838788,unmarked,,no,,,77.7246902,12.9768973
node/10715838797,,,,,,77.722113,12.9804678
node/10715838798,,,,,,77.7222477,12.9804623
node/10715838799,,,,,,77.7246277,12.9803796
node/10715838800,,,,,,77.7255375,12.9803532
node/10715838801,,,,,,77.7265121,12.9803287
node/10715838803,,,,,,77.7258454,12.9801829
node/10715883607,,,,,,77.7248561,12.9796698
node/10715883633,unmarked,,no,,,77.7218101,12.9804798
node/10715883637,,,,,,77.7204062,12.9806496
node/10715883638,,,,,,77.7216074,12.9805048
node/10715883644,,,,,,77.7218747,12.9775392
node/10715883647,uncontrolled,,,,,77.7218597,12.980316
node/10715883648,uncontrolled,,,,,77.7219232,12.9803072
node/10715883661,uncontrolled,,,,,77.7219704,12.9803574
node/10715883662,uncontrolled,,,,,77.7219717,12.9804266
node/10715883664,uncontrolled,,,,,77.7217445,12.9804418
node/10715883665,uncontrolled,,,,,77.7217395,12.9803822
node/10719446083,,no,,,,77.7022409,12.9567505
node/10719446084,,no,,,,77.702546,12.9567273
node/10721861003,marked,,,,,77.7011365,12.9846241
node/10721861004,marked,,,,,77.7012254,12.984609
node/10721887717,marked,,,,,77.7009468,12.9832046
node/10721887718,marked,,,,,77.7008561,12.9832227
node/10721887720,uncontrolled,,zebra,,,77.7006469,12.9827162
node/10721887721,uncontrolled,,zebra,,,77.7006598,12.9827787
node/10731175553,,,,,,77.6433827,13.0239465
node/10731190916,,,,,,77.6397989,13.0233188
node/10731190918,,,,,,77.6399343,13.0248705
node/10731190931,,,,,,77.6396295,13.0228556
node/10731190932,,,,,,77.6397096,13.0234409
node/10731190933,,,,,,77.6397791,13.0240293
node/10731190934,,,,,,77.6398467,13.0249337
node/10731191042,,,,,,77.6416726,13.0246888
node/10731191043,unmarked,,no,,,77.6409035,13.0250259
node/10731191045,,,,,,77.6427371,13.0242207
node/10738521351,,,,,,77.7406276,12.9570644
node/10738523746,uncontrolled,,zebra,no,no,77.7355976,12.969245
node/10739639155,,,,,,77.7274101,12.9785829
node/10739639158,,,,,,77.7273637,12.9777554
node/10739639159,,,,,,77.7273699,12.9779903
node/10739639160,,,,,,77.7274256,12.9791895
node/10739639161,,,,,,77.7274295,12.9792761
node/10739639162,,,,,,77.7274556,12.9798694
node/10739639170,,,,,,77.7226762,12.9767086
node/10739639173,,,,,,77.718864,12.9771471
node/10739639174,,,,,,77.7199457,12.9769769
node/10739639175,,,,,,77.7212949,12.976841
node/10739639176,,,,,,77.7176494,12.977247
node/10739639182,,,,,,77.7182429,12.9771972
node/10744702165,,,,,,77.7267921,12.9719082
node/10744702166,,,,,,77.7269122,12.9735004
node/10744702172,,,,,,77.7271042,12.9746672
node/10744702173,,,,,,77.7271059,12.9748349
node/10744702186,,,,,,77.7287912,12.9798395
node/10744702187,marked,,,,,77.7293467,12.9796084
node/10761435867,,,,,,77.709448,12.9790927
node/10761435868,,,,,,77.7093855,12.9793009
node/10783592397,traffic_signals,,zebra,,,77.5941694,12.9721174
node/10783592399,traffic_signals,,,,,77.5938669,12.9720666
node/10784097306,traffic_signals,,yes,,,77.5797687,12.9482874
node/10806764663,,,,,,77.5974775,12.9654528
node/10810501597,,,,,,77.5766068,13.0149071
node/10814598057,,,,,,77.5860464,12.969094
node/10814598058,unmarked,,,no,,77.5837086,12.970966
node/10814598064,,,,,,77.5852051,12.9696113
node/10814598079,,,,,,77.5894184,12.967565
node/10814598080,,,,,,77.5898847,12.9676414
node/10814598081,unmarked,,,,,77.5904601,12.9677317
node/10814598084,unmarked,,no,,,77.5927457,12.9680778
node/10820700301,unmarked,,no,no,no,77.7180986,12.9648012
node/10820700302,unmarked,,no,no,no,77.7181242,12.964843
node/10832042056,,no,yes,no,,77.5830714,13.1012775
node/10832042057,,,,,,77.584029,13.1015587
node/10832042058,,,,,,77.585025,13.101825
node/10839501161,,,,,,77.6064401,12.9671246
node/10839501162,,,,,,77.6063682,12.9673667
node/10839501163,,,,,,77.606485,12.9669559
node/10839501164,,,,,,77.6065491,12.966724
node/10839620875,,,,,,77.6134007,12.9757737
node/10839620876,,,,,,77.6134059,12.9757899
node/10841368641,,,,,,77.6843633,12.9125835
node/10841380663,traffic_signals,,zebra,,,77.512583,12.9880474
node/10848088937,,,,,,77.6196068,12.9477608
node/10861673594,traffic_signals,,zebra,,,77.5772315,12.9563431
node/10864047693,,,,,,77.6018924,12.9688925
node/10864047694,,,,,,77.6017144,12.9687744
node/10864047695,,,,,,77.6008664,12.9654194
node/10889076899,uncontrolled,,no,no,no,77.7141544,12.9675866
node/10917911154,uncontrolled,,,,,77.6096146,12.9927643
node/10917911155,uncontrolled,,,,,77.6097806,12.9926308
node/10917911156,uncontrolled,,,,,77.609705,12.9926164
node/10917911157,uncontrolled,,,,,77.6097567,12.992798
node/10917911158,uncontrolled,,,,,77.6096526,12.9928237
node/10917911164,uncontrolled,,,,,77.6114739,12.991659
node/10917911174,traffic_signals,,zebra,,,77.6138137,12.990625
node/10917911175,traffic_signals,,zebra,,,77.6138409,12.9906723
node/10917911176,traffic_signals,,zebra,,,77.6138653,12.9905046
node/10917911177,traffic_signals,,zebra,,,77.6139359,12.9906661
node/10917911178,traffic_signals,,zebra,,,77.6139962,12.9905159
node/10917911179,traffic_signals,,zebra,,,77.6140238,12.9905675
node/10917911195,marked,,,,,77.6080374,12.9934805
node/10917911196,,,,,,77.6087991,12.993283
node/10917911201,,,,,,77.614209,12.9903195
node/10917911202,,,,,,77.6156918,12.9894729
node/10917913805,uncontrolled,,,,,77.6171323,12.9884834
node/10917913806,uncontrolled,,,,,77.6171567,12.9886662
node/10917913807,uncontrolled,,,,,77.6171781,12.9884516
node/10917913808,uncontrolled,,,,,77.6171867,12.9887136
node/10917913809,uncontrolled,,,,,77.6173351,12.9886591
node/10917913810,uncontrolled,,,,,77.6172871,12.9886949
node/10917913814,,,,,,77.6157955,12.9895933
node/10917913830,,no,,,,77.6165501,12.9832588
node/10917913831,,,,,,77.6168965,12.9834536
node/10917913832,,no,,,,77.6173055,12.9837734
node/10917913833,,no,,,,77.6175896,12.984073
node/10917913834,,no,no,no,,77.6183657,12.9849052
node/10917913835,,,yes,,,77.618828,12.9854628
node/10917913836,,,yes,,,77.6194542,12.9864175
node/10917913838,traffic_signals,,,,,77.6191705,12.9871818
node/10917913839,traffic_signals,,,,,77.6192069,12.9872736
node/10917913842,,,,,,77.6198254,12.9873598
node/10917913843,traffic_signals,,,,,77.6192856,12.9873435
node/10917913844,traffic_signals,,,,,77.6193609,12.9873367
node/10917913846,uncontrolled,,,,,77.6198931,12.9873382
node/10917913847,uncontrolled,,,,,77.6199524,12.9871541
node/10917913863,,,,,,77.6122771,12.9913061
node/10917913864,,,,,,77.6109917,12.9917605
node/10917913865,,,,,,77.6108186,12.9920242
node/10917913867,,,,,,77.6104753,12.9920854
node/10917913868,,,,,,77.6088324,12.9934984
node/10917913869,,,,,,77.6080221,12.9936016
node/10926751811,traffic_signals,,,,,77.7016952,12.9939103
node/10926751812,traffic_signals,,,,,77.7017201,12.9940098
node/10951087534,,,,,,77.7071727,12.9880458
node/10951087566,,,,,,77.7074269,12.9877373
node/10971034674,,,,,,77.7184094,12.9558618
node/10971034675,,,,,,77.7187033,12.955862
node/10978556360,,,,,,77.585481,12.9796075
node/10978556364,,,,,,77.5855814,12.9772335
node/10978616064,,,,,,77.5924676,12.9798058
node/10978625037,,,,,,77.5883628,12.9763404
node/10978638723,,no,,,,77.7409282,12.9569038
node/10978640857,,no,,,,77.7416685,12.9568962
node/10979990739,,,,,,77.7462052,12.9583018
node/10979990746,,,,,,77.7459423,12.957751
node/10980311151,,,,,,77.6583146,12.8390809
node/10980613954,,,,,,77.7096623,12.9786335
node/10989234850,,,,,,77.6216402,12.9415982
node/10989320895,,,,,,77.6162277,12.9704233
node/10989320896,,,,,,77.6160912,12.9703805
node/10991375245,,,,,,77.6047743,12.9749893
node/10991832225,,,,,,77.7093588,12.9728817
node/10993905402,,,,,,77.6160432,13.0050005
node/10993905404,,,,,,77.615661,13.0041135
node/10994183181,,no,,,,77.6186254,12.9852068
node/10994253565,,,,,,77.6593092,12.9921425
node/10996471478,,,,,,77.6032363,12.9728078
node/10996990378,,,,,,77.6821656,12.928362
node/10996990882,uncontrolled,,zebra,,,77.6813485,12.9254567
node/10996990883,,,,,,77.6812788,12.9261527
node/10996990884,,,,,,77.6812471,12.9264273
node/10997192128,,no,no,no,,77.6415761,12.9589644
node/11001134331,,,,,,77.7359053,12.9877096
node/11001454613,,,,,,77.5994483,12.9842006
node/11001528145,,,,,,77.658609,12.8943005
node/11001529166,,,,,,77.6575301,12.8940782
node/11001529167,,,,,,77.6574612,12.8940663
node/11001529168,,,,,,77.6576115,12.8940935
node/11002856005,,,,,,77.4733176,13.062328
node/11006848822,,,,,,77.597052,12.9831397
node/11006977409,,,,,,77.7517425,12.9809574
node/11006982241,,,,,,77.7516767,12.9806375
node/11009911592,,no,no,no,,77.6614138,12.9591893
node/11009911593,,no,no,no,,77.6605719,12.9591362
node/11011536020,,,,,,77.6129651,12.9689689
node/11011588373,,,,,,77.6809483,12.9270285
node/11011660280,traffic_signals,,zebra,no,no,77.5905856,12.9775541
node/11011660281,traffic_signals,,zebra,no,no,77.5905328,12.9776128
node/11015369630,,,,,,77.7029296,12.949184
node/11017235858,,,,,,77.6210399,12.8996645
node/11017310499,,,,,,77.6984685,12.9381281
node/11021534174,,,,,,77.5976852,12.9753961
node/11025293728,,,,,,77.6582085,12.8942107
node/11027500651,,,no,,,77.729138,12.9559674
node/11027896496,,,,,,77.7366016,12.9569296
node/11029752452,,no,no,no,,77.583927,13.0001097
node/11033955646,uncontrolled,,yes,,,77.748565,12.9426196
node/11040169644,uncontrolled,,zebra,,,77.6501033,12.9036525
node/11061527350,uncontrolled,,zebra,,,77.6446589,12.9118121
node/11061527351,uncontrolled,,zebra,,,77.6445858,12.9118138
node/11064374053,uncontrolled,,,,,77.5710376,12.9748575
node/11064374082,,,zebra,,,77.5706323,12.9749222
node/11064985028,traffic_signals,,zebra,,,77.5856008,12.9555582
node/11064985029,traffic_signals,,zebra,,,77.585693,12.9554281
node/11064985030,uncontrolled,,,,,77.5858166,12.9554918
node/11064985031,traffic_signals,,zebra,,,77.5857391,12.9556045
node/11064985036,uncontrolled,,,,,77.5913069,12.953776
node/11064985037,uncontrolled,,,,,77.5912625,12.9538787
node/11064985038,uncontrolled,,,,,77.5913927,12.9537447
node/11064985039,uncontrolled,,,,,77.5913639,12.9539278
node/11064985040,uncontrolled,,,,,77.5914506,12.9538962
node/11064985041,uncontrolled,,,,,77.5915174,12.9537934
node/11064985055,,,,,,77.586635,12.9553474
node/11064985056,,,,,,77.5869918,12.9552539
node/11064985057,,,,,,77.5873398,12.9551609
node/11064985058,,,,,,77.5891615,12.95462
node/11064985059,,,,,,77.589574,12.9544856
node/11064985060,,,,,,77.5899601,12.9543597
node/11064985062,,,,,,77.5873179,12.9550876
node/11064985063,,,,,,77.5890666,12.954535
node/11064985064,,,,,,77.5897845,12.9542924
node/11064985088,,,,,,77.6019479,12.9387067
node/11064985089,,,,,,77.6019782,12.938847
node/11064985090,,,,,,77.6020024,12.9389587
node/11064985091,,,,,,77.6020687,12.9392651
node/11064985092,,,,,,77.6021336,12.940233
node/11064985093,,,,,,77.6022095,12.9407023
node/11064985094,,,,,,77.6022338,12.9408525
node/11065716854,traffic_signals,,zebra,,,77.57464,12.9810264
node/11070992410,uncontrolled,no,yes,no,,77.5888679,13.095571
node/11072189568,traffic_signals,,zebra,,,77.6069289,12.9662622
node/11102370565,,,,,,77.6053045,12.9700786
node/11107550474,unmarked,,no,no,no,77.7137336,12.9643181
node/11107550475,uncontrolled,,,,,77.7142501,12.9644941
node/11107550485,,,,,,77.7167375,12.9648628
node/11107550486,,,,,,77.7171634,12.9649275
node/11107550487,,,,,,77.7175961,12.9649502
node/11124279430,,,,,,77.6809792,12.9256099
node/11124279431,,,,,,77.6801779,12.9255304
node/11148448514,,,,,,77.6133719,12.9688119
node/11150087489,traffic_signals,,zebra,,,77.6359898,12.9614394
node/11155345131,uncontrolled,,zebra,,,77.5673965,12.9572176
node/11155345132,uncontrolled,,zebra,,,77.5675059,12.957135
node/11155345133,uncontrolled,,yes,,,77.5672843,12.9571114
node/11155345134,uncontrolled,,zebra,,,77.5673751,12.9569711
node/11155354017,uncontrolled,,yes,,,77.5675073,12.9570874
node/11155354078,uncontrolled,,,,,77.5685449,12.9570724
node/11155354082,uncontrolled,,zebra,,,77.5674365,12.9569729
node/11158336536,unmarked,,no,,,77.7114894,12.9639264
node/11158336537,uncontrolled,,,,,77.7105645,12.9637423
node/11166136473,,,,,,77.6492998,13.0144355
node/11166136474,uncontrolled,,,,,77.6497315,13.0150434
node/11178491750,traffic_signals,,zebra,,,77.5696924,12.9571615
node/11178491751,traffic_signals,,zebra,,,77.5696912,12.9572133
node/11178491761,traffic_signals,,zebra,,,77.5696234,12.9570947
node/11178491817,uncontrolled,,,,,77.5736915,12.9575528
node/11178595157,traffic_signals,,zebra,,,77.5696117,12.9572729
node/11178595204,,,,,,77.5696577,12.9575871
node/11178595218,,,,,,77.5694069,12.9601222
node/11178603473,,,,,,77.5684522,12.960063
node/11178603474,,,,,,77.5692648,12.9541249
node/11178628645,,,,,,77.5674212,12.9542786
node/11178628646,,,,,,77.5674362,12.953845
node/11178628647,,,,,,77.5674113,12.954518
node/11178628649,,,,,,77.5673896,12.9551778
node/11178628650,,,,,,77.5674834,12.9515745
node/11178628652,,,,,,77.5674579,12.9528033
node/11178628653,,,,,,77.5674508,12.9532428
node/11178628663,,,,,,77.5675385,12.9551809
node/11178628665,,,,,,77.5676133,12.9539776
node/11178628666,,,,,,77.5677339,12.9509604
node/11178628667,,,,,,77.567698,12.9521113
node/11178628668,,,,,,77.5678072,12.9490183
node/11178628671,,,,,,77.5677552,12.9503851
node/11178628682,,,,,,77.568426,12.9483068
node/11178628683,,,,,,77.5690228,12.9483026
node/11178628684,,,,,,77.5695511,12.9483249
node/11178628685,,,,,,77.5701126,12.9483282
node/11178628686,,,,,,77.5705741,12.9483304
node/11178628687,,,,,,77.5711851,12.9483414
node/11178643861,unmarked,,no,,,77.5680842,12.947906
node/11178643868,uncontrolled,,,,,77.5701968,12.9481848
node/11178643869,uncontrolled,,,,,77.5701932,12.948272
node/11178643886,,,,,,77.5687509,12.9541069
node/11178809192,,,,,,77.7160985,12.964619
node/11178809193,,,,,,77.7179126,12.9647795
node/11178809194,unmarked,,no,no,no,77.7133724,12.9628395
node/11178809195,unmarked,,no,no,no,77.7132333,12.9635971
node/11178809196,unmarked,,no,no,no,77.713308,12.9631901
node/11178931804,uncontrolled,,zebra,,,77.6445906,12.9122947
node/11181022059,,,,,,77.5557069,13.0121137
node/11183110993,,,,,,77.6105297,12.9343812
node/11183110994,,,,,,77.6115551,12.9353202
node/11183280143,,,,,,77.724863,12.979844
node/11195846206,,,,,,77.5667087,13.0056946
node/11195846211,traffic_signals,,zebra,no,no,77.5692352,13.0055716
node/11195846239,,,,,,77.5667283,13.0055521
node/11195846244,uncontrolled,,zebra,no,no,77.5692385,13.0054404
node/11197082959,,,no,,,77.7287815,12.9560978
node/11197082965,,,no,,,77.7287291,12.9560935
node/11197323422,unmarked,,no,,,77.7479433,12.9855503
node/11197334451,,,,,,77.7493475,12.9846725
node/11197491848,uncontrolled,,zebra,,,77.7218434,12.9639918
node/11200429867,traffic_signals,,zebra,,,77.5746991,12.9597106
node/11200429879,uncontrolled,,,,,77.5738017,12.9575332
node/11200429880,uncontrolled,,,,,77.5739041,12.9571773
node/11200429881,uncontrolled,,,,,77.5739229,12.9572528
node/11200483517,uncontrolled,,zebra,,,77.7274565,12.9803208
node/11200483518,uncontrolled,,zebra,,,77.7273434,12.98034
node/11214888988,,,,,,77.605315,12.9696918
node/11215840005,,,,,,77.5728854,12.9436472
node/11215933563,traffic_signals,,zebra,,,77.5737803,12.9481001
node/11215933564,traffic_signals,,zebra,,,77.5736714,12.9480998
node/11215990968,,,,,,77.5799284,12.9436465
node/11220766887,unmarked,,no,,,77.7275699,12.9820421
node/11228965354,,yes,,,,77.65421,12.959275
node/11228965361,,yes,,,,77.6542665,12.9592684
node/11231044636,marked,,zebra,,,77.573771,12.9171045
node/11231089037,marked,,zebra,,,77.5736312,12.9171009
node/11231089038,marked,,zebra,,,77.5734848,12.9170971
node/11231092486,marked,,,,,77.5579378,13.0187737
node/11231092487,marked,,,,,77.5578664,13.0183487
node/11231092488,marked,,,,,77.5578023,13.0183107
node/11231092489,marked,,,,,77.5576514,13.0183926
node/11231092490,marked,,,,,77.557443,13.0186212
node/11232367121,uncontrolled,,no,no,,77.6673756,12.923061
node/11233009345,uncontrolled,,no,,,77.6701795,12.9232522
node/11233009346,unmarked,,no,,,77.669929,12.9231321
node/11233009352,uncontrolled,,no,,,77.6695997,12.9229702
node/11233009355,uncontrolled,,no,,,77.669521,12.9229311
node/11234065329,unmarked,,no,,,77.6692142,12.9289118
node/11245328371,traffic_signals,,zebra,,,77.6407243,12.9783328
node/11245328374,traffic_signals,,zebra,,,77.6408118,12.9785009
node/11245328377,,no,,,,77.6409717,12.9790872
node/11245356866,informal,,,,,77.640206,12.9784613
node/11245714057,uncontrolled,,zebra,,,77.6517626,12.9119852
node/11245714063,unmarked,,no,,,77.6517591,12.9125371
node/11245714102,,,,,,77.6516653,12.9158486
node/11245714105,uncontrolled,,no,,,77.6516451,12.9163446
node/11245714141,uncontrolled,,,,,77.6518125,12.9163473
node/11245714152,unmarked,,no,,,77.6514826,12.9210369
node/11245714178,unmarked,,no,,,77.6516637,12.9211931
node/11245714182,unmarked,,no,,,77.6514366,12.9226732
node/11259448955,traffic_signals,no,zebra,,,77.6324587,12.9125421
node/11259448956,traffic_signals,no,zebra,,,77.6324136,12.9125422
node/11259448959,traffic_signals,no,,,,77.6325126,12.9124882
node/11259448994,,no,yes,no,,77.6323375,12.9124196
node/11259448999,,,,,,77.6323019,12.9132828
node/11259449002,,,,,,77.6322857,12.9137829
node/11259449014,,,,,,77.6324965,12.9130602
node/11259449017,,,,,,77.6324808,12.9134998
node/11259847533,,,,,,77.6286239,12.9140513
node/11259898737,,,,,,77.6285887,12.9139636
node/11259898743,,,,,,77.6286283,12.9135569
node/11259898745,,,,,,77.6285238,12.913458
node/11259898752,,,,,,77.6282462,12.9134312
node/11259898754,,,,,,77.6286145,12.9131122
node/11259898780,,,,,,77.628659,12.9141184
node/11259898783,,,,,,77.6292227,12.9140902
node/11259898786,,,,,,77.6297834,12.9140598
node/11259898790,,,,,,77.6317317,12.9138992
node/11259898799,,,,,,77.6304681,12.9138333
node/11259898807,,,,,,77.6304185,12.9125735
node/11259898818,,,,,,77.6304685,12.9134821
node/11259898824,,,,,,77.6304165,12.9134433
node/11259898830,,,,,,77.6304178,12.9129937
node/11259898851,,,,,,77.6309252,12.9133385
node/11259898855,,,,,,77.6305121,12.9134364
node/11259898861,,,,,,77.6309646,12.912978
node/11259898863,,,,,,77.6309556,12.9126137
node/11259898865,,,,,,77.6309131,12.9125655
node/11259898868,,,,,,77.6308626,12.9125986
node/11260020617,unmarked,,no,,,77.6811494,12.9279576
node/11263828778,,,zebra,,,77.7246188,12.9558399
node/11263828779,marked,,zebra,,,77.7246185,12.9559195
node/11264962311,,,,,,77.5802974,12.9273146
node/11264962312,,,,,,77.5800653,12.927275
node/11264962315,,,,,,77.5803055,12.92637
node/11264962320,,,,,,77.5802806,12.9287392
node/11264962323,,,,,,77.5800516,12.9287408
node/11264962328,,,zebra,,,77.5802189,12.9295372
node/11264962329,,,zebra,,,77.5800989,12.929535
node/11265014584,,,,,,77.5811156,12.9279889
node/11265014587,,,,,,77.5806786,12.9275941
node/11265014593,,,,,,77.5811132,12.9281771
node/11265014596,,,,,,77.5806767,12.927751
node/11265019808,,,,,,77.5859363,12.9218103
node/11265019809,,no,no,,,77.5858697,12.9218116
node/11271715274,,,zebra,,,77.5887748,12.855288
node/11271715275,,,zebra,,,77.5887019,12.8552916
node/11271715281,,yes,,,,77.5891107,12.8584838
node/11271715282,,yes,,,,77.5890296,12.8585045
node/11271715299,,no,zebra,,,77.5889952,12.8575482
node/11271715300,,no,zebra,,,77.588926,12.8575518
node/11271727590,unmarked,,no,,,77.7310258,12.9562543
node/11274407361,,,,,,77.7177902,12.9556775
node/11282630700,uncontrolled,,,,,77.5898575,12.9951985
node/11283487983,,,zebra,,,77.6107537,12.9735056
node/11283487985,uncontrolled,,,,,77.6102613,12.9734712
node/11283487998,traffic_signals,,zebra,,,77.6110136,12.9743556
node/11285486028,,,no,no,yes,77.5392123,12.8958483
node/11286303324,marked,,zebra,,,77.5882435,12.9849136
node/11286303325,marked,,zebra,,,77.5884376,12.9848298
node/11286303331,uncontrolled,,zebra,,,77.5885501,12.9846041
node/11286303352,marked,,zebra,,,77.5972632,12.9806364
node/11286314192,uncontrolled,,zebra,,,77.5964113,12.9813136
node/11286314214,unmarked,,no,,,77.5963291,12.9814802
node/11286429140,traffic_signals,,zebra,,,77.6110365,12.9744611
node/11286429145,uncontrolled,,yes,,,77.6112453,12.9744132
node/11286429150,unmarked,,no,no,,77.6151029,12.9733386
node/11286429152,uncontrolled,,,no,,77.6158481,12.9731624
node/11286429154,,no,no,no,,77.6167534,12.9729567
node/11286429159,unmarked,,no,no,no,77.6183908,12.9725982
node/11289218774,uncontrolled,,,,,77.6184023,12.9751547
node/11293333407,uncontrolled,,zebra,yes,,77.5900689,12.9062796
node/11293333415,uncontrolled,,zebra,yes,,77.5900683,12.9063513
node/11293333422,uncontrolled,,no,,,77.5876568,12.9064273
node/11293484192,uncontrolled,,zebra,yes,,77.591789,12.9062695
node/11293484202,uncontrolled,,zebra,yes,,77.5903234,12.9063496
node/11293484236,uncontrolled,,zebra,yes,,77.5903232,12.9062775
node/11294646345,traffic_signals,,zebra,no,,77.5949745,12.9169032
node/11294646347,traffic_signals,,zebra,no,,77.5949752,12.9167961
node/11294646352,traffic_signals,,zebra,no,,77.5951987,12.9168994
node/11294646355,traffic_signals,,zebra,no,,77.5951966,12.9167901
node/11295765841,,,zebra,,,77.6096897,12.9346384
node/11295765842,,,zebra,,,77.609727,12.9346156
node/11295829601,,,,,,77.5966811,12.9399213
node/11295836839,unmarked,,no,,,77.5694653,12.9976144
node/11295836840,unmarked,,no,,,77.5694548,12.9983285
node/11295836868,unmarked,,no,,,77.5694457,12.9992413
node/11297929245,uncontrolled,,zebra,,,77.5975875,12.9711533
node/11298101298,,,no,,,77.7086316,12.9807133
node/11298101333,marked,,zebra,,,77.7080252,12.9844091
node/11298111275,uncontrolled,,no,,,77.7092088,12.9802538
node/11298111281,uncontrolled,,zebra,,,77.7096526,12.978156
node/11298111282,uncontrolled,,zebra,,,77.7095584,12.9781299
node/11298164454,,,zebra,,,77.5908405,12.9514765
node/11298164455,,,zebra,,,77.5908168,12.9514109
node/11298164465,,,zebra,,,77.5906536,12.9518101
node/11298164468,,,zebra,,,77.5905746,12.9518378
node/11298165271,,,zebra,,,77.5902112,12.9516184
node/11302937520,unmarked,,yes,no,no,77.5959618,12.9456126
node/11302937532,uncontrolled,,,,,77.5955164,12.9458795
node/11302937538,unmarked,,no,,,77.5968655,12.9448681
node/11302971554,,,,,,77.5858133,12.9069398
node/11302971557,,,,,,77.5858075,12.9084336
node/11302971558,unmarked,,,no,,77.5856279,12.9082244
node/11302971561,,,,,,77.5856368,12.90703
node/11302992816,,,,,,77.5855957,12.9105399
node/11302992817,,,,,,77.5855942,12.9104771
node/11302992821,,,,,,77.5857459,12.9106601
node/11302992822,,,,,,77.5856745,12.9106606
node/11302992826,,,,,,77.5858501,12.9139713
node/11302992840,,,,,,77.5856837,12.914288
node/11302992846,,,,,,77.5856616,12.9122163
node/11302992854,,,,,,77.585822,12.9105336
node/11302992855,,,,,,77.5858212,12.9104708
node/11302992864,,,,,,77.5881499,12.9105148
node/11302992867,,,,,,77.5877254,12.9105298
node/11302992870,unmarked,,,,,77.5868483,12.9105581
node/11302992874,,,,,,77.5858427,12.9121901
node/11302992877,,,,,,77.5858344,12.9115965
node/11302992886,,,,,,77.5842904,12.9106177
node/11302992890,,,,,,77.5819852,12.9106687
node/11302992898,,,,,,77.5858018,12.9099915
node/11302992903,,,zebra,,,77.5857452,12.9103957
node/11302992904,,,zebra,,,77.5856725,12.9103968
node/11302992929,,,,,,77.5850425,12.9104509
node/11303017940,,,,,,77.5858956,12.9157772
node/11303017941,,,,,,77.5858988,12.9160941
node/11303061393,,,,,,77.5857299,12.9160711
node/11303526448,,,,,,77.5797941,12.9172609
node/11303526453,,,,,,77.5801356,12.9171939
node/11303526454,,,,,,77.5801353,12.9170785
node/11303526459,,,,,,77.5801357,12.9217796
node/11303526465,,yes,,no,,77.5801526,12.9199433
node/11303599886,,,,,,77.5819025,12.9169969
node/11304329658,,,,,,77.5919465,12.9061908
node/11304329661,,,,,,77.5901903,12.9062111
node/11304329729,,,,,,77.591951,12.9064033
node/11304329732,,,,,,77.5916719,12.9064064
node/11304329760,,,no,,,77.5882803,12.906222
node/11306430818,uncontrolled,yes,zebra,,,77.6125539,12.9345449
node/11306430819,marked,,zebra,,,77.6125972,12.9344635
node/11307884034,uncontrolled,,,,,77.6207545,12.9275576
node/11308901222,uncontrolled,,,,,77.5733981,12.9064249
node/11308901223,uncontrolled,,,,,77.5733935,12.9065279
node/11308911769,unmarked,,,,,77.5755161,12.906353
node/11308911782,unmarked,,,,,77.57594,12.9065741
node/11308911787,uncontrolled,,,,,77.5782753,12.9064151
node/11308911788,uncontrolled,,,,,77.5782739,12.9065043
node/11308911801,unmarked,,,,,77.5783641,12.9063206
node/11308911803,unmarked,,,,,77.5783645,12.9065655
node/11308911805,unmarked,,,,,77.580401,12.9062942
node/11308911807,unmarked,,,,,77.580401,12.9065269
node/11308911813,unmarked,,,,,77.5830267,12.9064987
node/11308911818,uncontrolled,,,,,77.578437,12.9064127
node/11308911819,uncontrolled,,,,,77.578437,12.9065014
node/11310250871,unmarked,,no,,,77.721534,12.9589973
node/11310250874,unmarked,,no,,,77.7210547,12.9590179
node/11310250882,unmarked,,no,,,77.72153,12.9588727
node/11310250901,unmarked,,no,,,77.7210509,12.9588897
node/11311079559,unmarked,,no,,,77.7185301,12.9591287
node/11311079561,unmarked,,no,,,77.71982,12.9590647
node/11311079562,unmarked,,no,,,77.7200531,12.9590592
node/11311079564,unmarked,,no,,,77.7197302,12.9589462
node/11311079565,unmarked,,no,,,77.719959,12.9589333
node/11311079568,unmarked,,no,,,77.7191934,12.9589702
node/11311105870,unmarked,,no,,,77.7177324,12.9590421
node/11313855163,,,,,,77.7177431,12.9669477
node/11327659734,,no,,,,77.7003969,12.9532567
node/11329623278,,,,,,77.731974,12.9863947
node/11329623279,,,,,,77.7319016,12.9863536
node/11329623357,,,,,,77.7287719,12.988798
node/11329665788,,,,,,77.7112106,12.9741196
node/11329665791,,,,,,77.7113091,12.9738737
node/11337845988,uncontrolled,,no,,,77.6370628,12.9612766
node/11337846018,uncontrolled,,zebra,,,77.6386225,12.9608779
node/11337846022,uncontrolled,,,,,77.6385798,12.9609416
node/11337846023,uncontrolled,,,,,77.6385893,12.9610322
node/11337846026,uncontrolled,,,,,77.6386646,12.9611294
node/11338190940,unmarked,,no,,,77.6426895,12.9118851
node/11338710999,uncontrolled,,,,,77.6569161,12.9911615
node/11338711000,uncontrolled,,,,,77.6569628,12.9910723
node/11338711012,uncontrolled,,,,,77.657211,12.9913084
node/11338711013,uncontrolled,,,,,77.6572637,12.9912215
node/11342970526,uncontrolled,,zebra,,,77.5971024,12.9815829
node/11342970546,uncontrolled,,,,,77.5972025,12.9837606
node/11342970553,traffic_signals,,yes,,,77.5970037,12.9840974
node/11342970554,traffic_signals,,yes,,,77.5969641,12.9842183
node/11342970567,traffic_signals,,zebra,,,77.5973905,12.9841643
node/11342970568,traffic_signals,,zebra,,,77.5974381,12.9842356
node/11342975173,traffic_signals,,zebra,,,77.5939666,12.9722484
node/11342975174,traffic_signals,,zebra,,,77.5939335,12.9722141
node/11342975221,,,,,,77.5966375,12.9746184
node/11343348820,,,no,,,77.7151853,12.9778378
node/11343348833,uncontrolled,,,,,77.7074136,12.9716965
node/11343348846,,no,no,no,,77.7092535,12.973233
node/11343348877,unmarked,,no,,,77.7092536,12.973176
node/11343348878,unmarked,,no,,,77.709285,12.9731527
node/11343663857,unmarked,,no,,,77.7213739,12.9730172
node/11348863325,uncontrolled,,no,,,77.5796983,12.9286539
node/11348863352,uncontrolled,,no,,,77.5806663,12.9286397
node/11348863363,uncontrolled,,zebra,,,77.5802331,12.9285755
node/11348863365,uncontrolled,,zebra,,,77.5801115,12.9285755
node/11348890032,uncontrolled,,no,,,77.5807698,12.9198315
node/11359587080,,,,,,77.5267411,12.9636161
node/11361606142,uncontrolled,,no,,,77.7089824,12.98106
node/11365559681,unmarked,,no,,,77.7032653,12.956918
node/11365559765,uncontrolled,,no,,,77.7052484,12.9564723
node/11375015390,uncontrolled,,no,,,77.6988965,12.9479266
node/11375015407,uncontrolled,,no,,,77.7013253,12.9567714
node/11375015408,uncontrolled,,no,,,77.7012957,12.956772
node/11375015411,uncontrolled,,no,,,77.7009683,12.9567876
node/11375015412,uncontrolled,,no,,,77.7009381,12.956789
node/11375015416,unmarked,,no,,,77.6999369,12.9513977
node/11375015427,uncontrolled,,no,,,77.6995335,12.9513626
node/11375015462,uncontrolled,,no,,,77.6994641,12.9509582
node/11375015465,uncontrolled,,no,,,77.6994844,12.9511226
node/11375081166,uncontrolled,,no,,,77.6704067,12.9229227
node/11375081173,uncontrolled,,no,,,77.6702665,12.9232396
node/11375356727,,no,,,,77.7512298,12.9773215
node/11375356736,uncontrolled,,no,,,77.7517539,12.9800563
node/11375385102,uncontrolled,,zebra,no,no,77.7130832,12.9640272
node/11375385107,uncontrolled,,zebra,no,no,77.7129362,12.964119
node/11375385112,uncontrolled,,,,,77.7107904,12.9636435
node/11375385115,unmarked,,no,,,77.7131044,12.9635706
node/11375385116,unmarked,,no,no,no,77.7131775,12.9631658
node/11375385117,unmarked,,no,,,77.713241,12.9628139
node/11378925091,,,,,,77.5723328,12.9743726
node/11378925100,,,,,,77.5749898,12.9742459
node/11378925103,,,,,,77.5754745,12.9743667
node/11387897024,uncontrolled,,no,,,77.7158308,12.9645723
node/11389951530,uncontrolled,,no,,,77.715799,12.9773207
node/11390013874,uncontrolled,,,,,77.6573626,12.9593238
node/11390080340,traffic_signals,,zebra,,,77.5782223,12.9742351
node/11390080341,traffic_signals,,zebra,,,77.5781602,12.9742649
node/11390080347,,,,,,77.5770658,12.9749238
node/11390080351,traffic_signals,,,,,77.5783052,12.9744017
node/11390091211,traffic_signals,,zebra,,,77.5798857,12.9369867
node/11390091212,traffic_signals,,zebra,,,77.579829,12.9369343
node/11390114678,traffic_signals,,,,,77.5798399,12.9366993
node/11390114679,traffic_signals,,,,,77.5798149,12.9368001
node/11397517943,marked,,,,,77.6962995,12.9419522
node/11399488461,unmarked,,no,,,77.6635197,12.9588206
node/11399488462,unmarked,,no,,,77.6636215,12.9587913
node/11399572688,uncontrolled,,,,,77.6663007,12.9586362
node/11399572689,uncontrolled,,,,,77.6664006,12.9586228
node/11399572697,,no,no,no,,77.6680322,12.9583477
node/11399572709,,,,,,77.6649654,12.9584895
node/11399572715,unmarked,,no,,,77.6665503,12.9584192
node/11399572718,unmarked,,no,,,77.6665082,12.9582009
node/11399572721,unmarked,,no,,,77.6661179,12.9585195
node/11399572725,unmarked,,no,,,77.6660683,12.9582962
node/11404803104,,,,,,77.6978902,12.883168
node/11404803106,,,,,,77.6983991,12.8833429
node/11404803109,,,,,,77.6981658,12.8832627
node/11405428617,uncontrolled,,,,,77.5887621,12.9678933
node/11409911729,uncontrolled,,,,,77.5816464,12.9730385
node/11420343270,traffic_signals,,,,,77.5815824,12.9729427
node/11420343306,traffic_signals,,zebra,,,77.5814419,12.972747
node/11425338094,uncontrolled,,,,,77.5928047,12.9679814
node/11425338154,,,,,,77.5950224,12.9716747
node/11425338158,,,,,,77.5961783,12.9711864
node/11425338159,,,,,,77.5964596,12.9711015
node/11425338171,,,,,,77.5972447,12.9711878
node/11425338173,uncontrolled,,yes,,,77.5977321,12.9712751
node/11428038791,uncontrolled,,no,,,77.6904771,12.934555
node/11428052181,uncontrolled,,no,,,77.716302,12.9559558
node/11428096838,uncontrolled,,yes,,,77.7178906,12.973223
node/11428096839,uncontrolled,,no,,,77.7179047,12.9733559
node/11428096843,unmarked,,no,no,no,77.7180309,12.9751959
node/11428096845,unmarked,,no,,,77.7180804,12.97591
node/11432458980,traffic_signals,,zebra,,,77.6088819,12.9770839
node/11432459011,uncontrolled,,zebra,,,77.6065127,12.9778559
node/11434604023,traffic_signals,,zebra,,,77.6023172,12.9792291
node/11434604026,traffic_signals,,zebra,no,no,77.6024792,12.9790787
node/11443954662,unmarked,,no,no,no,77.7012664,12.9941761
node/11445988398,,,zebra,,,77.5861956,13.1021824
node/11445988416,uncontrolled,,no,,,77.5788827,13.0997951
node/11445988420,uncontrolled,,no,,,77.5809422,13.1004098
node/11445988423,uncontrolled,,no,no,,77.5813825,13.1005339
node/11445988426,uncontrolled,,no,no,,77.5827714,13.1009253
node/11445988429,uncontrolled,,no,no,,77.5832029,13.1010491
node/11445988450,uncontrolled,,no,,,77.5852367,13.0999859
node/11445988453,,no,yes,no,,77.5839633,13.0970554
node/11445988457,uncontrolled,,no,no,,77.584363,13.0979827
node/11445988460,uncontrolled,,no,no,,77.5846962,13.0987334
node/11446018687,uncontrolled,,no,no,,77.585438,13.0988955
node/11446018690,uncontrolled,,no,,,77.5853536,13.099916
node/11446018693,uncontrolled,,no,no,,77.5849833,13.0991159
node/11446018697,uncontrolled,,no,no,,77.5844678,13.0979409
node/11446018700,,no,yes,no,,77.5838983,13.0966446
node/11446018756,uncontrolled,,,no,,77.583094,13.1012449
node/11446018762,,,,,,77.5850292,13.1017988
node/11446055377,uncontrolled,,no,no,,77.582183,13.0935839
node/11446055381,uncontrolled,,no,no,,77.5813798,13.0939664
node/11446055385,uncontrolled,,no,no,,77.5810231,13.0941934
node/11446055388,uncontrolled,,no,no,,77.5806376,13.0944535
node/11446055392,uncontrolled,,no,no,,77.5795178,13.0954568
node/11446055400,uncontrolled,,no,no,,77.5794448,13.0954627
node/11446055405,uncontrolled,,no,no,,77.5788576,13.096086
node/11446055409,uncontrolled,,no,no,,77.581991,13.0937749
node/11446055414,uncontrolled,,no,no,,77.5806929,13.0945468
node/11446055418,uncontrolled,,no,no,,77.579513,13.0955463
node/11446055421,uncontrolled,,no,no,,77.5789325,13.0961519
node/11446055424,uncontrolled,,no,no,,77.5781177,13.0972875
node/11446055430,uncontrolled,,no,no,,77.5777385,13.0977365
node/11446055431,uncontrolled,,no,no,,77.5779272,13.0974147
node/11446055432,uncontrolled,,no,no,,77.578029,13.097239
node/11446066148,uncontrolled,no,yes,no,,77.5889399,13.0955939
node/11446066155,,no,no,no,,77.5885937,13.0965469
node/11446066167,uncontrolled,,zebra,,,77.5897642,13.0935945
node/11446066168,uncontrolled,,zebra,,,77.5896841,13.0935659
node/11446227326,unmarked,,no,,,77.7162382,12.9776777
node/11448911226,,no,no,no,,77.5815988,13.0938527
node/11449172403,,no,,no,,77.5930607,13.0494953
node/11451450207,unmarked,,no,no,no,77.7135865,12.9616889
node/11451450218,uncontrolled,,zebra,no,no,77.7131718,12.9641612
node/11453087768,uncontrolled,,zebra,,,77.596898,12.9650589
node/11453116176,,,zebra,,,77.5967261,12.9651249
node/11453116182,,,,,,77.5967368,12.9651907
node/11455663690,uncontrolled,,no,no,,77.5825126,13.0935097
node/11455663691,,no,yes,no,,77.5827122,13.0939891
node/11455663692,,no,yes,no,,77.5835047,13.0957202
node/11455663693,,no,no,no,,77.5836944,13.0961532
node/11455663695,,no,yes,no,,77.5831228,13.0951246
node/11459019883,traffic_signals,,zebra,,,77.5851569,12.9636463
node/11462973027,uncontrolled,,zebra,,,77.5857837,13.0270943
node/11463129259,unmarked,,no,,,77.69696,12.9419646
node/11463129266,unmarked,,no,,,77.6969108,12.9425636
node/11464483510,traffic_signals,,zebra,no,no,77.6081798,12.9750149
node/11464483511,uncontrolled,,,,,77.6082137,12.9751218
node/11473412165,,no,yes,no,,77.6251814,12.9996094
node/11473420075,,,,,,77.623275,12.9978517
node/11473420083,,no,yes,no,,77.6253865,12.9997576
node/11476593871,,,,,,77.642157,12.9139024
node/11476593873,,,,,,77.641564,12.9140295
node/11476593877,,,,,,77.6402272,12.914335
node/11476594022,,,,,,77.6398016,12.9143911
node/11476594028,uncontrolled,,zebra,,,77.6380993,12.9140331
node/11490258152,uncontrolled,,zebra,,no,77.7074036,12.9712221
node/11493493818,uncontrolled,,zebra,,,77.6267916,12.9373803
node/11493493819,traffic_signals,,,,,77.6268582,12.937425
node/11493846473,uncontrolled,,,,,77.6201862,12.9490811
node/11493846474,uncontrolled,,,,,77.6202537,12.9490461
node/11494201276,traffic_signals,,,,,77.6334998,12.9247488
node/11494201277,traffic_signals,,,,,77.6334868,12.9248485
node/11494201334,unmarked,,no,,,77.6335258,12.9297562
node/11494201338,unmarked,,no,,,77.6334941,12.9249803
node/11494201342,traffic_signals,,,,,77.6335331,12.9251064
node/11494201343,traffic_signals,,,,,77.6336204,12.9251142
node/11494201348,unmarked,,no,,,77.6335526,12.9298896
node/11494201383,traffic_signals,,,,,77.6342055,12.9248432
node/11494201384,traffic_signals,,,,,77.6341867,12.9249656
node/11494201386,unmarked,,no,,,77.6341626,12.9250851
node/11494201388,,,,,,77.6290883,12.9351407
node/11494201389,,,,,,77.6288158,12.9354076
node/11494201390,,,,,,77.6297026,12.934537
node/11494201391,,,,,,77.6297402,12.9344983
node/11494201392,,,,,,77.6294154,12.9348255
node/11494461876,traffic_signals,,,,,77.6614588,12.9669504
node/11494461881,traffic_signals,,,,,77.6617162,12.9667804
node/11494461887,traffic_signals,,,,,77.6614363,12.9667739
node/11496183610,uncontrolled,,,,,77.6024581,12.9693639
node/11496183622,traffic_signals,,zebra,,,77.6002368,12.9679353
node/11496183627,traffic_signals,,zebra,,,77.6004396,12.9680441
node/11497411769,,no,no,no,,77.645686,12.9824012
node/11497411770,unmarked,,no,,,77.6457606,12.9821163
node/11497411790,traffic_signals,,,,,77.6449495,12.9857713
node/11497411791,traffic_signals,,,,,77.6449874,12.9856817
node/11497593315,traffic_signals,,zebra,,,77.6408217,12.9782445
node/11497593316,traffic_signals,,zebra,,no,77.6409224,12.9782469
node/11497593322,unmarked,,no,no,,77.6415675,12.9783051
node/11497593328,unmarked,,no,,,77.6441904,12.9784092
node/11497593329,unmarked,,no,no,,77.6428791,12.9783601
node/11497593338,unmarked,,no,,,77.6457238,12.9784419
node/11497593349,,,,,,77.6461935,12.9801872
node/11497593353,unmarked,,no,,,77.6464032,12.9792578
node/11497593356,unmarked,,no,,,77.646541,12.9785341
node/11497593357,unmarked,,no,,,77.6465319,12.9786198
node/11497593366,unmarked,,no,no,,77.642871,12.9785433
node/11497593367,unmarked,,no,,,77.6441745,12.9785784
node/11497593368,unmarked,,no,,,77.6457061,12.9786365
node/11497616774,unmarked,,no,,,77.6407938,12.9776941
node/11497616781,,no,no,no,,77.6408118,12.9773266
node/11497616782,,no,,,,77.6407779,12.9780215
node/11497616789,traffic_signals,,,,,77.6412337,12.9703181
node/11497616790,traffic_signals,,,,,77.6413256,12.9703232
node/11497616795,,no,no,no,,77.6411042,12.9756456
node/11497616796,,no,no,no,,77.6410604,12.9766278
node/11497616797,,no,no,no,,77.6410303,12.9771568
node/11497616798,,no,no,no,,77.6410007,12.9776726
node/11497616800,unmarked,,no,,,77.6456347,12.9792931
node/11497616801,,,,,,77.6444686,12.9792493
node/11497616809,uncontrolled,,,,,77.6464271,12.9793269
node/11497616810,uncontrolled,,,,,77.6464957,12.9793353
node/11497616812,unmarked,,no,,,77.6465932,12.9792747
node/11497616821,unmarked,,no,,,77.6406239,12.9702518
node/11497653016,,no,no,no,,77.6388589,12.9782381
node/11497653020,,,,,,77.6379368,12.9783802
node/11497653021,,,,,,77.6383549,12.9783933
node/11497653023,,no,no,no,,77.6388419,12.9784124
node/11497653024,,,,,,77.63929,12.9784306
node/11497653025,,,,,,77.6397379,12.9784452
node/11497653038,traffic_signals,,zebra,,,77.6410192,12.9783433
node/11497653039,traffic_signals,,zebra,,,77.6410162,12.9784262
node/11503590963,,,,,,77.6441174,12.9137173
node/11503590964,,,,,,77.6421661,12.9140304
node/11503590965,,,,,,77.6415711,12.9141589
node/11503590966,,,,,,77.6411602,12.9142646
node/11503617671,,,,,,77.6397919,12.9145207
node/11503617672,,,,,,77.6387214,12.9145271
node/11503617673,,,,,,77.6391171,12.9145209
node/11503617675,,,,,,77.6402272,12.9144552
node/11503617704,,,,,,77.640654,12.914368
node/11504857488,unmarked,,no,,,77.7140596,12.9652605
node/11504857496,uncontrolled,,,,,77.7141316,12.9674039
node/11504857502,unmarked,,no,,,77.714041,12.9660277
node/11504857503,unmarked,,no,,,77.7142502,12.9649233
node/11506245562,,,,,,77.5972431,12.9710605
node/11506245563,,,,,,77.5966974,12.971083
node/11507411862,uncontrolled,,zebra,,,77.6938726,12.9830346
node/11507411863,uncontrolled,,zebra,,,77.694311,12.9833032
node/11507411864,uncontrolled,,zebra,,,77.6943967,12.9833568
node/11507411866,uncontrolled,,,,,77.6933493,12.9828182
node/11507411867,uncontrolled,,,,,77.6932782,12.9829304
node/11507601980,,,,,,77.7014701,12.9849934
node/11507601981,,,,,,77.7020454,12.9848751
node/11507601997,uncontrolled,,,,,77.6976073,12.9822374
node/11508687639,uncontrolled,,,,,77.5875639,12.9792442
node/11508766190,unmarked,,no,,,77.5927036,12.9795858
node/11521929654,uncontrolled,,zebra,,,77.5875752,12.9758858
node/11521929657,uncontrolled,,zebra,no,no,77.5874943,12.976062
node/11523973876,,,,,,77.573168,12.976129
node/11525044013,,no,,,,77.7100696,12.9765005
node/11533648503,uncontrolled,,zebra,,,77.6894052,12.9220697
node/11533648504,uncontrolled,,zebra,,,77.6899308,12.9220458
node/11533648505,uncontrolled,,zebra,,,77.6904993,12.9220454
node/11533648506,uncontrolled,,zebra,,,77.6911054,12.9220241
node/11533648507,,,,,,77.6918228,12.9219962
node/11533648508,,,,,,77.692443,12.9219758
node/11533648509,,,,,,77.6930506,12.9219562
node/11533648510,,,,,,77.6936661,12.9219362
node/11535944269,,,,,,77.693342,12.9289362
node/11536699558,,,,,,77.7367256,12.9571331
node/11556966025,uncontrolled,,zebra,,,77.5712085,13.130259
node/11556966026,uncontrolled,,zebra,,,77.5713016,13.1303014
node/11556966027,uncontrolled,,zebra,,,77.5715033,13.1301129
node/11569754124,,yes,,,,77.6554102,12.8392605
node/11569754125,,yes,,,,77.6555277,12.8392346
node/11584433298,unmarked,,no,,,77.6621097,13.0123311
node/11584433318,uncontrolled,,,,,77.6620876,13.0135062
node/11584433322,uncontrolled,,,,,77.6624244,13.0135109
node/11584433325,uncontrolled,,yes,,,77.6621253,13.0129624
node/11584433330,uncontrolled,,,,,77.6624605,13.0130078
node/11584464954,,no,no,no,,77.6236563,13.0014672
node/11584464955,,no,no,no,,77.622703,12.9990427
node/11584464956,,no,no,no,,77.6229823,12.9997371
node/11584464957,,no,no,no,,77.6231873,13.0002693
node/11584464958,,no,no,no,,77.6233997,13.0008155
node/11584464959,uncontrolled,no,zebra,no,no,77.6237572,13.0017998
node/11584555926,,no,no,no,,77.6213667,13.0033281
node/11584555927,,no,no,no,,77.6218788,13.0030281
node/11584555928,,no,,no,,77.6221538,13.0028592
node/11584555931,,no,no,no,,77.6201559,13.0038986
node/11584555933,uncontrolled,,,,,77.6196438,13.0041191
node/11584555934,uncontrolled,,,,,77.6197145,13.0040944
node/11584555937,traffic_signals,,,,,77.6195987,13.0040023
node/11584555938,traffic_signals,,,,,77.6196662,13.003977
node/11584555941,traffic_signals,yes,yes,no,,77.6197385,13.0040336
node/11584568777,uncontrolled,,yes,,,77.6164207,13.0043816
node/11584568781,,,,,,77.6177888,13.0028306
node/11584568787,,,,,,77.6178672,13.0028001
node/11584568792,unmarked,,no,,,77.617499,13.0037797
node/11584568800,unmarked,,no,,,77.6185625,13.004443
node/11584568801,unmarked,,no,,,77.6181946,13.003701
node/11591288301,,,,,,77.6586724,12.9713006
node/11610502976,,,,,,77.644784,12.9173783
node/11612967963,uncontrolled,,,,,77.5776639,13.0273146
node/11612967964,uncontrolled,,,,,77.579,13.0270735
node/11612967965,uncontrolled,,,,,77.5786748,13.027142
node/11612967966,uncontrolled,,,,,77.578393,13.0271915
node/11612967967,uncontrolled,,,,,77.5781249,13.0272385
node/11612967968,uncontrolled,,,,,77.5779521,13.0272687
node/11612967969,uncontrolled,,,,,77.5777916,13.0272968
node/11612967970,uncontrolled,,,,,77.5769565,13.0274302
node/11612967971,uncontrolled,,,,,77.5758336,13.0276162
node/11612967974,uncontrolled,,,,,77.5740268,13.0279564
node/11612967975,uncontrolled,,,,,77.5734596,13.0280639
node/11612967977,uncontrolled,,,,,77.5719605,13.0283881
node/11612967978,uncontrolled,,,,,77.577694,13.0272007
node/11612967979,uncontrolled,,,,,77.5792665,13.0269144
node/11612967980,uncontrolled,,,,,77.5789381,13.0269766
node/11612967981,uncontrolled,,,,,77.5786591,13.0270355
node/11612967983,uncontrolled,,,,,77.5769569,13.0273223
node/11612967984,uncontrolled,,,,,77.5758174,13.0275097
node/11612967990,uncontrolled,,,,,77.5719372,13.0282673
node/11629375215,uncontrolled,,ladder,,,77.6822309,12.9072456
node/11629375224,uncontrolled,,ladder,,,77.6820537,12.9048694
node/11629375225,uncontrolled,,ladder,,,77.6820178,12.9044142
node/11629375256,uncontrolled,,ladder,,,77.6834225,12.9086821
node/11630611681,uncontrolled,,,,,77.6570347,12.9798295
node/11630611682,uncontrolled,,,,,77.6570465,12.9799215
node/11630611768,uncontrolled,,,,,77.6604065,12.9794848
node/11630611769,uncontrolled,,,,,77.6604171,12.9795679
node/11630611785,uncontrolled,,,,,77.6580424,12.9797128
node/11630611786,uncontrolled,,,,,77.6580518,12.9797945
node/11635024247,,,,,,77.6360872,12.9783114
node/11635024248,uncontrolled,,,,,77.636675,12.9783307
node/11635024249,uncontrolled,,,,,77.6367601,12.9783335
node/11635024253,uncontrolled,,,,,77.636792,12.9782132
node/11635024254,uncontrolled,,,,,77.6368085,12.9782928
node/11639970982,uncontrolled,,,,,77.6895876,12.9553573
node/11639970983,uncontrolled,,,,,77.6895674,12.9554586
node/11639970986,uncontrolled,,,,,77.6893789,12.9553106
node/11639970987,uncontrolled,,,,,77.6893686,12.9554188
node/11639970989,uncontrolled,,,,,77.6894379,12.9552438
node/11639970990,uncontrolled,,,,,77.6895311,12.9552548
node/11639971036,traffic_signals,,,,,77.6917877,12.9559057
node/11640549707,unmarked,,no,,,77.718343,12.9653807
node/11640787718,traffic_signals,,zebra,,,77.6450422,12.9218716
node/11640787721,traffic_signals,,zebra,,,77.6448627,12.9220342
node/11640787722,traffic_signals,,zebra,,,77.6449199,12.9219742
node/11640787724,uncontrolled,,,,,77.6450001,12.9218904
node/11655480313,,,,,,77.5658666,13.0762973
node/11655480316,,,,,,77.5676214,13.0753367
node/11655480318,,,,,,77.5689353,13.0749711
node/11655480322,,,,,,77.5701369,13.0744642
node/11655480329,,no,,,,77.571643,13.0728242
node/11655480337,,no,,,,77.5726824,13.0720569
node/11655480338,,,,,,77.5729747,13.0720398
node/11659636832,uncontrolled,,,,,77.5915982,12.9865342
node/11664358419,,no,,no,,77.5980384,12.9860901
node/11664358438,,,,,,77.5991033,12.9894351
node/11668330743,unmarked,,no,,,77.5943942,12.9921604
node/11668330765,unmarked,,no,no,no,77.5933329,12.9924319
node/11668330766,unmarked,,no,,,77.5936565,12.9923747
node/11668335675,unmarked,,no,no,no,77.5927597,12.9925264
node/11668335678,unmarked,,no,no,no,77.592301,12.9926002
node/11668335681,unmarked,,no,,,77.5919748,12.9926552
node/11668335689,unmarked,,no,,,77.5913457,12.9927776
node/11668335692,unmarked,,no,,,77.5910848,12.9928248
node/11668335695,unmarked,,no,no,no,77.5906005,12.9929061
node/11668335698,unmarked,,no,,,77.5901996,12.9929675
node/11668335705,unmarked,,no,,,77.5894181,12.993014
node/11668335709,unmarked,,no,,,77.5898785,12.9929327
node/11668335713,unmarked,,no,,,77.5897345,12.9930499
node/11668335732,unmarked,,no,no,,77.5887393,12.9925155
node/11668335747,uncontrolled,,,,,77.588569,12.990801
node/11668335753,unmarked,,no,,,77.5902922,12.9928731
node/11668335756,unmarked,,no,,,77.5905799,12.9928305
node/11668335759,unmarked,,no,,,77.5908234,12.9927833
node/11668335763,unmarked,,no,,,77.5919613,12.9925777
node/11668335766,unmarked,,no,,,77.5927351,12.9924529
node/11668335769,unmarked,,no,,,77.59317,12.9923813
node/11668335772,unmarked,,no,,,77.5936551,12.9923014
node/11668889317,,,,,,77.5950342,12.9870681
node/11668889319,,,,,,77.5963164,12.9853532
node/11668889320,,,,,,77.5961443,12.9855295
node/11668889321,,,,,,77.5954064,12.9865766
node/11668889328,,,,,,77.5958019,12.985928
node/11668889331,,,,,,77.5942718,12.9880629
node/11668889332,unmarked,,no,,,77.5936998,12.9888043
node/11668889333,,,,,,77.5930082,12.9895641
node/11668889335,,,,,,77.5932411,12.9893329
node/11668889336,,,,,,77.593387,12.9891743
node/11668889339,,,,,,77.5939992,12.9884082
node/11668889343,,,,,,77.5946896,12.9875411
node/11668889344,,,,,,77.5947941,12.9874076
node/11668889346,,,,,,77.5949774,12.9871589
node/11668889347,uncontrolled,,yes,,,77.5950203,12.9868653
node/11668889348,unmarked,,no,,,77.5944061,12.9877013
node/11668889349,,,,,,77.5942609,12.9878651
node/11668889351,,,,,,77.5940457,12.9881295
node/11668889358,,,,,,77.5930844,12.9893055
node/11668889361,,,,,,77.5933521,12.9890249
node/11668889362,unmarked,,no,,,77.5934983,12.9888446
node/11669565370,uncontrolled,,,,,77.5929355,12.9895442
node/11675348914,uncontrolled,,,,,77.633094,12.9299208
node/11675348915,uncontrolled,,,,,77.6331724,12.9299259
node/11675348918,uncontrolled,,,,,77.6332377,12.9298078
node/11675348919,uncontrolled,,,,,77.6332318,12.9298744
node/11675348925,uncontrolled,,,,,77.6331088,12.9297186
node/11675348926,uncontrolled,,,,,77.6331887,12.9297209
node/11675348930,uncontrolled,,,,,77.6330152,12.929781
node/11675348931,uncontrolled,,,,,77.6329953,12.9298465
node/11675587629,unmarked,,no,,,77.590461,12.9870019
node/11675587639,uncontrolled,,,,,77.5915341,12.983319
node/11675587649,uncontrolled,,,,,77.589497,12.9860593
node/11675668188,uncontrolled,,,,,77.5923086,12.9828837
node/11676514107,,,,,,77.5909004,12.9873402
node/11684014627,,,,,,77.7115271,12.9891907
node/11685087334,unmarked,,no,,,77.6694326,12.9288466
node/11685087336,unmarked,,no,,,77.669305,12.9288477
node/11688107944,uncontrolled,,zebra,,,77.4140736,12.8346945
node/11688107945,uncontrolled,,zebra,,,77.4140609,12.8345011
node/11688203998,uncontrolled,,,,,77.4852201,12.9128611
node/11688203999,uncontrolled,,,,,77.4853564,12.912771
node/11688204000,uncontrolled,,yes,,,77.4850931,12.9128286
node/11688204017,uncontrolled,,zebra,,,77.4868436,12.9142935
node/11688204020,uncontrolled,,zebra,,,77.4908629,12.9178353
node/11688204025,uncontrolled,,zebra,,,77.4987612,12.9248211
node/11688204033,uncontrolled,,,,,77.4958472,12.9227985
node/11688204034,uncontrolled,,,,,77.4959084,12.922673
node/11688204040,uncontrolled,,,,,77.5063339,12.931167
node/11688204050,uncontrolled,,,,,77.5129241,12.9354846
node/11688204051,uncontrolled,,,,,77.5128889,12.9355693
node/11688204060,uncontrolled,,zebra,no,no,77.5246352,12.941164
node/11688204061,uncontrolled,,zebra,no,no,77.5247338,12.9411146
node/11688204064,uncontrolled,,zebra,,,77.5357495,12.9488289
node/11688204065,uncontrolled,,zebra,,,77.5358091,12.9487288
node/11688206877,uncontrolled,,,,,77.5412415,12.9525247
node/11689826368,uncontrolled,,,,,77.5903815,12.9747221
node/11689841886,uncontrolled,,zebra,,,77.5902228,12.9749781
node/11690829494,,,,,,77.5693474,12.9983283
node/11690829532,uncontrolled,,yes,,,77.5692916,13.005499
node/11690829533,traffic_signals,,zebra,no,no,77.5691959,13.0055008
node/11690829534,,,,,,77.5691427,13.0079345
node/11690829537,,,,,,77.5692266,13.0078297
node/11690829538,,,,,,77.5694295,13.0001237
node/11690829539,,,,,,77.5694116,13.0010226
node/11690829541,uncontrolled,,zebra,no,no,77.5693762,13.0019131
node/11690829543,,,,,,77.5693523,13.0027976
node/11690829545,,,,,,77.5693268,13.0036775
node/11690829546,uncontrolled,,,,,77.5692993,13.0045429
node/11690829552,unmarked,,no,,,77.5692639,13.0064634
node/11690829554,unmarked,,no,,,77.5692483,13.0073035
node/11690829557,traffic_signals,,,,,77.5693496,12.9992407
node/11690829558,,,,,,77.5693326,13.0001233
node/11690829560,,,,,,77.5692908,13.0013603
node/11690829561,uncontrolled,,zebra,no,no,77.5692625,13.0019205
node/11690829563,,,,,,77.569254,13.0027987
node/11690829564,,,,,,77.5692434,13.0032812
node/11690829565,,,,,,77.5692276,13.0036782
node/11690829567,,,,,,77.5692023,13.004777
node/11690829568,,,,,,77.5692016,13.0049185
node/11690829569,,,,,,77.5692005,13.0051177
node/11690829573,,,,,,77.5691673,13.0067179
node/11690829574,unmarked,,no,,,77.56916,13.0073079
node/11690829575,,,,,,77.5691449,13.0078598
node/11690829648,,,,,,77.5579889,13.0182292
node/11690829649,,,,,,77.5579238,13.0183037
node/11703586226,,no,,,,77.6964459,12.9321096
node/11703586234,unmarked,,no,,,77.6970408,12.9345593
node/11703586245,unmarked,,no,,,77.697441,12.9364729
node/11703595073,uncontrolled,,,,,77.6949452,12.9312576
node/11703595074,uncontrolled,,,,,77.694964,12.9313349
node/11703595081,unmarked,,no,,,77.6946227,12.9289124
node/11703595082,unmarked,,no,,,77.6946236,12.929038
node/11703595145,uncontrolled,,,,,77.6951184,12.9312403
node/11707402924,uncontrolled,,,,,77.6206642,12.9667334
node/11707402925,uncontrolled,,,,,77.6206278,12.9668044
node/11707402929,uncontrolled,,,,,77.620645,12.9668929
node/11707402933,uncontrolled,,,,,77.620473,12.9666291
node/11707402934,uncontrolled,,,,,77.6204238,12.9666975
node/11707402935,uncontrolled,,,,,77.6203899,12.9667445
node/11707402954,uncontrolled,,,,,77.6193214,12.97244
node/11707402955,uncontrolled,,,,,77.6193378,12.9725155
node/11707402956,uncontrolled,,,,,77.6193427,12.9726414
node/11707402960,uncontrolled,,,,,77.6191687,12.972487
node/11707402961,uncontrolled,,,,,77.6191713,12.9725093
node/11707451075,uncontrolled,,,,,77.6198371,12.9658103
node/11707451076,uncontrolled,,zebra,,,77.6197555,12.9658718
node/11707460671,traffic_signals,,zebra,,,77.6193459,12.9715128
node/11707460696,unmarked,,no,,,77.6181222,12.9706884
node/11707460697,unmarked,,no,,,77.6180955,12.9707362
node/11707460714,uncontrolled,,,,,77.6194773,12.9722786
node/11707460715,uncontrolled,,,,,77.6195767,12.9722787
node/11715605535,unmarked,,no,,,77.6642138,12.8393041
node/11715605538,unmarked,,no,,,77.6641071,12.8398022
node/11715605588,uncontrolled,,,,,77.6647881,12.8418819
node/11715605591,uncontrolled,,zebra,,,77.6637573,12.8406809
node/11725146251,uncontrolled,,ladder,,,77.6488061,12.8747613
node/11725146255,uncontrolled,,ladder,,,77.6488193,12.8746967
node/11727973850,uncontrolled,,,,,77.5187332,12.9579453
node/11727973851,uncontrolled,,,,,77.5187877,12.9579263
node/11727973854,uncontrolled,,,,,77.5188585,12.9584142
node/11727973855,uncontrolled,,,,,77.5189244,12.9583948
node/11727973857,uncontrolled,,,,,77.5187919,12.9583911
node/11728014845,,no,,,,77.6446859,12.9601848
node/11728014853,,no,,,,77.6447121,12.9603749
node/11729882053,,,,,,77.6197509,13.035265
node/11731358832,uncontrolled,,,,,77.5817508,12.9795174
node/11731358833,uncontrolled,,,,,77.5818186,12.9794631
node/11732899888,traffic_signals,,zebra,,,77.5941468,12.9720685
node/11733188118,uncontrolled,,,,,77.5788928,13.1147541
node/11733188119,uncontrolled,,,,,77.5789082,13.1147228
node/11733188120,uncontrolled,,,,,77.5788693,13.1147938
node/11733188122,uncontrolled,,,,,77.5788911,13.1148959
node/11733188124,uncontrolled,,,,,77.5789952,13.1146724
node/11733188125,uncontrolled,,,,,77.5789942,13.1149335
node/11733188126,uncontrolled,,,,,77.5791075,13.1146772
node/11739418589,unmarked,,no,,,77.6096158,12.939165
node/11739418590,unmarked,,no,,,77.6097706,12.9388511
node/11739418591,unmarked,,,,,77.6105144,12.9375047
node/11739418592,unmarked,,,,,77.6107392,12.93709
node/11739418593,unmarked,,,,,77.6108269,12.9369399
node/11739418594,unmarked,,,,,77.6114132,12.9358276
node/11739418597,unmarked,,no,,,77.6097966,12.9388066
node/11739418598,unmarked,,,,,77.6100688,12.9383354
node/11739418599,unmarked,,,,,77.610421,12.9376808
node/11739418600,unmarked,,,,,77.6106845,12.9371837
node/11739418601,unmarked,,,,,77.6108905,12.936831
node/11740112683,uncontrolled,,,,,77.6543509,12.9593283
node/11740112684,uncontrolled,,,,,77.6543595,12.9594374
node/11740112692,traffic_signals,,zebra,,,77.6540722,12.9593481
node/11740112693,traffic_signals,,zebra,,,77.6540768,12.9594507
node/11758026785,,,,,,77.5555684,13.0122436
node/11760270672,uncontrolled,,zebra,no,no,77.5877316,12.9784344
node/11760270673,uncontrolled,,zebra,no,no,77.5880908,12.9777337
node/11760270700,uncontrolled,,,,,77.5888469,12.981549
node/11765459897,,,yes,,,77.6576337,12.8940981
node/11769490826,uncontrolled,,zebra,no,no,77.5882971,12.9843282
node/11769490840,uncontrolled,,,,,77.5886001,12.9822703
node/11769490857,uncontrolled,,,,,77.5874548,12.9792246
node/11769497902,uncontrolled,,zebra,no,no,77.5884165,12.977104
node/11769497911,uncontrolled,,yes,,,77.5883545,12.9772205
node/11769497931,uncontrolled,,,,,77.5887276,12.9765592
node/11769497932,uncontrolled,,,,,77.5886738,12.9766592
node/11775325768,,,,,,77.5972036,12.9823998
node/11780212849,uncontrolled,,,,,77.6204572,12.9369871
node/11780212855,uncontrolled,,zebra,no,no,77.6237192,12.9346355
node/11780212865,uncontrolled,,,,,77.6203662,12.9368192
node/11780249430,uncontrolled,,no,,,77.64161,12.9594152
node/11780249434,uncontrolled,,no,,,77.6413915,12.9594263
node/11780306780,uncontrolled,,zebra,,,77.6415321,12.9558692
node/11780306785,uncontrolled,,,,,77.6415321,12.9563786
node/11780306804,uncontrolled,,,no,,77.6413019,12.9563969
node/11780306811,uncontrolled,,zebra,,,77.6412077,12.9546949
node/11780306814,uncontrolled,,zebra,no,,77.6411848,12.9543877
node/11780306817,,no,yes,no,,77.6403277,12.9527062
node/11780306845,traffic_signals,,zebra,,,77.640153,12.9460574
node/11780306846,traffic_signals,,zebra,,,77.6400555,12.9461078
node/11780306849,traffic_signals,,,,,77.6399851,12.9459899
node/11780306850,traffic_signals,,,,,77.6400807,12.9459361
node/11780407296,,,,,,77.7333313,12.8458166
node/11795705085,uncontrolled,,no,,,77.5719634,12.8981068
node/11795705086,uncontrolled,,no,,,77.5718603,12.8981658
node/11795705167,traffic_signals,,no,,,77.5731856,12.9035665
node/11795735181,traffic_signals,,zebra,,,77.5731406,12.9064508
node/11795735182,traffic_signals,,zebra,,,77.5731281,12.9065682
node/11799207974,uncontrolled,,no,,,77.7162536,12.9772713
node/11799207989,uncontrolled,,no,,,77.7167058,12.9773083
node/11799208011,uncontrolled,,zebra,,,77.7180626,12.9747361
node/11799208027,unmarked,,no,no,no,77.7181417,12.9748795
node/11799523148,unmarked,,no,no,no,77.7180198,12.9749093
node/11799677672,,no,,,,77.5819569,12.8913249
node/11799677681,,,,,,77.5839355,12.8919467
node/11817877554,unmarked,,no,,,77.6417157,12.9119112
node/11818214352,uncontrolled,,,,,77.7111366,12.97189
node/11818279777,uncontrolled,,zebra,,,77.709875,12.9722757
node/11818279778,uncontrolled,,zebra,,,77.7099275,12.9723645
node/11818279783,,,,,,77.7095551,12.9729361
node/11818279788,unmarked,,no,,,77.7093066,12.9731366
node/11824558261,uncontrolled,,,,,77.5454768,12.8796108
node/11826815329,unmarked,,no,,,77.7181007,12.9761343
node/11826836749,unmarked,,no,,,77.7246659,12.97645
node/11831388174,uncontrolled,,,,,77.6517439,12.9240497
node/11832512731,uncontrolled,,zebra,,,77.7239244,12.9641824
node/11832523178,uncontrolled,,zebra,,,77.7193417,12.965256
node/11832523183,uncontrolled,,zebra,,,77.7192951,12.9652131
node/11832800746,uncontrolled,,zebra,,,77.7229898,12.964122
node/11832800751,uncontrolled,,no,,,77.7225647,12.9641072
node/11832800752,uncontrolled,,no,,,77.7224406,12.9640888
node/11832800767,uncontrolled,,zebra,,,77.721843,12.9640144
node/11833025761,,no,no,no,,77.6201366,13.0038618
node/11833025765,,no,no,no,,77.6221079,13.0027781
node/11833025766,,no,no,no,,77.6225228,13.0025223
node/11833025767,,no,no,no,,77.6228857,13.0023541
node/11833025768,,no,no,no,,77.6233165,13.0020836
node/11833058073,,no,no,no,,77.6239253,13.0021702
node/11833058074,,no,no,no,,77.6241892,13.0028237
node/11833058075,,no,no,no,,77.6243835,13.0032978
node/11833058076,,no,no,no,,77.6245524,13.0036887
node/11833058077,,no,no,no,,77.6247138,13.004088
node/11833058079,,no,no,no,,77.6248986,13.0046146
node/11833058080,,no,no,no,,77.6250315,13.0050873
node/11833058083,,no,no,no,,77.6253344,13.0059607
node/11833058090,,no,no,no,,77.6252167,13.0055862
node/11833058091,,no,no,no,,77.6250636,13.0050784
node/11833058092,,no,no,no,,77.6249212,13.004609
node/11833058093,,no,no,no,,77.624804,13.0042382
node/11833058095,,no,no,no,,77.6245745,13.0036799
node/11833058096,,no,no,no,,77.6244064,13.0032892
node/11833058097,,no,no,no,,77.6242192,13.002808
node/11833058098,,no,no,no,,77.6239803,13.0022013
node/11833058099,,no,no,no,,77.6238421,13.0018388
node/11833058101,,no,no,no,,77.6236939,13.0014543
node/11833058102,,no,no,no,,77.623587,13.0011539
node/11833058103,,no,no,no,,77.6234504,13.0007976
node/11833058104,,no,no,no,,77.6232403,13.0002492
node/11833058105,,no,no,no,,77.6230379,12.9997182
node/11833058106,,no,no,no,,77.6227566,12.9990229
node/11833058113,,no,no,no,,77.6212417,12.9992779
node/11833058114,,no,no,no,,77.6217107,12.9989135
node/11833289308,,no,yes,no,,77.6254942,12.9999839
node/11833289309,,no,yes,no,,77.6255306,12.9999488
node/11833289311,,no,no,no,,77.6249754,12.999634
node/11833289312,,no,no,no,,77.6245145,12.9992037
node/11833289320,,no,yes,no,,77.624915,12.9995408
node/11833289321,,no,yes,no,,77.6249591,12.9994993
node/11835357812,uncontrolled,,zebra,no,no,77.6653727,12.924225
node/11840611963,,,,,,77.6558719,12.8429096
node/11840611968,,yes,,,,77.6553907,12.83937
node/11840741672,,,,,,77.6558412,12.8443204
node/11846423572,uncontrolled,,zebra,,,77.5603294,12.9216649
node/11854291551,uncontrolled,,zebra,,,77.6110086,12.967617
node/11854291560,unmarked,,no,,,77.6106164,12.9688191
node/11854315996,uncontrolled,,,,,77.6122305,12.969509
node/11854316008,uncontrolled,,,,,77.6109092,12.9733467
node/11854316015,traffic_signals,,,,,77.6109659,12.9736246
node/11854384462,traffic_signals,,zebra,no,no,77.5908934,12.9775918
node/11854384465,uncontrolled,,zebra,,,77.5934737,12.9807029
node/11856705091,,,,,,77.6146705,12.9949751
node/11856705096,,,,,,77.6149753,12.9948975
node/11856705124,traffic_signals,,,,,77.6143978,12.9917762
node/11856875842,unmarked,,no,,,77.6131783,12.9892226
node/11856875846,unmarked,,no,,,77.6129413,12.9885318
node/11856875865,,,,,,77.6105541,12.9826467
node/11856875866,unmarked,,no,,,77.6106113,12.9830647
node/11856875868,unmarked,,no,,,77.6109689,12.9836804
node/11857026773,unmarked,,no,,,77.6116545,12.9843247
node/11857026774,,,,,,77.6114474,12.9840933
node/11857026783,,,,,,77.6117665,12.9846716
node/11857026784,,,,,,77.6117614,12.9849645
node/11857026786,unmarked,,no,,,77.6117488,12.9852722
node/11857026797,,,,,,77.6117961,12.9858011
node/11857026798,,,,,,77.6124034,12.987003
node/11857026801,traffic_signals,,,,,77.614363,12.9917142
node/11860350934,unmarked,,no,,,77.6128017,12.9961257
node/11860350944,,,,,,77.6142928,12.9971504
node/11860350948,,,,,,77.6139881,12.9955699
node/11860350949,,,,,,77.613409,12.9959572
node/11860350950,,,,,,77.6134615,12.9959277
node/11861765046,,,,,,77.6172256,13.0005296
node/11861765050,unmarked,,no,,,77.6183086,13.0004136
node/11867946839,,,,,,77.6518021,12.9094208
node/11867946840,unmarked,,no,,,77.6517921,12.9113612
node/11868405238,,,,,,77.6519686,12.9092643
node/11868405239,unmarked,,no,,,77.6519623,12.9097419
node/11868405240,unmarked,,no,,,77.6519511,12.9113635
node/11871703642,uncontrolled,,,,,77.6413771,12.9980084
node/11876622411,uncontrolled,,,,,77.5757965,12.8694097
node/11882719580,uncontrolled,,,,,77.6210876,12.9274187
node/11882719581,uncontrolled,,,,,77.6211292,12.9275183
node/11882719587,uncontrolled,,,,,77.6208578,12.9274554
node/11882719588,uncontrolled,,,,,77.6209692,12.9274085
node/11882719591,uncontrolled,,,,,77.6207932,12.9276451
node/11885833152,uncontrolled,,,,,77.6013506,12.9604967
node/11888422026,traffic_signals,,yes,,,77.5812709,12.9730159
node/11897220041,unmarked,,no,,,77.6423898,12.9192258
node/11897890035,uncontrolled,,yes,,,77.569191,13.0073492
node/11898236349,uncontrolled,,,,,77.5716274,13.0086069
node/11898236350,uncontrolled,,,,,77.5715948,13.0085909
node/11898236368,,,,,,77.5711282,13.0071986
node/11898247170,uncontrolled,,,,,77.5711069,13.0084741
node/11898247171,uncontrolled,,,,,77.5711066,13.0085299
node/11898247178,,,,,,77.5698112,13.0085033
node/11898247179,,,,,,77.5701302,13.008492
node/11898247180,,no,,,,77.5703982,13.0084778
node/11898247181,,,,,,77.5707519,13.0084512
node/11898247183,,yes,,yes,,77.5686668,13.0085965
node/11898247189,traffic_signals,,zebra,,,77.5691574,13.008716
node/11898247193,uncontrolled,,,,,77.5690876,13.0086248
node/11898247223,,,,,,77.5681336,13.0074038
node/11898860837,uncontrolled,,,,,77.5693281,13.0018305
node/11898860856,traffic_signals,,,,,77.5693911,12.9992959
node/11898868420,uncontrolled,,,,,77.5712984,12.9992748
node/11898906374,uncontrolled,,,,,77.5694473,12.9970371
node/11898958094,,,,,,77.5713795,12.9963144
node/11898958099,,,,,,77.5713918,12.9956068
node/11898958105,,,,,,77.5714691,12.9963169
node/11898958109,,,,,,77.5714853,12.9956125
node/11898958112,,,,,,77.5714108,12.9949042
node/11898958114,,,,,,77.5715016,12.9949076
node/11898958126,unmarked,,,,,77.5714345,12.9923895
node/11898958152,uncontrolled,,,,,77.5717916,12.9901348
node/11898958159,uncontrolled,,,,,77.5719473,12.9898752
node/11898958162,,,,,,77.5715181,12.9941911
node/11898958166,,,,,,77.5715475,12.992908
node/11898960575,uncontrolled,,,,,77.5717002,12.9910192
node/11898960587,,,,,,77.5727908,12.9897578
node/11898960588,informal,,,,,77.5732198,12.9895895
node/11898963227,traffic_signals,,,,,77.5713918,12.9933138
node/11898963229,traffic_signals,,,,,77.5714922,12.9933174
node/11898969973,uncontrolled,,,,,77.5715694,12.993429
node/11898969976,uncontrolled,,,,,77.5714884,12.9934828
node/11898969982,,,,,,77.5714243,12.9941862
node/11898970004,uncontrolled,,,,,77.5702786,12.993283
node/11898970005,uncontrolled,,,,,77.5702729,12.9933433
node/11899021110,unmarked,,no,,,77.6421876,12.9184468
node/11913650452,,,ladder,,,77.6172729,13.1441212
node/11915656074,,,,,,77.6227148,12.9335922
node/11918065882,,,,,,77.6337032,12.9298309
node/11918065883,,,,,,77.6338957,12.9297422
node/11918065884,,,,,,77.6341161,12.9296394
node/11918065885,,,,,,77.6343136,12.9295396
node/11918065886,,,,,,77.6345049,12.9294443
node/11918065887,,,,,,77.6347083,12.9293507
node/11918065888,,,,,,77.6349138,12.9292349
node/11918065889,,,,,,77.6350989,12.9291437
node/11918065909,unmarked,,no,,,77.6342251,12.9294404
node/11918128855,traffic_signals,,,,,77.7008825,12.9569188
node/11918128856,traffic_signals,,,,,77.7008935,12.956997
node/11922878279,,no,no,,,77.6908261,12.9338383
node/11922878282,unmarked,,no,,,77.6905042,12.9345893
node/11922878284,,no,no,,,77.6908823,12.9338732
node/11927297367,uncontrolled,,zebra,,,77.6258342,12.9123723
node/11927315803,unmarked,,no,,,77.6285687,12.9130768
node/11927315808,,,,,,77.6282903,12.9134309
node/11927462282,uncontrolled,,zebra,,,77.6290416,12.9071974
node/11927462297,uncontrolled,,zebra,,,77.6327875,12.9010811
node/11927462298,uncontrolled,,zebra,,,77.6318029,12.9026857
node/11927462321,unmarked,,no,,,77.6297361,12.9062986
node/11927462404,uncontrolled,,zebra,,,77.6341048,12.8989543
node/11927462405,uncontrolled,,zebra,,,77.6343515,12.8985549
node/11927462425,uncontrolled,,zebra,,,77.6345131,12.8982943
node/11927462449,uncontrolled,,zebra,,,77.6401912,12.8892363
node/11927462457,uncontrolled,,,,,77.6401592,12.8892898
node/11932512956,zebra,,,,,77.5529843,13.0504
node/11932680793,unmarked,,no,,,77.7288649,12.9843348
node/11932773208,uncontrolled,,,,,77.6422227,12.9607291
node/11932783880,uncontrolled,,,,,77.6409861,12.9608354
node/11932783886,uncontrolled,,no,,,77.6417845,12.9626458
node/11933333286,,no,,,,77.5574635,13.0498006
node/11933333288,,,,,,77.557412,13.0508757
node/11933333308,,,,,,77.5570387,13.0549555
node/11933333312,,,,,,77.5575078,13.0486502
node/11933395709,unmarked,,no,,,77.7034526,12.9936729
node/11933395724,unmarked,,no,,,77.7038967,12.9935854
node/11933395731,uncontrolled,,,,,77.703223,12.993607
node/11933395736,uncontrolled,,,,,77.7050091,12.993032
node/11933395739,uncontrolled,,,,,77.7050239,12.9931288
node/11933395742,uncontrolled,,,,,77.7032025,12.9935116
node/11933395755,unmarked,,no,,,77.7016326,12.9938662
node/11938745265,uncontrolled,,zebra,,,77.4737449,13.0565884
node/11941563826,uncontrolled,,zebra,,,77.6655594,12.8547963
node/11941563848,uncontrolled,,zebra,,,77.6667347,12.8533125
node/11941563849,uncontrolled,,zebra,,,77.6664169,12.853729
node/11955000935,uncontrolled,,,,,77.5950154,12.9064085
node/11955000936,uncontrolled,,,,,77.5950869,12.9064077
node/11955000963,traffic_signals,,zebra,no,no,77.6653164,12.9208872
node/11962404400,unmarked,,no,,,77.6696287,12.9187817
node/11962404444,uncontrolled,,zebra,,,77.6652613,12.9205727
node/11962432138,uncontrolled,,zebra,,,77.7012763,12.960625
node/11962432146,unmarked,,no,,,77.7016529,12.9608472
node/11962432166,unmarked,,no,,,77.7011792,12.9602686
node/11964420391,uncontrolled,,,,,77.6687621,12.9580817
node/11964420392,uncontrolled,,,,,77.6687657,12.9581535
node/11964711958,uncontrolled,,,,,77.5400736,13.0286435
node/11964711959,uncontrolled,,,,,77.5401238,13.0287463
node/11964711960,uncontrolled,,,,,77.5402066,13.0288941
node/11964711963,uncontrolled,,,,,77.539779,13.0288673
node/11964711965,uncontrolled,,,,,77.5399321,13.0290426
node/11982570363,uncontrolled,,,,,77.6399989,12.9122925
node/11982570365,uncontrolled,,,,,77.6441984,12.9122042
node/11982616078,unmarked,,no,,,77.6417134,12.9120516
node/11983604786,unmarked,,no,,,77.7273283,12.9889056
node/11983604804,unmarked,,no,,,77.7268552,12.9891991
node/11983604806,,,,,,77.7272527,12.9891095
node/11983604807,,,,,,77.7275788,12.9890336
node/12000439029,unmarked,,no,,,77.7034127,12.956666
node/12000439031,unmarked,,no,,,77.7033126,12.9566689
node/12000459724,unmarked,,no,,,77.6165486,12.9154096
node/12000459756,unmarked,,no,,,77.6101793,12.9159424
node/12000459758,unmarked,,no,,,77.6122548,12.9163784
node/12000489659,uncontrolled,,,,,77.5698482,12.9465588
node/12000489664,uncontrolled,,,,,77.5713363,12.9454873
node/12000489666,,,,,,77.5724254,12.9446916
node/12000505872,unmarked,,no,,,77.5800803,12.946855
node/12000505873,unmarked,,no,,,77.5799598,12.9468525
node/12000523271,uncontrolled,,,,,77.571228,12.9453355
node/12000523279,uncontrolled,,,,,77.573003,12.9442278
node/12000523280,,,,,,77.5720832,12.9446996
node/12000616291,traffic_signals,,zebra,,,77.5736785,12.9484359
node/12000616292,traffic_signals,,zebra,,,77.5738278,12.9484305
node/12000616293,traffic_signals,,zebra,,,77.5737829,12.9484321
node/12000616295,traffic_signals,,zebra,,,77.5735756,12.948166
node/12000616296,traffic_signals,,zebra,,,77.573571,12.9483679
node/12000643113,,,,,,77.5681747,12.9481532
node/12000643114,uncontrolled,,,,,77.5681715,12.9482262
node/12000643116,unmarked,,no,,,77.568452,12.9481373
node/12000643118,traffic_signals,,,,,77.5701197,12.9481159
node/12006306849,,no,no,no,,77.5810073,13.005038
node/12006313196,,no,no,no,,77.5802369,13.0054914
node/12006313199,uncontrolled,,,,,77.5790101,13.0064083
node/12006313234,uncontrolled,,yes,,,77.5788494,13.0062396
node/12006313235,uncontrolled,,yes,,,77.5789012,13.0064172
node/12006313236,uncontrolled,,yes,,,77.5788617,13.0063387
node/12006313237,uncontrolled,,yes,,,77.5788592,13.0064946
node/12006313238,uncontrolled,,yes,,,77.578757,13.0065529
node/12006313257,traffic_signals,,,,,77.5691614,13.0085407
node/12006313289,,no,no,no,,77.5681422,13.0087163
node/12006313304,,no,no,no,,77.5681425,13.0086356
node/12006313430,,no,no,no,,77.5561751,13.0080067
node/12006313441,,no,no,no,,77.5561867,13.0080684
node/12006381670,,,,,,77.6290095,12.9691966
node/12006381704,,,,,,77.6254007,12.9749419
node/12006381709,,,,,,77.6224094,12.9731299
node/12009391985,uncontrolled,,,,,77.5898583,12.9951499
node/12020051769,traffic_signals,,,,,77.5972528,12.9845528
node/12020051775,uncontrolled,,,no,,77.5978769,12.9862105
node/12020051776,uncontrolled,,,,,77.5974986,12.9852573
node/12020051779,,,,,,77.59874,12.9883642
node/12022160112,,,,,,77.5545215,13.0116554
node/12022160113,,,,,,77.5545468,13.0099367
node/12022160134,,,,,,77.553762,13.0046937
node/12022161046,informal,,,,,77.5517814,13.0041128
node/12022161047,informal,,,,,77.5503659,13.0039667
node/12022161049,informal,,,,,77.5506658,13.0039976
node/12022161050,informal,,,,,77.550994,13.0040315
node/12022161051,informal,,,,,77.5513685,13.0040701
node/12022161052,informal,,,,,77.5522536,13.0041615
node/12022161053,informal,,,,,77.5528982,13.004228
node/12022161054,informal,,,,,77.5532597,13.0042653
node/12022161068,informal,,,,,77.5519291,13.0042707
node/12022161070,informal,,,,,77.5506519,13.0041301
node/12022180861,,,,,,77.6005143,12.9731735
node/12022218486,,,,,,77.6006985,12.9730666
node/12022218570,,,,,,77.6011476,12.9726393
node/12031071603,uncontrolled,,yes,,,77.6576267,12.8501612
node/12050487422,uncontrolled,,zebra,no,no,77.7141853,12.9643423
node/12050487423,uncontrolled,,zebra,no,no,77.7143552,12.9643724
node/12051454912,uncontrolled,,,,,77.6076409,12.9743483
node/12052471414,,,,,,77.610154,12.9735022
node/12060569539,,,,,,77.5395538,12.9333536
node/12060569541,,,,,,77.539337,12.9334747
node/12060569552,,,,,,77.5409853,12.9323494
node/12060569554,,,,,,77.5413841,12.9320653
node/12060569562,,,,,,77.5456434,12.9287121
node/12060592377,uncontrolled,,,,,77.5498681,12.9254014
node/12060592378,uncontrolled,,,,,77.5499038,12.9254717
node/12060592387,uncontrolled,,,,,77.5499111,12.9252965
node/12060592423,,,,,,77.549632,12.9254476
node/12060592425,,,,,,77.5493399,12.9256163
node/12060592461,,,,,,77.5478972,12.926611
node/12060592462,,,,,,77.5482951,12.9263029
node/12060592463,,,,,,77.5490643,12.9257712
node/12060592466,uncontrolled,,,,,77.5500573,12.9252906
node/12060592467,uncontrolled,,,,,77.550106,12.9253588
node/12060646328,,,,,,77.5856794,12.9064987
node/12060687843,,,,,,77.5796563,12.9479583
node/12061073861,,,,,,77.5996204,12.9904875
node/12061120656,,,,,,77.6210111,12.8739301
node/12061120665,,,,,,77.6178403,12.8757648
node/12061157708,,,,,,77.6194504,12.8746755
node/12061157709,,,,,,77.6195435,12.8746629
node/12064311438,uncontrolled,,,,,77.5787122,13.0065864
node/12064311439,uncontrolled,,,,,77.5786849,13.0066435
node/12067305543,traffic_signals,,zebra,no,no,77.6381586,12.9157758
node/12067305544,traffic_signals,,zebra,no,no,77.6382597,12.9157863
node/12067463052,uncontrolled,,,,,77.6111365,12.9809833
node/12067463160,marked,yes,yes,,,77.6102352,12.9809938
node/12067463165,,,,,,77.6100205,12.9806155
node/12067463166,,,,,,77.6091224,12.9781259
node/12067464222,,yes,,,,77.6028946,12.9807067
node/12067464225,uncontrolled,,,,,77.5988785,12.982235
node/12067464229,,,,,,77.6054647,12.9797967
node/12067464233,,,,,,77.6038493,12.9803684
node/12067464237,,,,,,77.6054497,12.9799179
node/12067464240,,,,,,77.6038789,12.9804534
node/12067464259,uncontrolled,,,,,77.598678,12.981718
node/12067464260,uncontrolled,,,,,77.5984815,12.9810905
node/12067464265,marked,,,,,77.6012441,12.9813207
node/12067528972,,,,,,77.6009978,12.9814482
node/12067528973,,,,,,77.6007428,12.9815358
node/12067528977,,,,,,77.5998757,12.9818396
node/12067528987,,yes,,,,77.6029194,12.9807819
node/12067528990,uncontrolled,,,,,77.6006521,12.9814722
node/12067528991,uncontrolled,,,,,77.6004134,12.9815537
node/12067528992,uncontrolled,,,,,77.6001405,12.9816475
node/12067528993,uncontrolled,,,,,77.5998726,12.9817396
node/12067528995,,,,,,77.5988444,12.9820931
node/12067528999,,,,,,77.6013414,12.9812348
node/12067529006,,yes,,,,77.6029408,12.9807312
node/12067529010,,yes,,,,77.6028671,12.9807571
node/12067529042,,,,,,77.6060485,12.9824271
node/12067865287,,,,,,77.6383414,12.9157954
node/12068481118,uncontrolled,,,,,77.5500504,12.9876981
node/12068481119,uncontrolled,,,,,77.5500816,12.9878009
node/12069189884,unmarked,,no,,,77.7171061,12.9591306
node/12069211374,traffic_signals,,,,,77.6202802,12.9492342
node/12069211375,traffic_signals,,,,,77.6203404,12.9492
node/12069211377,unmarked,,no,,,77.6203813,12.9491084
node/12069211431,unmarked,,no,,,77.6218162,12.9418702
node/12069211432,unmarked,,no,,,77.621858,12.941811
node/12074449276,uncontrolled,,zebra,,,77.63155,12.9244195
node/12074449277,uncontrolled,,zebra,,,77.6315293,12.9245338
node/12074449284,traffic_signals,,,,,77.6284284,12.9243272
node/12074449285,traffic_signals,,,,,77.6284733,12.9244159
node/12074449288,traffic_signals,,,,,77.6291239,12.9241103
node/12074449289,traffic_signals,,,,,77.6291285,12.9242022
node/12074450333,unmarked,,no,,,77.6681907,12.9218887
node/12077171237,traffic_signals,,,,,77.580146,12.9553509
node/12077171244,traffic_signals,,,,,77.5797656,12.9551948
node/12077171245,traffic_signals,,,,,77.5797911,12.9552804
node/12077171250,traffic_signals,,zebra,,,77.5802248,12.955137
node/12077213920,traffic_signals,yes,zebra,no,no,77.6074419,12.9721161
node/12077234773,traffic_signals,,,,,77.5797582,12.9551242
node/12077235748,uncontrolled,,,,,77.6182649,12.9878766
node/12077806030,,no,no,no,,77.5975967,12.9851647
node/12077806033,,,,,,77.597804,12.9856442
node/12077806045,uncontrolled,,,,,77.599399,12.990582
node/12077806052,uncontrolled,,,,,77.5994563,12.9907203
node/12077841381,traffic_signals,,zebra,,,77.6139722,12.9906442
node/12078411924,,,,,,77.5773185,12.988378
node/12078411929,unmarked,,,,,77.576542,12.9884896
node/12078411930,unmarked,,,,,77.5761346,12.9886054
node/12078411931,unmarked,,,,,77.5757671,12.9887092
node/12078411938,unmarked,,,,,77.5742768,12.9894601
node/12078411939,unmarked,,,,,77.5743983,12.9898056
node/12078411940,unmarked,,,,,77.5745124,12.9901355
node/12078411941,unmarked,,,,,77.5746442,12.9905062
node/12078411942,,,,,,77.5747622,12.990837
node/12078411943,,,,,,77.5748642,12.9911278
node/12080765887,unmarked,,,,,77.725521,12.989501
node/12080765888,unmarked,,,,,77.7255726,12.989471
node/12080765889,unmarked,,,,,77.7261667,12.9891872
node/12080765890,unmarked,,,,,77.7262328,12.9891678
node/12084294683,traffic_signals,,no,,,77.6079927,12.9752782
node/12084317622,traffic_signals,,zebra,,,77.6407226,12.9784184
node/12087216601,unmarked,,no,,,77.6074959,12.9720771
node/12088405373,,,,,,77.6019465,12.9953671
node/12088405374,traffic_signals,,,,,77.6020665,12.9954636
node/12088405376,traffic_signals,,,,,77.6020497,12.9954074
node/12088405377,,,,,,77.6040125,12.9949249
node/12088405378,,,,,,77.6034542,12.994945
node/12088405381,traffic_signals,,,,,77.6019428,12.995529
node/12088405382,,,,,,77.6011464,12.9956896
node/12088405383,,,,,,77.6005087,12.9957944
node/12088405384,,,,,,77.5996874,12.9953976
node/12088405385,,,,,,77.5993467,12.9952945
node/12088405386,,,,,,77.5993138,12.9952844
node/12088405387,,,,,,77.5988275,12.9951372
node/12088405388,,,,,,77.5977771,12.9948193
node/12088405389,,,,,,77.5974765,12.9948804
node/12088405396,,,,,,77.5994506,12.9954833
node/12088405416,,,,,,77.6028885,12.9951066
node/12088405417,,,,,,77.6031748,12.9950248
node/12088405420,,,,,,77.6037476,12.9948612
node/12088405425,,,,,,77.5986908,12.9950959
node/12088405434,,,,,,77.6008031,12.9956052
node/12088405446,,,,,,77.6036847,12.9950304
node/12088405447,,,,,,77.6026362,12.9953378
node/12088405615,,,,,,77.5983854,12.999387
node/12088405623,,,,,,77.5972502,12.9994795
node/12088405624,,,,,,77.5975939,12.9994111
node/12088405628,,,,,,77.5985606,12.9994012
node/12088405637,,,,,,77.5964342,12.9997698
node/12088405638,,,,,,77.596753,12.9997106
node/12088405642,,,,,,77.598152,12.9994604
node/12088405645,,,,,,77.599033,12.9996426
node/12088405646,,,,,,77.5990965,12.9996598
node/12090678422,,,,,,77.7079078,12.9798592
node/12090696467,,,,,,77.7092464,12.9789497
node/12090696468,,no,,,,77.7097087,12.9775643
node/12090696473,,,,,,77.7072371,12.9788957
node/12090696475,,,,,,77.7074639,12.9781131
node/12090696478,,,,,,77.7077261,12.9773865
node/12090696480,,,,,,77.7081404,12.9762337
node/12090696754,,,,,,77.7084704,12.9753253
node/12090696757,,,,,,77.7082881,12.9758227
node/12090696780,,no,,,,77.7102503,12.9759885
node/12090720836,,,,,,77.748651,12.9650161
node/12090720837,,,,,,77.7486244,12.9649336
node/12091353048,unmarked,,no,,,77.6406309,12.9701195
node/12091353056,traffic_signals,,,,,77.6411689,12.9702396
node/12091353057,traffic_signals,,,,,77.6411715,12.9701967
node/12091353059,unmarked,,no,,,77.6387771,12.9699848
node/12091353061,unmarked,,no,,,77.638767,12.9701266
node/12092210488,,,,,,77.5688837,12.9983569
node/12092210516,,,,,,77.571259,13.0067992
node/12092210517,,,,,,77.5712594,13.0054368
node/12092210519,,,,,,77.571266,13.0064136
node/12092210537,,,,,,77.5640061,13.0075181
node/12092210538,,,,,,77.563715,13.0075327
node/12092210539,,,,,,77.5630125,13.0075674
node/12092210540,,,,,,77.5622932,13.0076029
node/12092210544,,,,,,77.5637119,13.0076228
node/12092210545,,,,,,77.5634213,13.0076371
node/12092210546,,,,,,77.5630092,13.0076574
node/12092210547,,no,,,,77.5622896,13.0076928
node/12092210549,,,,,,77.5666893,13.0073854
node/12092210550,,,,,,77.5640566,13.0075163
node/12092210552,,,,,,77.5651667,13.0074612
node/12092210553,,,,,,77.5654022,13.0074495
node/12092210557,,,,,,77.5671905,13.0073609
node/12092210559,,,,,,77.567644,13.0073383
node/12092210560,,,,,,77.5681341,13.0073141
node/12092210561,,,,,,77.5687444,13.0072837
node/12092210563,,,,,,77.5650303,13.0075579
node/12092210566,,,,,,77.5655233,13.0075334
node/12092210567,,,,,,77.5659612,13.0075117
node/12092210568,,,,,,77.5661391,13.0075028
node/12092210569,,,,,,77.5666874,13.0074754
node/12092210571,,,,,,77.5672462,13.0074477
node/12092210573,,,,,,77.5639769,13.0076089
node/12093192379,uncontrolled,,,,,77.6407358,12.912216
node/12093192380,uncontrolled,,,,,77.640736,12.9122717
node/12093192389,uncontrolled,,,,,77.6417455,12.9122436
node/12093192390,uncontrolled,,,,,77.6417476,12.9121878
node/12096409148,,,,,,77.5982779,12.9649277
node/12096420233,unmarked,,no,no,,77.6009988,12.9645836
node/12096420234,,,,,,77.6010326,12.9635946
node/12096420241,,,,,,77.6010543,12.9637198
node/12097502592,,,,,,77.7532269,12.9928056
node/12097508848,uncontrolled,,,,,77.7524691,12.9839395
node/12097508849,uncontrolled,,,,,77.7525526,12.9839158
node/12097508854,uncontrolled,,,,,77.752606,12.9837304
node/12097508855,uncontrolled,,,,,77.7526219,12.9838036
node/12097508859,uncontrolled,,,,,77.7523678,12.9836699
node/12097508860,uncontrolled,,,,,77.7524428,12.9836491
node/12097508863,uncontrolled,,,,,77.7523195,12.9837644
node/12097508864,uncontrolled,,,,,77.7523423,12.9838418
node/12097508867,,,,,,77.7526188,12.9847802
node/12097508868,,,,,,77.7526904,12.9847046
node/12098151325,unmarked,,no,,,77.7165662,12.9607711
node/12098151328,unmarked,,no,,,77.7164723,12.9607863
node/12099921860,unmarked,,no,,,77.5845829,12.9962845
node/12099921887,uncontrolled,,,,,77.5852285,12.9936938
node/12100028680,marked,,,,,77.5541859,13.0061914
node/12100028681,marked,,,,,77.5542953,13.0061687
node/12102791960,uncontrolled,,,,,77.6119696,12.9740568
node/12102866552,traffic_signals,,,,,77.6039419,12.9657717
node/12102866567,unmarked,,no,,,77.601535,12.9618737
node/12102875200,,,,,,77.5984575,12.9617134
node/12102932348,unmarked,,no,,,77.6013591,12.9631298
node/12102932377,traffic_signals,,zebra,,,77.601587,12.9602582
node/12102932381,traffic_signals,,zebra,,,77.6014401,12.9603607
node/12102942793,,,,,,77.5988471,12.9509769
node/12102942795,,,,,,77.5975213,12.9520334
node/12102946030,unmarked,,no,,,77.6024827,12.9598033
node/12102946033,unmarked,,no,,,77.6028523,12.9596871
node/12102946055,unmarked,,no,,,77.6040244,12.9592283
node/12102946061,unmarked,,no,,,77.602986,12.9595612
node/12102946065,unmarked,,no,,,77.6022707,12.959768
node/12102946086,unmarked,,no,,,77.6039791,12.9591077
node/12102975103,,,,,,77.5945703,12.9542962
node/12102995418,traffic_signals,,zebra,,,77.6017029,12.9600564
node/12102995423,unmarked,,no,,,77.6003562,12.9609481
node/12102995460,unmarked,,no,,,77.5959646,12.9622273
node/12102995471,,,,,,77.5953265,12.9623213
node/12102995472,,,,,,77.5956901,12.9622683
node/12102995478,unmarked,,no,,,77.5941776,12.9608065
node/12102995486,unmarked,,no,,,77.5932722,12.9584102
node/12102995489,unmarked,,no,,,77.5931262,12.958018
node/12103003021,unmarked,,no,,,77.5980432,12.961902
node/12103003026,traffic_signals,,,,,77.5971749,12.962116
node/12103003029,unmarked,,no,,,77.5985413,12.9617902
node/12103003030,unmarked,,no,,,77.5989118,12.9616857
node/12103003033,uncontrolled,,,,,77.5920851,12.9558039
node/12103003034,uncontrolled,,,,,77.592186,12.9557723
node/12103003037,uncontrolled,,,,,77.5919688,12.9555023
node/12103003038,uncontrolled,,,,,77.5920534,12.9554687
node/12103003043,,,,,,77.5921018,12.9560613
node/12103003047,,,,,,77.5921647,12.9562399
node/12103003048,,,,,,77.5929119,12.9581247
node/12103003491,traffic_signals,,zebra,,,77.6012573,12.9603681
node/12103003492,traffic_signals,,zebra,,,77.6012769,12.9604013
node/12103718573,traffic_signals,,,,,77.6800135,12.9544597
node/12103718574,traffic_signals,,,,,77.6800572,12.9545405
node/12103756249,unmarked,,no,,,77.6056696,12.9501831
node/12103756253,traffic_signals,,,,,77.6053633,12.9548976
node/12104217289,,,,,,77.5762704,12.9928632
node/12104217290,,,,,,77.5765305,12.9931395
node/12104217291,,,,,,77.5767501,12.9932642
node/12104217292,,,,,,77.5767951,12.993418
node/12104217293,,,,,,77.5770957,12.9937069
node/12104217294,,,,,,77.5771303,12.9936401
node/12104217295,,,,,,77.5781338,12.9945781
node/12104217296,,,,,,77.5788834,12.9952683
node/12104217297,,,,,,77.5793728,12.9957146
node/12104217298,,,,,,77.5796528,12.9959964
node/12104217299,,,,,,77.5802894,12.9966259
node/12104217300,,,,,,77.5799051,12.9962994
node/12104217325,,,,,,77.5803206,12.9967774
node/12104217326,,,,,,77.58059,12.9969708
node/12104217327,,,,,,77.5804724,12.9969488
node/12104217328,,,,,,77.5807571,12.9972663
node/12104217329,,,,,,77.5808931,12.9973088
node/12104217330,,,,,,77.5811866,12.9977453
node/12104217331,,,,,,77.5815347,12.9981319
node/12104217332,,,,,,77.5817236,12.9983222
node/12104217342,,,,,,77.5776625,12.9940937
node/12104217347,,,,,,77.5784878,12.9947638
node/12104217362,,,,,,77.5812621,12.9977203
node/12104217363,,,,,,77.5815636,12.9980536
node/12104217374,,,,,,77.5773867,12.9939546
node/12104217375,,,,,,77.5776148,12.9941485
node/12104217376,,,,,,77.577872,12.9943593
node/12104217378,,,,,,77.5780659,12.9945209
node/12107410646,,,,,,77.6031593,12.9732369
node/12107410648,,,,,,77.6031518,12.9732898
node/12107410679,,no,,,,77.6041435,12.9724214
node/12107410687,,,,,,77.6035484,12.9727679
node/12107410694,,,,,,77.6031654,12.9738105
node/12107410695,,,,,,77.6032397,12.9733839
node/12107761077,,,,,,77.6474736,12.9697752
node/12107761090,,,,,,77.6468656,12.9731197
node/12107761093,,,,,,77.6468899,12.9726883
node/12107761097,,,,,,77.6469411,12.9724285
node/12107776902,,,,,,77.6470408,12.9719887
node/12107776903,,,,,,77.6469701,12.972276
node/12107776911,,,,,,77.6466908,12.9758257
node/12107776915,,,,,,77.6467555,12.9745738
node/12107776922,,,,,,77.646841,12.9735149
node/12107776926,,,,,,77.6469096,12.9730727
node/12107776930,,,,,,77.6469025,12.9731799
node/12107776931,,,,,,77.6469758,12.9731827
node/12107776937,,,,,,77.6470249,12.9731206
node/12107776944,,,,,,77.6474013,12.9709693
node/12107776946,,,,,,77.6472762,12.9709632
node/12107776948,,,,,,77.6473558,12.9704408
node/12107776952,,,,,,77.6477326,12.9694177
node/12107776963,traffic_signals,,zebra,no,no,77.6477106,12.9689888
node/12107776969,traffic_signals,,zebra,,,77.6476456,12.9688485
node/12107776971,,,,,,77.6469833,12.9730753
node/12107776976,,no,,no,,77.6469149,12.9750097
node/12107776980,,,,,,77.6469356,12.9727443
node/12107776981,,,,,,77.6470053,12.972752
node/12107776987,,,,,,77.6476234,12.9694902
node/12107776991,,,,,,77.6474692,12.9702756
node/12107777011,uncontrolled,,,,,77.646637,12.9786853
node/12107777012,uncontrolled,,,,,77.646573,12.978677
node/12107777018,uncontrolled,,,,,77.6465982,12.9784873
node/12107777019,uncontrolled,,,,,77.6466654,12.9784921
node/12109673651,unmarked,,no,,,77.6375846,12.9161891
node/12109673670,traffic_signals,,,,,77.6381653,12.9161753
node/12109673695,,,,,,77.638343,12.9158771
node/12109673696,,,,,,77.638348,12.9161381
node/12110823206,,,,,,77.5857266,12.9551816
node/12110823214,traffic_signals,,yes,,,77.5852457,12.9541769
node/12110823220,uncontrolled,,,,,77.5852681,12.9540175
node/12111878825,unmarked,,no,,,77.5912535,12.9770973
node/12111889681,traffic_signals,,zebra,,,77.5888676,12.9675463
node/12111944872,uncontrolled,,,,,77.6622749,12.965774
node/12111944873,uncontrolled,,,,,77.6623494,12.9658209
node/12111944880,,,,,,77.6619366,12.9661615
node/12112044989,,,,,,77.6142478,12.9745331
node/12114002201,uncontrolled,,,,,77.5867157,12.9818045
node/12114002202,uncontrolled,,,,,77.5867906,12.9817685
node/12114002206,uncontrolled,,,,,77.5866233,12.9816616
node/12114002207,uncontrolled,,,,,77.5866993,12.9816219
node/12118965742,uncontrolled,,,,,77.6006599,12.9703601
node/12118965753,,,,,,77.598598,12.9709128
node/12118965754,,,,,,77.599291,12.9707159
node/12118965761,uncontrolled,,,,,77.6013549,12.9733779
node/12118965773,uncontrolled,,,,,77.6015996,12.9729655
node/12118965776,uncontrolled,,,,,77.6010264,12.9730895
node/12118965787,,,,,,77.5999521,12.9755862
node/12118965788,,,,,,77.5994148,12.974042
node/12118973703,,,,,,77.5995539,12.9745383
node/12119558730,uncontrolled,,,,,77.5972528,12.9693519
node/12119558731,uncontrolled,,,,,77.5972297,12.9692237
node/12119558732,uncontrolled,,,,,77.5969458,12.9689964
node/12119558733,uncontrolled,,,,,77.5968333,12.968781
node/12119558734,uncontrolled,,,,,77.5967715,12.9687924
node/12119558735,uncontrolled,,,,,77.5965168,12.9682989
node/12119558737,unmarked,,no,,,77.5964609,12.9683084
node/12119558743,uncontrolled,,,,,77.596509,12.9669417
node/12119558753,uncontrolled,,,,,77.5975482,12.9697913
node/12119558754,uncontrolled,,,,,77.5976346,12.9703907
node/12119558758,uncontrolled,,,,,77.5965772,12.9657651
node/12119558759,uncontrolled,,,,,77.596506,12.9664404
node/12119558761,uncontrolled,,,,,77.5964033,12.9675131
node/12119585221,uncontrolled,,,,,77.6028749,12.9747933
node/12119585225,uncontrolled,,,,,77.6029116,12.9746989
node/12119649211,traffic_signals,,zebra,,,77.596646,12.9648523
node/12119649215,uncontrolled,,,,,77.5949173,12.967441
node/12119649220,uncontrolled,,,,,77.5946506,12.968708
node/12119649229,uncontrolled,,,,,77.5942591,12.9705161
node/12119649239,uncontrolled,,,,,77.5940334,12.9715743
node/12119649244,traffic_signals,,,,,77.5941178,12.9719602
node/12119649248,uncontrolled,,zebra,,,77.5965637,12.9711636
node/12119649279,,,,,,77.5993188,12.9736213
node/12119969659,uncontrolled,,,,,77.5910275,12.9904815
node/12120691276,,no,yes,,,77.604408,12.9718861
node/12120691284,uncontrolled,,,,,77.6038427,12.9725364
node/12121490915,uncontrolled,,zebra,,,77.6070837,12.9717193
node/12121490931,unmarked,,no,,,77.5995887,12.9745036
node/12121490936,unmarked,,no,,,77.5998132,12.9756732
node/12121490943,unmarked,,no,,,77.5998571,12.9753758
node/12121490947,unmarked,,no,,,77.5992218,12.9729131
node/12121490951,unmarked,,no,,,77.5987076,12.9722829
node/12122658684,unmarked,,no,,,77.5943582,12.9918875
node/12122664688,,,,,,77.6517684,12.9085439
node/12122664691,,,,,,77.6517232,12.9080742
node/12125807043,uncontrolled,,,,,77.5896846,12.995096
node/12125807044,uncontrolled,,,,,77.5897654,12.9950617
node/12128943123,uncontrolled,,,,,77.5889177,12.967154
node/12128943140,,,,,,77.5886432,12.9673225
node/12128943159,uncontrolled,,,,,77.588664,12.9679877
node/12132158393,,,,,,77.5891819,12.9902977
node/12133941720,traffic_signals,,,,,77.5949211,12.981811
node/12133941724,unmarked,,no,,,77.5951484,12.9822848
node/12133941728,unmarked,,no,,,77.5950286,12.9823727
node/12133941737,uncontrolled,,,,,77.5958855,12.9814777
node/12133941766,traffic_signals,,,,,77.5970549,12.9845939
node/12134062465,uncontrolled,,,,,77.5817004,12.9796232
node/12134062466,uncontrolled,,,,,77.5817174,12.9796523
node/12134062467,uncontrolled,,,,,77.5817723,12.9797465
node/12134062473,uncontrolled,,,,,77.5820046,12.9794435
node/12134062474,uncontrolled,,,,,77.5820694,12.979544
node/12134062483,,,,,,77.5823747,12.9751659
node/12134062484,traffic_signals,,,,,77.5816672,12.9728937
node/12134062485,traffic_signals,,yes,,,77.581242,12.9729616
node/12134062500,uncontrolled,,,,,77.5823645,12.9750624
node/12134082401,uncontrolled,,,,,77.5824525,12.9750046
node/12134082416,uncontrolled,,,,,77.5811951,12.9733457
node/12134082417,uncontrolled,,,,,77.5812775,12.9732945
node/12134082421,uncontrolled,,,,,77.5810205,12.9729583
node/12134082444,unmarked,,no,,,77.5843384,12.9781414
node/12134088481,,,,,,77.581298,12.9789125
node/12134088500,unmarked,,no,,,77.5814465,12.9788978
node/12134110201,unmarked,,no,,,77.5813716,12.9789343
node/12134110207,unmarked,,no,,,77.5805243,12.9775325
node/12134110208,unmarked,,no,,,77.5804517,12.9775781
node/12134115995,uncontrolled,,,,,77.5866001,12.9659239
node/12134185314,traffic_signals,,,,,77.5873456,12.9681256
node/12134185334,,,,,,77.5872784,12.9669335
node/12134185348,,,,,,77.5851845,12.9656281
node/12134185349,traffic_signals,,yes,,,77.5865303,12.9657155
node/12134224861,traffic_signals,,,,,77.6917186,12.9558952
node/12134224869,traffic_signals,,,,,77.6916028,12.9557333
node/12134224870,traffic_signals,,,,,77.6915927,12.9558043
node/12134224874,traffic_signals,,,,,77.6918759,12.9558481
node/12134224875,traffic_signals,,,,,77.6918874,12.9557795
node/12135211581,uncontrolled,,,,,77.593699,12.9886923
node/12135211590,unmarked,,no,,,77.5944939,12.9876818
node/12135211598,unmarked,,no,,,77.5951187,12.9868482
node/12135287612,uncontrolled,,,,,77.592878,12.9897933
node/12135774316,marked,,,,,77.5841434,13.014909
node/12135774350,,,,,,77.5600583,13.0142056
node/12136228098,unmarked,,no,,,77.7090045,12.9566625
node/12136245704,unmarked,,no,,,77.7089013,12.9565961
node/12136946770,unmarked,,no,,,77.645748,12.9827867
node/12136946771,unmarked,,no,,,77.6456797,12.9827768
node/12137671782,,,,,,77.5859542,12.9647442
node/12137671787,,,,,,77.5846015,12.9639243
node/12139050218,traffic_signals,,,,,77.5842592,12.9615044
node/12139050219,traffic_signals,,,,,77.5842521,12.9614564
node/12139050231,traffic_signals,,,,,77.585055,12.9637859
node/12139050232,traffic_signals,,,,,77.5850464,12.9638877
node/12139050240,unmarked,,no,,,77.5847342,12.9631696
node/12139153769,uncontrolled,,,,,77.6083662,12.9956061
node/12139153773,unmarked,,no,,,77.6077965,12.9944739
node/12139259379,uncontrolled,,,,,77.5989486,12.9821105
node/12139261546,,,,,,77.5940835,12.9883041
node/12139380155,,,,,,77.5821948,12.9641181
node/12141911064,uncontrolled,,,,,77.587052,12.9754756
node/12143428827,uncontrolled,,,,,77.5800202,12.9768072
node/12143428828,uncontrolled,,,,,77.5799706,12.9768423
node/12143428833,uncontrolled,,,,,77.5800165,12.9767165
node/12143445523,,,zebra,,,77.5860579,12.9287361
node/12145336072,uncontrolled,,,,,77.576489,12.9525222
node/12145336077,unmarked,,no,,,77.5753393,12.9531307
node/12145336096,traffic_signals,,zebra,,,77.5772064,12.9562687
node/12145336099,traffic_signals,,zebra,,,77.5773876,12.9563853
node/12145344703,,,,,,77.5768171,12.9549475
node/12145344711,,,,,,77.5766888,12.953266
node/12145344712,,,,,,77.5766936,12.9536184
node/12145344713,,,,,,77.5771149,12.9559647
node/12145344717,traffic_signals,,zebra,,,77.5774312,12.9561895
node/12145344718,traffic_signals,,zebra,,,77.5774672,12.9562688
node/12145344725,traffic_signals,,,,,77.577653,12.9590873
node/12145344727,traffic_signals,,,,,77.5775076,12.9589
node/12145344730,traffic_signals,,,,,77.5776501,12.9587015
node/12145960829,,,,,,77.5529513,13.0096631
node/12145960830,,,,,,77.5531412,13.0096666
node/12146128899,,,,,,77.620663,12.949624
node/12146128900,,,,,,77.6207731,12.9498171
node/12147101374,,,,,,77.5800111,12.9336795
node/12147101377,,,,,,77.5800151,12.9330471
node/12147783388,unmarked,,no,no,,77.7248688,12.9764593
node/12147793599,unmarked,,no,,,77.5954788,12.9827058
node/12147813601,unmarked,,no,,,77.5953668,12.982788
node/12147862886,uncontrolled,,zebra,,,77.5944809,12.9818621
node/12147885414,traffic_signals,,,,,77.5916198,12.9882178
node/12147885425,uncontrolled,,,,,77.5883897,12.9905336
node/12147917893,,,,,,77.5802144,12.9873945
node/12147929626,unmarked,,no,,,77.581519,12.9853718
node/12147929629,unmarked,,no,,,77.5814002,12.9852345
node/12150906130,uncontrolled,,,,,77.5906833,12.9748545
node/12150938805,,,,,,77.7119983,12.9668153
node/12151055252,,,,,,77.7363346,12.9874711
node/12151055253,,,,,,77.7367098,12.9874674
node/12151117038,unmarked,,no,,,77.5892601,12.9768015
node/12151303580,uncontrolled,,yes,,,77.7147441,12.9557463
node/12152929799,unmarked,,no,,,77.5947865,12.9898731
node/12152946473,,,,,,77.5836641,12.9169629
node/12153060537,traffic_signals,,,,,77.571194,13.0285669
node/12153060538,traffic_signals,,,,,77.5712461,13.0285751
node/12154049810,,,,,,77.5735184,12.9253031
node/12154049811,,,,,,77.5735153,12.9249132
node/12154049812,,,,,,77.5735119,12.9244945
node/12154049814,,yes,,no,,77.5735085,12.9240794
node/12154049815,uncontrolled,,,,,77.5734994,12.9236005
node/12154049817,,,,,,77.5736743,12.9240764
node/12154049818,,,,,,77.5736777,12.9244904
node/12154049819,,,,,,77.573681,12.9249004
node/12154049820,,no,,,,77.5736836,12.925218
node/12154049821,,,,,,77.5736868,12.925615
node/12154049822,,,,,,77.5736904,12.9260578
node/12154049824,,,,,,77.5737014,12.9274433
node/12154049826,uncontrolled,,,,,77.5736723,12.9235978
node/12157280430,uncontrolled,,,,,77.6352963,12.9137502
node/12157422856,,,,,,77.6848686,12.9104994
node/12159312921,traffic_signals,,zebra,,,77.5773271,12.9564002
node/12161830071,traffic_signals,,zebra,,,77.60006,12.9204837
node/12161830098,traffic_signals,,zebra,,,77.6000673,12.9206139
node/12161877008,traffic_signals,,zebra,,,77.6002121,12.9206121
node/12161877009,traffic_signals,,zebra,,,77.6000174,12.920579
node/12161877014,traffic_signals,,zebra,,,77.6002044,12.9204819
node/12161877019,traffic_signals,,zebra,,,77.6000168,12.9205359
node/12162033651,unmarked,,no,no,,77.6978734,12.974742
node/12162056546,uncontrolled,,,,,77.6926963,12.9827317
node/12162056549,uncontrolled,,,,,77.6928132,12.9827889
node/12162056558,uncontrolled,,zebra,,,77.6925985,12.9826839
node/12162056564,,,,,,77.6930202,12.9827675
node/12162056565,,,,,,77.6930948,12.9826587
node/12162089756,uncontrolled,,,,,77.6892454,12.9883925
node/12162089759,uncontrolled,,,,,77.6893479,12.9884558
node/12162089762,unmarked,,no,,,77.6894361,12.9885103
node/12162089765,unmarked,,no,,,77.6891244,12.9883179
node/12162101219,uncontrolled,,,,,77.6873302,12.9909779
node/12162101220,uncontrolled,,,,,77.6872728,12.9910526
node/12164920042,unmarked,,no,,,77.7015027,12.972837
node/12164920045,unmarked,,no,,,77.7071134,12.9742492
node/12164920046,unmarked,,no,,,77.7070979,12.9743102
node/12164920051,unmarked,,no,,,77.7071829,12.9741819
node/12167937515,,,,,,77.5827674,12.8920752
node/12167937516,,,,,,77.5826372,12.8920895
node/12167947656,,,,,,77.6477204,12.9600482
node/12167966011,,,,,,77.5860777,12.8948763
node/12167966012,,,,,,77.5860662,12.8949638
node/12169684456,,,,,,77.5734795,12.9056695
node/12171862873,,,,,,77.6588481,12.8390728
node/12171862875,,,,,,77.6583784,12.8390799
node/12172126449,,,,,,77.6643538,12.8386846
node/12172126450,,,,,,77.6643976,12.8384833
node/12174515973,uncontrolled,,,,,77.6894973,12.9877065
node/12174515976,uncontrolled,,zebra,,,77.6896245,12.987777
node/12174515979,uncontrolled,,,,,77.6897207,12.9878304
node/12174515982,uncontrolled,,,,,77.6898172,12.9878839
node/12174614849,unmarked,,no,,,77.6920499,12.9968828
node/12174614852,unmarked,,no,,,77.6926105,12.9967768
node/12174614862,unmarked,,no,,,77.6937899,12.9962947
node/12174614875,,,,,,77.6941242,12.9961558
node/12174616574,uncontrolled,,,,,77.6937264,12.9962601
node/12187447577,,,,,,77.7503181,12.9718774
node/12187620881,,,,,,77.5842321,12.9837988
node/12189334799,traffic_signals,,,no,,77.6467879,12.9740353
node/12190248464,unmarked,,no,,,77.5946564,12.9760016
node/12201093984,uncontrolled,,,,,77.5443654,13.0262125
node/12201093985,uncontrolled,,,,,77.5444337,13.0263242
node/12201093986,uncontrolled,,,,,77.5445056,13.0264419
node/12201193305,unmarked,,no,,,77.7214071,12.9731071
node/12201301978,unmarked,,no,,,77.6450703,12.9195986
node/12201301983,,,,,,77.6451026,12.9209341
node/12201301987,uncontrolled,,,,,77.64499,12.9194663
node/12207128597,unmarked,,no,,,77.7022014,12.9732498
node/12209237248,uncontrolled,,,,,77.6976474,12.9750984
node/12209237285,unmarked,,no,,,77.700578,12.972562
node/12209237286,unmarked,,no,,,77.7005562,12.97261
node/12209237290,unmarked,,no,,,77.7013114,12.9727695
node/12232459968,unmarked,,no,,,77.7448189,12.9863119
node/12232459969,,,,,,77.7452491,12.98618
node/12232459970,unmarked,,no,no,,77.7461782,12.9858604
node/12232459979,unmarked,,no,,,77.7467812,12.9859788
node/12232459987,uncontrolled,,zebra,,,77.7476635,12.9852873
node/12232476310,uncontrolled,,,,,77.7478788,12.9852605
node/12232476311,uncontrolled,,,,,77.7479219,12.9853791
node/12232476316,uncontrolled,,zebra,,,77.7447877,12.9863768
node/12232476317,uncontrolled,,zebra,,,77.7448123,12.9864569
node/12234019660,unmarked,,no,,,77.6989102,12.9731593
node/12260983388,uncontrolled,,zebra,no,,77.5772736,13.0993793
node/12261022728,uncontrolled,,,no,,77.5771639,13.0992959
node/12298373247,traffic_signals,,,,,77.6479587,13.0221945
node/12298373248,traffic_signals,,,,,77.6480236,13.0223544
node/12308893157,traffic_signals,,,,,77.5738621,12.9406332
node/12308893379,uncontrolled,,,,,77.5796368,12.9287454
node/12308893380,uncontrolled,,,,,77.5780738,12.9288607
node/12308893382,uncontrolled,,,,,77.5780726,12.928681
node/12351736609,,,,,,77.5838674,12.9308574
node/12376251736,,,zebra,,,77.5805384,13.0091018
node/12376251737,,,zebra,,,77.5805701,13.0091773
node/12376251738,,,zebra,,,77.5804513,13.0091038
node/12376251741,,,zebra,,,77.5805661,13.009101
node/12389374396,,,,,,77.5750145,12.9789032
node/12389374399,,,,,,77.5752645,12.9781612
node/12389395601,,,,,,77.5754366,12.9776802
node/12389395605,,,,,,77.5750548,12.9771498
node/12389395611,,,,,,77.5753846,12.9781962
node/12401757849,,,,,,77.5672175,13.0355748
node/12401757850,,,,,,77.5685326,13.0340871
node/12414213423,,,,,,77.5776515,12.9880803
node/12414213430,informal,,,,,77.5734489,12.9894857
node/12415829617,uncontrolled,,,,,77.5943994,12.9819773
node/12415838532,,,,,,77.5556679,13.0122438
node/12415838533,,,,,,77.5556697,13.0130251
node/12415838543,unmarked,,no,,,77.5593266,13.0077812
node/12421958529,traffic_signals,,zebra,,,77.5760632,12.9755044
node/12422897646,,,,,,77.7108279,12.988318
node/12422897671,,no,,,,77.7112842,12.9890569
node/12422897672,,,,,,77.7120328,12.989398
node/12422897673,,,,,,77.7121968,12.9894867
node/12422897675,uncontrolled,,,,,77.7101977,12.9880264
node/12426224467,traffic_signals,,zebra,,,77.5741223,12.9891328
node/12426224587,marked,,,no,,77.5632312,13.0088748
node/12428767669,,,,,,77.5735024,12.977186
node/12429035767,,,,,,77.5746403,12.9816246
node/12429035774,uncontrolled,,yes,,,77.5745326,12.9808742
node/12429035790,uncontrolled,,,,,77.5746506,12.980609
node/12429067006,,,,,,77.5742929,12.980528
node/12429067014,uncontrolled,,,,,77.5756109,12.9772066
node/12429457376,traffic_signals,,,,,77.579816,12.9866077
node/12429457377,traffic_signals,,,,,77.5797602,12.9866431
node/12429457385,traffic_signals,,,,,77.579555,12.9864717
node/12429457388,traffic_signals,,,,,77.5796412,12.9866251
node/12429457392,,,,,,77.5799276,12.9869442
node/12429457395,unmarked,,no,,,77.5845092,12.9938078
node/12429469406,traffic_signals,,,,,77.5796454,12.9863613
node/12429469407,traffic_signals,,,,,77.5795966,12.9863868
node/12429469439,uncontrolled,,zebra,no,,77.5843474,12.9936286
node/12429469442,uncontrolled,,zebra,no,no,77.5843729,12.9935902
node/12429469445,,,,,,77.5792385,12.9869466
node/12429469450,,,,,,77.5812078,12.9888067
node/12429469454,,,,,,77.5808444,12.9882363
node/12429469457,,,,,,77.5805752,12.9877977
node/12429469459,,,,,,77.580273,12.9873027
node/12429469461,,,,,,77.5816255,12.9894976
node/12429482552,uncontrolled,,,,,77.5818858,12.9847184
node/12429482554,uncontrolled,,,,,77.5820545,12.9846229
node/12429482560,uncontrolled,,,,,77.5823412,12.9844211
node/12429482561,uncontrolled,,,,,77.5823847,12.9843895
node/12429496731,uncontrolled,,,,,77.58229,12.9845432
node/12429496734,uncontrolled,,,,,77.5823929,12.9846514
node/12430010327,unmarked,,no,,,77.5708093,12.9757775
node/12430010328,unmarked,,no,,,77.5708177,12.9759282
node/12433045760,uncontrolled,,yes,,,77.5893944,12.9788765
node/12433045761,uncontrolled,,yes,,,77.5903312,12.9786058
node/12433045762,uncontrolled,,yes,,,77.5896767,12.9791992
node/12433045763,uncontrolled,,yes,,,77.5897081,12.9774935
node/12438897270,unmarked,,no,,,77.5365969,12.9756577
node/12438897271,unmarked,,no,,,77.5368324,12.9755359
node/12438897272,unmarked,,no,,,77.5368622,12.9756752
node/12438897273,unmarked,,no,,,77.537394,12.9755817
node/12438897274,unmarked,,no,,,77.5379902,12.9756183
node/12438897277,uncontrolled,,,,,77.5386095,12.9757979
node/12438941765,uncontrolled,,yes,,,77.5375062,12.9878515
node/12438941766,uncontrolled,,yes,,,77.5374341,12.9878609
node/12438941769,traffic_signals,,yes,,,77.537577,12.9879425
node/12438941772,traffic_signals,,,,,77.537403,12.9879715
node/12438941776,uncontrolled,,yes,,,77.5371073,12.9854787
node/12438946216,unmarked,,no,,,77.5372368,12.9866923
node/12438946219,uncontrolled,,yes,,,77.53702,12.9845179
node/12438946232,uncontrolled,,zebra,,,77.5373554,12.9824271
node/12438946245,uncontrolled,,zebra,,,77.5371687,12.9840473
node/12438946249,unmarked,,no,,,77.5373351,12.9858882
node/12438946251,unmarked,,no,,,77.5374724,12.9873387
node/12438952838,unmarked,,no,,,77.5354379,12.9756594
node/12438952839,unmarked,,no,,,77.5359749,12.9756341
node/12438952844,unmarked,,no,,,77.5355097,12.9755399
node/12441113444,uncontrolled,,zebra,,,77.5384918,12.9915645
node/12441113456,uncontrolled,,zebra,,,77.539025,12.9932666
node/12441113457,uncontrolled,,zebra,,,77.5390883,12.9932447
node/12441113458,uncontrolled,,yes,,,77.5391616,12.9933051
node/12441113482,uncontrolled,,yes,,,77.5411078,12.9992668
node/12441113491,uncontrolled,,yes,,,77.5411367,12.9994479
node/12441113492,uncontrolled,,yes,,,77.5410362,12.9993988
node/12441118676,unmarked,,no,,,77.5417677,12.9989258
node/12441126018,unmarked,,no,,,77.5405376,12.997674
node/12441126032,uncontrolled,,yes,,,77.5383373,12.9915837
node/12441141212,,,,,,77.5484335,12.9974514
node/12441141216,uncontrolled,,yes,,,77.5412555,12.9992808
node/12441141217,uncontrolled,,yes,,,77.5412759,12.9993394
node/12441141241,,,,,,77.5464294,12.997502
node/12441141242,,,,,,77.5464283,12.9974194
node/12441141243,,,,,,77.5463657,12.9973545
node/12441141244,,,,,,77.5462716,12.9974204
node/12441141245,,,,,,77.5462727,12.9975012
node/12441141246,,,,,,77.5463719,12.9975567
node/12441719344,unmarked,,no,,,77.5380013,12.9726418
node/12441719359,unmarked,,no,,,77.5384682,12.972454
node/12441719362,uncontrolled,,,,,77.538609,12.972985
node/12441719363,uncontrolled,,,,,77.5386861,12.9728953
node/12441719365,uncontrolled,,,,,77.5385582,12.972982
node/12441719367,uncontrolled,,,,,77.5384916,12.9729123
node/12441719368,uncontrolled,,,,,77.538556,12.9728156
node/12441719378,unmarked,,no,,,77.5384199,12.9737147
node/12441719382,unmarked,,no,,,77.5384671,12.9736567
node/12441745903,unmarked,,no,,,77.5383936,12.973094
node/12441745904,unmarked,,no,,,77.5384319,12.9730762
node/12441745907,unmarked,,no,,,77.5377822,12.9733164
node/12441745910,unmarked,,no,,,77.5372621,12.9734924
node/12441745912,unmarked,,no,,,77.5368316,12.9736458
node/12441745917,unmarked,,no,,,77.5363376,12.9738219
node/12441745920,unmarked,,no,,,77.535271,12.9741986
node/12441745929,unmarked,,no,,,77.5365877,12.9736602
node/12441745934,unmarked,,no,,,77.5353508,12.9741276
node/12441745940,unmarked,,no,,,77.536372,12.9737717
node/12441745944,unmarked,,no,,,77.5368705,12.9735896
node/12441745949,unmarked,,no,,,77.5373038,12.9734344
node/12441745970,unmarked,,no,,,77.5350313,12.9756767
node/12441745977,unmarked,,no,,,77.538442,12.9753607
node/12441745980,uncontrolled,,zebra,no,no,77.5420529,12.9753672
node/12441745986,unmarked,,no,,,77.5417202,12.9754707
node/12441745989,unmarked,,no,,,77.541282,12.9755252
node/12441745992,unmarked,,no,,,77.540857,12.9755722
node/12441745995,unmarked,,no,,,77.5403976,12.9756216
node/12441745998,unmarked,,no,,,77.5399616,12.9756659
node/12441746001,unmarked,,no,,,77.539543,12.9757123
node/12441746020,unmarked,,no,,,77.539064,12.9756227
node/12441746023,unmarked,,no,,,77.5395284,12.9755836
node/12441746029,uncontrolled,,,,,77.5385547,12.9756572
node/12441746034,uncontrolled,,zebra,,,77.5384316,12.9757214
node/12441746039,unmarked,,no,,,77.5399493,12.9755455
node/12441746040,unmarked,,no,,,77.5403812,12.9755068
node/12441746042,unmarked,,no,,,77.540844,12.9754597
node/12441746051,uncontrolled,,,,,77.538661,12.9757362
node/12441746062,unmarked,,no,,,77.5345519,12.9743408
node/12441746064,unmarked,,no,,,77.5376824,12.9732604
node/12441746069,unmarked,,no,,,77.5376654,12.9733204
node/12441746071,unmarked,,no,,,77.5380895,12.9743982
node/12441856480,uncontrolled,,,,,77.5371409,12.9830046
node/12441856483,uncontrolled,,,,,77.5372212,12.9830315
node/12441856489,uncontrolled,,,,,77.53715,12.980616
node/12441856492,uncontrolled,,,,,77.5370457,12.9804011
node/12441867921,uncontrolled,,zebra,,,77.5370807,12.9844397
node/12441867922,uncontrolled,,zebra,,,77.5371586,12.9844348
node/12441867930,uncontrolled,,,,,77.5372975,12.9868688
node/12441867931,uncontrolled,,,,,77.5373834,12.9868634
node/12441867949,unmarked,,no,,,77.5379758,12.9879525
node/12441867955,unmarked,,no,,,77.5398133,12.9870652
node/12441867959,unmarked,,no,,,77.5416002,12.9861197
node/12441867966,uncontrolled,,,,,77.538043,12.9901936
node/12441867967,uncontrolled,,,,,77.5379829,12.9902012
node/12441867979,uncontrolled,,,,,77.5381462,12.9906536
node/12441867980,uncontrolled,,,,,77.5380841,12.9906609
node/12441867985,uncontrolled,,,,,77.5395569,12.9947367
node/12441867986,uncontrolled,,,,,77.5396118,12.9947231
node/12441868000,unmarked,,no,,,77.537523,12.9801498
node/12441868006,,,,,,77.54201,12.9859314
node/12442999913,uncontrolled,,zebra,,,77.7274372,12.9800732
node/12442999923,uncontrolled,,zebra,,,77.7288605,12.9842365
node/12442999924,uncontrolled,,zebra,,,77.7289924,12.9841643
node/12446863537,,,,,,77.6948185,12.9278464
node/12448327755,uncontrolled,,,,,77.6480275,12.96886
node/12448373556,unmarked,,no,,,77.6449726,12.9704123
node/12448373563,unmarked,,no,,,77.6455592,12.9703297
node/12448373566,unmarked,,no,,,77.6440994,12.9702899
node/12448373569,unmarked,,no,,,77.6432956,12.9703787
node/12448373577,unmarked,,no,,,77.6450151,12.970361
node/12448373582,unmarked,,no,,,77.6441379,12.9703404
node/12448373586,unmarked,,no,,,77.6435158,12.9702741
node/12448373592,,yes,,,,77.6413792,12.9702076
node/12448373593,,yes,,,,77.6413778,12.9702549
node/12448373596,unmarked,,no,,,77.6419316,12.970323
node/12448380904,unmarked,,no,,,77.6433641,12.970317
node/12448380907,unmarked,,no,,,77.642,12.9701942
node/12448400106,unmarked,,no,,,77.6416193,12.9660773
node/12448400109,unmarked,,no,,,77.6415763,12.9668087
node/12448400112,unmarked,,no,,,77.6415456,12.9674714
node/12448400114,uncontrolled,,,,,77.641486,12.9685885
node/12448400116,uncontrolled,,,,,77.6412604,12.9685785
node/12448400120,,,,,,77.6413613,12.966857
node/12448400123,,,,,,77.6414179,12.9658147
node/12448400129,,,,,,77.6413416,12.9685272
node/12448400130,,,,,,77.6414262,12.9685319
node/12450523219,unmarked,,no,,,77.7151309,12.9778452
node/12451306651,uncontrolled,,,,,77.6077353,12.944003
node/12451306652,uncontrolled,,,,,77.6077259,12.9440436
node/12451306655,uncontrolled,,,,,77.607594,12.9439041
node/12451306656,uncontrolled,,,,,77.6076783,12.9439214
node/12451306659,uncontrolled,,,,,77.607532,12.9441255
node/12451306660,uncontrolled,,,,,77.6076138,12.9441452
node/12451306664,uncontrolled,,,,,77.6073994,12.94405
node/12451336517,,,zebra,no,no,77.5544921,13.0121678
node/12452722465,uncontrolled,,,,,77.6200594,12.9729662
node/12452722471,uncontrolled,,zebra,,,77.6200531,12.9746294
node/12452723312,uncontrolled,,zebra,,,77.6199789,12.9747272
node/12452723318,uncontrolled,,zebra,,,77.6200796,12.9748186
node/12452723325,traffic_signals,,,,,77.6196229,12.9725635
node/12452723326,traffic_signals,,,,,77.6196047,12.9726679
node/12452734618,traffic_signals,,,,,77.6143214,12.9754172
node/12452734619,traffic_signals,,,,,77.6143325,12.9752263
node/12452734626,traffic_signals,,,,,77.6144174,12.9754844
node/12452734627,traffic_signals,,,,,77.6144955,12.9754622
node/12452734634,traffic_signals,,zebra,,,77.6146572,12.9762324
node/12452734635,traffic_signals,,zebra,,,77.6147304,12.976211
node/12452734641,traffic_signals,,zebra,no,no,77.6148235,12.9762685
node/12452734642,traffic_signals,,zebra,no,no,77.6148386,12.97632
node/12452734648,traffic_signals,,zebra,no,no,77.6147246,12.9764571
node/12452734649,traffic_signals,,zebra,no,no,77.6147912,12.9764374
node/12452763614,unmarked,,no,,,77.7536733,12.98734
node/12452763618,unmarked,,no,,,77.7540733,12.9872006
node/12455449777,unmarked,,no,,,77.7248524,12.9768479
node/12456255955,uncontrolled,,,,,77.5958584,12.999755
node/12456255956,,,,,,77.5958178,12.9998852
node/12456255960,uncontrolled,,,,,77.5968567,12.9996246
node/12459183660,unmarked,,no,,,77.669198,12.9271959
node/12459183661,unmarked,,no,,,77.6692643,12.927231
node/12459197074,traffic_signals,,zebra,,,77.6151432,12.9163201
node/12459197075,traffic_signals,,zebra,,,77.6151569,12.9164633
node/12459197078,traffic_signals,,zebra,,,77.6152256,12.9162758
node/12459197079,traffic_signals,,zebra,,,77.6151764,12.9162793
node/12459197082,traffic_signals,,zebra,,,77.6152528,12.9163059
node/12459197083,traffic_signals,,zebra,,,77.6152627,12.9164526
node/12459197093,unmarked,,no,,,77.6144508,12.9163403
node/12459197095,unmarked,,no,,,77.6147878,12.9163171
node/12459207606,unmarked,,no,,,77.6142233,12.9165747
node/12459207609,traffic_signals,,zebra,no,no,77.6100478,12.9164192
node/12459207610,traffic_signals,,zebra,no,no,77.6101165,12.9164175
node/12459207613,traffic_signals,,zebra,no,no,77.610188,12.9164506
node/12459207614,traffic_signals,,zebra,no,no,77.6101934,12.9166257
node/12459207617,traffic_signals,,zebra,no,no,77.6100005,12.9164557
node/12459207618,traffic_signals,,zebra,no,no,77.6100047,12.9166272
node/12459207621,unmarked,,no,,,77.6156962,12.9162308
node/12459218196,unmarked,,no,,,77.5983454,12.9168861
node/12459218199,unmarked,,no,,,77.5979984,12.9168964
node/12459243302,unmarked,,no,,,77.5976408,12.9168995
node/12459243305,unmarked,,no,,,77.5972658,12.9169054
node/12459243308,traffic_signals,,zebra,,,77.5968164,12.9169135
node/12459243309,traffic_signals,,zebra,,,77.5969008,12.9169123
node/12459243313,unmarked,,no,,,77.5983962,12.9166415
node/12459243316,unmarked,,no,,,77.5979842,12.9166503
node/12459243319,unmarked,,no,,,77.5976503,12.9166637
node/12459243322,unmarked,,no,,,77.5972703,12.9166702
node/12459243325,traffic_signals,,zebra,,,77.5968416,12.9166774
node/12459243326,traffic_signals,,zebra,,,77.596863,12.916677
node/12459243330,traffic_signals,,zebra,,,77.5969231,12.9167482
node/12459243331,traffic_signals,,zebra,,,77.5969249,12.9168625
node/12459243338,unmarked,,no,,,77.5954836,12.9169447
node/12459243341,unmarked,,no,,,77.5957913,12.9169394
node/12459243344,unmarked,,no,,,77.5961387,12.9169311
node/12459243347,unmarked,,no,,,77.5964445,12.9169239
node/12459243351,traffic_signals,,,,,77.5967907,12.9167508
node/12459243352,traffic_signals,,,,,77.5967946,12.9168633
node/12459243390,traffic_signals,,zebra,no,no,77.5998353,12.9130214
node/12459243396,unmarked,,no,,,77.598667,12.9166326
node/12460791294,unmarked,,no,no,,77.6147691,12.9717689
node/12460840904,unmarked,,no,,,77.6149402,12.9723946
node/12460840911,unmarked,,no,,,77.6147852,12.9711259
node/12460840923,unmarked,,no,,,77.614761,12.9704686
node/12460840931,uncontrolled,,,,,77.6155217,12.9691359
node/12460840932,uncontrolled,,,,,77.6154849,12.9691943
node/12460840937,unmarked,,no,,,77.6147948,12.9705105
node/12460840985,uncontrolled,,,,,77.6144118,12.9685625
node/12460840986,uncontrolled,,,,,77.614463,12.9685052
node/12460840992,uncontrolled,,zebra,,,77.6143213,12.9683823
node/12460840993,uncontrolled,,zebra,,,77.614356,12.9683899
node/12460840997,traffic_signals,,,,,77.6141155,12.9684117
node/12460840998,traffic_signals,,,,,77.6141181,12.968501
node/12460854906,uncontrolled,,,,,77.6170367,12.9700926
node/12460854907,uncontrolled,,,,,77.6170666,12.970046
node/12460885353,uncontrolled,,,,,77.6119074,12.9697826
node/12460885357,traffic_signals,,zebra,,,77.6105493,12.9702599
node/12460885364,traffic_signals,,zebra,,,77.6103967,12.970123
node/12460885407,traffic_signals,,zebra,,,77.6101475,12.9704032
node/12460885408,traffic_signals,,zebra,,,77.610157,12.9704546
node/12460885414,traffic_signals,,zebra,,,77.6102984,12.9705877
node/12460929620,uncontrolled,,,,,77.6060864,12.9684457
node/12460929625,unmarked,,no,,,77.6065725,12.9696703
node/12460929632,unmarked,,no,,,77.6066808,12.9700029
node/12460929634,unmarked,,no,no,,77.6064235,12.9692094
node/12460929641,unmarked,,no,no,,77.6063107,12.9687368
node/12460929677,unmarked,,no,,,77.6067368,12.9681267
node/12460929681,unmarked,,no,,,77.6076489,12.9677413
node/12460929688,unmarked,,no,,,77.6063435,12.9676984
node/12460929701,,,,,,77.6030219,12.9657091
node/12460929706,traffic_signals,,,,,77.6066777,12.9662073
node/12461074795,,no,no,no,,77.6016059,12.9659867
node/12461074796,,no,no,no,,77.6010273,12.9669952
node/12461082101,unmarked,,no,no,,77.6007904,12.9673093
node/12461082142,,no,no,no,,77.6011732,12.9668894
node/12461082145,,no,no,no,,77.6015827,12.9662804
node/12462400270,traffic_signals,,zebra,,,77.5972315,12.9648264
node/12462400271,traffic_signals,,zebra,,,77.5972257,12.9649443
node/12462400287,unmarked,,no,,,77.5966858,12.9641717
node/12462417402,traffic_signals,,zebra,,,77.5968764,12.9646246
node/12462417404,traffic_signals,,zebra,,,77.5967346,12.9646905
node/12462434285,uncontrolled,,zebra,,,77.6024848,12.9694839
node/12462450432,uncontrolled,,,,,77.5953784,12.9715852
node/12462501279,uncontrolled,,,,,77.6081235,12.9674426
node/12462501283,uncontrolled,,,,,77.6080696,12.9675068
node/12462501290,uncontrolled,,,,,77.6078452,12.9671635
node/12462506244,,yes,,no,no,77.6139775,12.9738393
node/12462506245,traffic_signals,yes,zebra,,no,77.6137903,12.9738036
node/12462506246,traffic_signals,yes,zebra,no,no,77.61396,12.9736501
node/12462507953,traffic_signals,,,,,77.6112737,12.9670316
node/12462507961,traffic_signals,,zebra,,,77.6111043,12.9674719
node/12462507962,traffic_signals,,zebra,,,77.6111519,12.9674861
node/12462583199,,,,,,77.5818065,12.9234967
node/12462584002,,,,,,77.5823117,12.9234876
node/12462584005,,,,,,77.5827387,12.9234795
node/12462584011,,,,,,77.5818081,12.9233244
node/12462584013,,,,,,77.5811757,12.9233372
node/12462584017,,,,,,77.5807283,12.9233525
node/12462584020,,,,,,77.5811729,12.9235094
node/12462584022,,,,,,77.580726,12.9235228
node/12462584029,,,,,,77.5807471,12.9218446
node/12462584031,,,,,,77.5811943,12.9218441
node/12462584034,,,,,,77.5818219,12.9218356
node/12462584038,,,,,,77.5836266,12.9223926
node/12462584041,,,,,,77.5836386,12.9228493
node/12462584047,,,,,,77.5842345,12.9218113
node/12462584053,,,,,,77.5837855,12.9212712
node/12462584056,,,,,,77.5837773,12.920801
node/12462584061,,,,,,77.5836179,12.9211332
node/12462584064,,,,,,77.5835969,12.9205199
node/12462584067,,,,,,77.5835883,12.9198766
node/12462584070,,,,,,77.5835832,12.9193288
node/12462584073,,,,,,77.5835781,12.9188621
node/12462584076,,,,,,77.5835726,12.9184034
node/12462584079,,,,,,77.5835627,12.9179285
node/12462584085,,,,,,77.5818716,12.9198109
node/12462584087,,,,,,77.5812206,12.919825
node/12462584091,,,,,,77.5807678,12.9199909
node/12462584095,,,,,,77.5812186,12.9199869
node/12462584099,,,,,,77.5827705,12.9199518
node/12462584102,,,,,,77.5822639,12.919954
node/12462584104,,,,,,77.581873,12.9199727
node/12462584108,,,,,,77.581823,12.9217199
node/12462584111,,,,,,77.5811958,12.9217256
node/12462584113,,,,,,77.5807484,12.9217323
node/12462598544,uncontrolled,,zebra,,,77.727149,12.9772558
node/12462598545,uncontrolled,,zebra,,,77.7272913,12.9772589
node/12464229064,uncontrolled,,,,,77.6287431,12.9071417
node/12464229065,uncontrolled,,,,,77.6286954,12.9071161
node/12464229066,uncontrolled,,,,,77.6289241,12.9072388
node/12464229067,uncontrolled,,,,,77.6289933,12.907276
node/12464229070,uncontrolled,,,,,77.6296856,12.9063361
node/12464229071,uncontrolled,,,,,77.6296615,12.9063859
node/12466406372,traffic_signals,,,,,77.5883593,12.9610915
node/12466406379,unmarked,,no,,,77.58656,12.9611448
node/12466406385,traffic_signals,,,,,77.5880321,12.9610342
node/12466406386,traffic_signals,,,,,77.5880613,12.9610983
node/12466444263,unmarked,,no,,,77.5839473,12.9634848
node/12466444266,unmarked,,no,,,77.5833463,12.9634023
node/12466444269,unmarked,,no,,,77.5823751,12.9632693
node/12466444272,unmarked,,no,,,77.5819916,12.963251
node/12466444275,unmarked,,no,,,77.5811199,12.9633163
node/12466444278,unmarked,,no,,,77.5797971,12.9634352
node/12466444282,unmarked,,no,,,77.5788256,12.9634969
node/12466459952,traffic_signals,,,,,77.5775263,12.9590449
node/12466459966,unmarked,,no,,,77.5774003,12.9571537
node/12466459969,unmarked,,no,,,77.5774417,12.9575432
node/12466459972,unmarked,,no,,,77.5775573,12.9583306
node/12466459975,unmarked,,no,,,77.5775814,12.9585079
node/12466459991,,,,,,77.5774866,12.9569296
node/12466459992,,,,,,77.5776234,12.9579965
node/12466460005,traffic_signals,,zebra,,,77.574405,12.9598242
node/12466460009,traffic_signals,,zebra,,,77.5744755,12.9596888
node/12466460010,traffic_signals,,zebra,,,77.5745545,12.9596626
node/12466460046,traffic_signals,,,,,77.5772307,12.956072
node/12466460047,traffic_signals,,,,,77.5772877,12.9560524
node/12466486190,unmarked,,no,,,77.6134313,12.9318021
node/12480115934,unmarked,,,,,77.6404466,12.9992605
node/12483048822,uncontrolled,,,,,77.6042812,12.9751524
node/12484262607,,,,,,77.5929815,12.990176
node/12484262610,,,,,,77.5932312,12.9905132
node/12484262613,,,,,,77.5933561,12.9906736
node/12484262616,,,,,,77.5934743,12.9908529
node/12484262619,,,,,,77.5936459,12.9910895
node/12484262622,,,,,,77.5938746,12.9914403
node/12484262630,traffic_signals,,zebra,,,77.5944295,12.9920738
node/12487627855,,,,,,77.5806923,12.9264224
node/12487627858,,,,,,77.5811357,12.926423
node/12487627861,,no,yes,no,,77.5817794,12.9264161
node/12487627864,,no,no,no,,77.5823343,12.9264137
node/12487627867,,no,no,no,,77.5828471,12.9264096
node/12487627872,,no,yes,no,,77.5817805,12.9263042
node/12487627875,,,,,,77.5811371,12.9263147
node/12487627879,,,,,,77.5806934,12.926318
node/12487627886,,,,,,77.583683,12.9253315
node/12487627888,,no,no,no,,77.5836883,12.9258042
node/12487627891,,no,no,no,,77.5836758,12.9248495
node/12487627893,,no,no,no,,77.583669,12.9243884
node/12487654620,,no,yes,,,77.5837217,12.9241899
node/12487654621,,no,no,,,77.5837891,12.9241877
node/12487654626,,no,yes,,,77.5837119,12.9234781
node/12487654627,,no,yes,,,77.583775,12.9234756
node/12487654632,,,,,,77.5818664,12.9243976
node/12487654650,,,,,,77.5822958,12.9286211
node/12487654651,,,,,,77.5828157,12.9286173
node/12488347450,,,,,,77.5722616,12.9849653
node/12488347451,,,,,,77.5721599,12.9849355
node/12488347452,,,,,,77.5721387,12.9849293
node/12488347453,,,,,,77.5720061,12.9849235
node/12492261641,,,,,,77.5859618,12.9234625
node/12492261642,,,,,,77.5858953,12.9234637
node/12492261646,,,,,,77.5860324,12.9247303
node/12492261653,,,zebra,,,77.5858415,12.9233102
node/12492261654,,,zebra,,,77.5858422,12.9233649
node/12492261659,,,,,,77.5853968,12.9232736
node/12492261662,,,,,,77.5848571,12.9232813
node/12492261663,,,no,,,77.5842535,12.9232895
node/12492261668,,,,,,77.5853995,12.9234255
node/12492261674,,,,,,77.5848399,12.9258637
node/12492261677,,,,,,77.5848333,12.9254979
node/12492261680,,,,,,77.5848249,12.9250927
node/12492261683,,,,,,77.5848187,12.9246832
node/12492261686,,,,,,77.5848116,12.9242723
node/12492261690,uncontrolled,,no,,,77.5848595,12.9234168
node/12492261692,uncontrolled,,,,,77.5858117,12.9217031
node/12492261694,uncontrolled,,,,,77.585989,12.9217005
node/12492261697,uncontrolled,,,,,77.5859788,12.9211693
node/12492261700,uncontrolled,,,,,77.5859693,12.9206698
node/12492290542,,,,,,77.5819202,12.9211321
node/12492290545,uncontrolled,,,,,77.5819349,12.9198934
node/12492290550,uncontrolled,,,,,77.5819275,12.9193112
node/12492290553,uncontrolled,,,,,77.5819224,12.9188348
node/12492290556,uncontrolled,,,,,77.581918,12.9184152
node/12492290559,uncontrolled,,,,,77.581913,12.9179508
node/12492290573,uncontrolled,,zebra,,,77.583557,12.917135
node/12492290574,uncontrolled,,zebra,,,77.583555,12.9170361
node/12492308003,uncontrolled,,,,,77.5859603,12.9201995
node/12492308006,uncontrolled,,,,,77.585956,12.9199733
node/12492308020,uncontrolled,,,,,77.5857609,12.9180576
node/12492308029,uncontrolled,,,,,77.5859194,12.9180553
node/12492308032,traffic_signals,,zebra,,,77.5858547,12.9169271
node/12492308040,traffic_signals,,zebra,,,77.585795,12.9171441
node/12492308041,traffic_signals,,zebra,,,77.5858592,12.9171425
node/12492308061,traffic_signals,,zebra,,,77.5857466,12.9169771
node/12492308063,traffic_signals,,zebra,,,77.5859046,12.9169738
node/12492308064,traffic_signals,,zebra,,,77.5859036,12.9170909
node/12492308066,,,,,,77.5863154,12.9169177
node/12492308074,uncontrolled,,zebra,,,77.5925222,12.9168414
node/12492308075,uncontrolled,,zebra,,,77.5925223,12.9169475
node/12492308080,uncontrolled,,zebra,,,77.5927029,12.9169441
node/12492308081,uncontrolled,,zebra,,,77.5927054,12.9168405
node/12492308085,uncontrolled,,zebra,,,77.593367,12.9169356
node/12492308086,uncontrolled,,zebra,,,77.5933667,12.9168359
node/12492308091,uncontrolled,,zebra,,,77.5932143,12.9168383
node/12492308092,uncontrolled,,zebra,,,77.5932187,12.9169363
node/12492308097,uncontrolled,,zebra,,,77.5925917,12.916989
node/12492308110,uncontrolled,,zebra,,,77.5926009,12.9167633
node/12492308111,uncontrolled,,zebra,,,77.5932786,12.9167513
node/12492308118,uncontrolled,,no,,,77.5932862,12.9169735
node/12492308119,uncontrolled,,no,,,77.5929202,12.9169763
node/12492308124,uncontrolled,,no,,,77.5946378,12.916953
node/12492308125,uncontrolled,,no,,,77.5943612,12.9169629
node/12492308126,uncontrolled,,no,,,77.5940239,12.9169677
node/12492308127,uncontrolled,,no,,,77.5936864,12.91697
node/12492308136,traffic_signals,,zebra,,,77.595081,12.9167268
node/12492308137,traffic_signals,,zebra,,,77.5950386,12.9167272
node/12492308142,traffic_signals,,zebra,,,77.5950422,12.9169519
node/12492308143,traffic_signals,,zebra,,,77.5950767,12.9169521
node/12492308162,,,,,,77.6055157,12.9165367
node/12492308164,,,,,,77.6060206,12.9165306
node/12492419892,,,,,,77.5827026,12.9365785
node/12492427201,,,,,,77.5836826,12.9329302
node/12492427208,,,,,,77.5826923,12.9342414
node/12492427212,,,,,,77.581063,12.9358627
node/12492427218,,,,,,77.5805083,12.9362017
node/12492427236,,,,,,77.5803397,12.9365231
node/12492427241,,,zebra,,,77.5839076,12.9328504
node/12492427249,,,,,,77.5856228,12.9308433
node/12492427252,,,,,,77.585221,12.9308465
node/12492427255,,,,,,77.584805,12.9308497
node/12492427258,,,,,,77.5843821,12.930853
node/12492427265,,,,,,77.583818,12.9315092
node/12492427268,,,,,,77.5838341,12.9321471
node/12492427274,,,,,,77.5839576,12.9307769
node/12492427280,,,,,,77.5837852,12.9295857
node/12492427283,,,,,,77.5839508,12.9304347
node/12492427290,,,,,,77.5843816,12.9306892
node/12492427295,,,,,,77.5850192,12.9291181
node/12492427298,,,,,,77.5850185,12.9295039
node/12492427301,,,,,,77.5850177,12.9298791
node/12492427304,,,,,,77.5850169,12.9302578
node/12492427309,,,,,,77.5848752,12.9304091
node/12492427315,,,zebra,,,77.5861503,12.9284664
node/12492427316,,,zebra,,,77.5860975,12.9284507
node/12492427322,,,zebra,,,77.586247,12.928647
node/12492427323,,,zebra,,,77.5862482,12.9285856
node/12492427337,,,zebra,,,77.5859586,12.9286237
node/12492427347,,,,,,77.5862512,12.9272272
node/12492427350,,,,,,77.5861523,12.9267963
node/12492427354,traffic_signals,,,,,77.5858912,12.9262938
node/12492427362,,,,,,77.5860389,12.9250959
node/12492427365,,,,,,77.586045,12.9255029
node/12492427367,,,,,,77.5860509,12.925901
node/12492427376,uncontrolled,,,,,77.5858743,12.9254979
node/12492698189,,,,,,77.6181602,12.9752257
node/12492698190,,,,,,77.6175326,12.9754292
node/12492698191,,,,,,77.6174446,12.9754586
node/12492698192,uncontrolled,,,,,77.6168142,12.9756741
node/12492698193,uncontrolled,,,,,77.616411,12.975807
node/12492736711,,,,,,77.6161436,12.9757793
node/12492736712,,,,,,77.6174063,12.9753462
node/12492736714,,,,,,77.6178107,12.9752128
node/12492736715,,,,,,77.6184006,12.9750112
node/12492736716,,,,,,77.619154,12.9747758
node/12492736717,,,,,,77.6194781,12.9747293
node/12492736718,,,,,,77.619089,12.9747904
node/12492736740,,,,,,77.6177476,12.9752329
node/12492736743,,,,,,77.6154586,12.9760015
node/12495125012,uncontrolled,,no,,,77.5818417,12.9258109
node/12495125019,uncontrolled,,,,,77.5837903,12.9244537
node/12495125020,uncontrolled,,,,,77.5837257,12.9244539
node/12495125025,uncontrolled,,,,,77.5838075,12.9261855
node/12495125026,uncontrolled,,,,,77.5837331,12.9261873
node/12495125032,uncontrolled,,,,,77.5838568,12.9233829
node/12495125033,uncontrolled,,,,,77.583857,12.9233361
node/12495125039,uncontrolled,,no,,,77.5838832,12.9258719
node/12495125042,uncontrolled,,no,,,77.5838758,12.9254816
node/12495125045,uncontrolled,,no,,,77.5838688,12.925097
node/12495125048,uncontrolled,,no,,,77.5838657,12.9246832
node/12495125051,uncontrolled,,no,,,77.5838625,12.9242738
node/12495143459,uncontrolled,,zebra,,,77.5713697,12.9453375
node/12495143472,uncontrolled,,zebra,,,77.5729428,12.9436875
node/12495143476,uncontrolled,,zebra,,,77.5736806,12.9436521
node/12495143477,uncontrolled,,zebra,,,77.5739077,12.9436531
node/12495143487,,,,,,77.5767365,12.9436438
node/12495143490,,,,,,77.5777803,12.940662
node/12495143499,,,,,,77.5769842,12.9421113
node/12495151228,,,,,,77.5799954,12.9362672
node/12495151231,,,,,,77.5841006,12.9393567
node/12495151234,uncontrolled,,,,,77.5840503,12.9392777
node/12495151237,,,,,,77.5839541,12.9383283
node/12495151240,,,,,,77.5839539,12.9388852
node/12495151245,,,,,,77.5845255,12.9394121
node/12495151260,traffic_signals,,zebra,,,77.5801192,12.9369432
node/12495151261,traffic_signals,,zebra,,,77.5800124,12.9370379
node/12495151266,,,,,,77.5802935,12.9364801
node/12495151270,traffic_signals,,zebra,,,77.580372,12.936785
node/12495151271,traffic_signals,,zebra,,,77.5803711,12.9366888
node/12495362004,,,,,,77.5738195,12.9508023
node/12495362014,uncontrolled,,no,,,77.5768333,12.9528147
node/12495362018,uncontrolled,,,,,77.5768475,12.9528936
node/12495362019,uncontrolled,,,,,77.5767835,12.9528953
node/12495362069,traffic_signals,,zebra,,,77.5737718,12.9531036
node/12495362070,traffic_signals,,zebra,,,77.5735966,12.9531024
node/12497976616,,,zebra,,,77.6461704,13.0529917
node/12497976617,,,zebra,,,77.6461042,13.053009
node/12497976620,,,zebra,,,77.6460867,13.0526825
node/12497976621,,,zebra,,,77.6460218,13.0527014
node/12498576058,,,,,,77.6070027,12.979322
node/12498576061,,,,,,77.607157,12.979374
node/12507214361,traffic_signals,,,,,77.5539695,12.9844492
node/12507214362,traffic_signals,,,,,77.5540056,12.984502
node/12507214369,traffic_signals,,,,,77.5541491,12.9843159
node/12507214372,traffic_signals,,,,,77.55417,12.984595
node/12507214376,uncontrolled,,,,,77.5498479,12.9879895
node/12507214377,uncontrolled,,,,,77.5500722,12.9879141
node/12507214382,uncontrolled,,,,,77.5497884,12.9879592
node/12507214383,uncontrolled,,,,,77.5497718,12.9879047
node/12508500536,unmarked,,no,,,77.5432393,12.8816062
node/12508500539,unmarked,,no,,,77.5436661,12.881
node/12508500542,unmarked,,no,,,77.543978,12.8805592
node/12508589361,unmarked,,no,,,77.5444999,12.8798905
node/12508589363,unmarked,,no,,,77.5436753,12.8807411
node/12508589366,unmarked,,no,,,77.543148,12.8814898
node/12508589432,uncontrolled,,,,,77.5454874,12.8796483
node/12508589517,,,,,,77.5450884,12.8785887
node/12508589534,unmarked,,no,,,77.544704,12.8768166
node/12508589543,,,,,,77.5454518,12.8788001
node/12508589544,,,,,,77.5455824,12.8791241
node/12508589553,uncontrolled,,,,,77.5455337,12.8795198
node/12508589554,uncontrolled,,,,,77.5456607,12.8794701
node/12508633114,,,,,,77.5381693,12.874788
node/12508633115,,,,,,77.5378222,12.8746728
node/12508633116,,,,,,77.5371963,12.8749519
node/12508633117,,,,,,77.5369878,12.8749745
node/12508633118,,,,,,77.5368019,12.8748151
node/12508633119,,,,,,77.5350573,12.8754537
node/12508633120,,,,,,77.5345655,12.8759101
node/12508633121,,,,,,77.5343975,12.8757448
node/12508633122,,,,,,77.5347748,12.8755672
node/12508633126,,,,,,77.533154,12.8761712
node/12508633127,,,,,,77.5330856,12.8760004
node/12508633129,,,,,,77.5306608,12.8761381
node/12508633141,,,,,,77.5293641,12.8760629
node/12508633151,,,,,,77.5358362,12.8750699
node/12508633155,,,,,,77.5370874,12.8747842
node/12508633166,,,,,,77.5379114,12.8748407
node/12508633180,,,,,,77.5295619,12.8762571
node/12508726686,unmarked,,no,,,77.5362211,12.8886631
node/12508754916,unmarked,,no,,,77.5282691,12.8930541
node/12508754923,unmarked,,no,,,77.5286657,12.8930675
node/12508754925,unmarked,,no,,,77.5316103,12.8916135
node/12508754926,unmarked,,no,,,77.5319609,12.891476
node/12508754927,unmarked,,no,,,77.5322728,12.891364
node/12508754928,unmarked,,no,,,77.5336851,12.8909044
node/12508754929,unmarked,,no,,,77.5349458,12.8903149
node/12508754930,unmarked,,no,,,77.5360522,12.8886536
node/12508754942,unmarked,,no,,,77.5366146,12.8882454
node/12508754943,unmarked,,no,,,77.536447,12.8882222
node/12508755002,unmarked,,no,,,77.5344023,12.8906635
node/12508755101,unmarked,,no,,,77.537959,12.8867334
node/12508755109,unmarked,,no,,,77.5403832,12.8852576
node/12508755110,unmarked,,no,,,77.5412819,12.8840095
node/12508755152,unmarked,,no,,,77.5371036,12.8874736
node/12508755153,unmarked,,no,,,77.5376185,12.8869009
node/12508755154,unmarked,,no,,,77.5391964,12.8859518
node/12508755161,unmarked,,no,,,77.540189,12.8852471
node/12508755162,unmarked,,no,,,77.5403599,12.8850555
node/12508755163,unmarked,,no,,,77.5408217,12.8843856
node/12508755164,unmarked,,no,,,77.5409724,12.8841668
node/12508755165,unmarked,,no,,,77.5412055,12.883855
node/12508755179,unmarked,,no,,,77.5437709,12.8806063
node/12519643142,,yes,zebra,,,77.5350042,13.0366688
node/12519643153,,yes,zebra,,,77.5350472,13.036767
node/12523047684,,,zebra,,,77.5713089,12.9802038
node/12523047687,,,zebra,,,77.570909,12.9801529
node/12523047688,,,zebra,,,77.5710426,12.9802394
node/12523047692,,,zebra,,,77.5707755,12.974641
node/12523047695,,,zebra,,,77.5705863,12.9749348
node/12523047699,,,zebra,,,77.5709649,12.9748934
node/12523047700,,,zebra,,,77.5707603,12.974882
node/12523178642,traffic_signals,,zebra,,,77.5125525,12.98791
node/12523178663,traffic_signals,,zebra,,,77.5122208,12.9878443
node/12523178664,traffic_signals,,zebra,,,77.5123534,12.987803
node/12526360996,,,,,,77.6016567,12.9752115
node/12526376803,uncontrolled,,,,,77.6007707,12.9704446
node/12526376806,,,,,,77.6001745,12.9705602
node/12526376807,,,,,,77.6002556,12.9705383
node/12531369256,traffic_signals,,,,,77.5536806,13.0043683
node/12531369257,traffic_signals,,,,,77.5536921,13.0044211
node/12531390536,uncontrolled,,,,,77.6249809,12.9746936
node/12538083606,,,zebra,,,77.5884592,12.9809037
node/12540794474,unmarked,,no,,,77.6446759,12.9106904
node/12540794479,uncontrolled,,,,,77.6381699,12.9140305
node/12543779132,uncontrolled,,,,,77.626719,12.976436
node/12543779133,uncontrolled,,,,,77.626659,12.9764744
node/12543779142,,no,,no,,77.625766,12.9751903
node/12543779143,,no,,no,,77.625891,12.9753066
node/12543779151,,,,,,77.6260968,12.9755476
node/12543779156,traffic_signals,,zebra,,,77.6252128,12.9749965
node/12543779157,traffic_signals,,zebra,,,77.6252739,12.9749311
node/12543779165,uncontrolled,,,,,77.624633,12.9746974
node/12543779166,unmarked,,no,,,77.6254541,12.9752202
node/12543779194,traffic_signals,,,,,77.6252374,12.9750898
node/12548728895,,,,,,77.6412514,12.9791483
node/12548728897,,,,,,77.6422268,12.9791731
node/12548728900,,,,,,77.6437073,12.9792219
node/12548733003,,,,,,77.6440997,12.9792354
node/12548733009,,,,,,77.6441147,12.9791036
node/12548733011,,,,,,77.6456491,12.9791609
node/12548733014,,,,,,77.6429898,12.9790828
node/12548733017,,,,,,77.6427017,12.9790762
node/12550783786,uncontrolled,,,,,77.613899,12.9665672
node/12557928202,unmarked,,no,,,77.7037513,12.9931717
node/12557928213,unmarked,,no,,,77.7043591,12.9930549
node/12558269345,uncontrolled,,,,,77.5953922,12.9716185
node/12558269346,uncontrolled,,,,,77.5965678,12.9711957
node/12566415816,,,,,,77.549589,12.9976642
node/12568080280,,,,,,77.5841245,13.1013249
node/12570796798,,,,,,77.5709383,13.0982557
node/12570798525,,,,,,77.588764,13.0998229
node/12570798538,,,,,,77.5873096,13.1012753
node/12570798542,,,,,,77.5881927,13.1005529
node/12570816802,,,,,,77.572651,13.0985671
node/12570816807,uncontrolled,,zebra,no,,77.5772161,13.0995726
node/12570816818,uncontrolled,,zebra,,,77.5762552,13.0993257
node/12570816819,uncontrolled,,zebra,,,77.5762821,13.0993312
node/12570903559,uncontrolled,,zebra,,,77.6928985,12.9828306
node/12580905283,,,,,,77.5754644,12.9397343
node/12580905288,,,,,,77.5752509,12.9397373
node/12580905297,,,,,,77.5752792,12.9372758
node/12580905300,,,,,,77.5752729,12.937592
node/12581307703,,,,,,77.5752717,12.9382955
node/12581307704,,,,,,77.5752613,12.9386776
node/12581307706,,,,,,77.5752566,12.9390398
node/12581307708,uncontrolled,,zebra,,,77.5752843,12.936804
node/12581307709,uncontrolled,,zebra,,,77.5752829,12.9368763
node/12581307713,,,,,,77.5754829,12.9375884
node/12581307716,,,,,,77.5754855,12.9382991
node/12581307718,,,,,,77.5754783,12.938997
node/12581307721,uncontrolled,,,,,77.5753185,12.9405287
node/12581307722,uncontrolled,,,,,77.5753888,12.9405287
node/12604436842,uncontrolled,,,,,77.5370622,13.0301958
node/12604436843,uncontrolled,,,,,77.5371376,13.0301572
node/12604436848,uncontrolled,,,,,77.5371243,13.0304111
node/12604436849,uncontrolled,,,,,77.5372088,13.0305348
node/12609331100,unmarked,,no,,,77.5871179,12.9698672
node/12609390306,traffic_signals,,,,,77.5873743,12.9667695
node/12611782080,traffic_signals,,,,,77.6324155,12.9123548
node/12611782081,traffic_signals,,,,,77.6324621,12.9123546
node/12612408129,traffic_signals,,,,,77.5952136,12.9101836
node/12612408130,traffic_signals,,,,,77.5951613,12.9101834
node/12612408133,traffic_signals,,,,,77.5951044,12.9102329
node/12612408134,traffic_signals,,,,,77.5951011,12.9102843
node/12612408144,traffic_signals,,,,,77.5952153,12.9103654
node/12612408145,traffic_signals,,,,,77.5951672,12.9103646
node/12612408149,traffic_signals,,,,,77.5952728,12.9102419
node/12612408150,traffic_signals,,,,,77.5952699,12.9102957
node/12612408153,unmarked,,no,,,77.595123,12.9107832
node/12625079644,uncontrolled,,,,,77.5734998,12.9235213
node/12625079647,uncontrolled,,,,,77.5736717,12.9235166
node/12625079652,uncontrolled,,,,,77.5735605,12.9236791
node/12625079653,uncontrolled,,,,,77.5736158,12.9236783
node/12625079658,unmarked,,no,,,77.5734925,12.922719
node/12625079660,unmarked,,no,,,77.5734981,12.9230797
node/12626050471,unmarked,,,,,77.6391206,13.0221915
node/12626050475,traffic_signals,,zebra,,,77.6372458,13.0225714
node/12626050476,traffic_signals,,zebra,,,77.6371743,13.022586
node/12626050477,traffic_signals,,zebra,,,77.637263,13.02294
node/12626050478,traffic_signals,,zebra,,,77.637197,13.0229386
node/12626050482,traffic_signals,,zebra,,,77.6373683,13.0227168
node/12627848638,uncontrolled,,,,,77.6396008,13.0220214
node/12627848639,unmarked,,,,,77.6400673,13.0218717
node/12627848640,unmarked,,,,,77.6420359,13.0213377
node/12627848660,unmarked,,,,,77.6426221,13.0210623
node/12627848661,unmarked,,,,,77.6395947,13.0218977
node/12627848664,unmarked,,,,,77.6414606,13.0213674
node/12627848665,unmarked,,,,,77.641114,13.0214581
node/12627848668,unmarked,,,,,77.638468,13.0222837
node/12627849056,unmarked,,,,,77.6319026,13.024477
node/12627849057,unmarked,,,,,77.6339429,13.0237866
node/12627849058,unmarked,,,,,77.6361567,13.0231571
node/12627849059,unmarked,,,,,77.6366377,13.022996
node/12627849070,unmarked,,,,,77.6326994,13.0242235
node/12627849077,unmarked,,,,,77.634355,13.0237515
node/12627849079,unmarked,,,,,77.6327293,13.0243071
node/12628234662,,,,,,77.5765391,12.9716613
node/12628234676,,,,,,77.5743605,12.9675796
node/12628234678,uncontrolled,,,,,77.5738143,12.9664649
node/12629746505,,,,,,77.6013878,12.9813712
node/12634908650,,,,,,77.5860871,12.969055
node/12644777547,,no,no,,,77.61047,12.982224
node/12673061020,,,,,,77.5868272,12.9816748
node/12679813751,,,,,,77.6128509,12.9741016
node/12683869479,,,,,,77.6201967,12.9760107
node/12688134104,zebra,,,,,77.5530279,13.0503553
node/12688134161,traffic_signals,,zebra,,,77.5538145,13.0042804
node/12688134162,traffic_signals,,zebra,,,77.5537002,13.0042957
node/12690542177,,,,,,77.5868369,12.972531
node/12691218955,,,,,,77.5892449,12.9767497
node/12691218956,,,,,,77.5892374,12.9767568
node/12691218961,,,,,,77.5902398,12.975139
node/12691255830,uncontrolled,,yes,,,77.6020663,12.9893209
node/12691255851,,,,,,77.6018516,12.9894856
node/12691255855,unmarked,,no,,,77.6016457,12.9897156
node/12691279965,,,,,,77.6065046,12.9822435
node/12691279971,unmarked,,no,,,77.6082512,12.9816861
node/12691279980,traffic_signals,,,,,77.6100026,12.9808458
node/12691279981,traffic_signals,,,,,77.6100545,12.9808294
node/12691279984,unmarked,,no,,,77.6095418,12.9811828
node/12691876840,,,,,,77.583019,13.1012625
node/12696023036,,no,,,,77.6739221,12.9248771
node/12696023048,unmarked,,,,,77.6740585,12.9245316
node/12696589928,unmarked,,no,,,77.6980708,12.9567861
node/12696624286,uncontrolled,,yes,,,77.609697,12.9347187
node/12696624287,uncontrolled,,yes,,,77.6097526,12.9347879
node/12696624291,uncontrolled,,yes,,,77.6097984,12.9346439
node/12696624292,uncontrolled,,yes,,,77.6098504,12.9347148
node/12712268909,unmarked,,no,,,77.7245649,12.9764824
node/12712338615,uncontrolled,,,,,77.6766873,13.0001853
node/12712338616,uncontrolled,,,,,77.6767175,13.000051
node/12712575562,traffic_signals,,,,,77.5935832,13.0045096
node/12712575563,traffic_signals,,,,,77.5935373,13.0044994
node/12712748572,,,,,,77.5899856,12.9740619
node/12731646870,uncontrolled,no,zebra,no,no,77.6238404,13.0018819
node/12767846125,uncontrolled,,yes,,,77.6150035,13.0024917
node/12767846126,uncontrolled,,yes,,,77.6150457,13.002487
node/12769552321,unmarked,,no,,,77.5967035,12.9642083
node/12769598067,traffic_signals,,zebra,,,77.5537431,13.0044725
node/12769598069,traffic_signals,,zebra,,,77.5538738,13.0044871
node/12794940230,traffic_signals,,zebra,,,77.558046,13.0757247
node/12794940235,traffic_signals,,zebra,,,77.5581928,13.0757924
node/12794940240,traffic_signals,,zebra,,,77.5581109,13.075872
node/12794940251,traffic_signals,,zebra,,,77.5579877,13.0758387
node/12795275201,,yes,,,,77.5565485,13.0458029
node/12795275202,,yes,,,,77.556609,13.0457709
node/12795275262,,,zebra,,,77.556621,13.0454009
node/12795275265,,,zebra,,,77.5564893,13.0453649
node/12795522716,,,,,,77.556807,13.0440102
node/12795522718,,,,,,77.5572313,13.0439533
node/12795522723,,,,,,77.5571898,13.0436242
node/12795522727,,,,,,77.556936,13.0435691
node/12795522728,,,,,,77.5570409,13.0435505
node/12795522784,,,,,,77.5572903,13.0440798
node/12795522786,,,,,,77.5570562,13.0440184
node/12795522788,,,,,,77.5569354,13.0440339
node/12798101878,uncontrolled,,yes,,,77.5250494,13.0438709
node/12798101879,uncontrolled,,yes,,,77.5251083,13.0439486
node/12799697843,,,,,,77.5733962,12.9067514
node/12809422039,uncontrolled,,zebra,,,77.562363,13.0056459
node/12809422047,,,,,,77.5637896,13.0056504
node/12809422050,,,,,,77.5652196,13.0055873
node/12809422051,,,,,,77.5651615,13.0055898
node/12809422053,,,,,,77.5652687,13.0056238
node/12809422054,,,,,,77.5652693,13.005681
node/12809422066,,,,,,77.5651938,13.0057263
node/12809422067,,,,,,77.5651338,13.0057247
node/12809422069,,,,,,77.5646261,13.0066555
node/12809422070,,,,,,77.5644547,13.0066609
node/12809422080,uncontrolled,,zebra,,,77.5650341,13.0056338
node/12809422081,uncontrolled,,zebra,,,77.5650352,13.0056917
node/12809847683,,,,,,77.5632965,13.0089371
node/12809847689,,,,,,77.5631662,13.0089852
node/12823561838,,,,,,77.6069068,12.9744788
node/12826078050,,,,,,77.5691346,13.0097654
node/12826078068,uncontrolled,,zebra,,,77.5690932,13.0116817
node/12826078072,uncontrolled,,zebra,,,77.5688989,13.0122527
node/12826078075,uncontrolled,,zebra,,,77.5688338,13.0121673
node/12827868383,,,,,,77.6872647,12.9911581
node/12827868384,,,,,,77.6874183,12.9913031
node/12827868385,,,,,,77.6875371,12.991415
node/12827909327,uncontrolled,,yes,,,77.6951556,12.9396723
node/12827909331,,,,,,77.6952924,12.9395865
node/12827909332,,,,,,77.6954639,12.939475
node/12827909339,,,,,,77.6949394,12.939349
node/12827909340,,,,,,77.6950927,12.939292
node/12827909341,,,,,,77.6952647,12.9391926
node/12827961137,uncontrolled,,yes,,,77.5972035,12.9838303
node/12846334632,uncontrolled,,,,,77.6007081,12.9701909
node/12848171821,traffic_signals,,,no,,77.6358557,12.9613401
node/12880290242,traffic_signals,,zebra,,,77.5743964,12.9597913
node/12890345246,,,,,,77.5989713,12.9776673
node/12917084186,,,,,,77.5780808,12.9307637
node/12917084189,,,,,,77.5796525,12.9307428
node/12917084191,,,zebra,,,77.5800329,12.9307378
node/12917084193,,,zebra,,,77.5801972,12.9309048
node/12917084194,,,zebra,,,77.5800809,12.9309044
node/12917084195,,,zebra,,,77.5800328,12.9307737
node/12917084196,,,zebra,,,77.5800324,12.9308675
node/12917084197,,,zebra,,,77.5802471,12.9308641
node/12917084198,,,zebra,,,77.5802475,12.9307704
node/12917084201,,,zebra,,,77.5802001,12.9307223
node/12917084202,,,zebra,,,77.5800833,12.930722
node/12918665460,,no,no,no,,77.7330487,12.9635455
node/12922728350,unmarked,,no,,,77.5041385,12.9025353
node/12943307404,,,,,,77.6370134,13.0250567
node/12943307411,traffic_signals,,zebra,,,77.6370331,13.0228198
node/12943311223,,,,,,77.639595,13.0212084
node/12943311227,,,,,,77.639653,13.0219441
node/12943311232,,,,,,77.6395393,13.0219801
node/12943311235,,,,,,77.639523,13.021552
node/12943311236,,,,,,77.639496,13.0212258
node/12943349334,,no,no,no,,77.6620995,13.0008384
node/12943349335,,no,no,no,,77.6619013,13.0012392
node/12943349336,,no,no,no,,77.6617636,13.0015165
node/12943349337,,no,no,no,,77.6616553,13.0017513
node/12943349338,,no,no,no,,77.661538,13.0019903
node/12943349339,,no,no,no,,77.6613938,13.0023208
node/12943349340,,no,no,no,,77.6611797,13.0027517
node/12943349341,,no,,,,77.6605795,13.0039586
node/12943349343,,no,,,,77.6602952,13.0045639
node/12943349344,,no,,,,77.6604866,13.0041587
node/12943349346,,,,,,77.6600428,13.0062729
node/12943349348,,,,,,77.6620585,13.0071253
node/12952263209,,no,,,,77.6371363,13.0254772
node/12952263210,,no,,,,77.6371607,13.0250437
node/12952263212,,no,,,,77.6372346,13.0239761
node/12952280482,,,zebra,,,77.6162276,12.9909467
node/12959627887,,,,,,77.5921709,13.0183716
node/12959627890,,,,,,77.5920114,13.0178268
node/12959627899,,,,,,77.5923714,13.0191839
node/12959672405,,,,,,77.5924747,13.0202691
node/12959672408,,,,,,77.5925108,13.0207575
node/12959672414,,,,,,77.5926241,13.0223191
node/12959672419,,,,,,77.5929578,13.024392
node/12959672420,,,,,,77.5929676,13.0244583
node/12959672421,,,,,,77.5930661,13.0249626
node/12959672426,,,,,,77.5932883,13.0264894
node/12959672427,,,,,,77.593229,13.0264994
node/12959672432,,,,,,77.5928849,13.0249883
node/12959672433,,,,,,77.5932379,13.0258335
node/12959672439,,,,,,77.5931821,13.026434
node/12959672440,,,,,,77.5931686,13.0263635
node/12959672452,,,,,,77.5926243,13.0229865
node/12959672455,,,,,,77.5924892,13.0220102
node/12959672456,,,,,,77.5924887,13.0219599
node/12959672459,,,,,,77.5924828,13.0216056
node/12959672462,,,,,,77.5924722,13.0213369
node/12959672465,,,,,,77.5923958,13.0204058
node/12959672468,,,,,,77.5922692,13.0193302
node/12959672470,,,,,,77.5920045,13.0182667
node/12961423913,traffic_signals,,,,,77.762127,12.9829022
node/12961423914,traffic_signals,,,,,77.7621502,12.982967
node/12981630926,,,zebra,,,77.5040911,12.944761
node/12981630927,,,zebra,,,77.5039764,12.9446954
node/12981630928,,,zebra,,,77.5040113,12.9445463
node/12981630929,,,zebra,,,77.5041112,12.9444968
node/12981630930,,,zebra,,,77.5042254,12.9445622
node/12981630938,,,zebra,,,77.5058399,12.9421889
node/12981630939,,,zebra,,,77.5057563,12.9421365
node/12985049237,,,,,,77.5810065,13.0258275
node/12985049243,,,,,,77.5806423,13.0260527
node/12985053041,uncontrolled,,,,,77.5811109,13.0253073
node/12985320255,,,,,,77.5715588,13.0278559
node/12985320259,,,,,,77.5727444,13.0147736
node/12985320260,,,,,,77.5728369,13.0147657
node/12985320270,traffic_signals,,,,,77.5798971,13.0268072
node/12985320278,traffic_signals,,,,,77.5797294,13.0268868
node/12985320281,traffic_signals,,,,,77.5797894,13.0269499
node/12985320282,uncontrolled,,,,,77.5800939,13.0266294
node/12985320289,traffic_signals,,,,,77.5713157,13.0282956
node/12985320297,uncontrolled,,zebra,,,77.5712303,13.0283707
node/12985320298,uncontrolled,,zebra,,,77.5711873,13.0284649
node/12985320299,,,,,,77.5711762,13.0284891
node/12985320300,traffic_signals,,zebra,,,77.5713861,13.0284678
node/12985332604,traffic_signals,,zebra,,,77.5714125,13.0283982
node/12985332612,,,,,,77.5800236,13.0265588
node/12985420276,,,,,,77.5508115,12.9874608
node/12985420285,,,,,,77.5603761,12.9830699
node/12985420292,traffic_signals,,,,,77.560147,12.9836197
node/12985420296,traffic_signals,,,,,77.5601945,12.983406
node/12985437604,traffic_signals,,,,,77.5604534,12.9833845
node/12985437607,traffic_signals,,,,,77.5603127,12.9833969
node/12985437666,,,,,,77.5540291,12.9843725
node/12985437676,,,,,,77.5507883,12.987625
node/12985437677,,,,,,77.5507346,12.9876675
node/12985437772,traffic_signals,,,,,77.5508187,12.9900841
node/12985437775,traffic_signals,,,,,77.5507898,12.9901497
node/12985437776,traffic_signals,,,,,77.5505498,12.9902053
node/12999115707,uncontrolled,,zebra,,,77.5852813,12.9415854
node/12999115716,uncontrolled,,zebra,,,77.5850823,12.9415861
node/13011967456,,yes,zebra,,,77.5930388,13.0062316
node/13011967457,,yes,zebra,,,77.5929711,13.0062036
node/13014786023,,,,,,77.5943301,12.9879857
node/13020089132,,,,,,77.5800905,12.9437702
node/13020089133,,,,,,77.5799889,12.9437702
node/13020089136,,,,,,77.5799489,12.9405797
node/13072765088,traffic_signals,,,,,77.5895117,12.9173431
node/13072765092,traffic_signals,,,,,77.5896224,12.917109
node/13072765094,traffic_signals,,,,,77.5896234,12.9169263
node/13072803792,,,,,,77.6656487,12.8454477
node/13072803793,,,,,,77.6656514,12.8453779
node/13072808994,traffic_signals,,,,,77.5736647,12.9406397
node/13072808995,traffic_signals,,,,,77.5738009,12.9405344
node/13072822817,,,,,,77.6615961,12.8455401
node/13072822832,,,,,,77.6655761,12.8453387
node/13072822844,traffic_signals,,zebra,,,77.6708655,12.8470905
node/13072822869,uncontrolled,,,,,77.6705488,12.8468587
node/13072830014,traffic_signals,,,,,77.5800405,12.9364493
node/13072830015,traffic_signals,,,,,77.5801332,12.9364493
node/13072850187,,,,,,77.5998704,12.9168531
node/13072877353,,,,,,77.5803965,12.9217802
node/13072877373,,,,,,77.5803954,12.9199378
node/13072877377,,,,,,77.5803122,12.9199975
node/13072877378,,,,,,77.5802092,12.9200014
node/13072915142,,,,,,77.5894408,12.918851
node/13072915149,,,,,,77.5894343,12.9181479
node/13072915151,,,,,,77.5894317,12.9178488
node/13072915154,,,,,,77.5895812,12.9174319
node/13072915169,,,,,,77.5895467,12.9205719
node/13072915172,,,,,,77.5896323,12.9201807
node/13072915173,,,,,,77.5896246,12.919762
node/13072915174,,,,,,77.5896169,12.919348
node/13072915175,,,,,,77.5896123,12.9191
node/13072915176,,,,,,77.5896076,12.918847
node/13075406629,traffic_signals,,zebra,,,77.6152245,12.9165134
node/13076886172,,,,,,77.6102403,12.9171383
node/13078310258,,,,,,77.5800775,12.9494776
node/13078310261,,,,,,77.5800786,12.9496566
node/13078310266,,,,,,77.5800874,12.9509463
node/13078310270,,,,,,77.5800941,12.951926
node/13078310273,,,,,,77.5801029,12.9532021
node/13078310276,,,,,,77.5801043,12.9534035
node/13078310279,,,,,,77.5801053,12.9535522
node/13078310282,,,,,,77.580108,12.9539463
node/13078310286,,,,,,77.5801126,12.9546115
node/13078310296,traffic_signals,,zebra,,,77.5800951,12.9549036
node/13078310297,traffic_signals,,zebra,,,77.5800124,12.9549054
node/13078315901,,,,,,77.5800514,12.9494922
node/13078315902,,,,,,77.5799725,12.9494922
node/13078315916,,,,,,77.5799599,12.9542645
node/13078315919,,,,,,77.5799502,12.9534785
node/13078315923,,,,,,77.5799362,12.9523442
node/13078315926,,,,,,77.5799142,12.9505643
node/13078315929,,,,,,77.5798956,12.949056
node/13078318824,traffic_signals,,zebra,,,77.5851329,12.9791675
node/13078318825,traffic_signals,,zebra,,,77.5850644,12.979204
node/13093974080,traffic_signals,,zebra,,,77.635971,12.9613528
node/13093974084,traffic_signals,,zebra,,,77.6357924,12.9613989
node/13093974085,traffic_signals,,zebra,,,77.6358104,12.9614836
node/13093974100,,,,,,77.635705,12.961561
node/13093996102,,,,,,77.6355141,12.9616106
node/13093996105,,,no,,,77.635158,12.9616706
node/13093996108,,,no,,,77.6349099,12.961714
node/13093996111,,,no,,,77.6346209,12.9617574
node/13093996117,uncontrolled,,no,,,77.6364959,12.9613824
node/13094641873,informal,,,,,77.5854427,12.9928542
node/13094641880,traffic_signals,,,,,77.5798351,12.9865167
node/13094641881,traffic_signals,,,,,77.5797517,12.9863727
node/13094641893,,,,,,77.5742663,12.9890549
node/13094641896,uncontrolled,,,,,77.5720687,12.9900716
node/13094641899,uncontrolled,,,,,77.5718626,12.989768
node/13108404179,traffic_signals,,,,,77.6101277,12.9167666
node/13108404181,traffic_signals,,,,,77.6100523,12.9167663
node/13108404184,traffic_signals,,zebra,,,77.6100063,12.9166905
node/13108404185,uncontrolled,,,,,77.6100029,12.9156142
node/13110965265,traffic_signals,,,,,77.5963754,12.8842709
node/13110965266,traffic_signals,,,,,77.5964795,12.8842533
node/13110965623,traffic_signals,,,,,77.5735399,12.9211407
node/13110965624,traffic_signals,,,,,77.5735938,12.9211291
node/13111664268,,,,,,77.6396693,12.9784429
node/13111664277,unmarked,,no,,,77.6375444,12.9783237
node/13111664280,unmarked,,no,,,77.6375486,12.9782345
node/13111664297,unmarked,,no,,,77.6383138,12.9783498
node/13111664298,unmarked,,no,,,77.6383182,12.9782552
node/13111685103,unmarked,,no,,,77.6388072,12.9783581
node/13111685106,unmarked,,no,,,77.6388114,12.9782696
node/13111685113,,,,,,77.637134,12.9783597
node/13111685118,,,,,,77.6370104,12.9783566
node/13111685121,,,,,,77.6368456,12.9783525
node/13112165554,traffic_signals,,,,,77.6468471,12.9741069
node/13112165555,traffic_signals,,,,,77.6469223,12.9741094
node/13112165556,traffic_signals,,,,,77.6469312,12.9739865
node/13112165557,traffic_signals,,,,,77.6468518,12.9739832
node/13112252464,,,,,,77.657777,12.8511509
node/13112252465,,,,,,77.6577704,12.8510748
node/13113985785,,,,,,77.6883634,12.8190033
node/13113985788,,,,,,77.6878069,12.819624
node/13121545986,uncontrolled,,zebra,,,77.7372251,12.986312
node/13121545991,uncontrolled,,zebra,,,77.7372265,12.9856048
node/13121578959,uncontrolled,,zebra,,,77.7371508,12.9855443
node/13121579180,uncontrolled,,zebra,,,77.7348436,12.985604
node/13121579182,uncontrolled,,zebra,,,77.7348993,12.9856743
node/13121579188,uncontrolled,,zebra,,,77.7345123,12.9856149
node/13121579189,uncontrolled,,zebra,,,77.7344679,12.9856774
node/13121579231,,,,,,77.7344035,12.9864841
node/13121579235,uncontrolled,,zebra,,,77.7344724,12.9864157
node/13121579236,,,,,,77.7338815,12.9864134
node/13121579345,uncontrolled,,zebra,,,77.7349901,12.9864841
node/13121579347,uncontrolled,,zebra,,,77.7359688,12.9864839
node/13121579353,uncontrolled,,zebra,,,77.7370885,12.9864785
node/13121579382,uncontrolled,,zebra,,,77.7364831,12.9864821
node/13121579460,,,,,,77.7349083,12.9864157
node/13121579473,uncontrolled,,zebra,,,77.7362362,12.9864108
node/13121579505,uncontrolled,,zebra,,,77.7367218,12.9875323
node/13127586515,,,,,,77.5134175,12.9147529
node/13127586518,,,,,,77.5134682,12.9143001
node/13127586736,uncontrolled,,zebra,,,77.5152738,12.9311385
node/13127586737,uncontrolled,,zebra,,,77.5149924,12.930374
node/13127586785,traffic_signals,,zebra,,,77.516073,12.9326779
node/13131526235,uncontrolled,,,,,77.6952792,12.9072435
node/13154991125,,,no,,,77.660238,12.9590756
node/13167189680,unmarked,,no,,,77.720364,12.9557109
node/13179711079,,,,,,77.5840055,12.9411245
node/13179711080,,,,,,77.584001,12.9406941
node/13179711082,,,,,,77.5839938,12.9402848
node/13179711085,,,,,,77.5839615,12.9393602
node/13179711088,uncontrolled,,zebra,,,77.5839779,12.9398179
node/13179755309,uncontrolled,,,,,77.5851808,12.9390108
node/13179755310,uncontrolled,,,,,77.5850964,12.9390114
node/13179755316,,,,,,77.5848814,12.936595
node/13179755317,,,,,,77.5848801,12.936687
node/13179755333,uncontrolled,,,,,77.5850378,12.9393352
node/13179755339,uncontrolled,,,,,77.5852186,12.9416409
node/13179755340,uncontrolled,,,,,77.5851363,12.941641
node/13179755354,,,,,,77.5853409,12.9367335
node/13179755358,uncontrolled,,zebra,,,77.5850648,12.9368358
node/13179755359,uncontrolled,,zebra,,,77.5851496,12.9368333
node/13179755374,,,zebra,,,77.5852274,12.9393658
node/13179755376,uncontrolled,,zebra,,,77.5852089,12.9379811
node/13179755377,uncontrolled,,,,,77.5852028,12.93749
node/13179755379,uncontrolled,,zebra,,,77.5851992,12.9371577
node/13180113885,uncontrolled,,zebra,,,77.5630774,12.8889175
node/13189024387,,,,,,77.6367314,12.978166
node/13189024388,,,,,,77.6366467,12.978175
node/13189024390,,,,,,77.6360778,12.9781652
node/13189024391,,,,,,77.6356405,12.9781556
node/13189024393,,,,,,77.6336789,12.9780961
node/13189024394,,,,,,77.6333864,12.9780904
node/13189024395,,,,,,77.633053,12.9780757
node/13189024397,,,,,,77.6328907,12.978071
node/13189024399,,,,,,77.6323624,12.9780881
node/13189024400,,,,,,77.632119,12.9781103
node/13189039361,,no,,,,77.6369863,12.8943765
node/13189039362,,,,,,77.6369437,12.894444
node/13189062401,,,,,,77.6318432,12.9781354
node/13189062402,,no,no,no,,77.6315843,12.9781614
node/13189062404,,no,no,no,,77.6307202,12.9782484
node/13189062406,,no,no,no,,77.6304415,12.9782745
node/13189062409,,no,no,no,,77.630275,12.9782898
node/13189062412,,no,no,no,,77.6300472,12.9783115
node/13189062432,uncontrolled,,,no,,77.6297448,12.9783378
node/13243451769,traffic_signals,,zebra,,,77.5161496,12.9326272
node/13266174879,uncontrolled,,zebra,,,77.6066435,12.967725
node/13266174884,traffic_signals,,,,,77.6063325,12.9681753
node/13266235303,uncontrolled,,no,,,77.6059348,12.9686001
node/13266242064,uncontrolled,,,,,77.6024922,12.9793967
node/13266242074,traffic_signals,,zebra,,,77.6025876,12.9792596
node/13266242075,traffic_signals,,zebra,,,77.6025522,12.9791537
node/13282471172,,,,,,77.6246927,13.0346714
node/13282471178,,,,,,77.6252916,13.035843
node/13282471183,,,,,,77.6253819,13.036041
node/13282471190,,,,,,77.6249947,13.0352316
node/13282471191,,,,,,77.6245658,13.0344199
node/13282471196,uncontrolled,,zebra,,,77.6258462,13.0378019
node/13287658880,uncontrolled,,zebra,,,77.5677141,13.097837
node/13287658881,uncontrolled,,zebra,,,77.5677012,13.0979299
node/13287658886,uncontrolled,,zebra,,,77.5669976,13.09783
node/13287658887,uncontrolled,,zebra,,,77.5670041,13.0977457
node/13287670514,,,,,,77.56835,13.0980638
node/13287670515,,,,,,77.5680627,13.0980287
node/13287670516,,,,,,77.5677888,13.0979981
node/13287670517,,,,,,77.5675012,13.0979737
node/13287670519,uncontrolled,,,,,77.5670333,13.097902
node/13294460147,,,,,,77.5784885,12.9435849
node/13294460148,,,,,,77.5788615,12.9435909
node/13294460149,,,,,,77.5792265,12.9435968
node/13294460150,,,,,,77.5795775,12.9436025
node/13294460152,,,,,,77.5784878,12.9436612
node/13294460153,,,,,,77.5788606,12.9436672
node/13294460154,,,,,,77.5792261,12.9436731
node/13294460155,,,,,,77.5795764,12.9436788
node/13303871517,,,,,,77.7079924,12.985359
node/13314611800,uncontrolled,,zebra,,,77.6977687,12.9066321
node/13321896551,uncontrolled,,zebra,,,77.5970522,12.9650279
node/13335106579,,,zebra,,,77.7569599,12.9889541
node/13335106580,,,zebra,,,77.7569072,12.9890551
node/13335147152,,,zebra,,,77.7564931,12.9891143
node/13335147153,,,zebra,,,77.7566179,12.9891753
node/13335147205,,,zebra,,,77.759326,12.9892494
node/13343836605,,,,,,77.5922015,12.9555737
node/13343836606,,,,,,77.5922488,12.9556741
node/13343865503,traffic_signals,,,,,77.5951119,12.9624724
node/13343865531,,,,,,77.5946705,12.9622038
node/13343865534,,,,,,77.5946151,12.9623767
node/13343865542,traffic_signals,,,,,77.595026,12.9625613
node/13351778830,,,,,,77.5841957,12.961512
node/13351778831,,,,,,77.58417,12.9614655
node/13351778838,,,,,,77.5821957,12.9577085
node/13351778867,,,,,,77.5820684,12.9577809
node/13359295742,,,,,,77.5999819,12.9168209
node/13359295744,,,,,,77.5999759,12.9166548
node/13364006481,traffic_signals,,yes,,,77.6202456,12.9757109
node/13364006483,,,,,,77.6201865,12.9758953
node/13367436009,uncontrolled,,,,,77.5385929,12.9727639
node/13377587143,,,,,,77.6193364,12.9880355
node/13377587172,uncontrolled,,,,,77.6192996,12.9913736
node/13377587180,uncontrolled,,,,,77.6179526,12.9944751
node/13377587181,uncontrolled,,,,,77.6179066,12.9944476
node/13377587193,uncontrolled,,,,,77.6173088,12.9952823
node/13377587194,uncontrolled,,,,,77.6175199,12.9950491
node/13377587195,uncontrolled,,,,,77.6176653,12.994803
node/13377587196,uncontrolled,,,,,77.6178219,12.9945314
node/13377611774,uncontrolled,,,,,77.6371432,12.9801177
node/13377611777,,,,,,77.6370598,12.979741
node/13377611780,,,,,,77.6368882,12.9788121
node/13377617211,uncontrolled,,,,,77.6194394,12.9896357
node/13377617212,uncontrolled,,,,,77.6194361,12.9888005
node/13377617214,uncontrolled,,,,,77.6193755,12.9883188
node/13377617218,uncontrolled,,,,,77.6192555,12.9916283
node/13392231532,,,,,,77.6414995,12.9634426
node/13392231535,traffic_signals,,zebra,,,77.6415792,12.9632955
node/13392231536,traffic_signals,,zebra,,,77.641678,12.9632971
node/13392231538,,,,,,77.6415026,12.9633649
node/13392231539,uncontrolled,,,,,77.6399868,12.9607525
node/13392248217,,,ladder,,,77.6409362,12.9614894
node/13392248231,,,,,,77.6417518,12.9633705
node/13392248373,uncontrolled,,ladder,,,77.6424223,12.9613946
node/13392355624,,,,,,77.5510411,12.9978937
node/13392366403,uncontrolled,,,,,77.5744906,12.9861454
node/13392366406,uncontrolled,,,,,77.5747846,12.9849897
node/13392366416,,,,,,77.5744189,12.9864993
node/13392366419,,,,,,77.5746149,12.9853851
node/13392366427,traffic_signals,,ladder,,,77.5741697,12.9878112
node/13392366430,traffic_signals,,ladder,,,77.5742816,12.9877169
node/13392366432,traffic_signals,,ladder,,,77.5743274,12.9878342
node/13392366434,traffic_signals,,ladder,,,77.5742561,12.9878695
node/13392398153,uncontrolled,,,,,77.6418906,12.9604414
node/13392398162,uncontrolled,,,,,77.6414799,12.9605647
node/13392488510,uncontrolled,,zebra,,,77.6386808,12.9608709
node/13394452104,uncontrolled,,,,,77.6387598,12.9609253
node/13394452105,uncontrolled,,,,,77.6387697,12.9610128
node/13396845573,,,,,,77.5744327,12.9769566
node/13396845589,,,,,,77.5782109,12.9768558
node/13396845592,uncontrolled,,,,,77.5797583,12.9767729
node/13396845599,uncontrolled,,zebra,,,77.5779769,12.9769973
node/13396930807,,,,,,77.5776157,12.9769037
node/13396930808,,,,,,77.5773324,12.9769348
node/13396930828,uncontrolled,,zebra,,,77.5794544,12.9768793
node/13396930834,,,,,,77.5786723,12.9768176
node/13396930863,,,,,,77.5774482,12.976085
node/13396930865,,,,,,77.5773154,12.9770549
node/13396930889,uncontrolled,,zebra,,,77.5745897,12.9765417
node/13396930892,,,zebra,,,77.5748782,12.9755389
node/13396930933,,,,,,77.5750487,12.9743405
node/13396930943,,,,,,77.5746606,12.9743621
node/13396931003,,,zebra,,,77.5757812,12.9753651
node/13396931009,,,zebra,,,77.5747569,12.9754668
node/13396931010,,,zebra,,,77.5746613,12.9754811
node/13396931018,uncontrolled,,,,,77.5765114,12.9770102
node/13396931029,uncontrolled,,zebra,,,77.5757886,12.9770972
node/13396931032,uncontrolled,,,,,77.576502,12.9771196
node/13396931039,,,zebra,,,77.5761839,12.9755523
node/13396931050,,,,,,77.5761926,12.9755992
node/13396931071,traffic_signals,,zebra,,,77.5759095,12.9754975
node/13396931076,,,,,,77.580855,12.9731382
node/13397050522,,,,,,77.5782725,12.9786493
node/13397050527,uncontrolled,,,,,77.5783061,12.9786019
node/13397050576,,,,,,77.5789617,12.97544
node/13397076838,,,,,,77.5786074,12.9756367
node/13397076839,uncontrolled,,zebra,,,77.5782112,12.9758138
node/13397076840,,,,,,77.57782,12.9759881
node/13397076880,,,,,,77.5769739,12.9804764
node/13397076886,,,,,,77.5795749,12.9790032
node/13397076891,uncontrolled,,,,,77.5769775,12.9798761
node/13397076892,uncontrolled,,,,,77.5770522,12.9791426
node/13397076893,uncontrolled,,,,,77.5771589,12.9781047
node/13397076894,uncontrolled,,,,,77.5772044,12.9776077
node/13397076926,uncontrolled,,,,,77.5783002,12.9790844
node/13397076932,,,,,,77.5771507,12.9791846
node/13397076978,,,,,,77.5772605,12.9781154
node/13397076979,,,,,,77.5772088,12.9786691
node/13397077025,,,,,,77.5794917,12.9785275
node/13397077026,,,,,,77.579456,12.9779957
node/13397077027,,,,,,77.5794224,12.9774343
node/13404513607,uncontrolled,,zebra,,,77.6016075,12.9753845
node/13404513635,uncontrolled,,zebra,,,77.6012555,12.9727725
node/13428002783,uncontrolled,,zebra,,,77.6040731,12.9752046
node/13428245077,,,,,,77.7449548,12.9296449
node/13429805093,uncontrolled,,zebra,,,77.6078859,12.9670686
node/13429843613,uncontrolled,,zebra,,,77.6079583,12.9671766
node/13433853379,uncontrolled,,zebra,,,77.5939651,12.9810177
node/13433853380,uncontrolled,,zebra,,,77.5938667,12.9811066
node/13433853386,uncontrolled,,zebra,,,77.5935718,12.9806074
node/13447636788,traffic_signals,,zebra,,,77.5868254,12.9757545
node/13447636789,traffic_signals,,zebra,,,77.5868614,12.9756851
node/13447636795,uncontrolled,,zebra,,,77.5826095,12.9735393
node/13447636796,uncontrolled,,zebra,,,77.5826422,12.9734924
node/13447663005,,,,,,77.6090374,12.970804
node/13447663007,,,,,,77.6080954,12.9711043
node/13447663013,uncontrolled,,,,,77.6071013,12.9714311
node/13447663017,,,,,,77.6078534,12.9711263
node/13447663018,,,,,,77.6081939,12.9709925
node/13447663020,,,,,,77.6085698,12.9708869
node/13447663021,,,,,,77.6089106,12.9707877
node/13447663022,,,,,,77.6091408,12.9707101
node/13447663023,,,,,,77.6092364,12.9706797
node/13451926966,traffic_signals,,no,,,77.60811,12.9752511
node/13459522644,traffic_signals,,,,,77.6187387,12.9654817
node/13459522645,traffic_signals,,,,,77.6187405,12.9654082
node/13459544124,traffic_signals,,,,,77.6202401,12.972744
node/13459544125,traffic_signals,,,,,77.6202453,12.9726452
node/13462217113,uncontrolled,,zebra,no,,77.591838,12.9863719
node/13465379755,uncontrolled,,,,,77.6066431,12.9701373
node/13469806521,,,,,,77.5960275,12.9831351
node/13485382950,,no,,no,,77.6356535,13.0838337
node/13503073259,,,,,,77.5930342,13.0250428
node/13503073260,,,,,,77.5929643,13.025055
node/13503199222,,,,,,77.5953808,12.9903677
node/13503202456,,,,,,77.5489234,13.0038951
node/13503202463,,,,,,77.5493985,13.0039747
node/13503202464,,,,,,77.5494085,13.0039021
node/13503202468,,,,,,77.5493262,13.0040392
node/13503202469,,,,,,77.5491747,13.0040173
node/13503202470,,,,,,77.5490376,13.0039974
node/13503202471,,,,,,77.5489592,13.0039861
node/13503202478,,,,,,77.5500915,13.0040451
node/13503202479,,,,,,77.5501008,13.0039807
node/13503202484,uncontrolled,,,,,77.5498486,13.0040204
node/13503202485,uncontrolled,,,,,77.5498553,13.0039535
node/13503202491,,,,,,77.5499777,13.0040908
node/13503227601,,,,,,77.5493536,13.0038427
node/13503227602,,,,,,77.5492064,13.0038259
node/13503227603,,,,,,77.5490673,13.0038103
node/13503227604,,,,,,77.5489894,13.0038015
node/13503228636,,,,,,77.6297972,12.934361
node/13503228637,,,,,,77.6297354,12.9343073
node/13503228642,,,,,,77.6296308,12.9345211
node/13503228643,,,,,,77.6295795,12.9344684
node/13514710551,traffic_signals,,,,,77.6015237,12.9372628
node/13514710552,traffic_signals,,,,,77.6014838,12.9370592
node/13514710556,traffic_signals,,,,,77.6019625,12.9371984
node/13514710558,traffic_signals,,,,,77.6019259,12.9369926
node/13514710564,traffic_signals,,,,,77.6015448,12.936991
node/13514710565,traffic_signals,,,,,77.6018141,12.9369456
node/13514710570,,,,,,77.6020729,12.9373016
node/13514710572,traffic_signals,,zebra,,,77.6018889,12.9372715
node/13514710574,traffic_signals,,zebra,,,77.6016277,12.9373207
node/13514722967,uncontrolled,,,,,77.6206457,12.9163711
node/13539893391,,no,,no,,77.5736934,12.9264413
node/13639123952,unmarked,,no,,,77.7479989,12.9854963
node/13655652433,uncontrolled,,,,,77.7477876,12.9614072
node/13655652438,uncontrolled,,,,,77.7481326,12.9628108
node/13655652439,uncontrolled,,,,,77.7482462,12.9631471
node/13655652440,uncontrolled,,,,,77.7483083,12.9633245
node/13655652442,uncontrolled,,,,,77.748464,12.963849
node/13655652443,uncontrolled,,,,,77.7485653,12.9641352
node/13659423724,,,,,,77.5708074,12.9747487
node/13659423730,,,,,,77.5736163,12.9745491
node/13659423731,,,,,,77.5731545,12.9746017
node/13659423733,,,,,,77.5725748,12.9746144
node/13659423735,,,,,,77.5722139,12.9746709
node/13659423736,,,,,,77.5711201,12.9761726
node/13659423738,,,,,,77.5710852,12.9755513
node/13662722121,,,,,,77.5945967,12.9668674
node/13668239846,uncontrolled,,,,,77.6490328,13.0144321
node/13668239847,uncontrolled,,,,,77.64899,13.0143734
node/13668239860,uncontrolled,,,,,77.648667,13.013905
node/13668239861,uncontrolled,,,,,77.648217,13.0132461
node/13668239866,,,,,,77.6477772,13.0127219
node/13673326651,,,,,,77.6015028,13.1064774
node/13673326687,,,,,,77.6009756,13.1054971
node/13673493627,uncontrolled,,,,,77.5703701,12.9729815
node/13673493632,,,,,,77.5703597,12.9733217
node/13673493634,uncontrolled,,,,,77.5702505,12.9729777
node/13680928929,uncontrolled,,,,,77.5703216,12.9717608
node/13680928930,,,,,,77.5703224,12.9714531
node/13680928935,uncontrolled,,,,,77.5702728,12.970097
node/13680928993,uncontrolled,,,,,77.570201,12.9701119
node/13680928994,uncontrolled,,,,,77.5702143,12.9703939
node/13680928996,uncontrolled,,,,,77.5702313,12.9708046
node/13680928998,,,,,,77.5702563,12.9713983
node/13680928999,uncontrolled,,,,,77.5702545,12.9716757
node/13680929001,uncontrolled,,,,,77.5702455,12.9722198
node/13690329603,uncontrolled,,,,,77.610227,12.981552
node/13694917925,uncontrolled,,,,,77.5707572,13.0441157
node/13694917926,uncontrolled,,,,,77.5706498,13.0437673
node/13694917927,uncontrolled,,,,,77.5705502,13.0434479
node/13694917928,uncontrolled,,,,,77.5704624,13.0431615
node/13694917929,uncontrolled,,,,,77.5703355,13.0427717
node/13694917930,uncontrolled,,,,,77.5702083,13.0423909
node/13694917931,uncontrolled,,,,,77.5701292,13.0420606
node/13694918836,uncontrolled,,,,,77.5700038,13.0420121
node/13694918837,uncontrolled,,,,,77.5703986,13.0433778
node/13694918838,uncontrolled,,,,,77.5706716,13.0442973
node/13694918839,uncontrolled,,,,,77.5708106,13.0447473
node/13694918840,uncontrolled,,,,,77.5709779,13.0452986
node/13694918841,uncontrolled,,,,,77.5710989,13.0457316
node/13695656487,,,,,,77.6195944,12.9716683
node/13695656488,,,,,,77.619499,12.9716714
node/13695656489,,,,,,77.6194357,12.9716735
node/13695827987,,,,,,77.580223,12.9316562
node/13695827990,,,,,,77.5802094,12.9329711
node/13695827991,,,,,,77.5802086,12.9330464
node/13699197384,uncontrolled,,,,,77.5662191,13.0390511
node/13699207998,,,,,,77.5661436,13.0377755
node/13699207999,uncontrolled,,,,,77.5661618,13.0381047
node/13699208000,uncontrolled,,,,,77.5662366,13.0395466
node/13699208001,uncontrolled,,,,,77.5662494,13.0398151
node/13699208002,uncontrolled,,,,,77.5662774,13.0402952
node/13699208031,uncontrolled,,,,,77.5663072,13.0407531
node/13700553353,uncontrolled,,,,,77.5662897,13.0383401
node/13700553354,uncontrolled,,,,,77.5663205,13.0388391
node/13700553355,uncontrolled,,,,,77.566346,13.0393233
node/13700553356,uncontrolled,,,,,77.5663732,13.0397992
node/13700553357,uncontrolled,,,,,77.5664004,13.0402753
node/13700553358,uncontrolled,,,,,77.5664277,13.0407368
node/13700553359,uncontrolled,,,,,77.5664509,13.0412245
node/13700553360,uncontrolled,,,,,77.5664822,13.0417252
node/13700553361,uncontrolled,,,,,77.5665106,13.0421773
node/13701675751,uncontrolled,,,,,77.5695706,13.0420254
node/13701675752,uncontrolled,,,,,77.5683764,13.0423294
node/13701675753,uncontrolled,,,,,77.5679191,13.0424007
node/13701769428,uncontrolled,,,,,77.5695987,13.0421434
node/13701769429,uncontrolled,,,,,77.5683812,13.0424493
node/13701769430,uncontrolled,,,,,77.5679283,13.0425266
node/13701769431,uncontrolled,,,,,77.5674608,13.0425938
node/13701933441,,,zebra,,,77.5532695,12.9781711
node/13701933442,,,zebra,,,77.553199,12.9781925
node/13701933455,,,,,,77.5537407,12.9801668
node/13701933456,,,,,,77.5538197,12.9802347
node/13701946307,,,zebra,,,77.5538682,12.979997
node/13701946312,uncontrolled,,,,,77.5534889,12.9792819
node/13701946394,uncontrolled,,,,,77.5524616,12.9759978
node/13701946395,,,,,,77.5531579,12.9782459
node/13701946397,uncontrolled,,,,,77.5527903,12.9770651
node/13701946419,uncontrolled,,,,,77.5527633,12.9762999
node/13701946420,uncontrolled,,,,,77.5529782,12.9770222
node/13701946422,,,,,,77.5533436,12.9781926
node/13701946423,uncontrolled,,,,,77.5536758,12.9792325
node/13701946485,,,,,,77.5522765,12.9751472
node/13701946486,,,,,,77.5523805,12.9752015
node/13723578858,uncontrolled,,,,,77.5766801,12.9405916
node/13723578869,uncontrolled,,,,,77.5760732,12.9405982
node/13723591568,uncontrolled,,,,,77.5801712,12.9328074
node/13723591569,uncontrolled,,,,,77.5800557,12.9328084
node/13733831955,uncontrolled,,zebra,,,77.6760992,12.9255248
node/13737059007,uncontrolled,,,,,77.5917155,12.9543262
node/13737491419,traffic_signals,,yes,,,77.5375653,12.9878811
node/13746253980,uncontrolled,,,,,77.5758663,12.8693991
node/13747602215,uncontrolled,,,,,77.5831984,12.8708293
node/13747602218,uncontrolled,,,,,77.5831775,12.8707069
node/13747942668,uncontrolled,,,,,77.5783859,12.871
node/13747942669,uncontrolled,,,,,77.5780163,12.87097
node/13747942670,,,,,,77.5776132,12.8709443
node/13747942671,,,,,,77.57688,12.8708834
node/13747942672,,,,,,77.5765498,12.8708585
node/13747942778,uncontrolled,,,,,77.5785637,12.8710991
node/13747942781,uncontrolled,,,,,77.5765632,12.8709454
node/13747942786,uncontrolled,,,,,77.5766057,12.8746452
node/13747942789,uncontrolled,,,,,77.576144,12.8708651
node/13748043288,uncontrolled,,,,,77.5763512,12.8740213
node/13748043289,uncontrolled,,,,,77.5763264,12.8738111
node/13748043290,,,,,,77.5763066,12.8736327
node/13748043295,uncontrolled,,,,,77.5760343,12.8715224
node/13748043296,uncontrolled,,,,,77.5760474,12.8716116
node/13748043297,,,,,,77.5759325,12.8708303
node/13757987309,uncontrolled,,,,,77.5701746,12.9668179
node/13757987310,uncontrolled,,,,,77.5701645,12.9664282
node/13757987311,uncontrolled,,,,,77.5700792,12.9667549
node/13757987313,uncontrolled,,,,,77.5700428,12.9654892
node/13757987314,uncontrolled,,,,,77.5699981,12.9648578
node/13757987397,uncontrolled,,,,,77.5701469,12.9659749
node/13757987399,uncontrolled,,,,,77.5701379,12.9655784
node/13757987461,uncontrolled,,,,,77.5701223,12.9651554
node/13758247073,,,,,,77.598731,12.9616358
node/13763630900,,,,,,77.5701842,12.9696601
node/13763630902,,,,,,77.5701874,12.9689247
node/13763631006,uncontrolled,,,,,77.5702601,12.9698273
node/13763631008,,,,,,77.5702618,12.9689123
node/13763631009,uncontrolled,,,,,77.5702763,12.9685504
node/13763631041,uncontrolled,,,,,77.5702803,12.967956
node/13763631153,,,,,,77.5702835,12.9682306
node/13763631155,uncontrolled,,,,,77.5702004,12.9672375
node/13763631300,uncontrolled,,,,,77.5701702,12.967968
node/13763676808,,,,,,77.6059761,12.9491742
node/13763676886,uncontrolled,,,,,77.6060363,12.9497314
node/13769066454,uncontrolled,,,,,77.57393,12.9663904
node/13778884794,uncontrolled,,,,,77.6442232,12.9778277
node/13778884795,uncontrolled,,,,,77.6428959,12.977786
node/13778884796,uncontrolled,,,,,77.6415934,12.9777452
node/13778893013,uncontrolled,,,,,77.6428999,12.9776648
node/13778893017,uncontrolled,,,,,77.6415984,12.9776238
node/13778893018,uncontrolled,,,,,77.6442296,12.9777065
node/13779063785,,,,,,77.6708455,12.8469912
node/13787011571,,,,,,77.6129075,12.9738474
node/13797762110,uncontrolled,,,,,77.7218066,12.977138
node/13797762111,uncontrolled,,,,,77.721742,12.9771452
node/13797809812,,,,,,77.5645495,12.9591268
node/13797809813,,,,,,77.5645332,12.959537
node/13797809814,,,,,,77.564516,12.9599449
node/13797809817,uncontrolled,,,,,77.5644576,12.9602833
node/13797809841,uncontrolled,,,,,77.5672651,12.9603584
node/13797809842,uncontrolled,,,,,77.5658444,12.9603079
node/13802513493,uncontrolled,,,,,77.7499329,12.9846601
node/13802513494,uncontrolled,,,,,77.7498983,12.9845611
node/13805688365,,,,,,77.5810186,12.9856893
node/13811002163,,,,,,77.579371,12.9956146
node/13820343476,,,,,,77.7269197,12.9736237
node/13821823673,uncontrolled,,,,,77.6055527,12.9549495
node/13821823674,uncontrolled,,,,,77.6054507,12.9549682
node/13821823679,,,,,,77.6055129,12.954718
node/13821823681,,,,,,77.6054118,12.9547329
node/13821823683,,,,,,77.6050569,12.9526399
node/13821823691,,,,,,77.6052928,12.9528733
node/13821823692,,,,,,77.6051949,12.9528792
node/13821856318,uncontrolled,,,,,77.6052678,12.9525254
node/13821856319,uncontrolled,,,,,77.6051781,12.9525299
node/13875979484,,,,,,77.6854401,12.9188399
node/13875979499,,,,,,77.6856163,12.9202412
node/13875979500,,,,,,77.6856059,12.9201725
node/13875979522,,,,,,77.6858591,12.9260927
node/13886071138,,,,,,77.5117285,13.0435042
node/13886071139,,,,,,77.5117576,13.043573
node/13927775183,,,,,,77.6894093,12.9221914
node/13927775219,uncontrolled,,,,,77.6888331,12.9222867
node/13952275314,,,,,,77.658571,12.9716207
node/13952275315,,,,,,77.6585084,12.9715895
node/13952275327,,,,,,77.6587751,12.97141
node/13952275329,,,,,,77.6589016,12.971159
node/13952275332,,,,,,77.6587402,12.9713306
node/13952275337,,,,,,77.6584967,12.9714723
node/13954286978,,,,,,77.6055553,12.9798192
node/13956846641,,,,,,77.5975244,12.9948948
node/13964139381,,,,,,77.7729472,12.8779736
node/13964139382,,,,,,77.7751951,12.877235
node/13977331653,uncontrolled,,,,,77.7484756,12.9642949
node/13977331654,uncontrolled,,,,,77.7485423,12.9642729
node/13977331665,uncontrolled,,,,,77.749702,12.9678154
node/13977331666,uncontrolled,,,,,77.7496094,12.9674669
node/13977331669,uncontrolled,,,,,77.74895,12.9653239
node/13990437778,uncontrolled,,,,,77.6141702,12.9091562
node/13990437779,uncontrolled,,,,,77.6142901,12.9094349
node/13990437788,,,,,,77.614532,12.9100057
node/13990524952,uncontrolled,,,,,77.6151784,12.9151563
node/13990524953,uncontrolled,,,,,77.6150734,12.9137612
node/13990524954,uncontrolled,,,,,77.6149572,12.9122509
node/13990524959,uncontrolled,,,,,77.6137954,12.9082835
node/13990524960,uncontrolled,,,,,77.6139233,12.9085787
node/13990524961,uncontrolled,,,,,77.6140397,12.90887
node/13990524963,uncontrolled,,,,,77.6144159,12.9097045
node/13990524965,,,,,,77.6145428,12.9102387
node/13990524967,uncontrolled,,,,,77.6145932,12.9107557
node/13990524969,uncontrolled,,,,,77.6147421,12.9112552
node/13994195792,unmarked,,,no,,77.6152709,12.9359452
node/13994196210,uncontrolled,,,,,77.6203259,12.9405098
node/13994196211,uncontrolled,,,,,77.6202724,12.9405559
node/13994235674,,,,,,77.5653218,13.0087886
node/13995438863,uncontrolled,,,,,77.6239574,12.9742815
node/13995438931,,,,,,77.6214104,12.9729427
node/13995438932,,,,,,77.6215463,12.9729882
node/13995438935,uncontrolled,,,,,77.6222486,12.9732688
node/13995438936,uncontrolled,,,,,77.6225819,12.973453
node/13995438938,uncontrolled,,,,,77.6230986,12.9737682
node/13995438939,uncontrolled,,,,,77.6233919,12.9739393
node/13995438940,uncontrolled,,,,,77.6235788,12.9740522
node/13995438941,uncontrolled,,,,,77.6237642,12.9741673
node/14014416832,,,,,,77.6484732,12.9597491
node/14051731710,unmarked,,no,,,77.5921308,13.0182344
node/14100735809,,,,,,77.5809363,12.9857582
node/14103099620,,,,,,77.6013942,12.9743666
node/14119764628,uncontrolled,,,,,77.631674,13.0018253
node/14119764629,uncontrolled,,,,,77.6316907,13.001759
node/14119764633,uncontrolled,,,,,77.6315269,13.0017254
node/14119764634,uncontrolled,,,,,77.6315135,13.0017902
node/14119863548,uncontrolled,,,,,77.6202643,13.0004361
node/14119865114,uncontrolled,,,,,77.6200493,13.0027345
node/14119865122,uncontrolled,,,,,77.6204367,13.0024887
node/14119865129,uncontrolled,,,,,77.6204741,13.002564
node/14119865135,,,,,,77.6197406,13.00312
node/14135549624,uncontrolled,,,,,77.5108179,12.9612362
node/14136326756,,,,,,77.6477123,12.9868676
node/14136326757,,,,,,77.6477488,12.9867847
node/14136326791,,,,,,77.6479257,12.9863996
node/14136358107,,,,,,77.6480567,12.9868192
node/14136358108,,,,,,77.6479591,12.9867802
node/14136473737,,,,,,77.5537988,12.9237378
node/14136473738,,,,,,77.553831,12.9238262
node/14136473743,,,,,,77.55335,12.9238818
node/14136473744,,,,,,77.5533777,12.9239622
node/14136473751,,,,,,77.553887,12.9238625
node/14136473752,,,,,,77.5537341,12.9239128
node/14136473770,,,,,,77.5532478,12.9238293
node/14136473772,,,,,,77.5539307,12.9236954
node/14136473773,,,,,,77.5539629,12.9237867
node/14136522299,uncontrolled,,,,,77.6489057,13.0138964
node/14136523188,,,,,,77.6479394,13.0127865
node/14136523189,,,,,,77.6480077,13.0127411
node/14136523250,uncontrolled,,,,,77.6485206,13.0132833
node/14137931034,,,,,,77.6495167,13.0147404
node/14141448843,uncontrolled,,,,,77.7320022,12.956309
node/14141448844,uncontrolled,,,,,77.7320129,12.9562289
node/14142565173,,,,,,77.6022146,12.9843867
node/14142565178,,,,,,77.602292,12.9843666
node/14142565185,,,,,,77.6025034,12.9843117
node/14142626123,uncontrolled,,,,,77.600234,12.9817106
node/14143835412,,,,,,77.7018906,12.9650214
node/14143835429,uncontrolled,,,,,77.7013989,12.9680574
node/14143835430,uncontrolled,,,,,77.7014096,12.9680203
